ISO-10303-21;
HEADER;
/* Generated by software containing ST-Developer
 * from STEP Tools, Inc. (www.steptools.com) 
 */

FILE_DESCRIPTION(
/* description */ (''),
/* implementation_level */ '2;1');

FILE_NAME(
/* name */ 'Laptop Cooler v2 v8.step',
/* time_stamp */ '2025-08-06T09:24:50-07:00',
/* author */ (''),
/* organization */ (''),
/* preprocessor_version */ 'ST-DEVELOPER v20.1',
/* originating_system */ 'Autodesk Translation Framework v14.10.0.0',
/* authorisation */ '');

FILE_SCHEMA (('AUTOMOTIVE_DESIGN { 1 0 10303 214 3 1 1 }'));
ENDSEC;

DATA;
#10=MECHANICAL_DESIGN_GEOMETRIC_PRESENTATION_REPRESENTATION('',(#58,#59,
#60,#61,#62,#63),#13244);
#11=ITEM_DEFINED_TRANSFORMATION($,$,#6726,#7432);
#12=ITEM_DEFINED_TRANSFORMATION($,$,#6817,#7433);
#13=(
REPRESENTATION_RELATIONSHIP($,$,#13258,#13257)
REPRESENTATION_RELATIONSHIP_WITH_TRANSFORMATION(#11)
SHAPE_REPRESENTATION_RELATIONSHIP()
);
#14=(
REPRESENTATION_RELATIONSHIP($,$,#13259,#13257)
REPRESENTATION_RELATIONSHIP_WITH_TRANSFORMATION(#12)
SHAPE_REPRESENTATION_RELATIONSHIP()
);
#15=CONTEXT_DEPENDENT_SHAPE_REPRESENTATION(#13,#13255);
#16=CONTEXT_DEPENDENT_SHAPE_REPRESENTATION(#14,#13256);
#17=NEXT_ASSEMBLY_USAGE_OCCURRENCE('Laptop Hooks.f3d v1:1',
'Laptop Hooks.f3d v1:1','Laptop Hooks.f3d v1:1',#13261,#13262,
'Laptop Hooks.f3d v1:1');
#18=NEXT_ASSEMBLY_USAGE_OCCURRENCE(
'LuoT Switch,LED,andPMW Holder.f3d v2:1',
'LuoT Switch,LED,andPMW Holder.f3d v2:1',
'LuoT Switch,LED,andPMW Holder.f3d v2:1',#13261,#13263,
'LuoT Switch,LED,andPMW Holder.f3d v2:1');
#19=(
BOUNDED_SURFACE()
B_SPLINE_SURFACE(2,2,((#11026,#11027,#11028),(#11029,#11030,#11031),(#11032,
#11033,#11034)),.UNSPECIFIED.,.F.,.F.,.F.)
B_SPLINE_SURFACE_WITH_KNOTS((3,3),(3,3),(-1.57079632679492,0.),(-3.04204400344525,
-1.5707963267949),.UNSPECIFIED.)
GEOMETRIC_REPRESENTATION_ITEM()
RATIONAL_B_SPLINE_SURFACE(((1.,0.741412271110693,1.),(0.707106781186543,
0.524257644557287,0.707106781186543),(1.,0.741412271110693,1.)))
REPRESENTATION_ITEM('')
SURFACE()
);
#20=(
BOUNDED_SURFACE()
B_SPLINE_SURFACE(2,2,((#12258,#12259,#12260,#12261,#12262),(#12263,#12264,
#12265,#12266,#12267),(#12268,#12269,#12270,#12271,#12272)),
 .UNSPECIFIED.,.F.,.F.,.F.)
B_SPLINE_SURFACE_WITH_KNOTS((3,3),(3,2,3),(1.5707963267949,3.14159265358979),
(0.432751442098471,1.78717204784414,3.1415926535898),.UNSPECIFIED.)
GEOMETRIC_REPRESENTATION_ITEM()
RATIONAL_B_SPLINE_SURFACE(((1.,0.779323832875462,1.,0.779323832875462,1.),
(0.707106781186547,0.55106516696653,0.707106781186547,0.55106516696653,
0.707106781186547),(1.,0.779323832875462,1.,0.779323832875462,1.)))
REPRESENTATION_ITEM('')
SURFACE()
);
#21=SPHERICAL_SURFACE('',#6839,2.);
#22=SPHERICAL_SURFACE('',#7021,2.);
#23=SPHERICAL_SURFACE('',#7031,2.);
#24=SPHERICAL_SURFACE('',#7037,2.);
#25=SPHERICAL_SURFACE('',#7045,2.);
#26=SPHERICAL_SURFACE('',#7051,2.);
#27=SPHERICAL_SURFACE('',#7081,2.);
#28=SPHERICAL_SURFACE('',#7086,2.);
#29=SPHERICAL_SURFACE('',#7097,2.);
#30=SPHERICAL_SURFACE('',#7098,2.);
#31=SPHERICAL_SURFACE('',#7139,4.);
#32=SPHERICAL_SURFACE('',#7164,2.);
#33=SPHERICAL_SURFACE('',#7341,2.);
#34=SPHERICAL_SURFACE('',#7345,2.);
#35=SPHERICAL_SURFACE('',#7366,2.);
#36=SPHERICAL_SURFACE('',#7367,2.);
#37=SPHERICAL_SURFACE('',#7394,2.);
#38=SPHERICAL_SURFACE('',#7398,2.);
#39=SPHERICAL_SURFACE('',#7419,2.);
#40=SPHERICAL_SURFACE('',#7420,2.);
#41=FACE_BOUND('',#2039,.T.);
#42=FACE_BOUND('',#2040,.T.);
#43=FACE_BOUND('',#2041,.T.);
#44=FACE_BOUND('',#2057,.T.);
#45=FACE_BOUND('',#2114,.T.);
#46=FACE_BOUND('',#2115,.T.);
#47=FACE_BOUND('',#2128,.T.);
#48=FACE_BOUND('',#2160,.T.);
#49=FACE_BOUND('',#2169,.T.);
#50=FACE_BOUND('',#2216,.T.);
#51=FACE_BOUND('',#2295,.T.);
#52=SHAPE_REPRESENTATION_RELATIONSHIP('SRR','None',#13258,#55);
#53=SHAPE_REPRESENTATION_RELATIONSHIP('SRR','None',#13259,#56);
#54=SHAPE_REPRESENTATION_RELATIONSHIP('SRR','None',#13257,#57);
#55=ADVANCED_BREP_SHAPE_REPRESENTATION('',(#64,#65),#13242);
#56=ADVANCED_BREP_SHAPE_REPRESENTATION('',(#66),#13243);
#57=ADVANCED_BREP_SHAPE_REPRESENTATION('',(#67,#68,#69),#13241);
#58=STYLED_ITEM('',(#13278),#64);
#59=STYLED_ITEM('',(#13278),#65);
#60=STYLED_ITEM('',(#13278),#66);
#61=STYLED_ITEM('',(#13277),#67);
#62=STYLED_ITEM('',(#13277),#68);
#63=STYLED_ITEM('',(#13277),#69);
#64=MANIFOLD_SOLID_BREP('Body1',#6696);
#65=MANIFOLD_SOLID_BREP('Body2',#6697);
#66=MANIFOLD_SOLID_BREP('Body1',#6698);
#67=MANIFOLD_SOLID_BREP('Body1',#6699);
#68=MANIFOLD_SOLID_BREP('Body2',#6700);
#69=MANIFOLD_SOLID_BREP('Body3',#6701);
#70=PLANE('',#6734);
#71=PLANE('',#6740);
#72=PLANE('',#6741);
#73=PLANE('',#6742);
#74=PLANE('',#6750);
#75=PLANE('',#6764);
#76=PLANE('',#6765);
#77=PLANE('',#6766);
#78=PLANE('',#6767);
#79=PLANE('',#6768);
#80=PLANE('',#6769);
#81=PLANE('',#6770);
#82=PLANE('',#6771);
#83=PLANE('',#6779);
#84=PLANE('',#6785);
#85=PLANE('',#6786);
#86=PLANE('',#6787);
#87=PLANE('',#6795);
#88=PLANE('',#6809);
#89=PLANE('',#6810);
#90=PLANE('',#6811);
#91=PLANE('',#6812);
#92=PLANE('',#6813);
#93=PLANE('',#6814);
#94=PLANE('',#6815);
#95=PLANE('',#6816);
#96=PLANE('',#6826);
#97=PLANE('',#6827);
#98=PLANE('',#6829);
#99=PLANE('',#6841);
#100=PLANE('',#6842);
#101=PLANE('',#6847);
#102=PLANE('',#6856);
#103=PLANE('',#6857);
#104=PLANE('',#6858);
#105=PLANE('',#6859);
#106=PLANE('',#6860);
#107=PLANE('',#6861);
#108=PLANE('',#6862);
#109=PLANE('',#6863);
#110=PLANE('',#6864);
#111=PLANE('',#6865);
#112=PLANE('',#6866);
#113=PLANE('',#6867);
#114=PLANE('',#6868);
#115=PLANE('',#6869);
#116=PLANE('',#6870);
#117=PLANE('',#6871);
#118=PLANE('',#6872);
#119=PLANE('',#6873);
#120=PLANE('',#6874);
#121=PLANE('',#6875);
#122=PLANE('',#6876);
#123=PLANE('',#6882);
#124=PLANE('',#6887);
#125=PLANE('',#6897);
#126=PLANE('',#6898);
#127=PLANE('',#6904);
#128=PLANE('',#6921);
#129=PLANE('',#6924);
#130=PLANE('',#6933);
#131=PLANE('',#6939);
#132=PLANE('',#6951);
#133=PLANE('',#6952);
#134=PLANE('',#6957);
#135=PLANE('',#6958);
#136=PLANE('',#6971);
#137=PLANE('',#6984);
#138=PLANE('',#6998);
#139=PLANE('',#7015);
#140=PLANE('',#7023);
#141=PLANE('',#7024);
#142=PLANE('',#7026);
#143=PLANE('',#7030);
#144=PLANE('',#7040);
#145=PLANE('',#7053);
#146=PLANE('',#7062);
#147=PLANE('',#7065);
#148=PLANE('',#7068);
#149=PLANE('',#7071);
#150=PLANE('',#7099);
#151=PLANE('',#7100);
#152=PLANE('',#7101);
#153=PLANE('',#7127);
#154=PLANE('',#7128);
#155=PLANE('',#7133);
#156=PLANE('',#7141);
#157=PLANE('',#7143);
#158=PLANE('',#7146);
#159=PLANE('',#7151);
#160=PLANE('',#7153);
#161=PLANE('',#7155);
#162=PLANE('',#7171);
#163=PLANE('',#7175);
#164=PLANE('',#7194);
#165=PLANE('',#7217);
#166=PLANE('',#7228);
#167=PLANE('',#7231);
#168=PLANE('',#7237);
#169=PLANE('',#7239);
#170=PLANE('',#7247);
#171=PLANE('',#7248);
#172=PLANE('',#7249);
#173=PLANE('',#7250);
#174=PLANE('',#7251);
#175=PLANE('',#7252);
#176=PLANE('',#7253);
#177=PLANE('',#7254);
#178=PLANE('',#7255);
#179=PLANE('',#7256);
#180=PLANE('',#7261);
#181=PLANE('',#7262);
#182=PLANE('',#7263);
#183=PLANE('',#7264);
#184=PLANE('',#7265);
#185=PLANE('',#7275);
#186=PLANE('',#7276);
#187=PLANE('',#7277);
#188=PLANE('',#7278);
#189=PLANE('',#7281);
#190=PLANE('',#7284);
#191=PLANE('',#7289);
#192=PLANE('',#7290);
#193=PLANE('',#7291);
#194=PLANE('',#7292);
#195=PLANE('',#7295);
#196=PLANE('',#7296);
#197=PLANE('',#7297);
#198=PLANE('',#7308);
#199=PLANE('',#7312);
#200=PLANE('',#7313);
#201=PLANE('',#7314);
#202=PLANE('',#7315);
#203=PLANE('',#7316);
#204=PLANE('',#7320);
#205=PLANE('',#7321);
#206=PLANE('',#7322);
#207=PLANE('',#7323);
#208=PLANE('',#7324);
#209=PLANE('',#7325);
#210=PLANE('',#7347);
#211=PLANE('',#7351);
#212=PLANE('',#7354);
#213=PLANE('',#7373);
#214=PLANE('',#7374);
#215=PLANE('',#7375);
#216=PLANE('',#7376);
#217=PLANE('',#7377);
#218=PLANE('',#7378);
#219=PLANE('',#7400);
#220=PLANE('',#7404);
#221=PLANE('',#7407);
#222=PLANE('',#7426);
#223=PLANE('',#7427);
#224=PLANE('',#7428);
#225=PLANE('',#7429);
#226=PLANE('',#7430);
#227=PLANE('',#7431);
#228=TOROIDAL_SURFACE('',#6730,3.,1.);
#229=TOROIDAL_SURFACE('',#6743,3.,1.);
#230=TOROIDAL_SURFACE('',#6775,3.,1.);
#231=TOROIDAL_SURFACE('',#6788,3.,1.);
#232=TOROIDAL_SURFACE('',#6979,3.,1.);
#233=TOROIDAL_SURFACE('',#7102,14.445867816345,0.85);
#234=TOROIDAL_SURFACE('',#7106,1.15,0.85);
#235=TOROIDAL_SURFACE('',#7174,4.,2.);
#236=TOROIDAL_SURFACE('',#7361,4.,2.);
#237=TOROIDAL_SURFACE('',#7370,4.,2.);
#238=TOROIDAL_SURFACE('',#7414,4.,2.);
#239=TOROIDAL_SURFACE('',#7423,4.,2.);
#240=LINE('',#9554,#803);
#241=LINE('',#9555,#804);
#242=LINE('',#9564,#805);
#243=LINE('',#9566,#806);
#244=LINE('',#9569,#807);
#245=LINE('',#9572,#808);
#246=LINE('',#9576,#809);
#247=LINE('',#9623,#810);
#248=LINE('',#9625,#811);
#249=LINE('',#9626,#812);
#250=LINE('',#9629,#813);
#251=LINE('',#9630,#814);
#252=LINE('',#9633,#815);
#253=LINE('',#9634,#816);
#254=LINE('',#9647,#817);
#255=LINE('',#9650,#818);
#256=LINE('',#9654,#819);
#257=LINE('',#9658,#820);
#258=LINE('',#9659,#821);
#259=LINE('',#9662,#822);
#260=LINE('',#9666,#823);
#261=LINE('',#9704,#824);
#262=LINE('',#9743,#825);
#263=LINE('',#9746,#826);
#264=LINE('',#9749,#827);
#265=LINE('',#9752,#828);
#266=LINE('',#9754,#829);
#267=LINE('',#9755,#830);
#268=LINE('',#9758,#831);
#269=LINE('',#9760,#832);
#270=LINE('',#9762,#833);
#271=LINE('',#9763,#834);
#272=LINE('',#9766,#835);
#273=LINE('',#9767,#836);
#274=LINE('',#9770,#837);
#275=LINE('',#9772,#838);
#276=LINE('',#9773,#839);
#277=LINE('',#9775,#840);
#278=LINE('',#9776,#841);
#279=LINE('',#9778,#842);
#280=LINE('',#9919,#843);
#281=LINE('',#9920,#844);
#282=LINE('',#9929,#845);
#283=LINE('',#9931,#846);
#284=LINE('',#9934,#847);
#285=LINE('',#9937,#848);
#286=LINE('',#9941,#849);
#287=LINE('',#9988,#850);
#288=LINE('',#9990,#851);
#289=LINE('',#9991,#852);
#290=LINE('',#9994,#853);
#291=LINE('',#9995,#854);
#292=LINE('',#9998,#855);
#293=LINE('',#9999,#856);
#294=LINE('',#10012,#857);
#295=LINE('',#10015,#858);
#296=LINE('',#10019,#859);
#297=LINE('',#10023,#860);
#298=LINE('',#10024,#861);
#299=LINE('',#10027,#862);
#300=LINE('',#10031,#863);
#301=LINE('',#10069,#864);
#302=LINE('',#10108,#865);
#303=LINE('',#10111,#866);
#304=LINE('',#10114,#867);
#305=LINE('',#10117,#868);
#306=LINE('',#10119,#869);
#307=LINE('',#10120,#870);
#308=LINE('',#10123,#871);
#309=LINE('',#10125,#872);
#310=LINE('',#10127,#873);
#311=LINE('',#10128,#874);
#312=LINE('',#10131,#875);
#313=LINE('',#10132,#876);
#314=LINE('',#10135,#877);
#315=LINE('',#10137,#878);
#316=LINE('',#10138,#879);
#317=LINE('',#10140,#880);
#318=LINE('',#10141,#881);
#319=LINE('',#10143,#882);
#320=LINE('',#10151,#883);
#321=LINE('',#10155,#884);
#322=LINE('',#10160,#885);
#323=LINE('',#10164,#886);
#324=LINE('',#10167,#887);
#325=LINE('',#10168,#888);
#326=LINE('',#10170,#889);
#327=LINE('',#10171,#890);
#328=LINE('',#10174,#891);
#329=LINE('',#10176,#892);
#330=LINE('',#10177,#893);
#331=LINE('',#10180,#894);
#332=LINE('',#10182,#895);
#333=LINE('',#10184,#896);
#334=LINE('',#10185,#897);
#335=LINE('',#10188,#898);
#336=LINE('',#10190,#899);
#337=LINE('',#10192,#900);
#338=LINE('',#10193,#901);
#339=LINE('',#10196,#902);
#340=LINE('',#10198,#903);
#341=LINE('',#10200,#904);
#342=LINE('',#10201,#905);
#343=LINE('',#10204,#906);
#344=LINE('',#10208,#907);
#345=LINE('',#10209,#908);
#346=LINE('',#10215,#909);
#347=LINE('',#10219,#910);
#348=LINE('',#10223,#911);
#349=LINE('',#10226,#912);
#350=LINE('',#10236,#913);
#351=LINE('',#10237,#914);
#352=LINE('',#10240,#915);
#353=LINE('',#10244,#916);
#354=LINE('',#10250,#917);
#355=LINE('',#10252,#918);
#356=LINE('',#10254,#919);
#357=LINE('',#10256,#920);
#358=LINE('',#10258,#921);
#359=LINE('',#10260,#922);
#360=LINE('',#10262,#923);
#361=LINE('',#10264,#924);
#362=LINE('',#10266,#925);
#363=LINE('',#10267,#926);
#364=LINE('',#10271,#927);
#365=LINE('',#10286,#928);
#366=LINE('',#10291,#929);
#367=LINE('',#10297,#930);
#368=LINE('',#10301,#931);
#369=LINE('',#10304,#932);
#370=LINE('',#10305,#933);
#371=LINE('',#10309,#934);
#372=LINE('',#10311,#935);
#373=LINE('',#10313,#936);
#374=LINE('',#10314,#937);
#375=LINE('',#10316,#938);
#376=LINE('',#10317,#939);
#377=LINE('',#10319,#940);
#378=LINE('',#10323,#941);
#379=LINE('',#10325,#942);
#380=LINE('',#10326,#943);
#381=LINE('',#10328,#944);
#382=LINE('',#10329,#945);
#383=LINE('',#10332,#946);
#384=LINE('',#10333,#947);
#385=LINE('',#10336,#948);
#386=LINE('',#10337,#949);
#387=LINE('',#10341,#950);
#388=LINE('',#10342,#951);
#389=LINE('',#10343,#952);
#390=LINE('',#10344,#953);
#391=LINE('',#10346,#954);
#392=LINE('',#10349,#955);
#393=LINE('',#10350,#956);
#394=LINE('',#10353,#957);
#395=LINE('',#10355,#958);
#396=LINE('',#10357,#959);
#397=LINE('',#10358,#960);
#398=LINE('',#10360,#961);
#399=LINE('',#10363,#962);
#400=LINE('',#10365,#963);
#401=LINE('',#10367,#964);
#402=LINE('',#10369,#965);
#403=LINE('',#10372,#966);
#404=LINE('',#10374,#967);
#405=LINE('',#10381,#968);
#406=LINE('',#10384,#969);
#407=LINE('',#10435,#970);
#408=LINE('',#10437,#971);
#409=LINE('',#10440,#972);
#410=LINE('',#10443,#973);
#411=LINE('',#10446,#974);
#412=LINE('',#10449,#975);
#413=LINE('',#10451,#976);
#414=LINE('',#10453,#977);
#415=LINE('',#10455,#978);
#416=LINE('',#10457,#979);
#417=LINE('',#10459,#980);
#418=LINE('',#10461,#981);
#419=LINE('',#10463,#982);
#420=LINE('',#10465,#983);
#421=LINE('',#10467,#984);
#422=LINE('',#10489,#985);
#423=LINE('',#10494,#986);
#424=LINE('',#10499,#987);
#425=LINE('',#10503,#988);
#426=LINE('',#10505,#989);
#427=LINE('',#10506,#990);
#428=LINE('',#10520,#991);
#429=LINE('',#10522,#992);
#430=LINE('',#10524,#993);
#431=LINE('',#10526,#994);
#432=LINE('',#10528,#995);
#433=LINE('',#10530,#996);
#434=LINE('',#10532,#997);
#435=LINE('',#10533,#998);
#436=LINE('',#10538,#999);
#437=LINE('',#10619,#1000);
#438=LINE('',#10620,#1001);
#439=LINE('',#10623,#1002);
#440=LINE('',#10629,#1003);
#441=LINE('',#10637,#1004);
#442=LINE('',#10642,#1005);
#443=LINE('',#10645,#1006);
#444=LINE('',#10650,#1007);
#445=LINE('',#10655,#1008);
#446=LINE('',#10657,#1009);
#447=LINE('',#10661,#1010);
#448=LINE('',#10663,#1011);
#449=LINE('',#10665,#1012);
#450=LINE('',#10667,#1013);
#451=LINE('',#10670,#1014);
#452=LINE('',#10673,#1015);
#453=LINE('',#10676,#1016);
#454=LINE('',#10784,#1017);
#455=LINE('',#10786,#1018);
#456=LINE('',#10790,#1019);
#457=LINE('',#10792,#1020);
#458=LINE('',#10794,#1021);
#459=LINE('',#10796,#1022);
#460=LINE('',#10797,#1023);
#461=LINE('',#10804,#1024);
#462=LINE('',#10808,#1025);
#463=LINE('',#10810,#1026);
#464=LINE('',#10812,#1027);
#465=LINE('',#10816,#1028);
#466=LINE('',#10820,#1029);
#467=LINE('',#10865,#1030);
#468=LINE('',#10870,#1031);
#469=LINE('',#10875,#1032);
#470=LINE('',#10878,#1033);
#471=LINE('',#10879,#1034);
#472=LINE('',#10881,#1035);
#473=LINE('',#10884,#1036);
#474=LINE('',#10890,#1037);
#475=LINE('',#10893,#1038);
#476=LINE('',#10897,#1039);
#477=LINE('',#10899,#1040);
#478=LINE('',#10901,#1041);
#479=LINE('',#10903,#1042);
#480=LINE('',#10905,#1043);
#481=LINE('',#10906,#1044);
#482=LINE('',#10909,#1045);
#483=LINE('',#10911,#1046);
#484=LINE('',#10913,#1047);
#485=LINE('',#10914,#1048);
#486=LINE('',#10916,#1049);
#487=LINE('',#10918,#1050);
#488=LINE('',#10920,#1051);
#489=LINE('',#10922,#1052);
#490=LINE('',#10924,#1053);
#491=LINE('',#10926,#1054);
#492=LINE('',#10928,#1055);
#493=LINE('',#10930,#1056);
#494=LINE('',#10932,#1057);
#495=LINE('',#10934,#1058);
#496=LINE('',#10936,#1059);
#497=LINE('',#10938,#1060);
#498=LINE('',#10940,#1061);
#499=LINE('',#10942,#1062);
#500=LINE('',#10944,#1063);
#501=LINE('',#10946,#1064);
#502=LINE('',#10948,#1065);
#503=LINE('',#10950,#1066);
#504=LINE('',#10951,#1067);
#505=LINE('',#10957,#1068);
#506=LINE('',#10959,#1069);
#507=LINE('',#10960,#1070);
#508=LINE('',#10964,#1071);
#509=LINE('',#10970,#1072);
#510=LINE('',#10973,#1073);
#511=LINE('',#11008,#1074);
#512=LINE('',#11009,#1075);
#513=LINE('',#11012,#1076);
#514=LINE('',#11014,#1077);
#515=LINE('',#11016,#1078);
#516=LINE('',#11019,#1079);
#517=LINE('',#11024,#1080);
#518=LINE('',#11025,#1081);
#519=LINE('',#11088,#1082);
#520=LINE('',#11092,#1083);
#521=LINE('',#11094,#1084);
#522=LINE('',#11096,#1085);
#523=LINE('',#11097,#1086);
#524=LINE('',#11099,#1087);
#525=LINE('',#11101,#1088);
#526=LINE('',#11103,#1089);
#527=LINE('',#11105,#1090);
#528=LINE('',#11129,#1091);
#529=LINE('',#11131,#1092);
#530=LINE('',#11132,#1093);
#531=LINE('',#11133,#1094);
#532=LINE('',#11136,#1095);
#533=LINE('',#11139,#1096);
#534=LINE('',#11170,#1097);
#535=LINE('',#11174,#1098);
#536=LINE('',#11177,#1099);
#537=LINE('',#11183,#1100);
#538=LINE('',#11224,#1101);
#539=LINE('',#11239,#1102);
#540=LINE('',#11277,#1103);
#541=LINE('',#11282,#1104);
#542=LINE('',#11287,#1105);
#543=LINE('',#11291,#1106);
#544=LINE('',#11292,#1107);
#545=LINE('',#11295,#1108);
#546=LINE('',#11297,#1109);
#547=LINE('',#11298,#1110);
#548=LINE('',#11300,#1111);
#549=LINE('',#11306,#1112);
#550=LINE('',#11324,#1113);
#551=LINE('',#11326,#1114);
#552=LINE('',#11327,#1115);
#553=LINE('',#11336,#1116);
#554=LINE('',#11344,#1117);
#555=LINE('',#11346,#1118);
#556=LINE('',#11347,#1119);
#557=LINE('',#11350,#1120);
#558=LINE('',#11355,#1121);
#559=LINE('',#11364,#1122);
#560=LINE('',#11370,#1123);
#561=LINE('',#11372,#1124);
#562=LINE('',#11373,#1125);
#563=LINE('',#11378,#1126);
#564=LINE('',#11383,#1127);
#565=LINE('',#11388,#1128);
#566=LINE('',#11392,#1129);
#567=LINE('',#11394,#1130);
#568=LINE('',#11395,#1131);
#569=LINE('',#11398,#1132);
#570=LINE('',#11402,#1133);
#571=LINE('',#11404,#1134);
#572=LINE('',#11406,#1135);
#573=LINE('',#11408,#1136);
#574=LINE('',#11410,#1137);
#575=LINE('',#11412,#1138);
#576=LINE('',#11414,#1139);
#577=LINE('',#11415,#1140);
#578=LINE('',#11418,#1141);
#579=LINE('',#11422,#1142);
#580=LINE('',#11424,#1143);
#581=LINE('',#11426,#1144);
#582=LINE('',#11428,#1145);
#583=LINE('',#11430,#1146);
#584=LINE('',#11431,#1147);
#585=LINE('',#11435,#1148);
#586=LINE('',#11438,#1149);
#587=LINE('',#11440,#1150);
#588=LINE('',#11442,#1151);
#589=LINE('',#11444,#1152);
#590=LINE('',#11446,#1153);
#591=LINE('',#11448,#1154);
#592=LINE('',#11449,#1155);
#593=LINE('',#11452,#1156);
#594=LINE('',#11456,#1157);
#595=LINE('',#11460,#1158);
#596=LINE('',#11463,#1159);
#597=LINE('',#11465,#1160);
#598=LINE('',#11466,#1161);
#599=LINE('',#11470,#1162);
#600=LINE('',#11475,#1163);
#601=LINE('',#11478,#1164);
#602=LINE('',#11488,#1165);
#603=LINE('',#11491,#1166);
#604=LINE('',#11528,#1167);
#605=LINE('',#11529,#1168);
#606=LINE('',#11598,#1169);
#607=LINE('',#11614,#1170);
#608=LINE('',#11615,#1171);
#609=LINE('',#11674,#1172);
#610=LINE('',#11677,#1173);
#611=LINE('',#11681,#1174);
#612=LINE('',#11685,#1175);
#613=LINE('',#11688,#1176);
#614=LINE('',#11705,#1177);
#615=LINE('',#11710,#1178);
#616=LINE('',#11727,#1179);
#617=LINE('',#11728,#1180);
#618=LINE('',#11730,#1181);
#619=LINE('',#11735,#1182);
#620=LINE('',#11738,#1183);
#621=LINE('',#11741,#1184);
#622=LINE('',#11742,#1185);
#623=LINE('',#11747,#1186);
#624=LINE('',#11752,#1187);
#625=LINE('',#11756,#1188);
#626=LINE('',#11757,#1189);
#627=LINE('',#11759,#1190);
#628=LINE('',#11763,#1191);
#629=LINE('',#11773,#1192);
#630=LINE('',#11774,#1193);
#631=LINE('',#11776,#1194);
#632=LINE('',#11779,#1195);
#633=LINE('',#11780,#1196);
#634=LINE('',#11784,#1197);
#635=LINE('',#11785,#1198);
#636=LINE('',#11786,#1199);
#637=LINE('',#11831,#1200);
#638=LINE('',#11834,#1201);
#639=LINE('',#11874,#1202);
#640=LINE('',#11878,#1203);
#641=LINE('',#11885,#1204);
#642=LINE('',#11888,#1205);
#643=LINE('',#11892,#1206);
#644=LINE('',#11895,#1207);
#645=LINE('',#11900,#1208);
#646=LINE('',#11902,#1209);
#647=LINE('',#11904,#1210);
#648=LINE('',#11918,#1211);
#649=LINE('',#11920,#1212);
#650=LINE('',#11922,#1213);
#651=LINE('',#11935,#1214);
#652=LINE('',#11937,#1215);
#653=LINE('',#11938,#1216);
#654=LINE('',#12016,#1217);
#655=LINE('',#12020,#1218);
#656=LINE('',#12107,#1219);
#657=LINE('',#12110,#1220);
#658=LINE('',#12113,#1221);
#659=LINE('',#12132,#1222);
#660=LINE('',#12146,#1223);
#661=LINE('',#12152,#1224);
#662=LINE('',#12154,#1225);
#663=LINE('',#12158,#1226);
#664=LINE('',#12161,#1227);
#665=LINE('',#12164,#1228);
#666=LINE('',#12168,#1229);
#667=LINE('',#12171,#1230);
#668=LINE('',#12173,#1231);
#669=LINE('',#12176,#1232);
#670=LINE('',#12178,#1233);
#671=LINE('',#12180,#1234);
#672=LINE('',#12184,#1235);
#673=LINE('',#12185,#1236);
#674=LINE('',#12187,#1237);
#675=LINE('',#12191,#1238);
#676=LINE('',#12194,#1239);
#677=LINE('',#12199,#1240);
#678=LINE('',#12203,#1241);
#679=LINE('',#12207,#1242);
#680=LINE('',#12211,#1243);
#681=LINE('',#12215,#1244);
#682=LINE('',#12220,#1245);
#683=LINE('',#12227,#1246);
#684=LINE('',#12231,#1247);
#685=LINE('',#12236,#1248);
#686=LINE('',#12242,#1249);
#687=LINE('',#12252,#1250);
#688=LINE('',#12256,#1251);
#689=LINE('',#12285,#1252);
#690=LINE('',#12287,#1253);
#691=LINE('',#12288,#1254);
#692=LINE('',#12290,#1255);
#693=LINE('',#12292,#1256);
#694=LINE('',#12296,#1257);
#695=LINE('',#12298,#1258);
#696=LINE('',#12299,#1259);
#697=LINE('',#12302,#1260);
#698=LINE('',#12303,#1261);
#699=LINE('',#12306,#1262);
#700=LINE('',#12307,#1263);
#701=LINE('',#12309,#1264);
#702=LINE('',#12314,#1265);
#703=LINE('',#12320,#1266);
#704=LINE('',#12327,#1267);
#705=LINE('',#12334,#1268);
#706=LINE('',#12341,#1269);
#707=LINE('',#12344,#1270);
#708=LINE('',#12346,#1271);
#709=LINE('',#12347,#1272);
#710=LINE('',#12351,#1273);
#711=LINE('',#12352,#1274);
#712=LINE('',#12353,#1275);
#713=LINE('',#12355,#1276);
#714=LINE('',#12356,#1277);
#715=LINE('',#12360,#1278);
#716=LINE('',#12362,#1279);
#717=LINE('',#12366,#1280);
#718=LINE('',#12373,#1281);
#719=LINE('',#12378,#1282);
#720=LINE('',#12379,#1283);
#721=LINE('',#12381,#1284);
#722=LINE('',#12382,#1285);
#723=LINE('',#12384,#1286);
#724=LINE('',#12385,#1287);
#725=LINE('',#12391,#1288);
#726=LINE('',#12392,#1289);
#727=LINE('',#12395,#1290);
#728=LINE('',#12396,#1291);
#729=LINE('',#12399,#1292);
#730=LINE('',#12401,#1293);
#731=LINE('',#12402,#1294);
#732=LINE('',#12405,#1295);
#733=LINE('',#12418,#1296);
#734=LINE('',#12420,#1297);
#735=LINE('',#12422,#1298);
#736=LINE('',#12423,#1299);
#737=LINE('',#12429,#1300);
#738=LINE('',#12431,#1301);
#739=LINE('',#12432,#1302);
#740=LINE('',#12435,#1303);
#741=LINE('',#12437,#1304);
#742=LINE('',#12438,#1305);
#743=LINE('',#12440,#1306);
#744=LINE('',#12441,#1307);
#745=LINE('',#12571,#1308);
#746=LINE('',#12572,#1309);
#747=LINE('',#12720,#1310);
#748=LINE('',#12735,#1311);
#749=LINE('',#12754,#1312);
#750=LINE('',#12758,#1313);
#751=LINE('',#12762,#1314);
#752=LINE('',#12765,#1315);
#753=LINE('',#12771,#1316);
#754=LINE('',#12773,#1317);
#755=LINE('',#12778,#1318);
#756=LINE('',#12780,#1319);
#757=LINE('',#12785,#1320);
#758=LINE('',#12787,#1321);
#759=LINE('',#12790,#1322);
#760=LINE('',#12791,#1323);
#761=LINE('',#12794,#1324);
#762=LINE('',#12798,#1325);
#763=LINE('',#12799,#1326);
#764=LINE('',#12802,#1327);
#765=LINE('',#12805,#1328);
#766=LINE('',#12811,#1329);
#767=LINE('',#12816,#1330);
#768=LINE('',#12823,#1331);
#769=LINE('',#12829,#1332);
#770=LINE('',#12833,#1333);
#771=LINE('',#12838,#1334);
#772=LINE('',#12839,#1335);
#773=LINE('',#12842,#1336);
#774=LINE('',#12962,#1337);
#775=LINE('',#12963,#1338);
#776=LINE('',#13111,#1339);
#777=LINE('',#13126,#1340);
#778=LINE('',#13145,#1341);
#779=LINE('',#13149,#1342);
#780=LINE('',#13153,#1343);
#781=LINE('',#13156,#1344);
#782=LINE('',#13162,#1345);
#783=LINE('',#13164,#1346);
#784=LINE('',#13169,#1347);
#785=LINE('',#13171,#1348);
#786=LINE('',#13176,#1349);
#787=LINE('',#13178,#1350);
#788=LINE('',#13181,#1351);
#789=LINE('',#13182,#1352);
#790=LINE('',#13185,#1353);
#791=LINE('',#13189,#1354);
#792=LINE('',#13190,#1355);
#793=LINE('',#13193,#1356);
#794=LINE('',#13196,#1357);
#795=LINE('',#13202,#1358);
#796=LINE('',#13207,#1359);
#797=LINE('',#13214,#1360);
#798=LINE('',#13220,#1361);
#799=LINE('',#13224,#1362);
#800=LINE('',#13229,#1363);
#801=LINE('',#13230,#1364);
#802=LINE('',#13233,#1365);
#803=VECTOR('',#7444,10.);
#804=VECTOR('',#7445,10.);
#805=VECTOR('',#7456,10.);
#806=VECTOR('',#7457,10.);
#807=VECTOR('',#7460,10.);
#808=VECTOR('',#7463,10.);
#809=VECTOR('',#7468,10.);
#810=VECTOR('',#7473,0.0999999999999996);
#811=VECTOR('',#7474,0.3);
#812=VECTOR('',#7475,0.0999999999999996);
#813=VECTOR('',#7478,0.0999999999999996);
#814=VECTOR('',#7479,1.);
#815=VECTOR('',#7482,10.);
#816=VECTOR('',#7483,0.3);
#817=VECTOR('',#7492,10.);
#818=VECTOR('',#7495,10.);
#819=VECTOR('',#7498,10.);
#820=VECTOR('',#7503,10.);
#821=VECTOR('',#7504,10.);
#822=VECTOR('',#7507,10.);
#823=VECTOR('',#7510,10.);
#824=VECTOR('',#7521,10.);
#825=VECTOR('',#7526,10.);
#826=VECTOR('',#7529,10.);
#827=VECTOR('',#7532,10.);
#828=VECTOR('',#7535,10.);
#829=VECTOR('',#7538,10.);
#830=VECTOR('',#7539,10.);
#831=VECTOR('',#7542,0.25);
#832=VECTOR('',#7543,1.85);
#833=VECTOR('',#7544,0.25);
#834=VECTOR('',#7545,0.35);
#835=VECTOR('',#7548,0.25);
#836=VECTOR('',#7549,1.);
#837=VECTOR('',#7552,0.35);
#838=VECTOR('',#7553,0.25);
#839=VECTOR('',#7554,1.85);
#840=VECTOR('',#7557,1.);
#841=VECTOR('',#7558,1.);
#842=VECTOR('',#7561,1.);
#843=VECTOR('',#7574,10.);
#844=VECTOR('',#7575,10.);
#845=VECTOR('',#7586,10.);
#846=VECTOR('',#7587,10.);
#847=VECTOR('',#7590,10.);
#848=VECTOR('',#7593,10.);
#849=VECTOR('',#7598,10.);
#850=VECTOR('',#7603,0.0999999999999996);
#851=VECTOR('',#7604,0.3);
#852=VECTOR('',#7605,0.0999999999999996);
#853=VECTOR('',#7608,0.0999999999999996);
#854=VECTOR('',#7609,1.);
#855=VECTOR('',#7612,10.);
#856=VECTOR('',#7613,0.3);
#857=VECTOR('',#7622,10.);
#858=VECTOR('',#7625,10.);
#859=VECTOR('',#7628,10.);
#860=VECTOR('',#7633,10.);
#861=VECTOR('',#7634,10.);
#862=VECTOR('',#7637,10.);
#863=VECTOR('',#7640,10.);
#864=VECTOR('',#7651,10.);
#865=VECTOR('',#7656,10.);
#866=VECTOR('',#7659,10.);
#867=VECTOR('',#7662,10.);
#868=VECTOR('',#7665,10.);
#869=VECTOR('',#7668,10.);
#870=VECTOR('',#7669,10.);
#871=VECTOR('',#7672,0.25);
#872=VECTOR('',#7673,1.85);
#873=VECTOR('',#7674,0.25);
#874=VECTOR('',#7675,0.35);
#875=VECTOR('',#7678,0.25);
#876=VECTOR('',#7679,1.);
#877=VECTOR('',#7682,0.35);
#878=VECTOR('',#7683,0.25);
#879=VECTOR('',#7684,1.85);
#880=VECTOR('',#7687,1.);
#881=VECTOR('',#7688,1.);
#882=VECTOR('',#7691,1.);
#883=VECTOR('',#7702,10.);
#884=VECTOR('',#7705,10.);
#885=VECTOR('',#7710,10.);
#886=VECTOR('',#7713,10.);
#887=VECTOR('',#7718,10.);
#888=VECTOR('',#7719,10.);
#889=VECTOR('',#7722,10.);
#890=VECTOR('',#7723,10.);
#891=VECTOR('',#7726,4.65);
#892=VECTOR('',#7727,10.);
#893=VECTOR('',#7728,4.65);
#894=VECTOR('',#7729,1.);
#895=VECTOR('',#7730,1.);
#896=VECTOR('',#7731,1.);
#897=VECTOR('',#7732,1.);
#898=VECTOR('',#7733,1.);
#899=VECTOR('',#7734,1.);
#900=VECTOR('',#7735,1.);
#901=VECTOR('',#7736,1.);
#902=VECTOR('',#7737,1.);
#903=VECTOR('',#7738,1.);
#904=VECTOR('',#7739,1.);
#905=VECTOR('',#7740,1.);
#906=VECTOR('',#7743,4.65);
#907=VECTOR('',#7746,10.);
#908=VECTOR('',#7747,10.);
#909=VECTOR('',#7754,10.);
#910=VECTOR('',#7759,10.);
#911=VECTOR('',#7764,10.);
#912=VECTOR('',#7767,10.);
#913=VECTOR('',#7770,10.);
#914=VECTOR('',#7771,10.);
#915=VECTOR('',#7774,10.);
#916=VECTOR('',#7781,4.65);
#917=VECTOR('',#7788,10.);
#918=VECTOR('',#7789,1.);
#919=VECTOR('',#7790,1.);
#920=VECTOR('',#7791,1.);
#921=VECTOR('',#7792,10.);
#922=VECTOR('',#7793,1.);
#923=VECTOR('',#7794,1.);
#924=VECTOR('',#7795,1.);
#925=VECTOR('',#7796,1.);
#926=VECTOR('',#7797,1.);
#927=VECTOR('',#7802,15.0217191493272);
#928=VECTOR('',#7807,10.);
#929=VECTOR('',#7812,10.);
#930=VECTOR('',#7819,1.);
#931=VECTOR('',#7822,1.);
#932=VECTOR('',#7827,1.00085);
#933=VECTOR('',#7828,1.00085);
#934=VECTOR('',#7831,1.);
#935=VECTOR('',#7832,1.);
#936=VECTOR('',#7833,1.);
#937=VECTOR('',#7834,1.);
#938=VECTOR('',#7837,1.28968830304096);
#939=VECTOR('',#7838,1.28968830304096);
#940=VECTOR('',#7841,1.28968830304096);
#941=VECTOR('',#7844,1.);
#942=VECTOR('',#7845,1.31078004249064);
#943=VECTOR('',#7846,1.28968830304096);
#944=VECTOR('',#7847,1.28968830304096);
#945=VECTOR('',#7848,1.);
#946=VECTOR('',#7851,1.);
#947=VECTOR('',#7852,1.28968830304096);
#948=VECTOR('',#7855,0.972945757602401);
#949=VECTOR('',#7856,1.28968830304096);
#950=VECTOR('',#7859,1.);
#951=VECTOR('',#7860,1.);
#952=VECTOR('',#7861,1.);
#953=VECTOR('',#7862,1.31078004249064);
#954=VECTOR('',#7865,1.);
#955=VECTOR('',#7868,1.50085);
#956=VECTOR('',#7869,1.05085);
#957=VECTOR('',#7872,1.05085);
#958=VECTOR('',#7873,1.50085);
#959=VECTOR('',#7874,1.05085);
#960=VECTOR('',#7875,1.50085);
#961=VECTOR('',#7878,1.28968830304096);
#962=VECTOR('',#7883,0.10085);
#963=VECTOR('',#7886,0.10085);
#964=VECTOR('',#7889,0.10085);
#965=VECTOR('',#7892,0.10085);
#966=VECTOR('',#7897,1.00085);
#967=VECTOR('',#7900,1.00085);
#968=VECTOR('',#7907,10.);
#969=VECTOR('',#7910,10.);
#970=VECTOR('',#7919,10.);
#971=VECTOR('',#7920,10.);
#972=VECTOR('',#7923,10.);
#973=VECTOR('',#7926,1.);
#974=VECTOR('',#7929,1.);
#975=VECTOR('',#7932,10.);
#976=VECTOR('',#7933,10.);
#977=VECTOR('',#7934,10.);
#978=VECTOR('',#7935,10.);
#979=VECTOR('',#7936,10.);
#980=VECTOR('',#7937,10.);
#981=VECTOR('',#7938,10.);
#982=VECTOR('',#7939,10.);
#983=VECTOR('',#7940,10.);
#984=VECTOR('',#7941,1.);
#985=VECTOR('',#7948,10.);
#986=VECTOR('',#7953,10.);
#987=VECTOR('',#7960,10.);
#988=VECTOR('',#7965,10.);
#989=VECTOR('',#7966,10.);
#990=VECTOR('',#7967,10.);
#991=VECTOR('',#7970,10.);
#992=VECTOR('',#7971,10.);
#993=VECTOR('',#7972,10.);
#994=VECTOR('',#7973,10.);
#995=VECTOR('',#7974,10.);
#996=VECTOR('',#7975,10.);
#997=VECTOR('',#7976,10.);
#998=VECTOR('',#7977,10.);
#999=VECTOR('',#7982,10.);
#1000=VECTOR('',#7991,10.);
#1001=VECTOR('',#7992,10.);
#1002=VECTOR('',#7995,10.);
#1003=VECTOR('',#8002,10.);
#1004=VECTOR('',#8011,10.);
#1005=VECTOR('',#8018,10.);
#1006=VECTOR('',#8021,10.);
#1007=VECTOR('',#8026,10.);
#1008=VECTOR('',#8033,10.);
#1009=VECTOR('',#8034,10.);
#1010=VECTOR('',#8037,10.);
#1011=VECTOR('',#8038,10.);
#1012=VECTOR('',#8039,10.);
#1013=VECTOR('',#8040,10.);
#1014=VECTOR('',#8043,10.);
#1015=VECTOR('',#8046,10.);
#1016=VECTOR('',#8049,10.);
#1017=VECTOR('',#8062,10.);
#1018=VECTOR('',#8063,10.);
#1019=VECTOR('',#8068,10.);
#1020=VECTOR('',#8069,10.);
#1021=VECTOR('',#8070,10.);
#1022=VECTOR('',#8071,10.);
#1023=VECTOR('',#8072,10.);
#1024=VECTOR('',#8081,10.);
#1025=VECTOR('',#8086,10.);
#1026=VECTOR('',#8087,10.);
#1027=VECTOR('',#8088,10.);
#1028=VECTOR('',#8091,10.);
#1029=VECTOR('',#8094,10.);
#1030=VECTOR('',#8103,10.);
#1031=VECTOR('',#8108,10.);
#1032=VECTOR('',#8115,10.);
#1033=VECTOR('',#8118,10.);
#1034=VECTOR('',#8119,10.);
#1035=VECTOR('',#8122,10.);
#1036=VECTOR('',#8125,10.);
#1037=VECTOR('',#8130,10.);
#1038=VECTOR('',#8133,10.);
#1039=VECTOR('',#8136,10.);
#1040=VECTOR('',#8137,10.);
#1041=VECTOR('',#8138,10.);
#1042=VECTOR('',#8139,10.);
#1043=VECTOR('',#8140,10.);
#1044=VECTOR('',#8141,10.);
#1045=VECTOR('',#8142,10.);
#1046=VECTOR('',#8143,10.);
#1047=VECTOR('',#8144,10.);
#1048=VECTOR('',#8145,10.);
#1049=VECTOR('',#8146,10.);
#1050=VECTOR('',#8147,10.);
#1051=VECTOR('',#8148,10.);
#1052=VECTOR('',#8149,10.);
#1053=VECTOR('',#8150,10.);
#1054=VECTOR('',#8151,10.);
#1055=VECTOR('',#8152,10.);
#1056=VECTOR('',#8153,10.);
#1057=VECTOR('',#8154,10.);
#1058=VECTOR('',#8155,10.);
#1059=VECTOR('',#8156,10.);
#1060=VECTOR('',#8157,10.);
#1061=VECTOR('',#8158,10.);
#1062=VECTOR('',#8159,10.);
#1063=VECTOR('',#8160,10.);
#1064=VECTOR('',#8161,10.);
#1065=VECTOR('',#8162,10.);
#1066=VECTOR('',#8163,10.);
#1067=VECTOR('',#8164,10.);
#1068=VECTOR('',#8171,10.);
#1069=VECTOR('',#8172,10.);
#1070=VECTOR('',#8173,10.);
#1071=VECTOR('',#8178,10.);
#1072=VECTOR('',#8183,10.);
#1073=VECTOR('',#8186,10.);
#1074=VECTOR('',#8197,10.);
#1075=VECTOR('',#8198,10.);
#1076=VECTOR('',#8201,10.);
#1077=VECTOR('',#8202,10.);
#1078=VECTOR('',#8203,10.);
#1079=VECTOR('',#8206,10.);
#1080=VECTOR('',#8211,10.);
#1081=VECTOR('',#8212,10.);
#1082=VECTOR('',#8231,10.);
#1083=VECTOR('',#8234,10.);
#1084=VECTOR('',#8235,10.);
#1085=VECTOR('',#8236,10.);
#1086=VECTOR('',#8237,10.);
#1087=VECTOR('',#8238,10.);
#1088=VECTOR('',#8239,10.);
#1089=VECTOR('',#8240,10.);
#1090=VECTOR('',#8241,10.);
#1091=VECTOR('',#8264,10.);
#1092=VECTOR('',#8265,10.);
#1093=VECTOR('',#8266,10.);
#1094=VECTOR('',#8267,10.);
#1095=VECTOR('',#8270,10.);
#1096=VECTOR('',#8275,10.);
#1097=VECTOR('',#8282,10.);
#1098=VECTOR('',#8287,10.);
#1099=VECTOR('',#8290,10.);
#1100=VECTOR('',#8297,10.);
#1101=VECTOR('',#8306,10.);
#1102=VECTOR('',#8311,10.);
#1103=VECTOR('',#8316,10.);
#1104=VECTOR('',#8321,10.);
#1105=VECTOR('',#8328,10.);
#1106=VECTOR('',#8335,10.);
#1107=VECTOR('',#8336,10.);
#1108=VECTOR('',#8339,10.);
#1109=VECTOR('',#8340,10.);
#1110=VECTOR('',#8341,10.);
#1111=VECTOR('',#8344,10.);
#1112=VECTOR('',#8351,10.);
#1113=VECTOR('',#8356,10.);
#1114=VECTOR('',#8357,10.);
#1115=VECTOR('',#8358,10.);
#1116=VECTOR('',#8369,10.);
#1117=VECTOR('',#8380,10.);
#1118=VECTOR('',#8381,10.);
#1119=VECTOR('',#8382,10.);
#1120=VECTOR('',#8385,10.);
#1121=VECTOR('',#8392,10.);
#1122=VECTOR('',#8403,10.);
#1123=VECTOR('',#8412,10.);
#1124=VECTOR('',#8413,10.);
#1125=VECTOR('',#8414,10.);
#1126=VECTOR('',#8419,10.);
#1127=VECTOR('',#8426,10.);
#1128=VECTOR('',#8431,10.);
#1129=VECTOR('',#8436,10.);
#1130=VECTOR('',#8437,10.);
#1131=VECTOR('',#8438,10.);
#1132=VECTOR('',#8441,10.);
#1133=VECTOR('',#8446,10.);
#1134=VECTOR('',#8447,10.);
#1135=VECTOR('',#8448,10.);
#1136=VECTOR('',#8449,10.);
#1137=VECTOR('',#8450,10.);
#1138=VECTOR('',#8451,10.);
#1139=VECTOR('',#8452,10.);
#1140=VECTOR('',#8453,10.);
#1141=VECTOR('',#8456,10.);
#1142=VECTOR('',#8461,10.);
#1143=VECTOR('',#8462,10.);
#1144=VECTOR('',#8463,10.);
#1145=VECTOR('',#8464,10.);
#1146=VECTOR('',#8465,10.);
#1147=VECTOR('',#8466,10.);
#1148=VECTOR('',#8471,10.);
#1149=VECTOR('',#8474,10.);
#1150=VECTOR('',#8475,10.);
#1151=VECTOR('',#8476,10.);
#1152=VECTOR('',#8477,10.);
#1153=VECTOR('',#8478,10.);
#1154=VECTOR('',#8479,10.);
#1155=VECTOR('',#8480,10.);
#1156=VECTOR('',#8483,10.);
#1157=VECTOR('',#8486,10.);
#1158=VECTOR('',#8491,10.);
#1159=VECTOR('',#8494,10.);
#1160=VECTOR('',#8497,10.);
#1161=VECTOR('',#8498,10.);
#1162=VECTOR('',#8503,10.);
#1163=VECTOR('',#8512,10.);
#1164=VECTOR('',#8517,10.);
#1165=VECTOR('',#8534,10.);
#1166=VECTOR('',#8539,10.);
#1167=VECTOR('',#8572,10.);
#1168=VECTOR('',#8573,10.);
#1169=VECTOR('',#8584,10.);
#1170=VECTOR('',#8585,10.);
#1171=VECTOR('',#8586,10.);
#1172=VECTOR('',#8591,10.);
#1173=VECTOR('',#8594,10.);
#1174=VECTOR('',#8597,10.);
#1175=VECTOR('',#8600,10.);
#1176=VECTOR('',#8603,13.595867816345);
#1177=VECTOR('',#8606,10.);
#1178=VECTOR('',#8611,10.);
#1179=VECTOR('',#8616,10.);
#1180=VECTOR('',#8617,10.);
#1181=VECTOR('',#8620,10.);
#1182=VECTOR('',#8627,10.);
#1183=VECTOR('',#8630,10.);
#1184=VECTOR('',#8633,10.);
#1185=VECTOR('',#8634,10.);
#1186=VECTOR('',#8639,10.);
#1187=VECTOR('',#8646,10.);
#1188=VECTOR('',#8653,10.);
#1189=VECTOR('',#8654,10.);
#1190=VECTOR('',#8657,10.);
#1191=VECTOR('',#8662,10.);
#1192=VECTOR('',#8677,10.);
#1193=VECTOR('',#8678,10.);
#1194=VECTOR('',#8681,10.);
#1195=VECTOR('',#8686,10.);
#1196=VECTOR('',#8687,10.);
#1197=VECTOR('',#8692,10.);
#1198=VECTOR('',#8693,10.);
#1199=VECTOR('',#8694,10.);
#1200=VECTOR('',#8701,10.);
#1201=VECTOR('',#8704,10.);
#1202=VECTOR('',#8707,10.);
#1203=VECTOR('',#8712,10.);
#1204=VECTOR('',#8721,10.);
#1205=VECTOR('',#8724,10.);
#1206=VECTOR('',#8729,10.);
#1207=VECTOR('',#8734,10.);
#1208=VECTOR('',#8741,10.);
#1209=VECTOR('',#8742,10.);
#1210=VECTOR('',#8743,10.);
#1211=VECTOR('',#8744,10.);
#1212=VECTOR('',#8745,10.);
#1213=VECTOR('',#8746,10.);
#1214=VECTOR('',#8747,10.);
#1215=VECTOR('',#8748,10.);
#1216=VECTOR('',#8749,10.);
#1217=VECTOR('',#8758,10.);
#1218=VECTOR('',#8761,10.);
#1219=VECTOR('',#8776,10.);
#1220=VECTOR('',#8779,10.);
#1221=VECTOR('',#8782,10.);
#1222=VECTOR('',#8789,10.);
#1223=VECTOR('',#8792,10.);
#1224=VECTOR('',#8801,10.);
#1225=VECTOR('',#8802,10.);
#1226=VECTOR('',#8805,10.);
#1227=VECTOR('',#8808,10.);
#1228=VECTOR('',#8811,10.);
#1229=VECTOR('',#8814,10.);
#1230=VECTOR('',#8817,10.);
#1231=VECTOR('',#8818,10.);
#1232=VECTOR('',#8821,10.);
#1233=VECTOR('',#8822,10.);
#1234=VECTOR('',#8823,10.);
#1235=VECTOR('',#8826,10.);
#1236=VECTOR('',#8827,10.);
#1237=VECTOR('',#8828,10.);
#1238=VECTOR('',#8831,10.);
#1239=VECTOR('',#8834,10.);
#1240=VECTOR('',#8839,10.);
#1241=VECTOR('',#8842,10.);
#1242=VECTOR('',#8845,10.);
#1243=VECTOR('',#8848,10.);
#1244=VECTOR('',#8853,10.);
#1245=VECTOR('',#8860,10.);
#1246=VECTOR('',#8869,10.);
#1247=VECTOR('',#8872,10.);
#1248=VECTOR('',#8877,10.);
#1249=VECTOR('',#8886,10.);
#1250=VECTOR('',#8901,10.);
#1251=VECTOR('',#8904,10.);
#1252=VECTOR('',#8929,10.);
#1253=VECTOR('',#8930,10.);
#1254=VECTOR('',#8931,10.);
#1255=VECTOR('',#8934,10.);
#1256=VECTOR('',#8937,10.);
#1257=VECTOR('',#8942,10.);
#1258=VECTOR('',#8943,10.);
#1259=VECTOR('',#8944,10.);
#1260=VECTOR('',#8947,10.);
#1261=VECTOR('',#8948,10.);
#1262=VECTOR('',#8951,10.);
#1263=VECTOR('',#8952,10.);
#1264=VECTOR('',#8955,10.);
#1265=VECTOR('',#8960,10.);
#1266=VECTOR('',#8969,8.);
#1267=VECTOR('',#8982,8.13186844083997);
#1268=VECTOR('',#8991,10.);
#1269=VECTOR('',#9000,10.);
#1270=VECTOR('',#9003,10.);
#1271=VECTOR('',#9004,10.);
#1272=VECTOR('',#9005,10.);
#1273=VECTOR('',#9008,10.);
#1274=VECTOR('',#9009,10.);
#1275=VECTOR('',#9010,10.);
#1276=VECTOR('',#9013,10.);
#1277=VECTOR('',#9014,10.);
#1278=VECTOR('',#9019,10.);
#1279=VECTOR('',#9020,10.);
#1280=VECTOR('',#9025,10.);
#1281=VECTOR('',#9034,10.);
#1282=VECTOR('',#9043,10.);
#1283=VECTOR('',#9044,10.);
#1284=VECTOR('',#9047,10.);
#1285=VECTOR('',#9048,10.);
#1286=VECTOR('',#9051,10.);
#1287=VECTOR('',#9052,10.);
#1288=VECTOR('',#9061,10.);
#1289=VECTOR('',#9062,10.);
#1290=VECTOR('',#9065,10.);
#1291=VECTOR('',#9066,10.);
#1292=VECTOR('',#9069,10.);
#1293=VECTOR('',#9070,10.);
#1294=VECTOR('',#9071,10.);
#1295=VECTOR('',#9074,13.595867816345);
#1296=VECTOR('',#9095,10.);
#1297=VECTOR('',#9096,10.);
#1298=VECTOR('',#9097,10.);
#1299=VECTOR('',#9098,10.);
#1300=VECTOR('',#9107,10.);
#1301=VECTOR('',#9108,10.);
#1302=VECTOR('',#9109,10.);
#1303=VECTOR('',#9112,10.);
#1304=VECTOR('',#9113,10.);
#1305=VECTOR('',#9114,10.);
#1306=VECTOR('',#9117,10.);
#1307=VECTOR('',#9118,10.);
#1308=VECTOR('',#9147,10.);
#1309=VECTOR('',#9148,10.);
#1310=VECTOR('',#9153,4.951);
#1311=VECTOR('',#9156,10.);
#1312=VECTOR('',#9161,10.);
#1313=VECTOR('',#9164,10.);
#1314=VECTOR('',#9169,10.);
#1315=VECTOR('',#9172,10.);
#1316=VECTOR('',#9177,10.);
#1317=VECTOR('',#9180,10.);
#1318=VECTOR('',#9187,10.);
#1319=VECTOR('',#9190,10.);
#1320=VECTOR('',#9197,10.);
#1321=VECTOR('',#9198,10.);
#1322=VECTOR('',#9201,10.);
#1323=VECTOR('',#9202,10.);
#1324=VECTOR('',#9205,10.);
#1325=VECTOR('',#9210,10.);
#1326=VECTOR('',#9211,10.);
#1327=VECTOR('',#9214,10.);
#1328=VECTOR('',#9219,10.);
#1329=VECTOR('',#9226,10.);
#1330=VECTOR('',#9233,10.);
#1331=VECTOR('',#9244,10.);
#1332=VECTOR('',#9253,10.);
#1333=VECTOR('',#9260,10.);
#1334=VECTOR('',#9267,10.);
#1335=VECTOR('',#9268,10.);
#1336=VECTOR('',#9273,10.);
#1337=VECTOR('',#9282,10.);
#1338=VECTOR('',#9283,10.);
#1339=VECTOR('',#9288,4.951);
#1340=VECTOR('',#9291,10.);
#1341=VECTOR('',#9296,10.);
#1342=VECTOR('',#9299,10.);
#1343=VECTOR('',#9304,10.);
#1344=VECTOR('',#9307,10.);
#1345=VECTOR('',#9312,10.);
#1346=VECTOR('',#9315,10.);
#1347=VECTOR('',#9322,10.);
#1348=VECTOR('',#9325,10.);
#1349=VECTOR('',#9332,10.);
#1350=VECTOR('',#9333,10.);
#1351=VECTOR('',#9336,10.);
#1352=VECTOR('',#9337,10.);
#1353=VECTOR('',#9340,10.);
#1354=VECTOR('',#9345,10.);
#1355=VECTOR('',#9346,10.);
#1356=VECTOR('',#9349,10.);
#1357=VECTOR('',#9354,10.);
#1358=VECTOR('',#9361,10.);
#1359=VECTOR('',#9368,10.);
#1360=VECTOR('',#9379,10.);
#1361=VECTOR('',#9388,10.);
#1362=VECTOR('',#9395,10.);
#1363=VECTOR('',#9402,10.);
#1364=VECTOR('',#9403,10.);
#1365=VECTOR('',#9408,10.);
#1366=ELLIPSE('',#6729,1.4142135623731,1.);
#1367=ELLIPSE('',#6737,1.4142135623731,1.);
#1368=ELLIPSE('',#6748,4.47213595499958,2.);
#1369=ELLIPSE('',#6753,4.47213595499958,2.);
#1370=ELLIPSE('',#6755,4.47213595499958,2.);
#1371=ELLIPSE('',#6758,4.47213595499958,2.);
#1372=ELLIPSE('',#6760,2.82842712474619,2.);
#1373=ELLIPSE('',#6762,2.82842712474619,2.);
#1374=ELLIPSE('',#6774,1.4142135623731,1.);
#1375=ELLIPSE('',#6782,1.4142135623731,1.);
#1376=ELLIPSE('',#6793,4.47213595499958,2.);
#1377=ELLIPSE('',#6798,4.47213595499958,2.);
#1378=ELLIPSE('',#6800,4.47213595499958,2.);
#1379=ELLIPSE('',#6803,4.47213595499958,2.);
#1380=ELLIPSE('',#6805,2.82842712474619,2.);
#1381=ELLIPSE('',#6807,2.82842712474619,2.);
#1382=ELLIPSE('',#6819,2.82842712474619,2.);
#1383=ELLIPSE('',#6820,2.82842712474619,2.);
#1384=ELLIPSE('',#6822,2.82842712474619,2.);
#1385=ELLIPSE('',#6823,2.82842712474619,2.);
#1386=ELLIPSE('',#6832,2.82842712474619,2.);
#1387=ELLIPSE('',#6834,2.82842712474618,2.);
#1388=ELLIPSE('',#6836,2.82842712474619,2.);
#1389=ELLIPSE('',#6878,1.41421356237309,1.);
#1390=ELLIPSE('',#6880,8.06225774829855,1.00000000000001);
#1391=ELLIPSE('',#6881,8.24621125123532,2.);
#1392=ELLIPSE('',#6883,4.12310562561765,0.999999999999997);
#1393=ELLIPSE('',#6889,1.41421356237308,1.);
#1394=ELLIPSE('',#6894,1.41421356237309,1.);
#1395=ELLIPSE('',#6896,1.03077640640441,1.);
#1396=ELLIPSE('',#6900,1.41421356237309,0.999999999999999);
#1397=ELLIPSE('',#6908,1.41421356237311,1.);
#1398=ELLIPSE('',#6909,1.41421356237305,1.);
#1399=ELLIPSE('',#6911,1.41421356237309,1.);
#1400=ELLIPSE('',#6912,1.03077640640441,1.);
#1401=ELLIPSE('',#6913,4.12310562561766,1.);
#1402=ELLIPSE('',#6915,1.41421356237311,1.);
#1403=ELLIPSE('',#6917,1.03077640640441,1.);
#1404=ELLIPSE('',#6919,4.12310562561766,1.);
#1405=ELLIPSE('',#6920,4.12310562561766,1.);
#1406=ELLIPSE('',#6928,18.4390889145858,4.);
#1407=ELLIPSE('',#6929,18.9736659610103,6.);
#1408=ELLIPSE('',#6931,6.32455532033676,2.);
#1409=ELLIPSE('',#6932,2.82842712474619,2.);
#1410=ELLIPSE('',#6935,2.82842712474619,2.);
#1411=ELLIPSE('',#6937,2.10818510677892,2.);
#1412=ELLIPSE('',#6938,2.40370085030933,2.);
#1413=ELLIPSE('',#6943,4.21637021355784,4.);
#1414=ELLIPSE('',#6945,2.82842712474613,2.);
#1415=ELLIPSE('',#6947,2.10818510677892,2.);
#1416=ELLIPSE('',#6948,6.32455532033676,2.);
#1417=ELLIPSE('',#6949,2.82842712474623,2.);
#1418=ELLIPSE('',#6967,6.24730762011571,2.);
#1419=ELLIPSE('',#6968,6.63542406334032,3.);
#1420=ELLIPSE('',#6970,1.17358330565736,1.);
#1421=ELLIPSE('',#6972,2.24225873100363,2.);
#1422=ELLIPSE('',#6997,4.47213595499956,2.);
#1423=ELLIPSE('',#6999,2.9732137494637,2.);
#1424=ELLIPSE('',#7000,2.9732137494637,2.);
#1425=ELLIPSE('',#7002,2.82842712474619,2.);
#1426=ELLIPSE('',#7008,4.47213595499956,2.);
#1427=ELLIPSE('',#7009,4.47213595499956,2.);
#1428=ELLIPSE('',#7011,4.47213595499956,2.);
#1429=ELLIPSE('',#7028,4.76905621197934,2.);
#1430=ELLIPSE('',#7029,2.82842712474619,2.);
#1431=ELLIPSE('',#7058,2.82842712474619,2.);
#1432=ELLIPSE('',#7060,2.82842712474619,2.);
#1433=ELLIPSE('',#7061,2.82842712474619,2.);
#1434=ELLIPSE('',#7064,2.82842712474617,2.);
#1435=ELLIPSE('',#7067,2.82842712474619,2.);
#1436=ELLIPSE('',#7073,2.82842712474619,2.);
#1437=ELLIPSE('',#7074,2.82842712474619,2.);
#1438=ELLIPSE('',#7076,2.82842712474619,2.);
#1439=ELLIPSE('',#7113,2.74220732188812,1.15);
#1440=ELLIPSE('',#7115,3.19330565342824,2.);
#1441=ELLIPSE('',#7124,14.9764688890382,13.595867816345);
#1442=ELLIPSE('',#7125,14.9764688890382,13.595867816345);
#1443=ELLIPSE('',#7145,2.8284271247462,2.);
#1444=ELLIPSE('',#7168,2.82842712474618,2.);
#1445=ELLIPSE('',#7182,2.82842712474618,2.);
#1446=ELLIPSE('',#7186,2.8284271247462,2.);
#1447=ELLIPSE('',#7190,2.82842712474478,2.);
#1448=ELLIPSE('',#7192,2.8284271247476,2.);
#1449=ELLIPSE('',#7215,2.8284271247462,2.);
#1450=ELLIPSE('',#7225,2.8284271247462,2.);
#1451=CYLINDRICAL_SURFACE('',#6728,1.);
#1452=CYLINDRICAL_SURFACE('',#6736,1.);
#1453=CYLINDRICAL_SURFACE('',#6738,1.);
#1454=CYLINDRICAL_SURFACE('',#6746,1.);
#1455=CYLINDRICAL_SURFACE('',#6747,2.);
#1456=CYLINDRICAL_SURFACE('',#6751,2.);
#1457=CYLINDRICAL_SURFACE('',#6756,2.);
#1458=CYLINDRICAL_SURFACE('',#6759,2.);
#1459=CYLINDRICAL_SURFACE('',#6761,2.);
#1460=CYLINDRICAL_SURFACE('',#6763,2.);
#1461=CYLINDRICAL_SURFACE('',#6773,1.);
#1462=CYLINDRICAL_SURFACE('',#6781,1.);
#1463=CYLINDRICAL_SURFACE('',#6783,1.);
#1464=CYLINDRICAL_SURFACE('',#6791,1.);
#1465=CYLINDRICAL_SURFACE('',#6792,2.);
#1466=CYLINDRICAL_SURFACE('',#6796,2.);
#1467=CYLINDRICAL_SURFACE('',#6801,2.);
#1468=CYLINDRICAL_SURFACE('',#6804,2.);
#1469=CYLINDRICAL_SURFACE('',#6806,2.);
#1470=CYLINDRICAL_SURFACE('',#6808,2.);
#1471=CYLINDRICAL_SURFACE('',#6818,2.);
#1472=CYLINDRICAL_SURFACE('',#6821,2.);
#1473=CYLINDRICAL_SURFACE('',#6824,2.);
#1474=CYLINDRICAL_SURFACE('',#6825,2.);
#1475=CYLINDRICAL_SURFACE('',#6830,2.);
#1476=CYLINDRICAL_SURFACE('',#6833,2.);
#1477=CYLINDRICAL_SURFACE('',#6835,2.);
#1478=CYLINDRICAL_SURFACE('',#6837,2.);
#1479=CYLINDRICAL_SURFACE('',#6845,15.0217191493272);
#1480=CYLINDRICAL_SURFACE('',#6848,2.);
#1481=CYLINDRICAL_SURFACE('',#6852,3.5085);
#1482=CYLINDRICAL_SURFACE('',#6877,1.);
#1483=CYLINDRICAL_SURFACE('',#6885,0.999999999999996);
#1484=CYLINDRICAL_SURFACE('',#6888,1.);
#1485=CYLINDRICAL_SURFACE('',#6892,1.);
#1486=CYLINDRICAL_SURFACE('',#6895,1.);
#1487=CYLINDRICAL_SURFACE('',#6899,0.999999999999999);
#1488=CYLINDRICAL_SURFACE('',#6905,0.2);
#1489=CYLINDRICAL_SURFACE('',#6907,1.);
#1490=CYLINDRICAL_SURFACE('',#6910,1.);
#1491=CYLINDRICAL_SURFACE('',#6914,1.);
#1492=CYLINDRICAL_SURFACE('',#6916,1.);
#1493=CYLINDRICAL_SURFACE('',#6918,1.);
#1494=CYLINDRICAL_SURFACE('',#6930,2.);
#1495=CYLINDRICAL_SURFACE('',#6934,2.);
#1496=CYLINDRICAL_SURFACE('',#6936,2.);
#1497=CYLINDRICAL_SURFACE('',#6944,2.);
#1498=CYLINDRICAL_SURFACE('',#6946,2.);
#1499=CYLINDRICAL_SURFACE('',#6950,2.);
#1500=CYLINDRICAL_SURFACE('',#6954,2.);
#1501=CYLINDRICAL_SURFACE('',#6961,2.);
#1502=CYLINDRICAL_SURFACE('',#6963,1.);
#1503=CYLINDRICAL_SURFACE('',#6969,1.);
#1504=CYLINDRICAL_SURFACE('',#6973,1.);
#1505=CYLINDRICAL_SURFACE('',#6983,1.);
#1506=CYLINDRICAL_SURFACE('',#6996,2.);
#1507=CYLINDRICAL_SURFACE('',#7001,2.);
#1508=CYLINDRICAL_SURFACE('',#7003,2.);
#1509=CYLINDRICAL_SURFACE('',#7005,2.);
#1510=CYLINDRICAL_SURFACE('',#7010,2.);
#1511=CYLINDRICAL_SURFACE('',#7012,2.);
#1512=CYLINDRICAL_SURFACE('',#7013,2.);
#1513=CYLINDRICAL_SURFACE('',#7016,2.);
#1514=CYLINDRICAL_SURFACE('',#7019,2.);
#1515=CYLINDRICAL_SURFACE('',#7025,2.);
#1516=CYLINDRICAL_SURFACE('',#7027,2.);
#1517=CYLINDRICAL_SURFACE('',#7035,2.);
#1518=CYLINDRICAL_SURFACE('',#7041,2.);
#1519=CYLINDRICAL_SURFACE('',#7043,2.);
#1520=CYLINDRICAL_SURFACE('',#7049,2.);
#1521=CYLINDRICAL_SURFACE('',#7055,2.);
#1522=CYLINDRICAL_SURFACE('',#7057,2.);
#1523=CYLINDRICAL_SURFACE('',#7059,2.);
#1524=CYLINDRICAL_SURFACE('',#7063,2.);
#1525=CYLINDRICAL_SURFACE('',#7066,2.);
#1526=CYLINDRICAL_SURFACE('',#7070,2.);
#1527=CYLINDRICAL_SURFACE('',#7072,2.);
#1528=CYLINDRICAL_SURFACE('',#7075,2.);
#1529=CYLINDRICAL_SURFACE('',#7077,2.);
#1530=CYLINDRICAL_SURFACE('',#7078,2.);
#1531=CYLINDRICAL_SURFACE('',#7083,2.);
#1532=CYLINDRICAL_SURFACE('',#7084,2.);
#1533=CYLINDRICAL_SURFACE('',#7088,2.);
#1534=CYLINDRICAL_SURFACE('',#7090,2.);
#1535=CYLINDRICAL_SURFACE('',#7092,2.);
#1536=CYLINDRICAL_SURFACE('',#7094,2.);
#1537=CYLINDRICAL_SURFACE('',#7110,0.85);
#1538=CYLINDRICAL_SURFACE('',#7116,0.85);
#1539=CYLINDRICAL_SURFACE('',#7117,13.595867816345);
#1540=CYLINDRICAL_SURFACE('',#7129,2.);
#1541=CYLINDRICAL_SURFACE('',#7131,4.);
#1542=CYLINDRICAL_SURFACE('',#7134,4.);
#1543=CYLINDRICAL_SURFACE('',#7137,4.);
#1544=CYLINDRICAL_SURFACE('',#7142,4.);
#1545=CYLINDRICAL_SURFACE('',#7144,2.);
#1546=CYLINDRICAL_SURFACE('',#7150,2.);
#1547=CYLINDRICAL_SURFACE('',#7152,2.);
#1548=CYLINDRICAL_SURFACE('',#7154,2.);
#1549=CYLINDRICAL_SURFACE('',#7157,13.595867816345);
#1550=CYLINDRICAL_SURFACE('',#7161,2.);
#1551=CYLINDRICAL_SURFACE('',#7162,2.);
#1552=CYLINDRICAL_SURFACE('',#7167,2.);
#1553=CYLINDRICAL_SURFACE('',#7169,2.);
#1554=CYLINDRICAL_SURFACE('',#7172,2.);
#1555=CYLINDRICAL_SURFACE('',#7179,2.);
#1556=CYLINDRICAL_SURFACE('',#7185,2.);
#1557=CYLINDRICAL_SURFACE('',#7189,2.);
#1558=CYLINDRICAL_SURFACE('',#7191,2.);
#1559=CYLINDRICAL_SURFACE('',#7193,2.);
#1560=CYLINDRICAL_SURFACE('',#7196,90.);
#1561=CYLINDRICAL_SURFACE('',#7213,2.);
#1562=CYLINDRICAL_SURFACE('',#7216,2.);
#1563=CYLINDRICAL_SURFACE('',#7219,13.595867816345);
#1564=CYLINDRICAL_SURFACE('',#7223,2.);
#1565=CYLINDRICAL_SURFACE('',#7227,2.);
#1566=CYLINDRICAL_SURFACE('',#7233,13.595867816345);
#1567=CYLINDRICAL_SURFACE('',#7241,5.75329873142696);
#1568=CYLINDRICAL_SURFACE('',#7243,5.75329873142696);
#1569=CYLINDRICAL_SURFACE('',#7245,5.75329873142696);
#1570=CYLINDRICAL_SURFACE('',#7258,8.);
#1571=CYLINDRICAL_SURFACE('',#7266,8.13186844083997);
#1572=CYLINDRICAL_SURFACE('',#7267,13.595867816345);
#1573=CYLINDRICAL_SURFACE('',#7269,13.595867816345);
#1574=CYLINDRICAL_SURFACE('',#7272,13.595867816345);
#1575=CYLINDRICAL_SURFACE('',#7298,13.595867816345);
#1576=CYLINDRICAL_SURFACE('',#7302,13.595867816345);
#1577=CYLINDRICAL_SURFACE('',#7305,13.595867816345);
#1578=CYLINDRICAL_SURFACE('',#7309,13.595867816345);
#1579=CYLINDRICAL_SURFACE('',#7318,13.595867816345);
#1580=CYLINDRICAL_SURFACE('',#7327,2.);
#1581=CYLINDRICAL_SURFACE('',#7329,4.951);
#1582=CYLINDRICAL_SURFACE('',#7336,2.);
#1583=CYLINDRICAL_SURFACE('',#7338,2.);
#1584=CYLINDRICAL_SURFACE('',#7343,2.);
#1585=CYLINDRICAL_SURFACE('',#7349,2.);
#1586=CYLINDRICAL_SURFACE('',#7352,2.);
#1587=CYLINDRICAL_SURFACE('',#7355,2.);
#1588=CYLINDRICAL_SURFACE('',#7358,2.);
#1589=CYLINDRICAL_SURFACE('',#7364,2.);
#1590=CYLINDRICAL_SURFACE('',#7368,2.);
#1591=CYLINDRICAL_SURFACE('',#7372,2.);
#1592=CYLINDRICAL_SURFACE('',#7380,2.);
#1593=CYLINDRICAL_SURFACE('',#7382,4.951);
#1594=CYLINDRICAL_SURFACE('',#7389,2.);
#1595=CYLINDRICAL_SURFACE('',#7391,2.);
#1596=CYLINDRICAL_SURFACE('',#7396,2.);
#1597=CYLINDRICAL_SURFACE('',#7402,2.);
#1598=CYLINDRICAL_SURFACE('',#7405,2.);
#1599=CYLINDRICAL_SURFACE('',#7408,2.);
#1600=CYLINDRICAL_SURFACE('',#7411,2.);
#1601=CYLINDRICAL_SURFACE('',#7417,2.);
#1602=CYLINDRICAL_SURFACE('',#7421,2.);
#1603=CYLINDRICAL_SURFACE('',#7425,2.);
#1604=FACE_OUTER_BOUND('',#1976,.T.);
#1605=FACE_OUTER_BOUND('',#1977,.T.);
#1606=FACE_OUTER_BOUND('',#1978,.T.);
#1607=FACE_OUTER_BOUND('',#1979,.T.);
#1608=FACE_OUTER_BOUND('',#1980,.T.);
#1609=FACE_OUTER_BOUND('',#1981,.T.);
#1610=FACE_OUTER_BOUND('',#1982,.T.);
#1611=FACE_OUTER_BOUND('',#1983,.T.);
#1612=FACE_OUTER_BOUND('',#1984,.T.);
#1613=FACE_OUTER_BOUND('',#1985,.T.);
#1614=FACE_OUTER_BOUND('',#1986,.T.);
#1615=FACE_OUTER_BOUND('',#1987,.T.);
#1616=FACE_OUTER_BOUND('',#1988,.T.);
#1617=FACE_OUTER_BOUND('',#1989,.T.);
#1618=FACE_OUTER_BOUND('',#1990,.T.);
#1619=FACE_OUTER_BOUND('',#1991,.T.);
#1620=FACE_OUTER_BOUND('',#1992,.T.);
#1621=FACE_OUTER_BOUND('',#1993,.T.);
#1622=FACE_OUTER_BOUND('',#1994,.T.);
#1623=FACE_OUTER_BOUND('',#1995,.T.);
#1624=FACE_OUTER_BOUND('',#1996,.T.);
#1625=FACE_OUTER_BOUND('',#1997,.T.);
#1626=FACE_OUTER_BOUND('',#1998,.T.);
#1627=FACE_OUTER_BOUND('',#1999,.T.);
#1628=FACE_OUTER_BOUND('',#2000,.T.);
#1629=FACE_OUTER_BOUND('',#2001,.T.);
#1630=FACE_OUTER_BOUND('',#2002,.T.);
#1631=FACE_OUTER_BOUND('',#2003,.T.);
#1632=FACE_OUTER_BOUND('',#2004,.T.);
#1633=FACE_OUTER_BOUND('',#2005,.T.);
#1634=FACE_OUTER_BOUND('',#2006,.T.);
#1635=FACE_OUTER_BOUND('',#2007,.T.);
#1636=FACE_OUTER_BOUND('',#2008,.T.);
#1637=FACE_OUTER_BOUND('',#2009,.T.);
#1638=FACE_OUTER_BOUND('',#2010,.T.);
#1639=FACE_OUTER_BOUND('',#2011,.T.);
#1640=FACE_OUTER_BOUND('',#2012,.T.);
#1641=FACE_OUTER_BOUND('',#2013,.T.);
#1642=FACE_OUTER_BOUND('',#2014,.T.);
#1643=FACE_OUTER_BOUND('',#2015,.T.);
#1644=FACE_OUTER_BOUND('',#2016,.T.);
#1645=FACE_OUTER_BOUND('',#2017,.T.);
#1646=FACE_OUTER_BOUND('',#2018,.T.);
#1647=FACE_OUTER_BOUND('',#2019,.T.);
#1648=FACE_OUTER_BOUND('',#2020,.T.);
#1649=FACE_OUTER_BOUND('',#2021,.T.);
#1650=FACE_OUTER_BOUND('',#2022,.T.);
#1651=FACE_OUTER_BOUND('',#2023,.T.);
#1652=FACE_OUTER_BOUND('',#2024,.T.);
#1653=FACE_OUTER_BOUND('',#2025,.T.);
#1654=FACE_OUTER_BOUND('',#2026,.T.);
#1655=FACE_OUTER_BOUND('',#2027,.T.);
#1656=FACE_OUTER_BOUND('',#2028,.T.);
#1657=FACE_OUTER_BOUND('',#2029,.T.);
#1658=FACE_OUTER_BOUND('',#2030,.T.);
#1659=FACE_OUTER_BOUND('',#2031,.T.);
#1660=FACE_OUTER_BOUND('',#2032,.T.);
#1661=FACE_OUTER_BOUND('',#2033,.T.);
#1662=FACE_OUTER_BOUND('',#2034,.T.);
#1663=FACE_OUTER_BOUND('',#2035,.T.);
#1664=FACE_OUTER_BOUND('',#2036,.T.);
#1665=FACE_OUTER_BOUND('',#2037,.T.);
#1666=FACE_OUTER_BOUND('',#2038,.T.);
#1667=FACE_OUTER_BOUND('',#2042,.T.);
#1668=FACE_OUTER_BOUND('',#2043,.T.);
#1669=FACE_OUTER_BOUND('',#2044,.T.);
#1670=FACE_OUTER_BOUND('',#2045,.T.);
#1671=FACE_OUTER_BOUND('',#2046,.T.);
#1672=FACE_OUTER_BOUND('',#2047,.T.);
#1673=FACE_OUTER_BOUND('',#2048,.T.);
#1674=FACE_OUTER_BOUND('',#2049,.T.);
#1675=FACE_OUTER_BOUND('',#2050,.T.);
#1676=FACE_OUTER_BOUND('',#2051,.T.);
#1677=FACE_OUTER_BOUND('',#2052,.T.);
#1678=FACE_OUTER_BOUND('',#2053,.T.);
#1679=FACE_OUTER_BOUND('',#2054,.T.);
#1680=FACE_OUTER_BOUND('',#2055,.T.);
#1681=FACE_OUTER_BOUND('',#2056,.T.);
#1682=FACE_OUTER_BOUND('',#2058,.T.);
#1683=FACE_OUTER_BOUND('',#2059,.T.);
#1684=FACE_OUTER_BOUND('',#2060,.T.);
#1685=FACE_OUTER_BOUND('',#2061,.T.);
#1686=FACE_OUTER_BOUND('',#2062,.T.);
#1687=FACE_OUTER_BOUND('',#2063,.T.);
#1688=FACE_OUTER_BOUND('',#2064,.T.);
#1689=FACE_OUTER_BOUND('',#2065,.T.);
#1690=FACE_OUTER_BOUND('',#2066,.T.);
#1691=FACE_OUTER_BOUND('',#2067,.T.);
#1692=FACE_OUTER_BOUND('',#2068,.T.);
#1693=FACE_OUTER_BOUND('',#2069,.T.);
#1694=FACE_OUTER_BOUND('',#2070,.T.);
#1695=FACE_OUTER_BOUND('',#2071,.T.);
#1696=FACE_OUTER_BOUND('',#2072,.T.);
#1697=FACE_OUTER_BOUND('',#2073,.T.);
#1698=FACE_OUTER_BOUND('',#2074,.T.);
#1699=FACE_OUTER_BOUND('',#2075,.T.);
#1700=FACE_OUTER_BOUND('',#2076,.T.);
#1701=FACE_OUTER_BOUND('',#2077,.T.);
#1702=FACE_OUTER_BOUND('',#2078,.T.);
#1703=FACE_OUTER_BOUND('',#2079,.T.);
#1704=FACE_OUTER_BOUND('',#2080,.T.);
#1705=FACE_OUTER_BOUND('',#2081,.T.);
#1706=FACE_OUTER_BOUND('',#2082,.T.);
#1707=FACE_OUTER_BOUND('',#2083,.T.);
#1708=FACE_OUTER_BOUND('',#2084,.T.);
#1709=FACE_OUTER_BOUND('',#2085,.T.);
#1710=FACE_OUTER_BOUND('',#2086,.T.);
#1711=FACE_OUTER_BOUND('',#2087,.T.);
#1712=FACE_OUTER_BOUND('',#2088,.T.);
#1713=FACE_OUTER_BOUND('',#2089,.T.);
#1714=FACE_OUTER_BOUND('',#2090,.T.);
#1715=FACE_OUTER_BOUND('',#2091,.T.);
#1716=FACE_OUTER_BOUND('',#2092,.T.);
#1717=FACE_OUTER_BOUND('',#2093,.T.);
#1718=FACE_OUTER_BOUND('',#2094,.T.);
#1719=FACE_OUTER_BOUND('',#2095,.T.);
#1720=FACE_OUTER_BOUND('',#2096,.T.);
#1721=FACE_OUTER_BOUND('',#2097,.T.);
#1722=FACE_OUTER_BOUND('',#2098,.T.);
#1723=FACE_OUTER_BOUND('',#2099,.T.);
#1724=FACE_OUTER_BOUND('',#2100,.T.);
#1725=FACE_OUTER_BOUND('',#2101,.T.);
#1726=FACE_OUTER_BOUND('',#2102,.T.);
#1727=FACE_OUTER_BOUND('',#2103,.T.);
#1728=FACE_OUTER_BOUND('',#2104,.T.);
#1729=FACE_OUTER_BOUND('',#2105,.T.);
#1730=FACE_OUTER_BOUND('',#2106,.T.);
#1731=FACE_OUTER_BOUND('',#2107,.T.);
#1732=FACE_OUTER_BOUND('',#2108,.T.);
#1733=FACE_OUTER_BOUND('',#2109,.T.);
#1734=FACE_OUTER_BOUND('',#2110,.T.);
#1735=FACE_OUTER_BOUND('',#2111,.T.);
#1736=FACE_OUTER_BOUND('',#2112,.T.);
#1737=FACE_OUTER_BOUND('',#2113,.T.);
#1738=FACE_OUTER_BOUND('',#2116,.T.);
#1739=FACE_OUTER_BOUND('',#2117,.T.);
#1740=FACE_OUTER_BOUND('',#2118,.T.);
#1741=FACE_OUTER_BOUND('',#2119,.T.);
#1742=FACE_OUTER_BOUND('',#2120,.T.);
#1743=FACE_OUTER_BOUND('',#2121,.T.);
#1744=FACE_OUTER_BOUND('',#2122,.T.);
#1745=FACE_OUTER_BOUND('',#2123,.T.);
#1746=FACE_OUTER_BOUND('',#2124,.T.);
#1747=FACE_OUTER_BOUND('',#2125,.T.);
#1748=FACE_OUTER_BOUND('',#2126,.T.);
#1749=FACE_OUTER_BOUND('',#2127,.T.);
#1750=FACE_OUTER_BOUND('',#2129,.T.);
#1751=FACE_OUTER_BOUND('',#2130,.T.);
#1752=FACE_OUTER_BOUND('',#2131,.T.);
#1753=FACE_OUTER_BOUND('',#2132,.T.);
#1754=FACE_OUTER_BOUND('',#2133,.T.);
#1755=FACE_OUTER_BOUND('',#2134,.T.);
#1756=FACE_OUTER_BOUND('',#2135,.T.);
#1757=FACE_OUTER_BOUND('',#2136,.T.);
#1758=FACE_OUTER_BOUND('',#2137,.T.);
#1759=FACE_OUTER_BOUND('',#2138,.T.);
#1760=FACE_OUTER_BOUND('',#2139,.T.);
#1761=FACE_OUTER_BOUND('',#2140,.T.);
#1762=FACE_OUTER_BOUND('',#2141,.T.);
#1763=FACE_OUTER_BOUND('',#2142,.T.);
#1764=FACE_OUTER_BOUND('',#2143,.T.);
#1765=FACE_OUTER_BOUND('',#2144,.T.);
#1766=FACE_OUTER_BOUND('',#2145,.T.);
#1767=FACE_OUTER_BOUND('',#2146,.T.);
#1768=FACE_OUTER_BOUND('',#2147,.T.);
#1769=FACE_OUTER_BOUND('',#2148,.T.);
#1770=FACE_OUTER_BOUND('',#2149,.T.);
#1771=FACE_OUTER_BOUND('',#2150,.T.);
#1772=FACE_OUTER_BOUND('',#2151,.T.);
#1773=FACE_OUTER_BOUND('',#2152,.T.);
#1774=FACE_OUTER_BOUND('',#2153,.T.);
#1775=FACE_OUTER_BOUND('',#2154,.T.);
#1776=FACE_OUTER_BOUND('',#2155,.T.);
#1777=FACE_OUTER_BOUND('',#2156,.T.);
#1778=FACE_OUTER_BOUND('',#2157,.T.);
#1779=FACE_OUTER_BOUND('',#2158,.T.);
#1780=FACE_OUTER_BOUND('',#2159,.T.);
#1781=FACE_OUTER_BOUND('',#2161,.T.);
#1782=FACE_OUTER_BOUND('',#2162,.T.);
#1783=FACE_OUTER_BOUND('',#2163,.T.);
#1784=FACE_OUTER_BOUND('',#2164,.T.);
#1785=FACE_OUTER_BOUND('',#2165,.T.);
#1786=FACE_OUTER_BOUND('',#2166,.T.);
#1787=FACE_OUTER_BOUND('',#2167,.T.);
#1788=FACE_OUTER_BOUND('',#2168,.T.);
#1789=FACE_OUTER_BOUND('',#2170,.T.);
#1790=FACE_OUTER_BOUND('',#2171,.T.);
#1791=FACE_OUTER_BOUND('',#2172,.T.);
#1792=FACE_OUTER_BOUND('',#2173,.T.);
#1793=FACE_OUTER_BOUND('',#2174,.T.);
#1794=FACE_OUTER_BOUND('',#2175,.T.);
#1795=FACE_OUTER_BOUND('',#2176,.T.);
#1796=FACE_OUTER_BOUND('',#2177,.T.);
#1797=FACE_OUTER_BOUND('',#2178,.T.);
#1798=FACE_OUTER_BOUND('',#2179,.T.);
#1799=FACE_OUTER_BOUND('',#2180,.T.);
#1800=FACE_OUTER_BOUND('',#2181,.T.);
#1801=FACE_OUTER_BOUND('',#2182,.T.);
#1802=FACE_OUTER_BOUND('',#2183,.T.);
#1803=FACE_OUTER_BOUND('',#2184,.T.);
#1804=FACE_OUTER_BOUND('',#2185,.T.);
#1805=FACE_OUTER_BOUND('',#2186,.T.);
#1806=FACE_OUTER_BOUND('',#2187,.T.);
#1807=FACE_OUTER_BOUND('',#2188,.T.);
#1808=FACE_OUTER_BOUND('',#2189,.T.);
#1809=FACE_OUTER_BOUND('',#2190,.T.);
#1810=FACE_OUTER_BOUND('',#2191,.T.);
#1811=FACE_OUTER_BOUND('',#2192,.T.);
#1812=FACE_OUTER_BOUND('',#2193,.T.);
#1813=FACE_OUTER_BOUND('',#2194,.T.);
#1814=FACE_OUTER_BOUND('',#2195,.T.);
#1815=FACE_OUTER_BOUND('',#2196,.T.);
#1816=FACE_OUTER_BOUND('',#2197,.T.);
#1817=FACE_OUTER_BOUND('',#2198,.T.);
#1818=FACE_OUTER_BOUND('',#2199,.T.);
#1819=FACE_OUTER_BOUND('',#2200,.T.);
#1820=FACE_OUTER_BOUND('',#2201,.T.);
#1821=FACE_OUTER_BOUND('',#2202,.T.);
#1822=FACE_OUTER_BOUND('',#2203,.T.);
#1823=FACE_OUTER_BOUND('',#2204,.T.);
#1824=FACE_OUTER_BOUND('',#2205,.T.);
#1825=FACE_OUTER_BOUND('',#2206,.T.);
#1826=FACE_OUTER_BOUND('',#2207,.T.);
#1827=FACE_OUTER_BOUND('',#2208,.T.);
#1828=FACE_OUTER_BOUND('',#2209,.T.);
#1829=FACE_OUTER_BOUND('',#2210,.T.);
#1830=FACE_OUTER_BOUND('',#2211,.T.);
#1831=FACE_OUTER_BOUND('',#2212,.T.);
#1832=FACE_OUTER_BOUND('',#2213,.T.);
#1833=FACE_OUTER_BOUND('',#2214,.T.);
#1834=FACE_OUTER_BOUND('',#2215,.T.);
#1835=FACE_OUTER_BOUND('',#2217,.T.);
#1836=FACE_OUTER_BOUND('',#2218,.T.);
#1837=FACE_OUTER_BOUND('',#2219,.T.);
#1838=FACE_OUTER_BOUND('',#2220,.T.);
#1839=FACE_OUTER_BOUND('',#2221,.T.);
#1840=FACE_OUTER_BOUND('',#2222,.T.);
#1841=FACE_OUTER_BOUND('',#2223,.T.);
#1842=FACE_OUTER_BOUND('',#2224,.T.);
#1843=FACE_OUTER_BOUND('',#2225,.T.);
#1844=FACE_OUTER_BOUND('',#2226,.T.);
#1845=FACE_OUTER_BOUND('',#2227,.T.);
#1846=FACE_OUTER_BOUND('',#2228,.T.);
#1847=FACE_OUTER_BOUND('',#2229,.T.);
#1848=FACE_OUTER_BOUND('',#2230,.T.);
#1849=FACE_OUTER_BOUND('',#2231,.T.);
#1850=FACE_OUTER_BOUND('',#2232,.T.);
#1851=FACE_OUTER_BOUND('',#2233,.T.);
#1852=FACE_OUTER_BOUND('',#2234,.T.);
#1853=FACE_OUTER_BOUND('',#2235,.T.);
#1854=FACE_OUTER_BOUND('',#2236,.T.);
#1855=FACE_OUTER_BOUND('',#2237,.T.);
#1856=FACE_OUTER_BOUND('',#2238,.T.);
#1857=FACE_OUTER_BOUND('',#2239,.T.);
#1858=FACE_OUTER_BOUND('',#2240,.T.);
#1859=FACE_OUTER_BOUND('',#2241,.T.);
#1860=FACE_OUTER_BOUND('',#2242,.T.);
#1861=FACE_OUTER_BOUND('',#2243,.T.);
#1862=FACE_OUTER_BOUND('',#2244,.T.);
#1863=FACE_OUTER_BOUND('',#2245,.T.);
#1864=FACE_OUTER_BOUND('',#2246,.T.);
#1865=FACE_OUTER_BOUND('',#2247,.T.);
#1866=FACE_OUTER_BOUND('',#2248,.T.);
#1867=FACE_OUTER_BOUND('',#2249,.T.);
#1868=FACE_OUTER_BOUND('',#2250,.T.);
#1869=FACE_OUTER_BOUND('',#2251,.T.);
#1870=FACE_OUTER_BOUND('',#2252,.T.);
#1871=FACE_OUTER_BOUND('',#2253,.T.);
#1872=FACE_OUTER_BOUND('',#2254,.T.);
#1873=FACE_OUTER_BOUND('',#2255,.T.);
#1874=FACE_OUTER_BOUND('',#2256,.T.);
#1875=FACE_OUTER_BOUND('',#2257,.T.);
#1876=FACE_OUTER_BOUND('',#2258,.T.);
#1877=FACE_OUTER_BOUND('',#2259,.T.);
#1878=FACE_OUTER_BOUND('',#2260,.T.);
#1879=FACE_OUTER_BOUND('',#2261,.T.);
#1880=FACE_OUTER_BOUND('',#2262,.T.);
#1881=FACE_OUTER_BOUND('',#2263,.T.);
#1882=FACE_OUTER_BOUND('',#2264,.T.);
#1883=FACE_OUTER_BOUND('',#2265,.T.);
#1884=FACE_OUTER_BOUND('',#2266,.T.);
#1885=FACE_OUTER_BOUND('',#2267,.T.);
#1886=FACE_OUTER_BOUND('',#2268,.T.);
#1887=FACE_OUTER_BOUND('',#2269,.T.);
#1888=FACE_OUTER_BOUND('',#2270,.T.);
#1889=FACE_OUTER_BOUND('',#2271,.T.);
#1890=FACE_OUTER_BOUND('',#2272,.T.);
#1891=FACE_OUTER_BOUND('',#2273,.T.);
#1892=FACE_OUTER_BOUND('',#2274,.T.);
#1893=FACE_OUTER_BOUND('',#2275,.T.);
#1894=FACE_OUTER_BOUND('',#2276,.T.);
#1895=FACE_OUTER_BOUND('',#2277,.T.);
#1896=FACE_OUTER_BOUND('',#2278,.T.);
#1897=FACE_OUTER_BOUND('',#2279,.T.);
#1898=FACE_OUTER_BOUND('',#2280,.T.);
#1899=FACE_OUTER_BOUND('',#2281,.T.);
#1900=FACE_OUTER_BOUND('',#2282,.T.);
#1901=FACE_OUTER_BOUND('',#2283,.T.);
#1902=FACE_OUTER_BOUND('',#2284,.T.);
#1903=FACE_OUTER_BOUND('',#2285,.T.);
#1904=FACE_OUTER_BOUND('',#2286,.T.);
#1905=FACE_OUTER_BOUND('',#2287,.T.);
#1906=FACE_OUTER_BOUND('',#2288,.T.);
#1907=FACE_OUTER_BOUND('',#2289,.T.);
#1908=FACE_OUTER_BOUND('',#2290,.T.);
#1909=FACE_OUTER_BOUND('',#2291,.T.);
#1910=FACE_OUTER_BOUND('',#2292,.T.);
#1911=FACE_OUTER_BOUND('',#2293,.T.);
#1912=FACE_OUTER_BOUND('',#2294,.T.);
#1913=FACE_OUTER_BOUND('',#2296,.T.);
#1914=FACE_OUTER_BOUND('',#2297,.T.);
#1915=FACE_OUTER_BOUND('',#2298,.T.);
#1916=FACE_OUTER_BOUND('',#2299,.T.);
#1917=FACE_OUTER_BOUND('',#2300,.T.);
#1918=FACE_OUTER_BOUND('',#2301,.T.);
#1919=FACE_OUTER_BOUND('',#2302,.T.);
#1920=FACE_OUTER_BOUND('',#2303,.T.);
#1921=FACE_OUTER_BOUND('',#2304,.T.);
#1922=FACE_OUTER_BOUND('',#2305,.T.);
#1923=FACE_OUTER_BOUND('',#2306,.T.);
#1924=FACE_OUTER_BOUND('',#2307,.T.);
#1925=FACE_OUTER_BOUND('',#2308,.T.);
#1926=FACE_OUTER_BOUND('',#2309,.T.);
#1927=FACE_OUTER_BOUND('',#2310,.T.);
#1928=FACE_OUTER_BOUND('',#2311,.T.);
#1929=FACE_OUTER_BOUND('',#2312,.T.);
#1930=FACE_OUTER_BOUND('',#2313,.T.);
#1931=FACE_OUTER_BOUND('',#2314,.T.);
#1932=FACE_OUTER_BOUND('',#2315,.T.);
#1933=FACE_OUTER_BOUND('',#2316,.T.);
#1934=FACE_OUTER_BOUND('',#2317,.T.);
#1935=FACE_OUTER_BOUND('',#2318,.T.);
#1936=FACE_OUTER_BOUND('',#2319,.T.);
#1937=FACE_OUTER_BOUND('',#2320,.T.);
#1938=FACE_OUTER_BOUND('',#2321,.T.);
#1939=FACE_OUTER_BOUND('',#2322,.T.);
#1940=FACE_OUTER_BOUND('',#2323,.T.);
#1941=FACE_OUTER_BOUND('',#2324,.T.);
#1942=FACE_OUTER_BOUND('',#2325,.T.);
#1943=FACE_OUTER_BOUND('',#2326,.T.);
#1944=FACE_OUTER_BOUND('',#2327,.T.);
#1945=FACE_OUTER_BOUND('',#2328,.T.);
#1946=FACE_OUTER_BOUND('',#2329,.T.);
#1947=FACE_OUTER_BOUND('',#2330,.T.);
#1948=FACE_OUTER_BOUND('',#2331,.T.);
#1949=FACE_OUTER_BOUND('',#2332,.T.);
#1950=FACE_OUTER_BOUND('',#2333,.T.);
#1951=FACE_OUTER_BOUND('',#2334,.T.);
#1952=FACE_OUTER_BOUND('',#2335,.T.);
#1953=FACE_OUTER_BOUND('',#2336,.T.);
#1954=FACE_OUTER_BOUND('',#2337,.T.);
#1955=FACE_OUTER_BOUND('',#2338,.T.);
#1956=FACE_OUTER_BOUND('',#2339,.T.);
#1957=FACE_OUTER_BOUND('',#2340,.T.);
#1958=FACE_OUTER_BOUND('',#2341,.T.);
#1959=FACE_OUTER_BOUND('',#2342,.T.);
#1960=FACE_OUTER_BOUND('',#2343,.T.);
#1961=FACE_OUTER_BOUND('',#2344,.T.);
#1962=FACE_OUTER_BOUND('',#2345,.T.);
#1963=FACE_OUTER_BOUND('',#2346,.T.);
#1964=FACE_OUTER_BOUND('',#2347,.T.);
#1965=FACE_OUTER_BOUND('',#2348,.T.);
#1966=FACE_OUTER_BOUND('',#2349,.T.);
#1967=FACE_OUTER_BOUND('',#2350,.T.);
#1968=FACE_OUTER_BOUND('',#2351,.T.);
#1969=FACE_OUTER_BOUND('',#2352,.T.);
#1970=FACE_OUTER_BOUND('',#2353,.T.);
#1971=FACE_OUTER_BOUND('',#2354,.T.);
#1972=FACE_OUTER_BOUND('',#2355,.T.);
#1973=FACE_OUTER_BOUND('',#2356,.T.);
#1974=FACE_OUTER_BOUND('',#2357,.T.);
#1975=FACE_OUTER_BOUND('',#2358,.T.);
#1976=EDGE_LOOP('',(#4311,#4312,#4313,#4314,#4315));
#1977=EDGE_LOOP('',(#4316,#4317,#4318,#4319));
#1978=EDGE_LOOP('',(#4320,#4321,#4322,#4323));
#1979=EDGE_LOOP('',(#4324,#4325,#4326,#4327,#4328,#4329));
#1980=EDGE_LOOP('',(#4330,#4331,#4332,#4333));
#1981=EDGE_LOOP('',(#4334,#4335,#4336,#4337));
#1982=EDGE_LOOP('',(#4338,#4339,#4340,#4341));
#1983=EDGE_LOOP('',(#4342,#4343,#4344,#4345,#4346));
#1984=EDGE_LOOP('',(#4347,#4348,#4349,#4350));
#1985=EDGE_LOOP('',(#4351,#4352,#4353,#4354,#4355));
#1986=EDGE_LOOP('',(#4356,#4357,#4358,#4359,#4360));
#1987=EDGE_LOOP('',(#4361,#4362,#4363,#4364));
#1988=EDGE_LOOP('',(#4365,#4366,#4367,#4368,#4369,#4370,#4371,#4372));
#1989=EDGE_LOOP('',(#4373,#4374,#4375,#4376));
#1990=EDGE_LOOP('',(#4377,#4378,#4379,#4380,#4381,#4382));
#1991=EDGE_LOOP('',(#4383,#4384,#4385));
#1992=EDGE_LOOP('',(#4386,#4387,#4388,#4389));
#1993=EDGE_LOOP('',(#4390,#4391,#4392));
#1994=EDGE_LOOP('',(#4393,#4394,#4395,#4396));
#1995=EDGE_LOOP('',(#4397,#4398,#4399,#4400));
#1996=EDGE_LOOP('',(#4401,#4402,#4403,#4404));
#1997=EDGE_LOOP('',(#4405,#4406,#4407,#4408,#4409,#4410));
#1998=EDGE_LOOP('',(#4411,#4412,#4413,#4414));
#1999=EDGE_LOOP('',(#4415,#4416,#4417,#4418,#4419,#4420));
#2000=EDGE_LOOP('',(#4421,#4422,#4423,#4424,#4425,#4426,#4427,#4428,#4429));
#2001=EDGE_LOOP('',(#4430,#4431,#4432,#4433));
#2002=EDGE_LOOP('',(#4434,#4435,#4436,#4437));
#2003=EDGE_LOOP('',(#4438,#4439,#4440,#4441));
#2004=EDGE_LOOP('',(#4442,#4443,#4444,#4445,#4446));
#2005=EDGE_LOOP('',(#4447,#4448,#4449,#4450,#4451));
#2006=EDGE_LOOP('',(#4452,#4453,#4454,#4455));
#2007=EDGE_LOOP('',(#4456,#4457,#4458,#4459));
#2008=EDGE_LOOP('',(#4460,#4461,#4462,#4463,#4464,#4465));
#2009=EDGE_LOOP('',(#4466,#4467,#4468,#4469));
#2010=EDGE_LOOP('',(#4470,#4471,#4472,#4473));
#2011=EDGE_LOOP('',(#4474,#4475,#4476,#4477));
#2012=EDGE_LOOP('',(#4478,#4479,#4480,#4481,#4482));
#2013=EDGE_LOOP('',(#4483,#4484,#4485,#4486));
#2014=EDGE_LOOP('',(#4487,#4488,#4489,#4490,#4491));
#2015=EDGE_LOOP('',(#4492,#4493,#4494,#4495,#4496));
#2016=EDGE_LOOP('',(#4497,#4498,#4499,#4500));
#2017=EDGE_LOOP('',(#4501,#4502,#4503,#4504,#4505,#4506,#4507,#4508));
#2018=EDGE_LOOP('',(#4509,#4510,#4511,#4512));
#2019=EDGE_LOOP('',(#4513,#4514,#4515,#4516,#4517,#4518));
#2020=EDGE_LOOP('',(#4519,#4520,#4521));
#2021=EDGE_LOOP('',(#4522,#4523,#4524,#4525));
#2022=EDGE_LOOP('',(#4526,#4527,#4528));
#2023=EDGE_LOOP('',(#4529,#4530,#4531,#4532));
#2024=EDGE_LOOP('',(#4533,#4534,#4535,#4536));
#2025=EDGE_LOOP('',(#4537,#4538,#4539,#4540));
#2026=EDGE_LOOP('',(#4541,#4542,#4543,#4544,#4545,#4546));
#2027=EDGE_LOOP('',(#4547,#4548,#4549,#4550));
#2028=EDGE_LOOP('',(#4551,#4552,#4553,#4554,#4555,#4556));
#2029=EDGE_LOOP('',(#4557,#4558,#4559,#4560,#4561,#4562,#4563,#4564,#4565));
#2030=EDGE_LOOP('',(#4566,#4567,#4568,#4569));
#2031=EDGE_LOOP('',(#4570,#4571,#4572,#4573));
#2032=EDGE_LOOP('',(#4574,#4575,#4576,#4577));
#2033=EDGE_LOOP('',(#4578,#4579,#4580,#4581,#4582));
#2034=EDGE_LOOP('',(#4583,#4584,#4585,#4586));
#2035=EDGE_LOOP('',(#4587,#4588,#4589,#4590));
#2036=EDGE_LOOP('',(#4591,#4592,#4593,#4594));
#2037=EDGE_LOOP('',(#4595,#4596,#4597,#4598));
#2038=EDGE_LOOP('',(#4599,#4600,#4601,#4602));
#2039=EDGE_LOOP('',(#4603,#4604,#4605,#4606));
#2040=EDGE_LOOP('',(#4607,#4608,#4609,#4610));
#2041=EDGE_LOOP('',(#4611,#4612,#4613,#4614));
#2042=EDGE_LOOP('',(#4615,#4616,#4617,#4618,#4619,#4620));
#2043=EDGE_LOOP('',(#4621,#4622,#4623,#4624));
#2044=EDGE_LOOP('',(#4625,#4626,#4627,#4628));
#2045=EDGE_LOOP('',(#4629,#4630,#4631,#4632));
#2046=EDGE_LOOP('',(#4633,#4634,#4635,#4636));
#2047=EDGE_LOOP('',(#4637,#4638,#4639,#4640,#4641,#4642));
#2048=EDGE_LOOP('',(#4643,#4644,#4645));
#2049=EDGE_LOOP('',(#4646,#4647,#4648,#4649));
#2050=EDGE_LOOP('',(#4650,#4651,#4652,#4653,#4654,#4655,#4656,#4657,#4658,
#4659,#4660,#4661,#4662,#4663,#4664,#4665,#4666));
#2051=EDGE_LOOP('',(#4667,#4668,#4669,#4670,#4671,#4672));
#2052=EDGE_LOOP('',(#4673,#4674,#4675,#4676));
#2053=EDGE_LOOP('',(#4677,#4678,#4679,#4680,#4681,#4682,#4683,#4684,#4685,
#4686));
#2054=EDGE_LOOP('',(#4687,#4688,#4689,#4690,#4691,#4692,#4693,#4694));
#2055=EDGE_LOOP('',(#4695,#4696,#4697,#4698,#4699));
#2056=EDGE_LOOP('',(#4700));
#2057=EDGE_LOOP('',(#4701,#4702,#4703,#4704));
#2058=EDGE_LOOP('',(#4705,#4706,#4707,#4708));
#2059=EDGE_LOOP('',(#4709,#4710,#4711,#4712));
#2060=EDGE_LOOP('',(#4713,#4714,#4715,#4716,#4717,#4718));
#2061=EDGE_LOOP('',(#4719,#4720,#4721,#4722));
#2062=EDGE_LOOP('',(#4723,#4724,#4725,#4726));
#2063=EDGE_LOOP('',(#4727,#4728,#4729,#4730,#4731,#4732,#4733,#4734));
#2064=EDGE_LOOP('',(#4735,#4736,#4737,#4738));
#2065=EDGE_LOOP('',(#4739,#4740,#4741,#4742));
#2066=EDGE_LOOP('',(#4743,#4744,#4745,#4746,#4747,#4748,#4749,#4750));
#2067=EDGE_LOOP('',(#4751,#4752,#4753,#4754));
#2068=EDGE_LOOP('',(#4755,#4756,#4757,#4758));
#2069=EDGE_LOOP('',(#4759,#4760,#4761,#4762));
#2070=EDGE_LOOP('',(#4763,#4764,#4765,#4766));
#2071=EDGE_LOOP('',(#4767,#4768,#4769,#4770,#4771,#4772,#4773,#4774,#4775));
#2072=EDGE_LOOP('',(#4776,#4777,#4778,#4779));
#2073=EDGE_LOOP('',(#4780,#4781,#4782,#4783));
#2074=EDGE_LOOP('',(#4784,#4785,#4786,#4787));
#2075=EDGE_LOOP('',(#4788,#4789,#4790,#4791,#4792));
#2076=EDGE_LOOP('',(#4793,#4794,#4795,#4796));
#2077=EDGE_LOOP('',(#4797,#4798,#4799,#4800));
#2078=EDGE_LOOP('',(#4801,#4802,#4803,#4804));
#2079=EDGE_LOOP('',(#4805,#4806,#4807,#4808,#4809,#4810,#4811));
#2080=EDGE_LOOP('',(#4812,#4813,#4814,#4815,#4816));
#2081=EDGE_LOOP('',(#4817,#4818,#4819,#4820,#4821,#4822,#4823,#4824,#4825,
#4826,#4827,#4828,#4829,#4830));
#2082=EDGE_LOOP('',(#4831,#4832,#4833,#4834,#4835));
#2083=EDGE_LOOP('',(#4836,#4837,#4838,#4839));
#2084=EDGE_LOOP('',(#4840,#4841,#4842,#4843,#4844));
#2085=EDGE_LOOP('',(#4845,#4846,#4847,#4848,#4849));
#2086=EDGE_LOOP('',(#4850,#4851,#4852,#4853,#4854,#4855,#4856,#4857,#4858,
#4859,#4860,#4861,#4862));
#2087=EDGE_LOOP('',(#4863,#4864,#4865,#4866));
#2088=EDGE_LOOP('',(#4867,#4868,#4869,#4870));
#2089=EDGE_LOOP('',(#4871,#4872,#4873,#4874));
#2090=EDGE_LOOP('',(#4875,#4876,#4877,#4878));
#2091=EDGE_LOOP('',(#4879,#4880,#4881,#4882,#4883));
#2092=EDGE_LOOP('',(#4884,#4885,#4886,#4887));
#2093=EDGE_LOOP('',(#4888,#4889,#4890,#4891,#4892,#4893));
#2094=EDGE_LOOP('',(#4894,#4895,#4896,#4897));
#2095=EDGE_LOOP('',(#4898,#4899,#4900,#4901,#4902));
#2096=EDGE_LOOP('',(#4903,#4904,#4905,#4906,#4907,#4908));
#2097=EDGE_LOOP('',(#4909,#4910,#4911,#4912,#4913,#4914,#4915,#4916,#4917,
#4918,#4919));
#2098=EDGE_LOOP('',(#4920,#4921,#4922,#4923,#4924));
#2099=EDGE_LOOP('',(#4925,#4926,#4927,#4928,#4929));
#2100=EDGE_LOOP('',(#4930,#4931,#4932,#4933));
#2101=EDGE_LOOP('',(#4934,#4935,#4936,#4937,#4938));
#2102=EDGE_LOOP('',(#4939,#4940,#4941,#4942,#4943,#4944,#4945));
#2103=EDGE_LOOP('',(#4946,#4947,#4948));
#2104=EDGE_LOOP('',(#4949,#4950,#4951,#4952,#4953,#4954));
#2105=EDGE_LOOP('',(#4955,#4956,#4957,#4958,#4959,#4960,#4961,#4962,#4963));
#2106=EDGE_LOOP('',(#4964,#4965,#4966,#4967));
#2107=EDGE_LOOP('',(#4968,#4969,#4970,#4971));
#2108=EDGE_LOOP('',(#4972,#4973,#4974,#4975,#4976,#4977));
#2109=EDGE_LOOP('',(#4978,#4979,#4980,#4981));
#2110=EDGE_LOOP('',(#4982,#4983,#4984,#4985,#4986,#4987));
#2111=EDGE_LOOP('',(#4988,#4989,#4990,#4991,#4992,#4993,#4994));
#2112=EDGE_LOOP('',(#4995,#4996,#4997,#4998));
#2113=EDGE_LOOP('',(#4999,#5000,#5001,#5002,#5003,#5004));
#2114=EDGE_LOOP('',(#5005,#5006,#5007,#5008));
#2115=EDGE_LOOP('',(#5009,#5010,#5011,#5012,#5013,#5014,#5015,#5016,#5017,
#5018,#5019,#5020,#5021,#5022,#5023,#5024,#5025,#5026,#5027,#5028));
#2116=EDGE_LOOP('',(#5029,#5030,#5031,#5032,#5033,#5034,#5035,#5036));
#2117=EDGE_LOOP('',(#5037,#5038,#5039,#5040));
#2118=EDGE_LOOP('',(#5041,#5042,#5043,#5044));
#2119=EDGE_LOOP('',(#5045,#5046,#5047,#5048));
#2120=EDGE_LOOP('',(#5049,#5050,#5051,#5052));
#2121=EDGE_LOOP('',(#5053,#5054,#5055,#5056,#5057,#5058,#5059,#5060));
#2122=EDGE_LOOP('',(#5061,#5062,#5063,#5064));
#2123=EDGE_LOOP('',(#5065,#5066,#5067,#5068));
#2124=EDGE_LOOP('',(#5069,#5070,#5071,#5072));
#2125=EDGE_LOOP('',(#5073,#5074,#5075,#5076));
#2126=EDGE_LOOP('',(#5077,#5078,#5079,#5080));
#2127=EDGE_LOOP('',(#5081,#5082,#5083,#5084));
#2128=EDGE_LOOP('',(#5085,#5086,#5087,#5088,#5089,#5090,#5091,#5092,#5093,
#5094,#5095,#5096,#5097,#5098,#5099,#5100,#5101,#5102,#5103,#5104,#5105,
#5106));
#2129=EDGE_LOOP('',(#5107,#5108,#5109,#5110,#5111));
#2130=EDGE_LOOP('',(#5112,#5113,#5114,#5115));
#2131=EDGE_LOOP('',(#5116,#5117,#5118));
#2132=EDGE_LOOP('',(#5119,#5120,#5121,#5122));
#2133=EDGE_LOOP('',(#5123,#5124,#5125,#5126));
#2134=EDGE_LOOP('',(#5127,#5128,#5129,#5130));
#2135=EDGE_LOOP('',(#5131,#5132,#5133));
#2136=EDGE_LOOP('',(#5134,#5135,#5136,#5137));
#2137=EDGE_LOOP('',(#5138,#5139,#5140,#5141));
#2138=EDGE_LOOP('',(#5142,#5143,#5144,#5145));
#2139=EDGE_LOOP('',(#5146,#5147,#5148));
#2140=EDGE_LOOP('',(#5149,#5150,#5151,#5152,#5153));
#2141=EDGE_LOOP('',(#5154,#5155,#5156,#5157));
#2142=EDGE_LOOP('',(#5158,#5159,#5160,#5161,#5162));
#2143=EDGE_LOOP('',(#5163,#5164,#5165));
#2144=EDGE_LOOP('',(#5166,#5167,#5168,#5169));
#2145=EDGE_LOOP('',(#5170,#5171,#5172,#5173,#5174,#5175,#5176,#5177));
#2146=EDGE_LOOP('',(#5178,#5179,#5180,#5181));
#2147=EDGE_LOOP('',(#5182,#5183,#5184,#5185,#5186));
#2148=EDGE_LOOP('',(#5187,#5188,#5189,#5190,#5191));
#2149=EDGE_LOOP('',(#5192,#5193,#5194,#5195,#5196,#5197));
#2150=EDGE_LOOP('',(#5198,#5199,#5200));
#2151=EDGE_LOOP('',(#5201,#5202,#5203,#5204));
#2152=EDGE_LOOP('',(#5205,#5206,#5207));
#2153=EDGE_LOOP('',(#5208,#5209,#5210,#5211));
#2154=EDGE_LOOP('',(#5212,#5213,#5214,#5215));
#2155=EDGE_LOOP('',(#5216,#5217,#5218,#5219));
#2156=EDGE_LOOP('',(#5220,#5221,#5222));
#2157=EDGE_LOOP('',(#5223,#5224,#5225,#5226));
#2158=EDGE_LOOP('',(#5227,#5228,#5229));
#2159=EDGE_LOOP('',(#5230,#5231,#5232,#5233));
#2160=EDGE_LOOP('',(#5234));
#2161=EDGE_LOOP('',(#5235,#5236,#5237,#5238));
#2162=EDGE_LOOP('',(#5239,#5240,#5241,#5242));
#2163=EDGE_LOOP('',(#5243,#5244,#5245,#5246));
#2164=EDGE_LOOP('',(#5247,#5248,#5249,#5250));
#2165=EDGE_LOOP('',(#5251,#5252,#5253,#5254));
#2166=EDGE_LOOP('',(#5255,#5256,#5257,#5258,#5259,#5260,#5261,#5262,#5263,
#5264));
#2167=EDGE_LOOP('',(#5265,#5266,#5267,#5268));
#2168=EDGE_LOOP('',(#5269,#5270,#5271,#5272,#5273,#5274,#5275,#5276));
#2169=EDGE_LOOP('',(#5277));
#2170=EDGE_LOOP('',(#5278,#5279,#5280,#5281));
#2171=EDGE_LOOP('',(#5282,#5283,#5284,#5285,#5286,#5287,#5288,#5289,#5290,
#5291));
#2172=EDGE_LOOP('',(#5292,#5293,#5294,#5295));
#2173=EDGE_LOOP('',(#5296,#5297,#5298,#5299));
#2174=EDGE_LOOP('',(#5300,#5301,#5302,#5303));
#2175=EDGE_LOOP('',(#5304,#5305,#5306,#5307));
#2176=EDGE_LOOP('',(#5308,#5309,#5310));
#2177=EDGE_LOOP('',(#5311,#5312,#5313,#5314));
#2178=EDGE_LOOP('',(#5315,#5316,#5317,#5318));
#2179=EDGE_LOOP('',(#5319,#5320,#5321));
#2180=EDGE_LOOP('',(#5322,#5323,#5324,#5325));
#2181=EDGE_LOOP('',(#5326,#5327,#5328,#5329));
#2182=EDGE_LOOP('',(#5330,#5331,#5332,#5333));
#2183=EDGE_LOOP('',(#5334,#5335,#5336,#5337));
#2184=EDGE_LOOP('',(#5338,#5339,#5340));
#2185=EDGE_LOOP('',(#5341,#5342,#5343));
#2186=EDGE_LOOP('',(#5344,#5345,#5346,#5347));
#2187=EDGE_LOOP('',(#5348,#5349,#5350,#5351,#5352,#5353,#5354,#5355));
#2188=EDGE_LOOP('',(#5356,#5357,#5358,#5359));
#2189=EDGE_LOOP('',(#5360,#5361,#5362,#5363));
#2190=EDGE_LOOP('',(#5364,#5365,#5366,#5367));
#2191=EDGE_LOOP('',(#5368,#5369,#5370,#5371));
#2192=EDGE_LOOP('',(#5372,#5373,#5374,#5375));
#2193=EDGE_LOOP('',(#5376,#5377,#5378,#5379,#5380,#5381,#5382,#5383));
#2194=EDGE_LOOP('',(#5384,#5385,#5386,#5387));
#2195=EDGE_LOOP('',(#5388,#5389,#5390,#5391,#5392,#5393,#5394,#5395,#5396,
#5397,#5398,#5399,#5400,#5401,#5402,#5403,#5404,#5405,#5406,#5407,#5408,
#5409));
#2196=EDGE_LOOP('',(#5410,#5411,#5412,#5413));
#2197=EDGE_LOOP('',(#5414,#5415,#5416,#5417,#5418));
#2198=EDGE_LOOP('',(#5419,#5420,#5421));
#2199=EDGE_LOOP('',(#5422,#5423,#5424,#5425,#5426,#5427));
#2200=EDGE_LOOP('',(#5428,#5429,#5430,#5431));
#2201=EDGE_LOOP('',(#5432,#5433,#5434,#5435));
#2202=EDGE_LOOP('',(#5436,#5437,#5438,#5439));
#2203=EDGE_LOOP('',(#5440,#5441,#5442));
#2204=EDGE_LOOP('',(#5443,#5444,#5445,#5446,#5447,#5448,#5449,#5450));
#2205=EDGE_LOOP('',(#5451,#5452,#5453,#5454));
#2206=EDGE_LOOP('',(#5455,#5456,#5457,#5458));
#2207=EDGE_LOOP('',(#5459,#5460,#5461,#5462));
#2208=EDGE_LOOP('',(#5463,#5464,#5465,#5466,#5467,#5468,#5469,#5470,#5471,
#5472));
#2209=EDGE_LOOP('',(#5473,#5474,#5475,#5476));
#2210=EDGE_LOOP('',(#5477,#5478,#5479,#5480,#5481));
#2211=EDGE_LOOP('',(#5482,#5483,#5484,#5485,#5486));
#2212=EDGE_LOOP('',(#5487,#5488,#5489,#5490,#5491,#5492));
#2213=EDGE_LOOP('',(#5493,#5494,#5495,#5496));
#2214=EDGE_LOOP('',(#5497,#5498,#5499,#5500,#5501,#5502,#5503,#5504,#5505,
#5506,#5507,#5508,#5509));
#2215=EDGE_LOOP('',(#5510,#5511,#5512,#5513,#5514,#5515,#5516,#5517,#5518,
#5519,#5520,#5521));
#2216=EDGE_LOOP('',(#5522,#5523));
#2217=EDGE_LOOP('',(#5524,#5525,#5526,#5527));
#2218=EDGE_LOOP('',(#5528,#5529,#5530,#5531));
#2219=EDGE_LOOP('',(#5532,#5533,#5534));
#2220=EDGE_LOOP('',(#5535,#5536,#5537,#5538));
#2221=EDGE_LOOP('',(#5539,#5540,#5541,#5542));
#2222=EDGE_LOOP('',(#5543,#5544,#5545,#5546,#5547,#5548,#5549));
#2223=EDGE_LOOP('',(#5550,#5551,#5552,#5553));
#2224=EDGE_LOOP('',(#5554,#5555,#5556,#5557));
#2225=EDGE_LOOP('',(#5558,#5559,#5560,#5561,#5562,#5563,#5564,#5565,#5566,
#5567,#5568,#5569,#5570,#5571,#5572,#5573,#5574,#5575,#5576));
#2226=EDGE_LOOP('',(#5577,#5578,#5579,#5580));
#2227=EDGE_LOOP('',(#5581,#5582,#5583,#5584,#5585,#5586,#5587));
#2228=EDGE_LOOP('',(#5588,#5589,#5590,#5591));
#2229=EDGE_LOOP('',(#5592,#5593,#5594,#5595,#5596,#5597,#5598));
#2230=EDGE_LOOP('',(#5599,#5600,#5601,#5602));
#2231=EDGE_LOOP('',(#5603,#5604,#5605,#5606,#5607,#5608));
#2232=EDGE_LOOP('',(#5609,#5610,#5611,#5612));
#2233=EDGE_LOOP('',(#5613,#5614));
#2234=EDGE_LOOP('',(#5615,#5616,#5617,#5618,#5619,#5620,#5621,#5622,#5623,
#5624,#5625,#5626,#5627,#5628,#5629,#5630,#5631,#5632,#5633,#5634,#5635,
#5636,#5637,#5638,#5639,#5640,#5641,#5642,#5643,#5644,#5645,#5646,#5647,
#5648,#5649,#5650,#5651,#5652,#5653,#5654,#5655,#5656,#5657,#5658,#5659,
#5660,#5661,#5662,#5663,#5664,#5665,#5666,#5667,#5668,#5669,#5670,#5671));
#2235=EDGE_LOOP('',(#5672,#5673,#5674,#5675,#5676));
#2236=EDGE_LOOP('',(#5677,#5678,#5679,#5680));
#2237=EDGE_LOOP('',(#5681,#5682,#5683,#5684));
#2238=EDGE_LOOP('',(#5685,#5686,#5687,#5688,#5689,#5690,#5691,#5692,#5693,
#5694));
#2239=EDGE_LOOP('',(#5695,#5696,#5697,#5698,#5699,#5700));
#2240=EDGE_LOOP('',(#5701,#5702,#5703,#5704));
#2241=EDGE_LOOP('',(#5705,#5706,#5707,#5708,#5709,#5710,#5711,#5712));
#2242=EDGE_LOOP('',(#5713,#5714,#5715,#5716));
#2243=EDGE_LOOP('',(#5717,#5718,#5719,#5720,#5721,#5722,#5723,#5724,#5725,
#5726));
#2244=EDGE_LOOP('',(#5727,#5728,#5729,#5730));
#2245=EDGE_LOOP('',(#5731,#5732));
#2246=EDGE_LOOP('',(#5733,#5734));
#2247=EDGE_LOOP('',(#5735,#5736,#5737,#5738));
#2248=EDGE_LOOP('',(#5739,#5740,#5741,#5742));
#2249=EDGE_LOOP('',(#5743,#5744,#5745,#5746));
#2250=EDGE_LOOP('',(#5747,#5748,#5749,#5750,#5751,#5752));
#2251=EDGE_LOOP('',(#5753,#5754,#5755,#5756));
#2252=EDGE_LOOP('',(#5757,#5758,#5759,#5760));
#2253=EDGE_LOOP('',(#5761,#5762,#5763,#5764));
#2254=EDGE_LOOP('',(#5765,#5766,#5767,#5768));
#2255=EDGE_LOOP('',(#5769,#5770,#5771,#5772,#5773,#5774));
#2256=EDGE_LOOP('',(#5775,#5776,#5777,#5778));
#2257=EDGE_LOOP('',(#5779,#5780,#5781,#5782,#5783,#5784,#5785,#5786));
#2258=EDGE_LOOP('',(#5787,#5788,#5789,#5790));
#2259=EDGE_LOOP('',(#5791,#5792));
#2260=EDGE_LOOP('',(#5793,#5794,#5795,#5796,#5797,#5798,#5799));
#2261=EDGE_LOOP('',(#5800,#5801,#5802,#5803,#5804,#5805,#5806,#5807));
#2262=EDGE_LOOP('',(#5808,#5809));
#2263=EDGE_LOOP('',(#5810,#5811,#5812,#5813,#5814,#5815));
#2264=EDGE_LOOP('',(#5816,#5817,#5818,#5819,#5820,#5821));
#2265=EDGE_LOOP('',(#5822,#5823,#5824));
#2266=EDGE_LOOP('',(#5825,#5826,#5827,#5828));
#2267=EDGE_LOOP('',(#5829,#5830,#5831,#5832));
#2268=EDGE_LOOP('',(#5833,#5834,#5835,#5836));
#2269=EDGE_LOOP('',(#5837,#5838,#5839,#5840));
#2270=EDGE_LOOP('',(#5841,#5842,#5843,#5844));
#2271=EDGE_LOOP('',(#5845,#5846,#5847,#5848));
#2272=EDGE_LOOP('',(#5849,#5850,#5851,#5852));
#2273=EDGE_LOOP('',(#5853,#5854,#5855,#5856,#5857,#5858));
#2274=EDGE_LOOP('',(#5859,#5860,#5861,#5862,#5863,#5864));
#2275=EDGE_LOOP('',(#5865,#5866,#5867,#5868,#5869,#5870,#5871,#5872,#5873,
#5874,#5875,#5876,#5877));
#2276=EDGE_LOOP('',(#5878,#5879,#5880,#5881));
#2277=EDGE_LOOP('',(#5882,#5883,#5884,#5885));
#2278=EDGE_LOOP('',(#5886,#5887,#5888,#5889));
#2279=EDGE_LOOP('',(#5890,#5891,#5892,#5893,#5894,#5895,#5896,#5897,#5898,
#5899,#5900,#5901));
#2280=EDGE_LOOP('',(#5902,#5903,#5904,#5905));
#2281=EDGE_LOOP('',(#5906,#5907,#5908,#5909));
#2282=EDGE_LOOP('',(#5910,#5911,#5912,#5913,#5914,#5915,#5916));
#2283=EDGE_LOOP('',(#5917,#5918,#5919,#5920,#5921,#5922,#5923,#5924,#5925,
#5926,#5927,#5928));
#2284=EDGE_LOOP('',(#5929,#5930,#5931,#5932,#5933,#5934,#5935,#5936,#5937,
#5938));
#2285=EDGE_LOOP('',(#5939,#5940,#5941,#5942,#5943,#5944,#5945,#5946,#5947,
#5948));
#2286=EDGE_LOOP('',(#5949,#5950,#5951,#5952));
#2287=EDGE_LOOP('',(#5953,#5954,#5955,#5956,#5957,#5958,#5959,#5960,#5961,
#5962));
#2288=EDGE_LOOP('',(#5963,#5964,#5965,#5966));
#2289=EDGE_LOOP('',(#5967,#5968,#5969,#5970));
#2290=EDGE_LOOP('',(#5971,#5972,#5973,#5974));
#2291=EDGE_LOOP('',(#5975,#5976));
#2292=EDGE_LOOP('',(#5977,#5978,#5979));
#2293=EDGE_LOOP('',(#5980,#5981,#5982,#5983,#5984,#5985,#5986,#5987,#5988,
#5989));
#2294=EDGE_LOOP('',(#5990,#5991,#5992,#5993,#5994,#5995,#5996,#5997,#5998,
#5999,#6000,#6001,#6002,#6003,#6004,#6005,#6006,#6007,#6008,#6009,#6010,
#6011,#6012,#6013,#6014,#6015,#6016,#6017,#6018,#6019,#6020,#6021,#6022,
#6023,#6024));
#2295=EDGE_LOOP('',(#6025,#6026,#6027,#6028));
#2296=EDGE_LOOP('',(#6029));
#2297=EDGE_LOOP('',(#6030,#6031));
#2298=EDGE_LOOP('',(#6032,#6033,#6034));
#2299=EDGE_LOOP('',(#6035,#6036));
#2300=EDGE_LOOP('',(#6037,#6038,#6039,#6040));
#2301=EDGE_LOOP('',(#6041,#6042,#6043,#6044));
#2302=EDGE_LOOP('',(#6045,#6046,#6047,#6048));
#2303=EDGE_LOOP('',(#6049,#6050,#6051,#6052));
#2304=EDGE_LOOP('',(#6053,#6054,#6055,#6056,#6057,#6058,#6059,#6060,#6061,
#6062,#6063,#6064,#6065,#6066,#6067,#6068,#6069));
#2305=EDGE_LOOP('',(#6070,#6071,#6072,#6073));
#2306=EDGE_LOOP('',(#6074,#6075,#6076,#6077));
#2307=EDGE_LOOP('',(#6078,#6079,#6080));
#2308=EDGE_LOOP('',(#6081,#6082,#6083,#6084));
#2309=EDGE_LOOP('',(#6085,#6086,#6087));
#2310=EDGE_LOOP('',(#6088,#6089,#6090,#6091,#6092,#6093,#6094,#6095,#6096,
#6097));
#2311=EDGE_LOOP('',(#6098,#6099,#6100,#6101));
#2312=EDGE_LOOP('',(#6102,#6103,#6104,#6105));
#2313=EDGE_LOOP('',(#6106,#6107,#6108,#6109));
#2314=EDGE_LOOP('',(#6110,#6111,#6112,#6113,#6114));
#2315=EDGE_LOOP('',(#6115,#6116,#6117,#6118));
#2316=EDGE_LOOP('',(#6119,#6120,#6121,#6122));
#2317=EDGE_LOOP('',(#6123,#6124,#6125,#6126));
#2318=EDGE_LOOP('',(#6127,#6128,#6129,#6130));
#2319=EDGE_LOOP('',(#6131,#6132,#6133));
#2320=EDGE_LOOP('',(#6134,#6135,#6136));
#2321=EDGE_LOOP('',(#6137,#6138,#6139,#6140));
#2322=EDGE_LOOP('',(#6141,#6142,#6143));
#2323=EDGE_LOOP('',(#6144,#6145,#6146,#6147));
#2324=EDGE_LOOP('',(#6148,#6149,#6150,#6151));
#2325=EDGE_LOOP('',(#6152));
#2326=EDGE_LOOP('',(#6153,#6154,#6155));
#2327=EDGE_LOOP('',(#6156,#6157,#6158,#6159,#6160));
#2328=EDGE_LOOP('',(#6161,#6162,#6163,#6164));
#2329=EDGE_LOOP('',(#6165,#6166,#6167,#6168));
#2330=EDGE_LOOP('',(#6169,#6170,#6171,#6172));
#2331=EDGE_LOOP('',(#6173,#6174,#6175,#6176));
#2332=EDGE_LOOP('',(#6177,#6178,#6179,#6180));
#2333=EDGE_LOOP('',(#6181,#6182,#6183,#6184,#6185,#6186,#6187,#6188,#6189,
#6190,#6191,#6192,#6193,#6194,#6195,#6196,#6197));
#2334=EDGE_LOOP('',(#6198,#6199,#6200,#6201));
#2335=EDGE_LOOP('',(#6202,#6203,#6204,#6205));
#2336=EDGE_LOOP('',(#6206,#6207,#6208));
#2337=EDGE_LOOP('',(#6209,#6210,#6211,#6212));
#2338=EDGE_LOOP('',(#6213,#6214,#6215));
#2339=EDGE_LOOP('',(#6216,#6217,#6218,#6219,#6220,#6221,#6222,#6223,#6224,
#6225));
#2340=EDGE_LOOP('',(#6226,#6227,#6228,#6229));
#2341=EDGE_LOOP('',(#6230,#6231,#6232,#6233));
#2342=EDGE_LOOP('',(#6234,#6235,#6236,#6237));
#2343=EDGE_LOOP('',(#6238,#6239,#6240,#6241,#6242));
#2344=EDGE_LOOP('',(#6243,#6244,#6245,#6246));
#2345=EDGE_LOOP('',(#6247,#6248,#6249,#6250));
#2346=EDGE_LOOP('',(#6251,#6252,#6253,#6254));
#2347=EDGE_LOOP('',(#6255,#6256,#6257,#6258));
#2348=EDGE_LOOP('',(#6259,#6260,#6261));
#2349=EDGE_LOOP('',(#6262,#6263,#6264));
#2350=EDGE_LOOP('',(#6265,#6266,#6267,#6268));
#2351=EDGE_LOOP('',(#6269,#6270,#6271));
#2352=EDGE_LOOP('',(#6272,#6273,#6274,#6275));
#2353=EDGE_LOOP('',(#6276,#6277,#6278,#6279));
#2354=EDGE_LOOP('',(#6280));
#2355=EDGE_LOOP('',(#6281,#6282,#6283));
#2356=EDGE_LOOP('',(#6284,#6285,#6286,#6287,#6288));
#2357=EDGE_LOOP('',(#6289,#6290,#6291,#6292));
#2358=EDGE_LOOP('',(#6293,#6294,#6295,#6296));
#2359=B_SPLINE_CURVE_WITH_KNOTS('',3,(#9491,#9492,#9493,#9494,#9495,#9496,
#9497,#9498,#9499,#9500,#9501,#9502,#9503,#9504),.UNSPECIFIED.,.F.,.F.,
(4,1,1,1,1,1,1,1,1,1,1,4),(-0.48741222618312,-0.384267356492241,-0.306908704224083,
-0.281122486801363,-0.255336269378643,-0.229550051955924,-0.177977617110485,
-0.152191399687765,-0.139298290976405,-0.132851736620725,-0.129628459442885,
-0.126405182265045),.UNSPECIFIED.);
#2360=B_SPLINE_CURVE_WITH_KNOTS('',3,(#9506,#9507,#9508,#9509,#9510,#9511,
#9512,#9513,#9514,#9515,#9516,#9517,#9518,#9519,#9520,#9521,#9522,#9523,
#9524,#9525,#9526,#9527,#9528,#9529,#9530),.UNSPECIFIED.,.F.,.F.,(4,3,3,
3,3,3,3,3,4),(0.,1.06213018839282E-5,0.000524252679263301,0.0009988362138465,
0.0012563601643586,0.00144950686963,0.0017553564690205,0.00185018039415596,
0.00185675398293573),.UNSPECIFIED.);
#2361=B_SPLINE_CURVE_WITH_KNOTS('',3,(#9532,#9533,#9534,#9535),
 .UNSPECIFIED.,.F.,.F.,(4,4),(-0.00102381723722942,0.),.UNSPECIFIED.);
#2362=B_SPLINE_CURVE_WITH_KNOTS('',3,(#9536,#9537,#9538,#9539,#9540,#9541,
#9542,#9543,#9544,#9545,#9546,#9547,#9548,#9549),.UNSPECIFIED.,.F.,.F.,
(4,1,1,1,1,1,1,1,1,1,1,4),(0.128296077998227,0.129628459442885,0.132851736620725,
0.139298290976405,0.152191399687765,0.177977617110485,0.229550051955924,
0.255336269378643,0.281122486801363,0.306908704224083,0.384267356492241,
0.48741222618312),.UNSPECIFIED.);
#2363=B_SPLINE_CURVE_WITH_KNOTS('',3,(#9605,#9606,#9607,#9608,#9609,#9610),
 .UNSPECIFIED.,.F.,.F.,(4,2,4),(-0.0689119597742195,-0.0384647065272245,
0.),.UNSPECIFIED.);
#2364=B_SPLINE_CURVE_WITH_KNOTS('',3,(#9611,#9612,#9613,#9614,#9615),
 .UNSPECIFIED.,.F.,.F.,(4,1,4),(-0.235139418341653,-0.100774036432137,-8.61395433204584E-16),
 .UNSPECIFIED.);
#2365=B_SPLINE_CURVE_WITH_KNOTS('',3,(#9616,#9617,#9618,#9619,#9620),
 .UNSPECIFIED.,.F.,.F.,(4,1,4),(8.61395433204584E-16,0.100774036432137,
0.163813340038867),.UNSPECIFIED.);
#2366=B_SPLINE_CURVE_WITH_KNOTS('',3,(#9637,#9638,#9639,#9640,#9641,#9642),
 .UNSPECIFIED.,.F.,.F.,(4,2,4),(-0.366208275396811,-0.350034133504927,-0.315502418613344),
 .UNSPECIFIED.);
#2367=B_SPLINE_CURVE_WITH_KNOTS('',3,(#9856,#9857,#9858,#9859,#9860,#9861,
#9862,#9863,#9864,#9865,#9866,#9867,#9868,#9869),.UNSPECIFIED.,.F.,.F.,
(4,1,1,1,1,1,1,1,1,1,1,4),(-0.487393349985634,-0.38424848029476,-0.306889828026605,
-0.281103610603887,-0.255317393181169,-0.229531175758451,-0.177958740913014,
-0.152172523490296,-0.139279414778936,-0.132832860423257,-0.129609583245417,
-0.126386306067577),.UNSPECIFIED.);
#2368=B_SPLINE_CURVE_WITH_KNOTS('',3,(#9871,#9872,#9873,#9874,#9875,#9876,
#9877,#9878,#9879,#9880,#9881,#9882,#9883,#9884,#9885,#9886,#9887,#9888,
#9889,#9890,#9891,#9892,#9893,#9894,#9895),.UNSPECIFIED.,.F.,.F.,(4,3,3,
3,3,3,3,3,4),(0.,1.06211455021213E-5,0.000524241378725371,0.000998814294069157,
0.00125633328874466,0.00144947502525426,0.00175555594528948,0.00185019532871083,
0.00185676193719186),.UNSPECIFIED.);
#2369=B_SPLINE_CURVE_WITH_KNOTS('',3,(#9897,#9898,#9899,#9900),
 .UNSPECIFIED.,.F.,.F.,(4,4),(-0.00102377518814304,0.),.UNSPECIFIED.);
#2370=B_SPLINE_CURVE_WITH_KNOTS('',3,(#9901,#9902,#9903,#9904,#9905,#9906,
#9907,#9908,#9909,#9910,#9911,#9912,#9913,#9914),.UNSPECIFIED.,.F.,.F.,
(4,1,1,1,1,1,1,1,1,1,1,4),(0.128277194568987,0.129609583245417,0.132832860423257,
0.139279414778936,0.152172523490296,0.177958740913014,0.229531175758451,
0.255317393181169,0.281103610603887,0.306889828026605,0.38424848029476,
0.487393349985634),.UNSPECIFIED.);
#2371=B_SPLINE_CURVE_WITH_KNOTS('',3,(#9970,#9971,#9972,#9973,#9974,#9975),
 .UNSPECIFIED.,.F.,.F.,(4,2,4),(-0.0666602195682585,-0.0374420180472474,
0.),.UNSPECIFIED.);
#2372=B_SPLINE_CURVE_WITH_KNOTS('',3,(#9976,#9977,#9978,#9979,#9980),
 .UNSPECIFIED.,.F.,.F.,(4,1,4),(-0.235139421378648,-0.134365383644942,0.),
 .UNSPECIFIED.);
#2373=B_SPLINE_CURVE_WITH_KNOTS('',3,(#9981,#9982,#9983,#9984,#9985),
 .UNSPECIFIED.,.F.,.F.,(4,1,4),(0.,0.134365383644942,0.163714845039186),
 .UNSPECIFIED.);
#2374=B_SPLINE_CURVE_WITH_KNOTS('',3,(#10002,#10003,#10004,#10005,#10006,
#10007),.UNSPECIFIED.,.F.,.F.,(4,2,4),(-0.366208275396802,-0.350034133504924,
-0.31550241861334),.UNSPECIFIED.);
#2375=B_SPLINE_CURVE_WITH_KNOTS('',3,(#10230,#10231,#10232,#10233,#10234,
#10235),.UNSPECIFIED.,.F.,.F.,(4,2,4),(1.58605202358624,1.66534883194146,
1.74464564029668),.UNSPECIFIED.);
#2376=B_SPLINE_CURVE_WITH_KNOTS('',3,(#10275,#10276,#10277,#10278,#10279,
#10280,#10281,#10282,#10283,#10284),.UNSPECIFIED.,.F.,.F.,(4,2,2,2,4),(1.21685037822646,
1.29428097439978,1.3717115705731,1.44775334963532,1.52294573800488),
 .UNSPECIFIED.);
#2377=B_SPLINE_CURVE_WITH_KNOTS('',3,(#10417,#10418,#10419,#10420,#10421,
#10422,#10423,#10424,#10425,#10426,#10427,#10428),.UNSPECIFIED.,.F.,.F.,
(4,2,2,2,2,4),(0.,0.0649711395274779,0.196527764540363,0.51046546125286,
0.719653348164586,0.726203667531168),.UNSPECIFIED.);
#2378=B_SPLINE_CURVE_WITH_KNOTS('',3,(#10469,#10470,#10471,#10472,#10473,
#10474,#10475,#10476,#10477,#10478),.UNSPECIFIED.,.F.,.F.,(4,1,1,1,1,1,
1,4),(-0.844004588722597,-0.797164023143068,-0.75032345756354,-0.715193033378894,
-0.703482891984011,-0.691772750589129,-0.685917679891688,-0.680062609194247),
 .UNSPECIFIED.);
#2379=B_SPLINE_CURVE_WITH_KNOTS('',3,(#10479,#10480,#10481,#10482),
 .UNSPECIFIED.,.F.,.F.,(4,4),(-2.25284581109993,-2.10843835022511),
 .UNSPECIFIED.);
#2380=B_SPLINE_CURVE_WITH_KNOTS('',3,(#10509,#10510,#10511,#10512,#10513,
#10514,#10515,#10516,#10517,#10518),.UNSPECIFIED.,.F.,.F.,(4,2,2,2,4),(-1.39911657146818,
-1.28155375233527,-1.16399093320236,-1.08752770663969,-1.01106448007701),
 .UNSPECIFIED.);
#2381=B_SPLINE_CURVE_WITH_KNOTS('',3,(#10613,#10614,#10615,#10616),
 .UNSPECIFIED.,.F.,.F.,(4,4),(2.10843835022511,2.25284581109993),
 .UNSPECIFIED.);
#2382=B_SPLINE_CURVE_WITH_KNOTS('',3,(#10714,#10715,#10716,#10717,#10718,
#10719),.UNSPECIFIED.,.F.,.F.,(4,2,4),(0.,0.0764441503984945,0.105617423971517),
 .UNSPECIFIED.);
#2383=B_SPLINE_CURVE_WITH_KNOTS('',3,(#10721,#10722,#10723,#10724,#10725,
#10726,#10727),.UNSPECIFIED.,.F.,.F.,(4,1,1,1,4),(-2.97091798713893,-2.95940026306483,
-2.82152085987112,-2.68364145667741,-2.61470175508056),.UNSPECIFIED.);
#2384=B_SPLINE_CURVE_WITH_KNOTS('',3,(#10731,#10732,#10733,#10734,#10735,
#10736,#10737,#10738,#10739,#10740,#10741,#10742,#10743),.UNSPECIFIED.,
 .F.,.F.,(4,3,3,3,4),(2.61470175507993,2.68364145667691,2.82152085987087,
2.95940026306483,2.96421982183649),.UNSPECIFIED.);
#2385=B_SPLINE_CURVE_WITH_KNOTS('',3,(#10744,#10745,#10746,#10747,#10748,
#10749),.UNSPECIFIED.,.F.,.F.,(4,2,4),(0.,0.113614178730319,0.142367021730612),
 .UNSPECIFIED.);
#2386=B_SPLINE_CURVE_WITH_KNOTS('',3,(#10821,#10822,#10823,#10824,#10825,
#10826,#10827,#10828),.UNSPECIFIED.,.F.,.F.,(4,2,2,4),(-0.00122070268782547,
0.,0.311450827337161,0.4571163499887),.UNSPECIFIED.);
#2387=B_SPLINE_CURVE_WITH_KNOTS('',3,(#11061,#11062,#11063,#11064),
 .UNSPECIFIED.,.F.,.F.,(4,4),(-0.00995667945819393,0.),.UNSPECIFIED.);
#2388=B_SPLINE_CURVE_WITH_KNOTS('',3,(#11067,#11068,#11069,#11070),
 .UNSPECIFIED.,.F.,.F.,(4,4),(0.,0.00995667945819393),.UNSPECIFIED.);
#2389=B_SPLINE_CURVE_WITH_KNOTS('',3,(#11078,#11079,#11080,#11081,#11082,
#11083,#11084,#11085,#11086,#11087),.UNSPECIFIED.,.F.,.F.,(4,2,2,2,4),(0.534445444412081,
0.579786117550403,0.625126790688725,0.691655605499103,0.758184420309481),
 .UNSPECIFIED.);
#2390=B_SPLINE_CURVE_WITH_KNOTS('',3,(#11226,#11227,#11228,#11229,#11230,
#11231,#11232,#11233,#11234,#11235,#11236,#11237),.UNSPECIFIED.,.F.,.F.,
(4,2,2,2,2,4),(-1.53365732131204,-1.49412061109,-1.45458390086795,-1.37551048042385,
-1.24884415940735,-1.12217783839085),.UNSPECIFIED.);
#2391=B_SPLINE_CURVE_WITH_KNOTS('',3,(#11308,#11309,#11310,#11311,#11312,
#11313,#11314,#11315,#11316,#11317,#11318,#11319,#11320,#11321),
 .UNSPECIFIED.,.F.,.F.,(4,2,2,2,2,2,4),(0.371560564300202,0.400703149510628,
0.435902571844632,0.471101994178637,0.516315132370556,0.561528270562476,
0.672558513655971),.UNSPECIFIED.);
#2392=B_SPLINE_CURVE_WITH_KNOTS('',3,(#11505,#11506,#11507,#11508,#11509,
#11510,#11511,#11512,#11513,#11514,#11515,#11516),.UNSPECIFIED.,.F.,.F.,
(4,2,2,2,2,4),(0.292499697588134,0.315213186800396,0.344702875991435,0.379522970569992,
0.421431768788261,0.439383930269254),.UNSPECIFIED.);
#2393=B_SPLINE_CURVE_WITH_KNOTS('',3,(#11583,#11584,#11585,#11586,#11587,
#11588,#11589,#11590,#11591,#11592,#11593,#11594,#11595,#11596,#11597),
 .UNSPECIFIED.,.F.,.F.,(4,2,2,3,2,2,4),(-0.350429170195437,-0.243296634113884,
-0.121648317056942,0.,0.121648317056942,0.243296634113884,0.350429170195436),
 .UNSPECIFIED.);
#2394=B_SPLINE_CURVE_WITH_KNOTS('',3,(#11600,#11601,#11602,#11603,#11604,
#11605,#11606,#11607,#11608,#11609,#11610,#11611,#11612,#11613),
 .UNSPECIFIED.,.F.,.F.,(4,2,2,2,2,2,4),(-1.85452540023233,-1.63365787185492,
-1.51200955479798,-1.39036123774104,-1.2687129206841,-1.14706460362716,
-0.926197075249748),.UNSPECIFIED.);
#2395=B_SPLINE_CURVE_WITH_KNOTS('',3,(#11640,#11641,#11642,#11643),
 .UNSPECIFIED.,.F.,.F.,(4,4),(-0.0891052639686765,0.),.UNSPECIFIED.);
#2396=B_SPLINE_CURVE_WITH_KNOTS('',3,(#11644,#11645,#11646,#11647,#11648,
#11649,#11650,#11651,#11652,#11653,#11654,#11655,#11656,#11657,#11658,#11659,
#11660,#11661,#11662,#11663,#11664,#11665,#11666,#11667,#11668),
 .UNSPECIFIED.,.F.,.F.,(4,3,3,3,3,3,3,3,4),(0.,0.0111381579960846,0.0221307013049543,
0.0332258325966628,0.0444351626026554,0.0558539224072943,0.0673870454326299,
0.0791352842660435,0.0891052639686765),.UNSPECIFIED.);
#2397=B_SPLINE_CURVE_WITH_KNOTS('',3,(#11692,#11693,#11694,#11695,#11696,
#11697,#11698,#11699,#11700,#11701,#11702,#11703),.UNSPECIFIED.,.F.,.F.,
(4,2,2,2,2,4),(-0.404827278696742,-0.292199094801726,-0.17957091090671,
-0.0695434521002467,-0.0347717260501235,0.),.UNSPECIFIED.);
#2398=B_SPLINE_CURVE_WITH_KNOTS('',3,(#11712,#11713,#11714,#11715,#11716,
#11717,#11718,#11719,#11720,#11721,#11722,#11723),.UNSPECIFIED.,.F.,.F.,
(4,2,2,2,2,4),(0.,0.0347717260501231,0.0695434521002463,0.179570910906709,
0.292199094801724,0.404827278696739),.UNSPECIFIED.);
#2399=B_SPLINE_CURVE_WITH_KNOTS('',3,(#11789,#11790,#11791,#11792,#11793,
#11794,#11795,#11796,#11797,#11798,#11799,#11800),.UNSPECIFIED.,.F.,.F.,
(4,2,2,2,2,4),(0.,0.0347717260501218,0.0695434521002435,0.179570910906703,
0.292199094801712,0.404827278696721),.UNSPECIFIED.);
#2400=B_SPLINE_CURVE_WITH_KNOTS('',3,(#11803,#11804,#11805,#11806,#11807,
#11808,#11809,#11810,#11811,#11812,#11813,#11814),.UNSPECIFIED.,.F.,.F.,
(4,2,2,2,2,4),(-0.404827278696713,-0.292199094801706,-0.179570910906699,
-0.0695434521002424,-0.0347717260501212,0.),.UNSPECIFIED.);
#2401=B_SPLINE_CURVE_WITH_KNOTS('',3,(#11816,#11817,#11818,#11819,#11820,
#11821,#11822,#11823,#11824,#11825,#11826,#11827),.UNSPECIFIED.,.F.,.F.,
(4,2,2,2,2,4),(1.12217783839086,1.24884415940736,1.37551048042386,1.45458390086795,
1.49412061109,1.53365732131204),.UNSPECIFIED.);
#2402=B_SPLINE_CURVE_WITH_KNOTS('',3,(#11837,#11838,#11839,#11840,#11841,
#11842,#11843,#11844,#11845,#11846),.UNSPECIFIED.,.F.,.F.,(4,2,2,2,4),(0.,
0.312548746524477,0.625097493048954,0.938280750466067,1.25146400788318),
 .UNSPECIFIED.);
#2403=B_SPLINE_CURVE_WITH_KNOTS('',3,(#11847,#11848,#11849,#11850,#11851,
#11852,#11853,#11854,#11855,#11856,#11857,#11858,#11859,#11860,#11861,#11862,
#11863,#11864,#11865,#11866,#11867,#11868,#11869,#11870,#11871,#11872),
 .UNSPECIFIED.,.F.,.F.,(4,2,2,2,2,2,2,2,2,2,2,2,4),(1.25146400788318,1.55806563818431,
1.86466726848544,2.17502064603953,2.48537402359362,2.79572740114771,3.1060807787018,
3.41268240900293,3.71928403930406,4.03246729672117,4.34565055413828,4.65819930066276,
4.97074804718724),.UNSPECIFIED.);
#2404=B_SPLINE_CURVE_WITH_KNOTS('',3,(#11906,#11907,#11908,#11909,#11910,
#11911,#11912,#11913,#11914,#11915,#11916),.UNSPECIFIED.,.F.,.F.,(4,1,1,
1,1,1,1,1,4),(4.21724629955312,4.23430074111011,4.2513551826671,4.28546406578107,
4.35368183200902,4.49011736446492,4.62655289692082,4.76298842937672,5.0122619465523),
 .UNSPECIFIED.);
#2405=B_SPLINE_CURVE_WITH_KNOTS('',3,(#11924,#11925,#11926,#11927,#11928,
#11929,#11930,#11931,#11932,#11933),.UNSPECIFIED.,.F.,.F.,(4,1,1,1,1,1,
1,4),(4.21058310272976,4.59604021927792,4.73233015090184,4.86862008252576,
4.93676504833772,4.9708375312437,4.98787377269669,5.00491001414968),
 .UNSPECIFIED.);
#2406=B_SPLINE_CURVE_WITH_KNOTS('',3,(#11991,#11992,#11993,#11994,#11995,
#11996,#11997,#11998,#11999,#12000,#12001,#12002,#12003,#12004,#12005,#12006,
#12007,#12008,#12009,#12010),.UNSPECIFIED.,.F.,.F.,(4,2,2,2,2,2,2,2,2,4),
(-0.0264386432996285,-0.020120335010985,-0.0135879613831638,-0.00181715546314391,
-0.00018535122697374,-0.000129134041615224,-5.77239044830009E-5,-3.49568738247176E-5,
-2.02250905749271E-5,-1.25989664375276E-5),.UNSPECIFIED.);
#2407=B_SPLINE_CURVE_WITH_KNOTS('',3,(#12082,#12083,#12084,#12085,#12086,
#12087,#12088,#12089,#12090,#12091,#12092,#12093,#12094,#12095,#12096,#12097,
#12098,#12099),.UNSPECIFIED.,.F.,.F.,(4,2,2,2,2,2,2,2,4),(-0.273157991215042,
-0.273015036796389,-0.272840312957265,-0.272446623926139,-0.271069272281738,
-0.25601092312222,-0.132951270732125,-0.0653707611709307,0.),
 .UNSPECIFIED.);
#2408=B_SPLINE_CURVE_WITH_KNOTS('',3,(#12119,#12120,#12121,#12122,#12123,
#12124,#12125,#12126,#12127,#12128,#12129,#12130),.UNSPECIFIED.,.F.,.F.,
(4,2,2,2,2,4),(2.19853733601347,2.23360791598909,2.36825045442648,2.50289299286388,
3.03994085494484,3.57698871702581),.UNSPECIFIED.);
#2409=B_SPLINE_CURVE_WITH_KNOTS('',3,(#12133,#12134,#12135,#12136,#12137,
#12138,#12139,#12140,#12141,#12142,#12143,#12144),.UNSPECIFIED.,.F.,.F.,
(4,2,2,2,2,4),(0.794385979391194,1.33143384147216,1.86848170355312,2.00312424199052,
2.13776678042791,2.17283736040354),.UNSPECIFIED.);
#2410=B_SPLINE_CURVE_WITH_KNOTS('',3,(#12497,#12498,#12499,#12500,#12501,
#12502,#12503,#12504,#12505,#12506,#12507,#12508,#12509,#12510,#12511,#12512,
#12513,#12514,#12515,#12516,#12517,#12518,#12519,#12520,#12521,#12522,#12523,
#12524,#12525,#12526,#12527,#12528,#12529,#12530,#12531,#12532,#12533,#12534,
#12535,#12536,#12537,#12538,#12539,#12540,#12541,#12542,#12543,#12544,#12545,
#12546,#12547,#12548,#12549,#12550,#12551),.UNSPECIFIED.,.F.,.F.,(4,3,3,
3,3,3,3,3,3,3,3,3,3,3,3,3,3,3,4),(-2.65608496804588,-2.62266043810298,-2.5893578040316,
-2.56519868537836,-2.55662697004381,-2.5113720507089,-2.46190672460827,
-2.45715146589108,-2.40971510949093,-2.34574602989875,-2.27030076540128,
-2.25837629129244,-2.20992669115353,-2.13434730888229,-2.1092464342183,
-2.04211663215933,-2.03503717830146,-1.98562576416094,-1.96012983838175),
 .UNSPECIFIED.);
#2411=B_SPLINE_CURVE_WITH_KNOTS('',3,(#12553,#12554,#12555,#12556,#12557,
#12558,#12559,#12560),.UNSPECIFIED.,.F.,.F.,(4,2,2,4),(-0.00113820558443969,
0.,0.26252383095875,0.386197590960093),.UNSPECIFIED.);
#2412=B_SPLINE_CURVE_WITH_KNOTS('',3,(#12561,#12562,#12563,#12564,#12565,
#12566),.UNSPECIFIED.,.F.,.F.,(4,1,1,4),(2.43271724276973,2.4572406452847,
2.55666280666529,2.65608496804588),.UNSPECIFIED.);
#2413=B_SPLINE_CURVE_WITH_KNOTS('',3,(#12640,#12641,#12642,#12643,#12644,
#12645,#12646,#12647),.UNSPECIFIED.,.F.,.F.,(4,2,2,4),(-0.000707948270728866,
0.,0.259850828625586,0.364404498960594),.UNSPECIFIED.);
#2414=B_SPLINE_CURVE_WITH_KNOTS('',3,(#12648,#12649,#12650,#12651,#12652,
#12653,#12654,#12655,#12656,#12657,#12658,#12659,#12660,#12661,#12662,#12663,
#12664,#12665,#12666,#12667,#12668,#12669,#12670,#12671,#12672,#12673,#12674,
#12675,#12676,#12677,#12678,#12679,#12680,#12681,#12682,#12683,#12684,#12685,
#12686,#12687,#12688,#12689,#12690,#12691,#12692,#12693,#12694,#12695,#12696,
#12697,#12698,#12699,#12700,#12701,#12702),.UNSPECIFIED.,.F.,.F.,(4,3,3,
3,3,3,3,3,3,3,3,3,3,3,3,3,3,3,4),(-3.35204009694432,-3.29817807059061,-3.29489517479613,
-3.27713275779031,-3.21988443732456,-3.15764002372002,-3.13514800534181,
-3.10224324493823,-3.02111531788474,-2.97544275914516,-2.90872135807917,
-2.90245482660084,-2.83883307740865,-2.81576239441483,-2.7537688958662,
-2.7469712507134,-2.73594046298811,-2.68542520596906,-2.65608496804588),
 .UNSPECIFIED.);
#2415=B_SPLINE_CURVE_WITH_KNOTS('',3,(#12703,#12704,#12705,#12706,#12707,
#12708,#12709,#12710,#12711,#12712,#12713,#12714,#12715),.UNSPECIFIED.,
 .F.,.F.,(4,1,1,1,1,1,1,1,1,1,4),(2.65608496804588,2.73593273678214,2.81578050551841,
2.97547604299095,3.13517158046348,3.29486711793602,3.37471488667228,3.45456265540855,
3.53441042414482,3.61425819288108,3.77395373035362),.UNSPECIFIED.);
#2416=B_SPLINE_CURVE_WITH_KNOTS('',3,(#12724,#12725,#12726,#12727,#12728,
#12729,#12730,#12731,#12732,#12733),.UNSPECIFIED.,.F.,.F.,(4,2,2,2,4),(-0.000750255226859898,
0.,0.102991519532368,0.135511217111911,0.164330745945511),.UNSPECIFIED.);
#2417=B_SPLINE_CURVE_WITH_KNOTS('',3,(#12737,#12738,#12739,#12740,#12741,
#12742,#12743,#12744),.UNSPECIFIED.,.F.,.F.,(4,2,2,4),(-0.000632455523737472,
0.,0.177703324878265,0.242759969486859),.UNSPECIFIED.);
#2418=B_SPLINE_CURVE_WITH_KNOTS('',3,(#12746,#12747,#12748,#12749),
 .UNSPECIFIED.,.F.,.F.,(4,4),(0.25246880026358,0.320335266841352),
 .UNSPECIFIED.);
#2419=B_SPLINE_CURVE_WITH_KNOTS('',3,(#12888,#12889,#12890,#12891,#12892,
#12893,#12894,#12895,#12896,#12897,#12898,#12899,#12900,#12901,#12902,#12903,
#12904,#12905,#12906,#12907,#12908,#12909,#12910,#12911,#12912,#12913,#12914,
#12915,#12916,#12917,#12918,#12919,#12920,#12921,#12922,#12923,#12924,#12925,
#12926,#12927,#12928,#12929,#12930,#12931,#12932,#12933,#12934,#12935,#12936,
#12937,#12938,#12939,#12940,#12941,#12942),.UNSPECIFIED.,.F.,.F.,(4,3,3,
3,3,3,3,3,3,3,3,3,3,3,3,3,3,3,4),(-2.65608496804588,-2.62265793717276,-2.58935216516735,
-2.56519868537996,-2.55662701089095,-2.51137391625051,-2.46191186890869,
-2.45715153112254,-2.40971510949547,-2.34575471916089,-2.27031667353624,
-2.25837633253107,-2.20992669116033,-2.13436331933361,-2.10924649448365,
-2.04212818358725,-2.03503717830671,-1.98561897946327,-1.96012983838175),
 .UNSPECIFIED.);
#2420=B_SPLINE_CURVE_WITH_KNOTS('',3,(#12944,#12945,#12946,#12947,#12948,
#12949,#12950,#12951),.UNSPECIFIED.,.F.,.F.,(4,2,2,4),(-0.00113820677418077,
0.,0.262523912447928,0.386197702839025),.UNSPECIFIED.);
#2421=B_SPLINE_CURVE_WITH_KNOTS('',3,(#12952,#12953,#12954,#12955,#12956,
#12957),.UNSPECIFIED.,.F.,.F.,(4,1,1,4),(2.43271724276972,2.4572406452847,
2.55666280666529,2.65608496804588),.UNSPECIFIED.);
#2422=B_SPLINE_CURVE_WITH_KNOTS('',3,(#13031,#13032,#13033,#13034,#13035,
#13036,#13037,#13038),.UNSPECIFIED.,.F.,.F.,(4,2,2,4),(-0.000707950119112321,
0.,0.259851049328169,0.364404793657305),.UNSPECIFIED.);
#2423=B_SPLINE_CURVE_WITH_KNOTS('',3,(#13039,#13040,#13041,#13042,#13043,
#13044,#13045,#13046,#13047,#13048,#13049,#13050,#13051,#13052,#13053,#13054,
#13055,#13056,#13057,#13058,#13059,#13060,#13061,#13062,#13063,#13064,#13065,
#13066,#13067,#13068,#13069,#13070,#13071,#13072,#13073,#13074,#13075,#13076,
#13077,#13078,#13079,#13080,#13081,#13082,#13083,#13084,#13085,#13086,#13087,
#13088,#13089,#13090,#13091,#13092,#13093),.UNSPECIFIED.,.F.,.F.,(4,3,3,
3,3,3,3,3,3,3,3,3,3,3,3,3,3,3,4),(-6.0081250649902,-5.95424576336687,-5.95097920228568,
-5.93321772583096,-5.87594513598263,-5.81365329687611,-5.79123230869011,
-5.75832821297734,-5.67733840368343,-5.63152726403989,-5.56478541274556,
-5.5585397946422,-5.49481709606272,-5.47184720493181,-5.40976089607349,
-5.4030562187577,-5.39202539910442,-5.34148236118039,-5.31216993609177),
 .UNSPECIFIED.);
#2424=B_SPLINE_CURVE_WITH_KNOTS('',3,(#13094,#13095,#13096,#13097,#13098,
#13099,#13100,#13101,#13102,#13103,#13104,#13105,#13106),.UNSPECIFIED.,
 .F.,.F.,(4,1,1,1,1,1,1,1,1,1,4),(5.31216993609177,5.39201770482804,5.4718654735643,
5.63156101103683,5.79125654850937,5.9509520859819,6.03079985471817,6.11064762345443,
6.1904953921907,6.27034316092697,6.4300386983995),.UNSPECIFIED.);
#2425=B_SPLINE_CURVE_WITH_KNOTS('',3,(#13115,#13116,#13117,#13118,#13119,
#13120,#13121,#13122,#13123,#13124),.UNSPECIFIED.,.F.,.F.,(4,2,2,2,4),(-0.00075025522734255,
0.,0.102991508002217,0.13551120134214,0.164330726418515),.UNSPECIFIED.);
#2426=B_SPLINE_CURVE_WITH_KNOTS('',3,(#13128,#13129,#13130,#13131,#13132,
#13133,#13134,#13135),.UNSPECIFIED.,.F.,.F.,(4,2,2,4),(-0.000632455524740319,
0.,0.177703091618181,0.242759618130434),.UNSPECIFIED.);
#2427=B_SPLINE_CURVE_WITH_KNOTS('',3,(#13137,#13138,#13139,#13140),
 .UNSPECIFIED.,.F.,.F.,(4,4),(0.252468800263579,0.320335266841351),
 .UNSPECIFIED.);
#2428=CIRCLE('',#6727,1.);
#2429=CIRCLE('',#6731,3.);
#2430=CIRCLE('',#6732,0.999999999999996);
#2431=CIRCLE('',#6733,2.);
#2432=CIRCLE('',#6735,3.);
#2433=CIRCLE('',#6739,1.);
#2434=CIRCLE('',#6744,2.);
#2435=CIRCLE('',#6745,1.);
#2436=CIRCLE('',#6749,2.);
#2437=CIRCLE('',#6752,2.);
#2438=CIRCLE('',#6754,2.);
#2439=CIRCLE('',#6757,2.);
#2440=CIRCLE('',#6772,1.);
#2441=CIRCLE('',#6776,3.);
#2442=CIRCLE('',#6777,1.);
#2443=CIRCLE('',#6778,2.);
#2444=CIRCLE('',#6780,3.);
#2445=CIRCLE('',#6784,0.999999999999996);
#2446=CIRCLE('',#6789,2.);
#2447=CIRCLE('',#6790,1.);
#2448=CIRCLE('',#6794,2.);
#2449=CIRCLE('',#6797,2.);
#2450=CIRCLE('',#6799,2.);
#2451=CIRCLE('',#6802,2.);
#2452=CIRCLE('',#6828,3.5085);
#2453=CIRCLE('',#6831,2.);
#2454=CIRCLE('',#6838,2.);
#2455=CIRCLE('',#6840,2.);
#2456=CIRCLE('',#6843,15.0217191493272);
#2457=CIRCLE('',#6844,15.0217191493272);
#2458=CIRCLE('',#6846,15.0217191493272);
#2459=CIRCLE('',#6849,2.);
#2460=CIRCLE('',#6850,2.);
#2461=CIRCLE('',#6851,2.);
#2462=CIRCLE('',#6853,3.5085);
#2463=CIRCLE('',#6854,3.5085);
#2464=CIRCLE('',#6855,3.5085);
#2465=CIRCLE('',#6879,1.);
#2466=CIRCLE('',#6884,4.);
#2467=CIRCLE('',#6886,0.999999999999996);
#2468=CIRCLE('',#6890,1.);
#2469=CIRCLE('',#6891,1.);
#2470=CIRCLE('',#6893,1.);
#2471=CIRCLE('',#6901,0.999999999999999);
#2472=CIRCLE('',#6902,1.00000000000001);
#2473=CIRCLE('',#6903,0.2);
#2474=CIRCLE('',#6906,0.200000000000005);
#2475=CIRCLE('',#6922,4.);
#2476=CIRCLE('',#6923,2.);
#2477=CIRCLE('',#6925,4.);
#2478=CIRCLE('',#6926,2.);
#2479=CIRCLE('',#6927,2.);
#2480=CIRCLE('',#6940,2.);
#2481=CIRCLE('',#6941,2.);
#2482=CIRCLE('',#6942,2.);
#2483=CIRCLE('',#6953,4.);
#2484=CIRCLE('',#6955,2.);
#2485=CIRCLE('',#6956,2.);
#2486=CIRCLE('',#6959,5.75329873142696);
#2487=CIRCLE('',#6960,2.);
#2488=CIRCLE('',#6962,2.);
#2489=CIRCLE('',#6964,1.00000000000001);
#2490=CIRCLE('',#6965,1.);
#2491=CIRCLE('',#6966,1.);
#2492=CIRCLE('',#6974,1.00000000000001);
#2493=CIRCLE('',#6975,1.);
#2494=CIRCLE('',#6976,1.);
#2495=CIRCLE('',#6977,2.);
#2496=CIRCLE('',#6978,1.);
#2497=CIRCLE('',#6980,1.);
#2498=CIRCLE('',#6981,2.);
#2499=CIRCLE('',#6982,3.);
#2500=CIRCLE('',#6985,13.595867816345);
#2501=CIRCLE('',#6986,90.);
#2502=CIRCLE('',#6987,13.595867816345);
#2503=CIRCLE('',#6988,90.);
#2504=CIRCLE('',#6989,13.595867816345);
#2505=CIRCLE('',#6990,90.);
#2506=CIRCLE('',#6991,13.595867816345);
#2507=CIRCLE('',#6992,90.);
#2508=CIRCLE('',#6993,13.595867816345);
#2509=CIRCLE('',#6994,90.);
#2510=CIRCLE('',#6995,13.595867816345);
#2511=CIRCLE('',#7004,2.);
#2512=CIRCLE('',#7006,2.);
#2513=CIRCLE('',#7007,1.99999999999999);
#2514=CIRCLE('',#7014,1.99999999999999);
#2515=CIRCLE('',#7017,2.);
#2516=CIRCLE('',#7018,2.);
#2517=CIRCLE('',#7020,1.99999999999999);
#2518=CIRCLE('',#7022,2.);
#2519=CIRCLE('',#7032,1.99999999999999);
#2520=CIRCLE('',#7033,2.);
#2521=CIRCLE('',#7034,2.);
#2522=CIRCLE('',#7036,1.99999999999999);
#2523=CIRCLE('',#7038,2.00000000000001);
#2524=CIRCLE('',#7039,2.00000000000001);
#2525=CIRCLE('',#7042,2.);
#2526=CIRCLE('',#7044,2.);
#2527=CIRCLE('',#7046,1.99999999999999);
#2528=CIRCLE('',#7047,2.00000000000001);
#2529=CIRCLE('',#7048,2.);
#2530=CIRCLE('',#7050,1.99999999999999);
#2531=CIRCLE('',#7052,2.00000000000001);
#2532=CIRCLE('',#7054,8.13186844083997);
#2533=CIRCLE('',#7056,2.00000000000003);
#2534=CIRCLE('',#7069,8.13186844083997);
#2535=CIRCLE('',#7079,2.);
#2536=CIRCLE('',#7080,1.99999999999999);
#2537=CIRCLE('',#7082,2.00000000000001);
#2538=CIRCLE('',#7085,1.99999999999999);
#2539=CIRCLE('',#7087,2.);
#2540=CIRCLE('',#7089,2.00000000000001);
#2541=CIRCLE('',#7091,2.);
#2542=CIRCLE('',#7093,1.99999999999999);
#2543=CIRCLE('',#7095,2.);
#2544=CIRCLE('',#7096,2.);
#2545=CIRCLE('',#7103,0.850000000000006);
#2546=CIRCLE('',#7104,14.445867816345);
#2547=CIRCLE('',#7105,13.595867816345);
#2548=CIRCLE('',#7107,0.849999999999997);
#2549=CIRCLE('',#7108,1.15);
#2550=CIRCLE('',#7109,2.);
#2551=CIRCLE('',#7111,0.85);
#2552=CIRCLE('',#7112,0.849999999999994);
#2553=CIRCLE('',#7114,0.85);
#2554=CIRCLE('',#7118,13.595867816345);
#2555=CIRCLE('',#7119,13.595867816345);
#2556=CIRCLE('',#7120,13.595867816345);
#2557=CIRCLE('',#7121,13.595867816345);
#2558=CIRCLE('',#7122,13.595867816345);
#2559=CIRCLE('',#7123,13.595867816345);
#2560=CIRCLE('',#7126,13.595867816345);
#2561=CIRCLE('',#7130,2.);
#2562=CIRCLE('',#7132,4.);
#2563=CIRCLE('',#7135,4.);
#2564=CIRCLE('',#7136,4.);
#2565=CIRCLE('',#7138,4.);
#2566=CIRCLE('',#7140,4.);
#2567=CIRCLE('',#7147,90.);
#2568=CIRCLE('',#7148,13.595867816345);
#2569=CIRCLE('',#7149,90.);
#2570=CIRCLE('',#7156,2.);
#2571=CIRCLE('',#7158,13.595867816345);
#2572=CIRCLE('',#7159,13.595867816345);
#2573=CIRCLE('',#7160,13.595867816345);
#2574=CIRCLE('',#7163,1.99999999999999);
#2575=CIRCLE('',#7165,2.00000000000001);
#2576=CIRCLE('',#7166,2.);
#2577=CIRCLE('',#7170,2.);
#2578=CIRCLE('',#7173,2.);
#2579=CIRCLE('',#7176,2.);
#2580=CIRCLE('',#7177,2.);
#2581=CIRCLE('',#7178,90.);
#2582=CIRCLE('',#7180,2.);
#2583=CIRCLE('',#7181,2.);
#2584=CIRCLE('',#7183,2.);
#2585=CIRCLE('',#7184,90.);
#2586=CIRCLE('',#7187,2.);
#2587=CIRCLE('',#7188,2.);
#2588=CIRCLE('',#7195,90.);
#2589=CIRCLE('',#7197,90.);
#2590=CIRCLE('',#7198,90.);
#2591=CIRCLE('',#7199,90.);
#2592=CIRCLE('',#7200,90.);
#2593=CIRCLE('',#7201,90.);
#2594=CIRCLE('',#7202,90.);
#2595=CIRCLE('',#7203,90.);
#2596=CIRCLE('',#7204,90.);
#2597=CIRCLE('',#7205,90.);
#2598=CIRCLE('',#7206,90.);
#2599=CIRCLE('',#7207,90.);
#2600=CIRCLE('',#7208,90.);
#2601=CIRCLE('',#7209,90.);
#2602=CIRCLE('',#7210,90.);
#2603=CIRCLE('',#7211,90.);
#2604=CIRCLE('',#7212,90.);
#2605=CIRCLE('',#7214,2.);
#2606=CIRCLE('',#7218,13.595867816345);
#2607=CIRCLE('',#7220,13.595867816345);
#2608=CIRCLE('',#7221,13.595867816345);
#2609=CIRCLE('',#7222,13.595867816345);
#2610=CIRCLE('',#7224,2.);
#2611=CIRCLE('',#7226,2.);
#2612=CIRCLE('',#7229,13.595867816345);
#2613=CIRCLE('',#7230,13.595867816345);
#2614=CIRCLE('',#7232,13.595867816345);
#2615=CIRCLE('',#7234,13.595867816345);
#2616=CIRCLE('',#7235,13.595867816345);
#2617=CIRCLE('',#7236,13.595867816345);
#2618=CIRCLE('',#7238,5.75329873142696);
#2619=CIRCLE('',#7240,5.75329873142696);
#2620=CIRCLE('',#7242,5.75329873142696);
#2621=CIRCLE('',#7244,5.75329873142696);
#2622=CIRCLE('',#7246,5.75329873142696);
#2623=CIRCLE('',#7257,8.);
#2624=CIRCLE('',#7259,8.);
#2625=CIRCLE('',#7260,8.);
#2626=CIRCLE('',#7268,13.595867816345);
#2627=CIRCLE('',#7270,13.595867816345);
#2628=CIRCLE('',#7271,13.595867816345);
#2629=CIRCLE('',#7273,13.595867816345);
#2630=CIRCLE('',#7274,13.595867816345);
#2631=CIRCLE('',#7279,13.595867816345);
#2632=CIRCLE('',#7280,13.595867816345);
#2633=CIRCLE('',#7282,13.595867816345);
#2634=CIRCLE('',#7283,13.595867816345);
#2635=CIRCLE('',#7285,13.595867816345);
#2636=CIRCLE('',#7286,13.595867816345);
#2637=CIRCLE('',#7287,13.595867816345);
#2638=CIRCLE('',#7288,13.595867816345);
#2639=CIRCLE('',#7293,13.595867816345);
#2640=CIRCLE('',#7294,13.595867816345);
#2641=CIRCLE('',#7299,13.595867816345);
#2642=CIRCLE('',#7300,13.595867816345);
#2643=CIRCLE('',#7301,13.595867816345);
#2644=CIRCLE('',#7303,13.595867816345);
#2645=CIRCLE('',#7304,13.595867816345);
#2646=CIRCLE('',#7306,13.595867816345);
#2647=CIRCLE('',#7307,13.595867816345);
#2648=CIRCLE('',#7310,13.595867816345);
#2649=CIRCLE('',#7311,13.595867816345);
#2650=CIRCLE('',#7317,13.595867816345);
#2651=CIRCLE('',#7319,13.595867816345);
#2652=CIRCLE('',#7326,2.);
#2653=CIRCLE('',#7328,1.99999999999999);
#2654=CIRCLE('',#7330,4.951);
#2655=CIRCLE('',#7331,4.951);
#2656=CIRCLE('',#7332,4.951);
#2657=CIRCLE('',#7333,4.951);
#2658=CIRCLE('',#7334,4.951);
#2659=CIRCLE('',#7335,4.951);
#2660=CIRCLE('',#7337,2.);
#2661=CIRCLE('',#7339,2.);
#2662=CIRCLE('',#7340,1.99999999999999);
#2663=CIRCLE('',#7342,2.00000000000001);
#2664=CIRCLE('',#7344,1.99999999999999);
#2665=CIRCLE('',#7346,1.99999999999998);
#2666=CIRCLE('',#7348,4.);
#2667=CIRCLE('',#7350,2.00000000000001);
#2668=CIRCLE('',#7353,1.99999999999998);
#2669=CIRCLE('',#7356,2.);
#2670=CIRCLE('',#7357,1.99999999999999);
#2671=CIRCLE('',#7359,2.);
#2672=CIRCLE('',#7360,1.99999999999999);
#2673=CIRCLE('',#7362,1.99999999999999);
#2674=CIRCLE('',#7363,2.);
#2675=CIRCLE('',#7365,1.99999999999999);
#2676=CIRCLE('',#7369,1.99999999999999);
#2677=CIRCLE('',#7371,2.);
#2678=CIRCLE('',#7379,2.00000000000001);
#2679=CIRCLE('',#7381,2.);
#2680=CIRCLE('',#7383,4.951);
#2681=CIRCLE('',#7384,4.951);
#2682=CIRCLE('',#7385,4.951);
#2683=CIRCLE('',#7386,4.951);
#2684=CIRCLE('',#7387,4.951);
#2685=CIRCLE('',#7388,4.951);
#2686=CIRCLE('',#7390,2.);
#2687=CIRCLE('',#7392,2.);
#2688=CIRCLE('',#7393,1.99999999999999);
#2689=CIRCLE('',#7395,2.00000000000001);
#2690=CIRCLE('',#7397,1.99999999999999);
#2691=CIRCLE('',#7399,2.);
#2692=CIRCLE('',#7401,4.);
#2693=CIRCLE('',#7403,2.00000000000001);
#2694=CIRCLE('',#7406,2.);
#2695=CIRCLE('',#7409,2.);
#2696=CIRCLE('',#7410,1.99999999999999);
#2697=CIRCLE('',#7412,2.);
#2698=CIRCLE('',#7413,1.99999999999999);
#2699=CIRCLE('',#7415,1.99999999999999);
#2700=CIRCLE('',#7416,2.);
#2701=CIRCLE('',#7418,1.99999999999999);
#2702=CIRCLE('',#7422,1.99999999999999);
#2703=CIRCLE('',#7424,2.);
#2704=VERTEX_POINT('',#9487);
#2705=VERTEX_POINT('',#9488);
#2706=VERTEX_POINT('',#9490);
#2707=VERTEX_POINT('',#9505);
#2708=VERTEX_POINT('',#9531);
#2709=VERTEX_POINT('',#9551);
#2710=VERTEX_POINT('',#9552);
#2711=VERTEX_POINT('',#9557);
#2712=VERTEX_POINT('',#9559);
#2713=VERTEX_POINT('',#9563);
#2714=VERTEX_POINT('',#9565);
#2715=VERTEX_POINT('',#9567);
#2716=VERTEX_POINT('',#9571);
#2717=VERTEX_POINT('',#9575);
#2718=VERTEX_POINT('',#9603);
#2719=VERTEX_POINT('',#9604);
#2720=VERTEX_POINT('',#9622);
#2721=VERTEX_POINT('',#9624);
#2722=VERTEX_POINT('',#9628);
#2723=VERTEX_POINT('',#9632);
#2724=VERTEX_POINT('',#9636);
#2725=VERTEX_POINT('',#9643);
#2726=VERTEX_POINT('',#9649);
#2727=VERTEX_POINT('',#9651);
#2728=VERTEX_POINT('',#9653);
#2729=VERTEX_POINT('',#9657);
#2730=VERTEX_POINT('',#9661);
#2731=VERTEX_POINT('',#9663);
#2732=VERTEX_POINT('',#9665);
#2733=VERTEX_POINT('',#9698);
#2734=VERTEX_POINT('',#9702);
#2735=VERTEX_POINT('',#9742);
#2736=VERTEX_POINT('',#9744);
#2737=VERTEX_POINT('',#9748);
#2738=VERTEX_POINT('',#9750);
#2739=VERTEX_POINT('',#9757);
#2740=VERTEX_POINT('',#9759);
#2741=VERTEX_POINT('',#9761);
#2742=VERTEX_POINT('',#9765);
#2743=VERTEX_POINT('',#9769);
#2744=VERTEX_POINT('',#9771);
#2745=VERTEX_POINT('',#9852);
#2746=VERTEX_POINT('',#9853);
#2747=VERTEX_POINT('',#9855);
#2748=VERTEX_POINT('',#9870);
#2749=VERTEX_POINT('',#9896);
#2750=VERTEX_POINT('',#9916);
#2751=VERTEX_POINT('',#9917);
#2752=VERTEX_POINT('',#9922);
#2753=VERTEX_POINT('',#9924);
#2754=VERTEX_POINT('',#9928);
#2755=VERTEX_POINT('',#9930);
#2756=VERTEX_POINT('',#9932);
#2757=VERTEX_POINT('',#9936);
#2758=VERTEX_POINT('',#9940);
#2759=VERTEX_POINT('',#9968);
#2760=VERTEX_POINT('',#9969);
#2761=VERTEX_POINT('',#9987);
#2762=VERTEX_POINT('',#9989);
#2763=VERTEX_POINT('',#9993);
#2764=VERTEX_POINT('',#9997);
#2765=VERTEX_POINT('',#10001);
#2766=VERTEX_POINT('',#10008);
#2767=VERTEX_POINT('',#10014);
#2768=VERTEX_POINT('',#10016);
#2769=VERTEX_POINT('',#10018);
#2770=VERTEX_POINT('',#10022);
#2771=VERTEX_POINT('',#10026);
#2772=VERTEX_POINT('',#10028);
#2773=VERTEX_POINT('',#10030);
#2774=VERTEX_POINT('',#10063);
#2775=VERTEX_POINT('',#10067);
#2776=VERTEX_POINT('',#10107);
#2777=VERTEX_POINT('',#10109);
#2778=VERTEX_POINT('',#10113);
#2779=VERTEX_POINT('',#10115);
#2780=VERTEX_POINT('',#10122);
#2781=VERTEX_POINT('',#10124);
#2782=VERTEX_POINT('',#10126);
#2783=VERTEX_POINT('',#10130);
#2784=VERTEX_POINT('',#10134);
#2785=VERTEX_POINT('',#10136);
#2786=VERTEX_POINT('',#10149);
#2787=VERTEX_POINT('',#10150);
#2788=VERTEX_POINT('',#10152);
#2789=VERTEX_POINT('',#10154);
#2790=VERTEX_POINT('',#10158);
#2791=VERTEX_POINT('',#10159);
#2792=VERTEX_POINT('',#10161);
#2793=VERTEX_POINT('',#10163);
#2794=VERTEX_POINT('',#10173);
#2795=VERTEX_POINT('',#10175);
#2796=VERTEX_POINT('',#10178);
#2797=VERTEX_POINT('',#10179);
#2798=VERTEX_POINT('',#10181);
#2799=VERTEX_POINT('',#10183);
#2800=VERTEX_POINT('',#10186);
#2801=VERTEX_POINT('',#10187);
#2802=VERTEX_POINT('',#10189);
#2803=VERTEX_POINT('',#10191);
#2804=VERTEX_POINT('',#10194);
#2805=VERTEX_POINT('',#10195);
#2806=VERTEX_POINT('',#10197);
#2807=VERTEX_POINT('',#10199);
#2808=VERTEX_POINT('',#10203);
#2809=VERTEX_POINT('',#10205);
#2810=VERTEX_POINT('',#10207);
#2811=VERTEX_POINT('',#10212);
#2812=VERTEX_POINT('',#10214);
#2813=VERTEX_POINT('',#10218);
#2814=VERTEX_POINT('',#10222);
#2815=VERTEX_POINT('',#10224);
#2816=VERTEX_POINT('',#10228);
#2817=VERTEX_POINT('',#10229);
#2818=VERTEX_POINT('',#10238);
#2819=VERTEX_POINT('',#10246);
#2820=VERTEX_POINT('',#10249);
#2821=VERTEX_POINT('',#10251);
#2822=VERTEX_POINT('',#10253);
#2823=VERTEX_POINT('',#10255);
#2824=VERTEX_POINT('',#10257);
#2825=VERTEX_POINT('',#10259);
#2826=VERTEX_POINT('',#10261);
#2827=VERTEX_POINT('',#10263);
#2828=VERTEX_POINT('',#10265);
#2829=VERTEX_POINT('',#10269);
#2830=VERTEX_POINT('',#10274);
#2831=VERTEX_POINT('',#10285);
#2832=VERTEX_POINT('',#10288);
#2833=VERTEX_POINT('',#10290);
#2834=VERTEX_POINT('',#10294);
#2835=VERTEX_POINT('',#10296);
#2836=VERTEX_POINT('',#10298);
#2837=VERTEX_POINT('',#10300);
#2838=VERTEX_POINT('',#10307);
#2839=VERTEX_POINT('',#10308);
#2840=VERTEX_POINT('',#10310);
#2841=VERTEX_POINT('',#10312);
#2842=VERTEX_POINT('',#10321);
#2843=VERTEX_POINT('',#10322);
#2844=VERTEX_POINT('',#10324);
#2845=VERTEX_POINT('',#10327);
#2846=VERTEX_POINT('',#10331);
#2847=VERTEX_POINT('',#10335);
#2848=VERTEX_POINT('',#10339);
#2849=VERTEX_POINT('',#10340);
#2850=VERTEX_POINT('',#10348);
#2851=VERTEX_POINT('',#10352);
#2852=VERTEX_POINT('',#10354);
#2853=VERTEX_POINT('',#10356);
#2854=VERTEX_POINT('',#10377);
#2855=VERTEX_POINT('',#10378);
#2856=VERTEX_POINT('',#10380);
#2857=VERTEX_POINT('',#10382);
#2858=VERTEX_POINT('',#10415);
#2859=VERTEX_POINT('',#10416);
#2860=VERTEX_POINT('',#10432);
#2861=VERTEX_POINT('',#10434);
#2862=VERTEX_POINT('',#10436);
#2863=VERTEX_POINT('',#10438);
#2864=VERTEX_POINT('',#10442);
#2865=VERTEX_POINT('',#10444);
#2866=VERTEX_POINT('',#10448);
#2867=VERTEX_POINT('',#10450);
#2868=VERTEX_POINT('',#10452);
#2869=VERTEX_POINT('',#10454);
#2870=VERTEX_POINT('',#10456);
#2871=VERTEX_POINT('',#10458);
#2872=VERTEX_POINT('',#10460);
#2873=VERTEX_POINT('',#10462);
#2874=VERTEX_POINT('',#10464);
#2875=VERTEX_POINT('',#10466);
#2876=VERTEX_POINT('',#10468);
#2877=VERTEX_POINT('',#10484);
#2878=VERTEX_POINT('',#10486);
#2879=VERTEX_POINT('',#10488);
#2880=VERTEX_POINT('',#10492);
#2881=VERTEX_POINT('',#10493);
#2882=VERTEX_POINT('',#10498);
#2883=VERTEX_POINT('',#10502);
#2884=VERTEX_POINT('',#10504);
#2885=VERTEX_POINT('',#10508);
#2886=VERTEX_POINT('',#10519);
#2887=VERTEX_POINT('',#10521);
#2888=VERTEX_POINT('',#10523);
#2889=VERTEX_POINT('',#10525);
#2890=VERTEX_POINT('',#10527);
#2891=VERTEX_POINT('',#10529);
#2892=VERTEX_POINT('',#10531);
#2893=VERTEX_POINT('',#10535);
#2894=VERTEX_POINT('',#10537);
#2895=VERTEX_POINT('',#10590);
#2896=VERTEX_POINT('',#10618);
#2897=VERTEX_POINT('',#10622);
#2898=VERTEX_POINT('',#10626);
#2899=VERTEX_POINT('',#10628);
#2900=VERTEX_POINT('',#10632);
#2901=VERTEX_POINT('',#10634);
#2902=VERTEX_POINT('',#10636);
#2903=VERTEX_POINT('',#10640);
#2904=VERTEX_POINT('',#10644);
#2905=VERTEX_POINT('',#10648);
#2906=VERTEX_POINT('',#10649);
#2907=VERTEX_POINT('',#10654);
#2908=VERTEX_POINT('',#10656);
#2909=VERTEX_POINT('',#10658);
#2910=VERTEX_POINT('',#10660);
#2911=VERTEX_POINT('',#10662);
#2912=VERTEX_POINT('',#10664);
#2913=VERTEX_POINT('',#10666);
#2914=VERTEX_POINT('',#10668);
#2915=VERTEX_POINT('',#10672);
#2916=VERTEX_POINT('',#10674);
#2917=VERTEX_POINT('',#10712);
#2918=VERTEX_POINT('',#10713);
#2919=VERTEX_POINT('',#10720);
#2920=VERTEX_POINT('',#10728);
#2921=VERTEX_POINT('',#10730);
#2922=VERTEX_POINT('',#10775);
#2923=VERTEX_POINT('',#10776);
#2924=VERTEX_POINT('',#10781);
#2925=VERTEX_POINT('',#10782);
#2926=VERTEX_POINT('',#10785);
#2927=VERTEX_POINT('',#10789);
#2928=VERTEX_POINT('',#10791);
#2929=VERTEX_POINT('',#10793);
#2930=VERTEX_POINT('',#10795);
#2931=VERTEX_POINT('',#10801);
#2932=VERTEX_POINT('',#10803);
#2933=VERTEX_POINT('',#10807);
#2934=VERTEX_POINT('',#10809);
#2935=VERTEX_POINT('',#10811);
#2936=VERTEX_POINT('',#10813);
#2937=VERTEX_POINT('',#10815);
#2938=VERTEX_POINT('',#10817);
#2939=VERTEX_POINT('',#10819);
#2940=VERTEX_POINT('',#10859);
#2941=VERTEX_POINT('',#10863);
#2942=VERTEX_POINT('',#10867);
#2943=VERTEX_POINT('',#10869);
#2944=VERTEX_POINT('',#10871);
#2945=VERTEX_POINT('',#10877);
#2946=VERTEX_POINT('',#10882);
#2947=VERTEX_POINT('',#10886);
#2948=VERTEX_POINT('',#10887);
#2949=VERTEX_POINT('',#10889);
#2950=VERTEX_POINT('',#10891);
#2951=VERTEX_POINT('',#10895);
#2952=VERTEX_POINT('',#10896);
#2953=VERTEX_POINT('',#10898);
#2954=VERTEX_POINT('',#10900);
#2955=VERTEX_POINT('',#10902);
#2956=VERTEX_POINT('',#10904);
#2957=VERTEX_POINT('',#10907);
#2958=VERTEX_POINT('',#10908);
#2959=VERTEX_POINT('',#10910);
#2960=VERTEX_POINT('',#10912);
#2961=VERTEX_POINT('',#10915);
#2962=VERTEX_POINT('',#10917);
#2963=VERTEX_POINT('',#10919);
#2964=VERTEX_POINT('',#10921);
#2965=VERTEX_POINT('',#10923);
#2966=VERTEX_POINT('',#10925);
#2967=VERTEX_POINT('',#10927);
#2968=VERTEX_POINT('',#10929);
#2969=VERTEX_POINT('',#10931);
#2970=VERTEX_POINT('',#10933);
#2971=VERTEX_POINT('',#10935);
#2972=VERTEX_POINT('',#10937);
#2973=VERTEX_POINT('',#10939);
#2974=VERTEX_POINT('',#10941);
#2975=VERTEX_POINT('',#10943);
#2976=VERTEX_POINT('',#10945);
#2977=VERTEX_POINT('',#10947);
#2978=VERTEX_POINT('',#10949);
#2979=VERTEX_POINT('',#10953);
#2980=VERTEX_POINT('',#10956);
#2981=VERTEX_POINT('',#10958);
#2982=VERTEX_POINT('',#10962);
#2983=VERTEX_POINT('',#10966);
#2984=VERTEX_POINT('',#10967);
#2985=VERTEX_POINT('',#10969);
#2986=VERTEX_POINT('',#10971);
#2987=VERTEX_POINT('',#10999);
#2988=VERTEX_POINT('',#11000);
#2989=VERTEX_POINT('',#11005);
#2990=VERTEX_POINT('',#11006);
#2991=VERTEX_POINT('',#11011);
#2992=VERTEX_POINT('',#11013);
#2993=VERTEX_POINT('',#11015);
#2994=VERTEX_POINT('',#11017);
#2995=VERTEX_POINT('',#11021);
#2996=VERTEX_POINT('',#11022);
#2997=VERTEX_POINT('',#11035);
#2998=VERTEX_POINT('',#11036);
#2999=VERTEX_POINT('',#11060);
#3000=VERTEX_POINT('',#11065);
#3001=VERTEX_POINT('',#11072);
#3002=VERTEX_POINT('',#11077);
#3003=VERTEX_POINT('',#11090);
#3004=VERTEX_POINT('',#11091);
#3005=VERTEX_POINT('',#11093);
#3006=VERTEX_POINT('',#11095);
#3007=VERTEX_POINT('',#11098);
#3008=VERTEX_POINT('',#11100);
#3009=VERTEX_POINT('',#11102);
#3010=VERTEX_POINT('',#11104);
#3011=VERTEX_POINT('',#11106);
#3012=VERTEX_POINT('',#11108);
#3013=VERTEX_POINT('',#11110);
#3014=VERTEX_POINT('',#11112);
#3015=VERTEX_POINT('',#11114);
#3016=VERTEX_POINT('',#11116);
#3017=VERTEX_POINT('',#11118);
#3018=VERTEX_POINT('',#11120);
#3019=VERTEX_POINT('',#11122);
#3020=VERTEX_POINT('',#11124);
#3021=VERTEX_POINT('',#11126);
#3022=VERTEX_POINT('',#11128);
#3023=VERTEX_POINT('',#11130);
#3024=VERTEX_POINT('',#11135);
#3025=VERTEX_POINT('',#11165);
#3026=VERTEX_POINT('',#11169);
#3027=VERTEX_POINT('',#11173);
#3028=VERTEX_POINT('',#11175);
#3029=VERTEX_POINT('',#11179);
#3030=VERTEX_POINT('',#11181);
#3031=VERTEX_POINT('',#11222);
#3032=VERTEX_POINT('',#11279);
#3033=VERTEX_POINT('',#11281);
#3034=VERTEX_POINT('',#11285);
#3035=VERTEX_POINT('',#11294);
#3036=VERTEX_POINT('',#11296);
#3037=VERTEX_POINT('',#11303);
#3038=VERTEX_POINT('',#11304);
#3039=VERTEX_POINT('',#11323);
#3040=VERTEX_POINT('',#11325);
#3041=VERTEX_POINT('',#11329);
#3042=VERTEX_POINT('',#11331);
#3043=VERTEX_POINT('',#11335);
#3044=VERTEX_POINT('',#11339);
#3045=VERTEX_POINT('',#11343);
#3046=VERTEX_POINT('',#11345);
#3047=VERTEX_POINT('',#11349);
#3048=VERTEX_POINT('',#11353);
#3049=VERTEX_POINT('',#11357);
#3050=VERTEX_POINT('',#11359);
#3051=VERTEX_POINT('',#11363);
#3052=VERTEX_POINT('',#11369);
#3053=VERTEX_POINT('',#11371);
#3054=VERTEX_POINT('',#11374);
#3055=VERTEX_POINT('',#11377);
#3056=VERTEX_POINT('',#11381);
#3057=VERTEX_POINT('',#11385);
#3058=VERTEX_POINT('',#11387);
#3059=VERTEX_POINT('',#11391);
#3060=VERTEX_POINT('',#11393);
#3061=VERTEX_POINT('',#11397);
#3062=VERTEX_POINT('',#11401);
#3063=VERTEX_POINT('',#11403);
#3064=VERTEX_POINT('',#11405);
#3065=VERTEX_POINT('',#11407);
#3066=VERTEX_POINT('',#11409);
#3067=VERTEX_POINT('',#11411);
#3068=VERTEX_POINT('',#11413);
#3069=VERTEX_POINT('',#11417);
#3070=VERTEX_POINT('',#11421);
#3071=VERTEX_POINT('',#11423);
#3072=VERTEX_POINT('',#11425);
#3073=VERTEX_POINT('',#11427);
#3074=VERTEX_POINT('',#11429);
#3075=VERTEX_POINT('',#11432);
#3076=VERTEX_POINT('',#11437);
#3077=VERTEX_POINT('',#11439);
#3078=VERTEX_POINT('',#11441);
#3079=VERTEX_POINT('',#11443);
#3080=VERTEX_POINT('',#11445);
#3081=VERTEX_POINT('',#11447);
#3082=VERTEX_POINT('',#11451);
#3083=VERTEX_POINT('',#11453);
#3084=VERTEX_POINT('',#11455);
#3085=VERTEX_POINT('',#11459);
#3086=VERTEX_POINT('',#11461);
#3087=VERTEX_POINT('',#11469);
#3088=VERTEX_POINT('',#11486);
#3089=VERTEX_POINT('',#11499);
#3090=VERTEX_POINT('',#11500);
#3091=VERTEX_POINT('',#11502);
#3092=VERTEX_POINT('',#11504);
#3093=VERTEX_POINT('',#11519);
#3094=VERTEX_POINT('',#11520);
#3095=VERTEX_POINT('',#11525);
#3096=VERTEX_POINT('',#11526);
#3097=VERTEX_POINT('',#11572);
#3098=VERTEX_POINT('',#11573);
#3099=VERTEX_POINT('',#11575);
#3100=VERTEX_POINT('',#11577);
#3101=VERTEX_POINT('',#11581);
#3102=VERTEX_POINT('',#11582);
#3103=VERTEX_POINT('',#11599);
#3104=VERTEX_POINT('',#11670);
#3105=VERTEX_POINT('',#11671);
#3106=VERTEX_POINT('',#11673);
#3107=VERTEX_POINT('',#11676);
#3108=VERTEX_POINT('',#11678);
#3109=VERTEX_POINT('',#11680);
#3110=VERTEX_POINT('',#11682);
#3111=VERTEX_POINT('',#11684);
#3112=VERTEX_POINT('',#11687);
#3113=VERTEX_POINT('',#11689);
#3114=VERTEX_POINT('',#11691);
#3115=VERTEX_POINT('',#11704);
#3116=VERTEX_POINT('',#11707);
#3117=VERTEX_POINT('',#11709);
#3118=VERTEX_POINT('',#11711);
#3119=VERTEX_POINT('',#11726);
#3120=VERTEX_POINT('',#11734);
#3121=VERTEX_POINT('',#11736);
#3122=VERTEX_POINT('',#11740);
#3123=VERTEX_POINT('',#11744);
#3124=VERTEX_POINT('',#11746);
#3125=VERTEX_POINT('',#11750);
#3126=VERTEX_POINT('',#11762);
#3127=VERTEX_POINT('',#11766);
#3128=VERTEX_POINT('',#11768);
#3129=VERTEX_POINT('',#11782);
#3130=VERTEX_POINT('',#11788);
#3131=VERTEX_POINT('',#11801);
#3132=VERTEX_POINT('',#11815);
#3133=VERTEX_POINT('',#11828);
#3134=VERTEX_POINT('',#11830);
#3135=VERTEX_POINT('',#11832);
#3136=VERTEX_POINT('',#11835);
#3137=VERTEX_POINT('',#11836);
#3138=VERTEX_POINT('',#11876);
#3139=VERTEX_POINT('',#11880);
#3140=VERTEX_POINT('',#11884);
#3141=VERTEX_POINT('',#11886);
#3142=VERTEX_POINT('',#11890);
#3143=VERTEX_POINT('',#11899);
#3144=VERTEX_POINT('',#11901);
#3145=VERTEX_POINT('',#11903);
#3146=VERTEX_POINT('',#11905);
#3147=VERTEX_POINT('',#11917);
#3148=VERTEX_POINT('',#11919);
#3149=VERTEX_POINT('',#11921);
#3150=VERTEX_POINT('',#11923);
#3151=VERTEX_POINT('',#11934);
#3152=VERTEX_POINT('',#11936);
#3153=VERTEX_POINT('',#11990);
#3154=VERTEX_POINT('',#12011);
#3155=VERTEX_POINT('',#12015);
#3156=VERTEX_POINT('',#12017);
#3157=VERTEX_POINT('',#12019);
#3158=VERTEX_POINT('',#12021);
#3159=VERTEX_POINT('',#12079);
#3160=VERTEX_POINT('',#12081);
#3161=VERTEX_POINT('',#12102);
#3162=VERTEX_POINT('',#12104);
#3163=VERTEX_POINT('',#12106);
#3164=VERTEX_POINT('',#12108);
#3165=VERTEX_POINT('',#12112);
#3166=VERTEX_POINT('',#12116);
#3167=VERTEX_POINT('',#12118);
#3168=VERTEX_POINT('',#12131);
#3169=VERTEX_POINT('',#12150);
#3170=VERTEX_POINT('',#12153);
#3171=VERTEX_POINT('',#12155);
#3172=VERTEX_POINT('',#12157);
#3173=VERTEX_POINT('',#12159);
#3174=VERTEX_POINT('',#12163);
#3175=VERTEX_POINT('',#12165);
#3176=VERTEX_POINT('',#12167);
#3177=VERTEX_POINT('',#12169);
#3178=VERTEX_POINT('',#12172);
#3179=VERTEX_POINT('',#12174);
#3180=VERTEX_POINT('',#12177);
#3181=VERTEX_POINT('',#12179);
#3182=VERTEX_POINT('',#12181);
#3183=VERTEX_POINT('',#12183);
#3184=VERTEX_POINT('',#12186);
#3185=VERTEX_POINT('',#12188);
#3186=VERTEX_POINT('',#12190);
#3187=VERTEX_POINT('',#12192);
#3188=VERTEX_POINT('',#12196);
#3189=VERTEX_POINT('',#12198);
#3190=VERTEX_POINT('',#12200);
#3191=VERTEX_POINT('',#12202);
#3192=VERTEX_POINT('',#12204);
#3193=VERTEX_POINT('',#12206);
#3194=VERTEX_POINT('',#12208);
#3195=VERTEX_POINT('',#12210);
#3196=VERTEX_POINT('',#12214);
#3197=VERTEX_POINT('',#12216);
#3198=VERTEX_POINT('',#12224);
#3199=VERTEX_POINT('',#12226);
#3200=VERTEX_POINT('',#12228);
#3201=VERTEX_POINT('',#12230);
#3202=VERTEX_POINT('',#12234);
#3203=VERTEX_POINT('',#12235);
#3204=VERTEX_POINT('',#12238);
#3205=VERTEX_POINT('',#12249);
#3206=VERTEX_POINT('',#12251);
#3207=VERTEX_POINT('',#12253);
#3208=VERTEX_POINT('',#12255);
#3209=VERTEX_POINT('',#12284);
#3210=VERTEX_POINT('',#12286);
#3211=VERTEX_POINT('',#12295);
#3212=VERTEX_POINT('',#12297);
#3213=VERTEX_POINT('',#12301);
#3214=VERTEX_POINT('',#12305);
#3215=VERTEX_POINT('',#12312);
#3216=VERTEX_POINT('',#12313);
#3217=VERTEX_POINT('',#12317);
#3218=VERTEX_POINT('',#12331);
#3219=VERTEX_POINT('',#12333);
#3220=VERTEX_POINT('',#12337);
#3221=VERTEX_POINT('',#12339);
#3222=VERTEX_POINT('',#12343);
#3223=VERTEX_POINT('',#12345);
#3224=VERTEX_POINT('',#12349);
#3225=VERTEX_POINT('',#12350);
#3226=VERTEX_POINT('',#12358);
#3227=VERTEX_POINT('',#12361);
#3228=VERTEX_POINT('',#12365);
#3229=VERTEX_POINT('',#12370);
#3230=VERTEX_POINT('',#12371);
#3231=VERTEX_POINT('',#12390);
#3232=VERTEX_POINT('',#12394);
#3233=VERTEX_POINT('',#12398);
#3234=VERTEX_POINT('',#12400);
#3235=VERTEX_POINT('',#12404);
#3236=VERTEX_POINT('',#12416);
#3237=VERTEX_POINT('',#12417);
#3238=VERTEX_POINT('',#12419);
#3239=VERTEX_POINT('',#12421);
#3240=VERTEX_POINT('',#12428);
#3241=VERTEX_POINT('',#12430);
#3242=VERTEX_POINT('',#12434);
#3243=VERTEX_POINT('',#12436);
#3244=VERTEX_POINT('',#12493);
#3245=VERTEX_POINT('',#12494);
#3246=VERTEX_POINT('',#12496);
#3247=VERTEX_POINT('',#12552);
#3248=VERTEX_POINT('',#12568);
#3249=VERTEX_POINT('',#12569);
#3250=VERTEX_POINT('',#12638);
#3251=VERTEX_POINT('',#12639);
#3252=VERTEX_POINT('',#12717);
#3253=VERTEX_POINT('',#12719);
#3254=VERTEX_POINT('',#12721);
#3255=VERTEX_POINT('',#12723);
#3256=VERTEX_POINT('',#12734);
#3257=VERTEX_POINT('',#12736);
#3258=VERTEX_POINT('',#12745);
#3259=VERTEX_POINT('',#12751);
#3260=VERTEX_POINT('',#12753);
#3261=VERTEX_POINT('',#12755);
#3262=VERTEX_POINT('',#12757);
#3263=VERTEX_POINT('',#12761);
#3264=VERTEX_POINT('',#12763);
#3265=VERTEX_POINT('',#12767);
#3266=VERTEX_POINT('',#12768);
#3267=VERTEX_POINT('',#12770);
#3268=VERTEX_POINT('',#12777);
#3269=VERTEX_POINT('',#12784);
#3270=VERTEX_POINT('',#12786);
#3271=VERTEX_POINT('',#12789);
#3272=VERTEX_POINT('',#12793);
#3273=VERTEX_POINT('',#12797);
#3274=VERTEX_POINT('',#12801);
#3275=VERTEX_POINT('',#12807);
#3276=VERTEX_POINT('',#12809);
#3277=VERTEX_POINT('',#12813);
#3278=VERTEX_POINT('',#12818);
#3279=VERTEX_POINT('',#12827);
#3280=VERTEX_POINT('',#12837);
#3281=VERTEX_POINT('',#12884);
#3282=VERTEX_POINT('',#12885);
#3283=VERTEX_POINT('',#12887);
#3284=VERTEX_POINT('',#12943);
#3285=VERTEX_POINT('',#12959);
#3286=VERTEX_POINT('',#12960);
#3287=VERTEX_POINT('',#13029);
#3288=VERTEX_POINT('',#13030);
#3289=VERTEX_POINT('',#13108);
#3290=VERTEX_POINT('',#13110);
#3291=VERTEX_POINT('',#13112);
#3292=VERTEX_POINT('',#13114);
#3293=VERTEX_POINT('',#13125);
#3294=VERTEX_POINT('',#13127);
#3295=VERTEX_POINT('',#13136);
#3296=VERTEX_POINT('',#13142);
#3297=VERTEX_POINT('',#13144);
#3298=VERTEX_POINT('',#13146);
#3299=VERTEX_POINT('',#13148);
#3300=VERTEX_POINT('',#13152);
#3301=VERTEX_POINT('',#13154);
#3302=VERTEX_POINT('',#13158);
#3303=VERTEX_POINT('',#13159);
#3304=VERTEX_POINT('',#13161);
#3305=VERTEX_POINT('',#13168);
#3306=VERTEX_POINT('',#13175);
#3307=VERTEX_POINT('',#13177);
#3308=VERTEX_POINT('',#13180);
#3309=VERTEX_POINT('',#13184);
#3310=VERTEX_POINT('',#13188);
#3311=VERTEX_POINT('',#13192);
#3312=VERTEX_POINT('',#13198);
#3313=VERTEX_POINT('',#13200);
#3314=VERTEX_POINT('',#13204);
#3315=VERTEX_POINT('',#13209);
#3316=VERTEX_POINT('',#13218);
#3317=VERTEX_POINT('',#13228);
#3318=EDGE_CURVE('',#2704,#2705,#2428,.T.);
#3319=EDGE_CURVE('',#2705,#2706,#2359,.T.);
#3320=EDGE_CURVE('',#2706,#2707,#2360,.F.);
#3321=EDGE_CURVE('',#2707,#2708,#2361,.T.);
#3322=EDGE_CURVE('',#2708,#2704,#2362,.T.);
#3323=EDGE_CURVE('',#2709,#2710,#1366,.T.);
#3324=EDGE_CURVE('',#2710,#2705,#240,.T.);
#3325=EDGE_CURVE('',#2704,#2709,#241,.T.);
#3326=EDGE_CURVE('',#2705,#2711,#2429,.T.);
#3327=EDGE_CURVE('',#2712,#2711,#2430,.T.);
#3328=EDGE_CURVE('',#2712,#2706,#2431,.T.);
#3329=EDGE_CURVE('',#2713,#2710,#242,.T.);
#3330=EDGE_CURVE('',#2714,#2713,#243,.T.);
#3331=EDGE_CURVE('',#2715,#2714,#2432,.T.);
#3332=EDGE_CURVE('',#2711,#2715,#244,.T.);
#3333=EDGE_CURVE('',#2709,#2716,#245,.T.);
#3334=EDGE_CURVE('',#2713,#2716,#1367,.T.);
#3335=EDGE_CURVE('',#2716,#2717,#246,.T.);
#3336=EDGE_CURVE('',#2717,#2714,#2433,.T.);
#3337=EDGE_CURVE('',#2718,#2719,#2363,.T.);
#3338=EDGE_CURVE('',#2719,#2714,#2364,.T.);
#3339=EDGE_CURVE('',#2717,#2718,#2365,.T.);
#3340=EDGE_CURVE('',#2720,#2716,#247,.T.);
#3341=EDGE_CURVE('',#2721,#2720,#248,.T.);
#3342=EDGE_CURVE('',#2718,#2721,#249,.T.);
#3343=EDGE_CURVE('',#2709,#2722,#250,.T.);
#3344=EDGE_CURVE('',#2722,#2720,#251,.T.);
#3345=EDGE_CURVE('',#2708,#2723,#252,.T.);
#3346=EDGE_CURVE('',#2723,#2722,#253,.T.);
#3347=EDGE_CURVE('',#2724,#2719,#2366,.F.);
#3348=EDGE_CURVE('',#2724,#2725,#2434,.T.);
#3349=EDGE_CURVE('',#2725,#2715,#2435,.T.);
#3350=EDGE_CURVE('',#2725,#2712,#254,.T.);
#3351=EDGE_CURVE('',#2712,#2726,#255,.T.);
#3352=EDGE_CURVE('',#2727,#2726,#1368,.T.);
#3353=EDGE_CURVE('',#2727,#2728,#256,.T.);
#3354=EDGE_CURVE('',#2728,#2723,#2436,.T.);
#3355=EDGE_CURVE('',#2729,#2725,#257,.T.);
#3356=EDGE_CURVE('',#2726,#2729,#258,.T.);
#3357=EDGE_CURVE('',#2724,#2730,#259,.T.);
#3358=EDGE_CURVE('',#2730,#2731,#2437,.T.);
#3359=EDGE_CURVE('',#2731,#2732,#260,.T.);
#3360=EDGE_CURVE('',#2729,#2732,#1369,.T.);
#3361=EDGE_CURVE('',#2726,#2733,#2438,.T.);
#3362=EDGE_CURVE('',#2733,#2727,#1370,.T.);
#3363=EDGE_CURVE('',#2729,#2734,#2439,.T.);
#3364=EDGE_CURVE('',#2734,#2733,#261,.T.);
#3365=EDGE_CURVE('',#2732,#2734,#1371,.T.);
#3366=EDGE_CURVE('',#2733,#2735,#262,.T.);
#3367=EDGE_CURVE('',#2735,#2736,#1372,.T.);
#3368=EDGE_CURVE('',#2736,#2727,#263,.T.);
#3369=EDGE_CURVE('',#2735,#2737,#264,.T.);
#3370=EDGE_CURVE('',#2737,#2738,#1373,.T.);
#3371=EDGE_CURVE('',#2738,#2736,#265,.T.);
#3372=EDGE_CURVE('',#2732,#2738,#266,.T.);
#3373=EDGE_CURVE('',#2737,#2734,#267,.T.);
#3374=EDGE_CURVE('',#2739,#2736,#268,.T.);
#3375=EDGE_CURVE('',#2740,#2739,#269,.T.);
#3376=EDGE_CURVE('',#2741,#2740,#270,.T.);
#3377=EDGE_CURVE('',#2741,#2728,#271,.T.);
#3378=EDGE_CURVE('',#2738,#2742,#272,.T.);
#3379=EDGE_CURVE('',#2742,#2739,#273,.T.);
#3380=EDGE_CURVE('',#2743,#2731,#274,.T.);
#3381=EDGE_CURVE('',#2744,#2743,#275,.T.);
#3382=EDGE_CURVE('',#2744,#2742,#276,.T.);
#3383=EDGE_CURVE('',#2743,#2741,#277,.T.);
#3384=EDGE_CURVE('',#2721,#2730,#278,.T.);
#3385=EDGE_CURVE('',#2740,#2744,#279,.T.);
#3386=EDGE_CURVE('',#2745,#2746,#2440,.T.);
#3387=EDGE_CURVE('',#2746,#2747,#2367,.T.);
#3388=EDGE_CURVE('',#2747,#2748,#2368,.F.);
#3389=EDGE_CURVE('',#2748,#2749,#2369,.T.);
#3390=EDGE_CURVE('',#2749,#2745,#2370,.T.);
#3391=EDGE_CURVE('',#2750,#2751,#1374,.T.);
#3392=EDGE_CURVE('',#2751,#2746,#280,.T.);
#3393=EDGE_CURVE('',#2745,#2750,#281,.T.);
#3394=EDGE_CURVE('',#2746,#2752,#2441,.T.);
#3395=EDGE_CURVE('',#2753,#2752,#2442,.T.);
#3396=EDGE_CURVE('',#2753,#2747,#2443,.T.);
#3397=EDGE_CURVE('',#2754,#2751,#282,.T.);
#3398=EDGE_CURVE('',#2755,#2754,#283,.T.);
#3399=EDGE_CURVE('',#2756,#2755,#2444,.T.);
#3400=EDGE_CURVE('',#2752,#2756,#284,.T.);
#3401=EDGE_CURVE('',#2750,#2757,#285,.T.);
#3402=EDGE_CURVE('',#2754,#2757,#1375,.T.);
#3403=EDGE_CURVE('',#2757,#2758,#286,.T.);
#3404=EDGE_CURVE('',#2758,#2755,#2445,.T.);
#3405=EDGE_CURVE('',#2759,#2760,#2371,.T.);
#3406=EDGE_CURVE('',#2760,#2755,#2372,.T.);
#3407=EDGE_CURVE('',#2758,#2759,#2373,.T.);
#3408=EDGE_CURVE('',#2761,#2757,#287,.T.);
#3409=EDGE_CURVE('',#2762,#2761,#288,.T.);
#3410=EDGE_CURVE('',#2759,#2762,#289,.T.);
#3411=EDGE_CURVE('',#2750,#2763,#290,.T.);
#3412=EDGE_CURVE('',#2763,#2761,#291,.T.);
#3413=EDGE_CURVE('',#2749,#2764,#292,.T.);
#3414=EDGE_CURVE('',#2764,#2763,#293,.T.);
#3415=EDGE_CURVE('',#2765,#2760,#2374,.F.);
#3416=EDGE_CURVE('',#2765,#2766,#2446,.T.);
#3417=EDGE_CURVE('',#2766,#2756,#2447,.T.);
#3418=EDGE_CURVE('',#2766,#2753,#294,.T.);
#3419=EDGE_CURVE('',#2753,#2767,#295,.T.);
#3420=EDGE_CURVE('',#2768,#2767,#1376,.T.);
#3421=EDGE_CURVE('',#2768,#2769,#296,.T.);
#3422=EDGE_CURVE('',#2769,#2764,#2448,.T.);
#3423=EDGE_CURVE('',#2770,#2766,#297,.T.);
#3424=EDGE_CURVE('',#2767,#2770,#298,.T.);
#3425=EDGE_CURVE('',#2765,#2771,#299,.T.);
#3426=EDGE_CURVE('',#2771,#2772,#2449,.T.);
#3427=EDGE_CURVE('',#2772,#2773,#300,.T.);
#3428=EDGE_CURVE('',#2770,#2773,#1377,.T.);
#3429=EDGE_CURVE('',#2767,#2774,#2450,.T.);
#3430=EDGE_CURVE('',#2774,#2768,#1378,.T.);
#3431=EDGE_CURVE('',#2770,#2775,#2451,.T.);
#3432=EDGE_CURVE('',#2775,#2774,#301,.T.);
#3433=EDGE_CURVE('',#2773,#2775,#1379,.T.);
#3434=EDGE_CURVE('',#2774,#2776,#302,.T.);
#3435=EDGE_CURVE('',#2776,#2777,#1380,.T.);
#3436=EDGE_CURVE('',#2777,#2768,#303,.T.);
#3437=EDGE_CURVE('',#2776,#2778,#304,.T.);
#3438=EDGE_CURVE('',#2778,#2779,#1381,.T.);
#3439=EDGE_CURVE('',#2779,#2777,#305,.T.);
#3440=EDGE_CURVE('',#2773,#2779,#306,.T.);
#3441=EDGE_CURVE('',#2778,#2775,#307,.T.);
#3442=EDGE_CURVE('',#2780,#2777,#308,.T.);
#3443=EDGE_CURVE('',#2781,#2780,#309,.T.);
#3444=EDGE_CURVE('',#2782,#2781,#310,.T.);
#3445=EDGE_CURVE('',#2782,#2769,#311,.T.);
#3446=EDGE_CURVE('',#2779,#2783,#312,.T.);
#3447=EDGE_CURVE('',#2783,#2780,#313,.T.);
#3448=EDGE_CURVE('',#2784,#2772,#314,.T.);
#3449=EDGE_CURVE('',#2785,#2784,#315,.T.);
#3450=EDGE_CURVE('',#2785,#2783,#316,.T.);
#3451=EDGE_CURVE('',#2784,#2782,#317,.T.);
#3452=EDGE_CURVE('',#2762,#2771,#318,.T.);
#3453=EDGE_CURVE('',#2781,#2785,#319,.T.);
#3454=EDGE_CURVE('',#2786,#2787,#320,.T.);
#3455=EDGE_CURVE('',#2787,#2788,#1382,.T.);
#3456=EDGE_CURVE('',#2788,#2789,#321,.T.);
#3457=EDGE_CURVE('',#2789,#2786,#1383,.T.);
#3458=EDGE_CURVE('',#2790,#2791,#322,.T.);
#3459=EDGE_CURVE('',#2791,#2792,#1384,.T.);
#3460=EDGE_CURVE('',#2792,#2793,#323,.T.);
#3461=EDGE_CURVE('',#2793,#2790,#1385,.T.);
#3462=EDGE_CURVE('',#2787,#2792,#324,.T.);
#3463=EDGE_CURVE('',#2791,#2788,#325,.T.);
#3464=EDGE_CURVE('',#2789,#2790,#326,.T.);
#3465=EDGE_CURVE('',#2793,#2786,#327,.T.);
#3466=EDGE_CURVE('',#2794,#2791,#328,.T.);
#3467=EDGE_CURVE('',#2795,#2794,#329,.T.);
#3468=EDGE_CURVE('',#2788,#2795,#330,.T.);
#3469=EDGE_CURVE('',#2796,#2797,#331,.T.);
#3470=EDGE_CURVE('',#2797,#2798,#332,.T.);
#3471=EDGE_CURVE('',#2798,#2799,#333,.T.);
#3472=EDGE_CURVE('',#2799,#2796,#334,.T.);
#3473=EDGE_CURVE('',#2800,#2801,#335,.T.);
#3474=EDGE_CURVE('',#2801,#2802,#336,.T.);
#3475=EDGE_CURVE('',#2802,#2803,#337,.T.);
#3476=EDGE_CURVE('',#2803,#2800,#338,.T.);
#3477=EDGE_CURVE('',#2804,#2805,#339,.T.);
#3478=EDGE_CURVE('',#2805,#2806,#340,.T.);
#3479=EDGE_CURVE('',#2806,#2807,#341,.T.);
#3480=EDGE_CURVE('',#2807,#2804,#342,.T.);
#3481=EDGE_CURVE('',#2790,#2808,#343,.T.);
#3482=EDGE_CURVE('',#2808,#2809,#2452,.T.);
#3483=EDGE_CURVE('',#2810,#2809,#344,.T.);
#3484=EDGE_CURVE('',#2794,#2810,#345,.T.);
#3485=EDGE_CURVE('',#2810,#2811,#2453,.T.);
#3486=EDGE_CURVE('',#2811,#2812,#346,.T.);
#3487=EDGE_CURVE('',#2812,#2794,#1386,.T.);
#3488=EDGE_CURVE('',#2812,#2813,#347,.T.);
#3489=EDGE_CURVE('',#2813,#2795,#1387,.T.);
#3490=EDGE_CURVE('',#2813,#2814,#348,.T.);
#3491=EDGE_CURVE('',#2814,#2815,#1388,.T.);
#3492=EDGE_CURVE('',#2815,#2795,#349,.T.);
#3493=EDGE_CURVE('',#2816,#2817,#2375,.T.);
#3494=EDGE_CURVE('',#2817,#2815,#350,.T.);
#3495=EDGE_CURVE('',#2814,#2811,#351,.T.);
#3496=EDGE_CURVE('',#2811,#2818,#2454,.T.);
#3497=EDGE_CURVE('',#2818,#2816,#352,.T.);
#3498=EDGE_CURVE('',#2810,#2818,#2455,.T.);
#3499=EDGE_CURVE('',#2815,#2789,#353,.T.);
#3500=EDGE_CURVE('',#2817,#2819,#2456,.T.);
#3501=EDGE_CURVE('',#2819,#2816,#2457,.T.);
#3502=EDGE_CURVE('',#2820,#2818,#354,.T.);
#3503=EDGE_CURVE('',#2820,#2821,#355,.T.);
#3504=EDGE_CURVE('',#2821,#2822,#356,.T.);
#3505=EDGE_CURVE('',#2822,#2823,#357,.T.);
#3506=EDGE_CURVE('',#2824,#2823,#358,.T.);
#3507=EDGE_CURVE('',#2824,#2825,#359,.T.);
#3508=EDGE_CURVE('',#2825,#2826,#360,.T.);
#3509=EDGE_CURVE('',#2826,#2827,#361,.T.);
#3510=EDGE_CURVE('',#2827,#2828,#362,.T.);
#3511=EDGE_CURVE('',#2828,#2808,#363,.T.);
#3512=EDGE_CURVE('',#2829,#2829,#2458,.T.);
#3513=EDGE_CURVE('',#2829,#2819,#364,.T.);
#3514=EDGE_CURVE('',#2809,#2830,#2376,.T.);
#3515=EDGE_CURVE('',#2830,#2831,#365,.T.);
#3516=EDGE_CURVE('',#2831,#2824,#2459,.T.);
#3517=EDGE_CURVE('',#2823,#2832,#2460,.T.);
#3518=EDGE_CURVE('',#2832,#2833,#366,.T.);
#3519=EDGE_CURVE('',#2833,#2820,#2461,.T.);
#3520=EDGE_CURVE('',#2834,#2828,#2462,.T.);
#3521=EDGE_CURVE('',#2835,#2834,#367,.T.);
#3522=EDGE_CURVE('',#2835,#2836,#2463,.T.);
#3523=EDGE_CURVE('',#2837,#2836,#368,.T.);
#3524=EDGE_CURVE('',#2830,#2837,#2464,.T.);
#3525=EDGE_CURVE('',#2807,#2833,#369,.T.);
#3526=EDGE_CURVE('',#2821,#2806,#370,.T.);
#3527=EDGE_CURVE('',#2838,#2839,#371,.T.);
#3528=EDGE_CURVE('',#2840,#2838,#372,.T.);
#3529=EDGE_CURVE('',#2841,#2840,#373,.T.);
#3530=EDGE_CURVE('',#2839,#2841,#374,.T.);
#3531=EDGE_CURVE('',#2801,#2840,#375,.T.);
#3532=EDGE_CURVE('',#2841,#2800,#376,.T.);
#3533=EDGE_CURVE('',#2838,#2802,#377,.T.);
#3534=EDGE_CURVE('',#2842,#2843,#378,.T.);
#3535=EDGE_CURVE('',#2844,#2842,#379,.T.);
#3536=EDGE_CURVE('',#2799,#2844,#380,.T.);
#3537=EDGE_CURVE('',#2845,#2798,#381,.T.);
#3538=EDGE_CURVE('',#2843,#2845,#382,.T.);
#3539=EDGE_CURVE('',#2845,#2846,#383,.T.);
#3540=EDGE_CURVE('',#2797,#2846,#384,.T.);
#3541=EDGE_CURVE('',#2844,#2847,#385,.T.);
#3542=EDGE_CURVE('',#2847,#2796,#386,.T.);
#3543=EDGE_CURVE('',#2848,#2849,#387,.T.);
#3544=EDGE_CURVE('',#2836,#2848,#388,.T.);
#3545=EDGE_CURVE('',#2846,#2835,#389,.T.);
#3546=EDGE_CURVE('',#2849,#2847,#390,.T.);
#3547=EDGE_CURVE('',#2849,#2842,#391,.T.);
#3548=EDGE_CURVE('',#2850,#2848,#392,.T.);
#3549=EDGE_CURVE('',#2850,#2837,#393,.T.);
#3550=EDGE_CURVE('',#2834,#2851,#394,.T.);
#3551=EDGE_CURVE('',#2851,#2852,#395,.T.);
#3552=EDGE_CURVE('',#2852,#2853,#396,.T.);
#3553=EDGE_CURVE('',#2843,#2853,#397,.T.);
#3554=EDGE_CURVE('',#2803,#2839,#398,.T.);
#3555=EDGE_CURVE('',#2851,#2827,#399,.T.);
#3556=EDGE_CURVE('',#2831,#2850,#400,.T.);
#3557=EDGE_CURVE('',#2853,#2825,#401,.T.);
#3558=EDGE_CURVE('',#2826,#2852,#402,.T.);
#3559=EDGE_CURVE('',#2832,#2804,#403,.T.);
#3560=EDGE_CURVE('',#2805,#2822,#404,.T.);
#3561=EDGE_CURVE('',#2854,#2855,#1389,.T.);
#3562=EDGE_CURVE('',#2854,#2856,#405,.T.);
#3563=EDGE_CURVE('',#2856,#2857,#2465,.T.);
#3564=EDGE_CURVE('',#2857,#2855,#406,.T.);
#3565=EDGE_CURVE('',#2858,#2859,#2377,.T.);
#3566=EDGE_CURVE('',#2859,#2857,#1390,.T.);
#3567=EDGE_CURVE('',#2856,#2858,#1391,.T.);
#3568=EDGE_CURVE('',#2854,#2860,#1392,.T.);
#3569=EDGE_CURVE('',#2860,#2861,#407,.T.);
#3570=EDGE_CURVE('',#2862,#2861,#408,.T.);
#3571=EDGE_CURVE('',#2863,#2862,#2466,.T.);
#3572=EDGE_CURVE('',#2863,#2858,#409,.T.);
#3573=EDGE_CURVE('',#2855,#2864,#410,.T.);
#3574=EDGE_CURVE('',#2865,#2864,#2467,.T.);
#3575=EDGE_CURVE('',#2865,#2860,#411,.T.);
#3576=EDGE_CURVE('',#2866,#2857,#412,.T.);
#3577=EDGE_CURVE('',#2867,#2866,#413,.T.);
#3578=EDGE_CURVE('',#2867,#2868,#414,.T.);
#3579=EDGE_CURVE('',#2869,#2868,#415,.T.);
#3580=EDGE_CURVE('',#2870,#2869,#416,.T.);
#3581=EDGE_CURVE('',#2871,#2870,#417,.T.);
#3582=EDGE_CURVE('',#2872,#2871,#418,.T.);
#3583=EDGE_CURVE('',#2873,#2872,#419,.T.);
#3584=EDGE_CURVE('',#2874,#2873,#420,.T.);
#3585=EDGE_CURVE('',#2875,#2874,#421,.T.);
#3586=EDGE_CURVE('',#2876,#2875,#2378,.T.);
#3587=EDGE_CURVE('',#2864,#2876,#2379,.T.);
#3588=EDGE_CURVE('',#2869,#2877,#1393,.T.);
#3589=EDGE_CURVE('',#2868,#2878,#2468,.T.);
#3590=EDGE_CURVE('',#2878,#2879,#422,.T.);
#3591=EDGE_CURVE('',#2877,#2879,#2469,.T.);
#3592=EDGE_CURVE('',#2880,#2881,#423,.T.);
#3593=EDGE_CURVE('',#2867,#2881,#2470,.T.);
#3594=EDGE_CURVE('',#2866,#2880,#1394,.T.);
#3595=EDGE_CURVE('',#2859,#2882,#424,.T.);
#3596=EDGE_CURVE('',#2882,#2880,#1395,.T.);
#3597=EDGE_CURVE('',#2883,#2882,#425,.T.);
#3598=EDGE_CURVE('',#2884,#2883,#426,.T.);
#3599=EDGE_CURVE('',#2884,#2881,#427,.T.);
#3600=EDGE_CURVE('',#2885,#2863,#2380,.T.);
#3601=EDGE_CURVE('',#2886,#2885,#428,.T.);
#3602=EDGE_CURVE('',#2887,#2886,#429,.T.);
#3603=EDGE_CURVE('',#2888,#2887,#430,.T.);
#3604=EDGE_CURVE('',#2889,#2888,#431,.T.);
#3605=EDGE_CURVE('',#2890,#2889,#432,.T.);
#3606=EDGE_CURVE('',#2891,#2890,#433,.T.);
#3607=EDGE_CURVE('',#2892,#2891,#434,.T.);
#3608=EDGE_CURVE('',#2883,#2892,#435,.T.);
#3609=EDGE_CURVE('',#2874,#2893,#1396,.T.);
#3610=EDGE_CURVE('',#2894,#2893,#436,.T.);
#3611=EDGE_CURVE('',#2894,#2875,#2471,.T.);
#3612=EDGE_CURVE('',#2895,#2876,#2472,.T.);
#3613=EDGE_CURVE('',#2895,#2894,#2473,.T.);
#3614=EDGE_CURVE('',#2895,#2865,#2381,.T.);
#3615=EDGE_CURVE('',#2896,#2865,#437,.T.);
#3616=EDGE_CURVE('',#2861,#2896,#438,.T.);
#3617=EDGE_CURVE('',#2894,#2897,#439,.T.);
#3618=EDGE_CURVE('',#2896,#2897,#2474,.T.);
#3619=EDGE_CURVE('',#2872,#2898,#1397,.T.);
#3620=EDGE_CURVE('',#2898,#2899,#440,.T.);
#3621=EDGE_CURVE('',#2899,#2873,#1398,.T.);
#3622=EDGE_CURVE('',#2871,#2900,#1399,.T.);
#3623=EDGE_CURVE('',#2901,#2900,#1400,.T.);
#3624=EDGE_CURVE('',#2901,#2902,#441,.T.);
#3625=EDGE_CURVE('',#2898,#2902,#1401,.T.);
#3626=EDGE_CURVE('',#2870,#2903,#1402,.T.);
#3627=EDGE_CURVE('',#2903,#2900,#442,.T.);
#3628=EDGE_CURVE('',#2877,#2904,#443,.T.);
#3629=EDGE_CURVE('',#2903,#2904,#1403,.T.);
#3630=EDGE_CURVE('',#2905,#2906,#444,.T.);
#3631=EDGE_CURVE('',#2906,#2893,#1404,.T.);
#3632=EDGE_CURVE('',#2905,#2899,#1405,.T.);
#3633=EDGE_CURVE('',#2879,#2907,#445,.T.);
#3634=EDGE_CURVE('',#2907,#2908,#446,.T.);
#3635=EDGE_CURVE('',#2909,#2908,#2475,.F.);
#3636=EDGE_CURVE('',#2909,#2910,#447,.T.);
#3637=EDGE_CURVE('',#2911,#2910,#448,.T.);
#3638=EDGE_CURVE('',#2912,#2911,#449,.T.);
#3639=EDGE_CURVE('',#2913,#2912,#450,.T.);
#3640=EDGE_CURVE('',#2914,#2913,#2476,.F.);
#3641=EDGE_CURVE('',#2904,#2914,#451,.T.);
#3642=EDGE_CURVE('',#2878,#2915,#452,.T.);
#3643=EDGE_CURVE('',#2916,#2915,#2477,.T.);
#3644=EDGE_CURVE('',#2907,#2916,#453,.T.);
#3645=EDGE_CURVE('',#2917,#2918,#2382,.T.);
#3646=EDGE_CURVE('',#2917,#2919,#2383,.T.);
#3647=EDGE_CURVE('',#2919,#2920,#2478,.T.);
#3648=EDGE_CURVE('',#2920,#2921,#2384,.T.);
#3649=EDGE_CURVE('',#2921,#2918,#2385,.T.);
#3650=EDGE_CURVE('',#2922,#2923,#2479,.T.);
#3651=EDGE_CURVE('',#2923,#2920,#1406,.T.);
#3652=EDGE_CURVE('',#2919,#2922,#1407,.T.);
#3653=EDGE_CURVE('',#2924,#2925,#1408,.T.);
#3654=EDGE_CURVE('',#2924,#2923,#454,.T.);
#3655=EDGE_CURVE('',#2922,#2926,#455,.T.);
#3656=EDGE_CURVE('',#2925,#2926,#1409,.T.);
#3657=EDGE_CURVE('',#2927,#2919,#456,.T.);
#3658=EDGE_CURVE('',#2928,#2927,#457,.T.);
#3659=EDGE_CURVE('',#2929,#2928,#458,.T.);
#3660=EDGE_CURVE('',#2930,#2929,#459,.T.);
#3661=EDGE_CURVE('',#2926,#2930,#460,.T.);
#3662=EDGE_CURVE('',#2927,#2917,#1410,.T.);
#3663=EDGE_CURVE('',#2918,#2931,#1411,.T.);
#3664=EDGE_CURVE('',#2931,#2932,#461,.T.);
#3665=EDGE_CURVE('',#2928,#2932,#1412,.T.);
#3666=EDGE_CURVE('',#2931,#2933,#462,.T.);
#3667=EDGE_CURVE('',#2934,#2933,#463,.T.);
#3668=EDGE_CURVE('',#2934,#2935,#464,.T.);
#3669=EDGE_CURVE('',#2936,#2935,#2480,.T.);
#3670=EDGE_CURVE('',#2936,#2937,#465,.T.);
#3671=EDGE_CURVE('',#2938,#2937,#2481,.T.);
#3672=EDGE_CURVE('',#2938,#2939,#466,.T.);
#3673=EDGE_CURVE('',#2932,#2939,#2386,.T.);
#3674=EDGE_CURVE('',#2940,#2928,#2482,.T.);
#3675=EDGE_CURVE('',#2939,#2940,#1413,.T.);
#3676=EDGE_CURVE('',#2929,#2941,#1414,.T.);
#3677=EDGE_CURVE('',#2940,#2941,#467,.T.);
#3678=EDGE_CURVE('',#2942,#2941,#1415,.T.);
#3679=EDGE_CURVE('',#2942,#2943,#468,.T.);
#3680=EDGE_CURVE('',#2944,#2943,#1416,.T.);
#3681=EDGE_CURVE('',#2944,#2930,#1417,.T.);
#3682=EDGE_CURVE('',#2944,#2925,#469,.T.);
#3683=EDGE_CURVE('',#2945,#2938,#470,.T.);
#3684=EDGE_CURVE('',#2945,#2942,#471,.T.);
#3685=EDGE_CURVE('',#2933,#2905,#472,.T.);
#3686=EDGE_CURVE('',#2946,#2921,#2483,.T.);
#3687=EDGE_CURVE('',#2906,#2946,#473,.T.);
#3688=EDGE_CURVE('',#2947,#2948,#2484,.T.);
#3689=EDGE_CURVE('',#2948,#2949,#474,.T.);
#3690=EDGE_CURVE('',#2949,#2950,#2485,.T.);
#3691=EDGE_CURVE('',#2950,#2947,#475,.T.);
#3692=EDGE_CURVE('',#2951,#2952,#476,.T.);
#3693=EDGE_CURVE('',#2953,#2951,#477,.T.);
#3694=EDGE_CURVE('',#2953,#2954,#478,.T.);
#3695=EDGE_CURVE('',#2955,#2954,#479,.T.);
#3696=EDGE_CURVE('',#2956,#2955,#480,.T.);
#3697=EDGE_CURVE('',#2952,#2956,#481,.T.);
#3698=EDGE_CURVE('',#2957,#2958,#482,.T.);
#3699=EDGE_CURVE('',#2959,#2957,#483,.T.);
#3700=EDGE_CURVE('',#2960,#2959,#484,.T.);
#3701=EDGE_CURVE('',#2958,#2960,#485,.T.);
#3702=EDGE_CURVE('',#2948,#2961,#486,.T.);
#3703=EDGE_CURVE('',#2961,#2962,#487,.T.);
#3704=EDGE_CURVE('',#2962,#2963,#488,.T.);
#3705=EDGE_CURVE('',#2963,#2964,#489,.T.);
#3706=EDGE_CURVE('',#2964,#2965,#490,.T.);
#3707=EDGE_CURVE('',#2965,#2966,#491,.T.);
#3708=EDGE_CURVE('',#2966,#2967,#492,.T.);
#3709=EDGE_CURVE('',#2967,#2968,#493,.T.);
#3710=EDGE_CURVE('',#2968,#2969,#494,.T.);
#3711=EDGE_CURVE('',#2970,#2969,#495,.T.);
#3712=EDGE_CURVE('',#2970,#2971,#496,.T.);
#3713=EDGE_CURVE('',#2971,#2972,#497,.T.);
#3714=EDGE_CURVE('',#2972,#2973,#498,.T.);
#3715=EDGE_CURVE('',#2973,#2974,#499,.T.);
#3716=EDGE_CURVE('',#2974,#2975,#500,.T.);
#3717=EDGE_CURVE('',#2975,#2976,#501,.T.);
#3718=EDGE_CURVE('',#2976,#2977,#502,.T.);
#3719=EDGE_CURVE('',#2977,#2978,#503,.T.);
#3720=EDGE_CURVE('',#2978,#2949,#504,.T.);
#3721=EDGE_CURVE('',#2947,#2979,#2486,.T.);
#3722=EDGE_CURVE('',#2969,#2979,#2487,.T.);
#3723=EDGE_CURVE('',#2968,#2980,#505,.T.);
#3724=EDGE_CURVE('',#2980,#2981,#506,.T.);
#3725=EDGE_CURVE('',#2961,#2981,#507,.T.);
#3726=EDGE_CURVE('',#2982,#2970,#2488,.T.);
#3727=EDGE_CURVE('',#2979,#2982,#508,.T.);
#3728=EDGE_CURVE('',#2983,#2984,#2489,.T.);
#3729=EDGE_CURVE('',#2984,#2985,#509,.T.);
#3730=EDGE_CURVE('',#2985,#2986,#2490,.F.);
#3731=EDGE_CURVE('',#2986,#2983,#510,.T.);
#3732=EDGE_CURVE('',#2987,#2988,#2491,.T.);
#3733=EDGE_CURVE('',#2988,#2984,#1418,.T.);
#3734=EDGE_CURVE('',#2983,#2987,#1419,.T.);
#3735=EDGE_CURVE('',#2989,#2990,#1420,.F.);
#3736=EDGE_CURVE('',#2990,#2988,#511,.T.);
#3737=EDGE_CURVE('',#2987,#2989,#512,.T.);
#3738=EDGE_CURVE('',#2986,#2991,#513,.T.);
#3739=EDGE_CURVE('',#2991,#2992,#514,.T.);
#3740=EDGE_CURVE('',#2992,#2993,#515,.T.);
#3741=EDGE_CURVE('',#2993,#2994,#1421,.T.);
#3742=EDGE_CURVE('',#2989,#2994,#516,.T.);
#3743=EDGE_CURVE('',#2995,#2996,#2492,.T.);
#3744=EDGE_CURVE('',#2996,#2990,#517,.T.);
#3745=EDGE_CURVE('',#2989,#2995,#518,.T.);
#3746=EDGE_CURVE('',#2997,#2998,#2493,.T.);
#3747=EDGE_CURVE('',#2998,#2996,#2494,.T.);
#3748=EDGE_CURVE('',#2995,#2997,#2495,.T.);
#3749=EDGE_CURVE('',#2997,#2999,#2387,.T.);
#3750=EDGE_CURVE('',#2999,#3000,#2496,.T.);
#3751=EDGE_CURVE('',#3000,#2998,#2388,.T.);
#3752=EDGE_CURVE('',#3001,#2912,#2497,.T.);
#3753=EDGE_CURVE('',#2912,#3000,#2498,.T.);
#3754=EDGE_CURVE('',#2999,#3001,#2499,.T.);
#3755=EDGE_CURVE('',#3002,#2913,#2389,.F.);
#3756=EDGE_CURVE('',#3001,#3002,#519,.T.);
#3757=EDGE_CURVE('',#3003,#3004,#520,.T.);
#3758=EDGE_CURVE('',#3005,#3003,#521,.T.);
#3759=EDGE_CURVE('',#3006,#3005,#522,.T.);
#3760=EDGE_CURVE('',#3004,#3006,#523,.T.);
#3761=EDGE_CURVE('',#3002,#3007,#524,.T.);
#3762=EDGE_CURVE('',#3008,#2999,#525,.T.);
#3763=EDGE_CURVE('',#3009,#3008,#526,.T.);
#3764=EDGE_CURVE('',#3010,#3009,#527,.T.);
#3765=EDGE_CURVE('',#3010,#3011,#2500,.T.);
#3766=EDGE_CURVE('',#3011,#3012,#2501,.T.);
#3767=EDGE_CURVE('',#3012,#3013,#2502,.T.);
#3768=EDGE_CURVE('',#3013,#3014,#2503,.T.);
#3769=EDGE_CURVE('',#3014,#3015,#2504,.T.);
#3770=EDGE_CURVE('',#3015,#3016,#2505,.T.);
#3771=EDGE_CURVE('',#3016,#3017,#2506,.T.);
#3772=EDGE_CURVE('',#3017,#3018,#2507,.T.);
#3773=EDGE_CURVE('',#3018,#3019,#2508,.T.);
#3774=EDGE_CURVE('',#3019,#3020,#2509,.T.);
#3775=EDGE_CURVE('',#3020,#3021,#2510,.T.);
#3776=EDGE_CURVE('',#3022,#3021,#528,.T.);
#3777=EDGE_CURVE('',#3023,#3022,#529,.T.);
#3778=EDGE_CURVE('',#2937,#3023,#530,.T.);
#3779=EDGE_CURVE('',#3007,#2936,#531,.T.);
#3780=EDGE_CURVE('',#2995,#3024,#532,.T.);
#3781=EDGE_CURVE('',#3008,#3024,#1422,.T.);
#3782=EDGE_CURVE('',#3024,#2994,#533,.T.);
#3783=EDGE_CURVE('',#2897,#3025,#1423,.T.);
#3784=EDGE_CURVE('',#3025,#2896,#1424,.T.);
#3785=EDGE_CURVE('',#3025,#3026,#534,.T.);
#3786=EDGE_CURVE('',#3026,#2861,#1425,.T.);
#3787=EDGE_CURVE('',#2897,#3027,#535,.T.);
#3788=EDGE_CURVE('',#3027,#3028,#2511,.T.);
#3789=EDGE_CURVE('',#3028,#3025,#536,.T.);
#3790=EDGE_CURVE('',#2892,#3029,#2512,.T.);
#3791=EDGE_CURVE('',#2891,#3030,#2513,.T.);
#3792=EDGE_CURVE('',#3030,#3029,#537,.T.);
#3793=EDGE_CURVE('',#2891,#3009,#1426,.T.);
#3794=EDGE_CURVE('',#3009,#3030,#1427,.T.);
#3795=EDGE_CURVE('',#3031,#3008,#1428,.T.);
#3796=EDGE_CURVE('',#3031,#3030,#538,.T.);
#3797=EDGE_CURVE('',#2890,#3010,#2390,.T.);
#3798=EDGE_CURVE('',#2993,#3031,#539,.T.);
#3799=EDGE_CURVE('',#3031,#3024,#2514,.T.);
#3800=EDGE_CURVE('',#3029,#2992,#540,.T.);
#3801=EDGE_CURVE('',#3032,#2910,#2515,.T.);
#3802=EDGE_CURVE('',#3032,#3033,#541,.T.);
#3803=EDGE_CURVE('',#3033,#2911,#2516,.T.);
#3804=EDGE_CURVE('',#2911,#3034,#2517,.T.);
#3805=EDGE_CURVE('',#3034,#2998,#542,.T.);
#3806=EDGE_CURVE('',#3033,#3034,#2518,.T.);
#3807=EDGE_CURVE('',#3033,#2984,#543,.T.);
#3808=EDGE_CURVE('',#2985,#3032,#544,.T.);
#3809=EDGE_CURVE('',#3035,#2909,#545,.T.);
#3810=EDGE_CURVE('',#3036,#3035,#546,.T.);
#3811=EDGE_CURVE('',#2991,#3036,#547,.T.);
#3812=EDGE_CURVE('',#2988,#3034,#548,.T.);
#3813=EDGE_CURVE('',#3037,#3038,#1429,.F.);
#3814=EDGE_CURVE('',#3038,#2945,#549,.T.);
#3815=EDGE_CURVE('',#2945,#3023,#1430,.F.);
#3816=EDGE_CURVE('',#3022,#3037,#2391,.F.);
#3817=EDGE_CURVE('',#3039,#3038,#550,.T.);
#3818=EDGE_CURVE('',#3040,#3039,#551,.T.);
#3819=EDGE_CURVE('',#2943,#3040,#552,.T.);
#3820=EDGE_CURVE('',#3041,#2952,#2519,.T.);
#3821=EDGE_CURVE('',#2952,#3042,#2520,.T.);
#3822=EDGE_CURVE('',#3042,#3041,#2521,.T.);
#3823=EDGE_CURVE('',#3041,#3043,#553,.T.);
#3824=EDGE_CURVE('',#3043,#2951,#2522,.T.);
#3825=EDGE_CURVE('',#3043,#3044,#2523,.T.);
#3826=EDGE_CURVE('',#3044,#2951,#2524,.T.);
#3827=EDGE_CURVE('',#3045,#3041,#554,.T.);
#3828=EDGE_CURVE('',#3046,#3045,#555,.T.);
#3829=EDGE_CURVE('',#3043,#3046,#556,.T.);
#3830=EDGE_CURVE('',#3042,#3047,#557,.T.);
#3831=EDGE_CURVE('',#3047,#3045,#2525,.T.);
#3832=EDGE_CURVE('',#3048,#2956,#2526,.T.);
#3833=EDGE_CURVE('',#3048,#3042,#558,.T.);
#3834=EDGE_CURVE('',#3049,#2955,#2527,.T.);
#3835=EDGE_CURVE('',#2955,#3050,#2528,.T.);
#3836=EDGE_CURVE('',#3050,#3049,#2529,.T.);
#3837=EDGE_CURVE('',#3049,#3051,#559,.T.);
#3838=EDGE_CURVE('',#3051,#2956,#2530,.T.);
#3839=EDGE_CURVE('',#3051,#3048,#2531,.T.);
#3840=EDGE_CURVE('',#3052,#3049,#560,.T.);
#3841=EDGE_CURVE('',#3053,#3052,#561,.T.);
#3842=EDGE_CURVE('',#3051,#3053,#562,.T.);
#3843=EDGE_CURVE('',#3054,#3054,#2532,.T.);
#3844=EDGE_CURVE('',#3050,#3055,#563,.T.);
#3845=EDGE_CURVE('',#3055,#3052,#2533,.T.);
#3846=EDGE_CURVE('',#3056,#2954,#1431,.T.);
#3847=EDGE_CURVE('',#3056,#3050,#564,.T.);
#3848=EDGE_CURVE('',#2960,#3057,#1432,.F.);
#3849=EDGE_CURVE('',#3057,#3058,#565,.T.);
#3850=EDGE_CURVE('',#3058,#2958,#1433,.F.);
#3851=EDGE_CURVE('',#3057,#3059,#566,.T.);
#3852=EDGE_CURVE('',#3059,#3060,#567,.T.);
#3853=EDGE_CURVE('',#3058,#3060,#568,.T.);
#3854=EDGE_CURVE('',#3058,#3061,#569,.T.);
#3855=EDGE_CURVE('',#3061,#2957,#1434,.F.);
#3856=EDGE_CURVE('',#3060,#3062,#570,.T.);
#3857=EDGE_CURVE('',#3062,#3063,#571,.T.);
#3858=EDGE_CURVE('',#3063,#3064,#572,.T.);
#3859=EDGE_CURVE('',#3064,#3065,#573,.T.);
#3860=EDGE_CURVE('',#3065,#3066,#574,.T.);
#3861=EDGE_CURVE('',#3066,#3067,#575,.T.);
#3862=EDGE_CURVE('',#3067,#3068,#576,.T.);
#3863=EDGE_CURVE('',#3061,#3068,#577,.T.);
#3864=EDGE_CURVE('',#3061,#3069,#578,.T.);
#3865=EDGE_CURVE('',#3069,#2959,#1435,.F.);
#3866=EDGE_CURVE('',#3068,#3070,#579,.T.);
#3867=EDGE_CURVE('',#3070,#3071,#580,.T.);
#3868=EDGE_CURVE('',#3071,#3072,#581,.T.);
#3869=EDGE_CURVE('',#3072,#3073,#582,.T.);
#3870=EDGE_CURVE('',#3073,#3074,#583,.T.);
#3871=EDGE_CURVE('',#3069,#3074,#584,.T.);
#3872=EDGE_CURVE('',#3075,#3075,#2534,.T.);
#3873=EDGE_CURVE('',#3069,#3057,#585,.T.);
#3874=EDGE_CURVE('',#3074,#3076,#586,.T.);
#3875=EDGE_CURVE('',#3076,#3077,#587,.T.);
#3876=EDGE_CURVE('',#3077,#3078,#588,.T.);
#3877=EDGE_CURVE('',#3078,#3079,#589,.T.);
#3878=EDGE_CURVE('',#3079,#3080,#590,.T.);
#3879=EDGE_CURVE('',#3080,#3081,#591,.T.);
#3880=EDGE_CURVE('',#3081,#3059,#592,.T.);
#3881=EDGE_CURVE('',#3082,#2953,#593,.T.);
#3882=EDGE_CURVE('',#2953,#3083,#1436,.T.);
#3883=EDGE_CURVE('',#3083,#3084,#594,.T.);
#3884=EDGE_CURVE('',#3084,#3082,#1437,.T.);
#3885=EDGE_CURVE('',#3084,#3085,#595,.T.);
#3886=EDGE_CURVE('',#3085,#3086,#1438,.T.);
#3887=EDGE_CURVE('',#3086,#3082,#596,.T.);
#3888=EDGE_CURVE('',#3085,#3056,#597,.T.);
#3889=EDGE_CURVE('',#2954,#3086,#598,.T.);
#3890=EDGE_CURVE('',#3004,#3055,#2535,.T.);
#3891=EDGE_CURVE('',#3055,#3087,#599,.T.);
#3892=EDGE_CURVE('',#3087,#3003,#2536,.T.);
#3893=EDGE_CURVE('',#3004,#3052,#2537,.T.);
#3894=EDGE_CURVE('',#3044,#3083,#600,.T.);
#3895=EDGE_CURVE('',#3046,#3087,#2538,.T.);
#3896=EDGE_CURVE('',#3087,#3044,#601,.T.);
#3897=EDGE_CURVE('',#3046,#3003,#2539,.T.);
#3898=EDGE_CURVE('',#3053,#3006,#2540,.T.);
#3899=EDGE_CURVE('',#3005,#3045,#2541,.T.);
#3900=EDGE_CURVE('',#3053,#3088,#2542,.T.);
#3901=EDGE_CURVE('',#3088,#3048,#602,.T.);
#3902=EDGE_CURVE('',#3005,#3047,#2543,.T.);
#3903=EDGE_CURVE('',#3047,#3088,#603,.T.);
#3904=EDGE_CURVE('',#3088,#3006,#2544,.T.);
#3905=EDGE_CURVE('',#3089,#3090,#2545,.T.);
#3906=EDGE_CURVE('',#3090,#3091,#2546,.T.);
#3907=EDGE_CURVE('',#3091,#3092,#2392,.F.);
#3908=EDGE_CURVE('',#3092,#3089,#2547,.T.);
#3909=EDGE_CURVE('',#3093,#3094,#2548,.T.);
#3910=EDGE_CURVE('',#3094,#3090,#2549,.T.);
#3911=EDGE_CURVE('',#3089,#3093,#2550,.T.);
#3912=EDGE_CURVE('',#3095,#3096,#2551,.T.);
#3913=EDGE_CURVE('',#3096,#3094,#604,.T.);
#3914=EDGE_CURVE('',#3093,#3095,#605,.T.);
#3915=EDGE_CURVE('',#3097,#3098,#2552,.T.);
#3916=EDGE_CURVE('',#3098,#3099,#1439,.T.);
#3917=EDGE_CURVE('',#3099,#3100,#2553,.T.);
#3918=EDGE_CURVE('',#3100,#3097,#1440,.T.);
#3919=EDGE_CURVE('',#3101,#3102,#2393,.T.);
#3920=EDGE_CURVE('',#3102,#3037,#606,.T.);
#3921=EDGE_CURVE('',#3021,#3103,#2394,.T.);
#3922=EDGE_CURVE('',#3103,#3098,#607,.T.);
#3923=EDGE_CURVE('',#3097,#3101,#608,.T.);
#3924=EDGE_CURVE('',#3099,#3096,#2395,.T.);
#3925=EDGE_CURVE('',#3095,#3100,#2396,.T.);
#3926=EDGE_CURVE('',#3104,#3105,#2554,.T.);
#3927=EDGE_CURVE('',#3106,#3104,#609,.T.);
#3928=EDGE_CURVE('',#3103,#3106,#2555,.T.);
#3929=EDGE_CURVE('',#3107,#3020,#610,.T.);
#3930=EDGE_CURVE('',#3108,#3107,#2556,.T.);
#3931=EDGE_CURVE('',#3108,#3109,#611,.T.);
#3932=EDGE_CURVE('',#3109,#3110,#2557,.T.);
#3933=EDGE_CURVE('',#3110,#3111,#612,.T.);
#3934=EDGE_CURVE('',#3105,#3111,#2558,.T.);
#3935=EDGE_CURVE('',#3105,#3112,#613,.T.);
#3936=EDGE_CURVE('',#3112,#3113,#2559,.T.);
#3937=EDGE_CURVE('',#3114,#3113,#2397,.F.);
#3938=EDGE_CURVE('',#3114,#3115,#614,.T.);
#3939=EDGE_CURVE('',#3115,#3102,#1441,.T.);
#3940=EDGE_CURVE('',#3101,#3116,#1442,.T.);
#3941=EDGE_CURVE('',#3116,#3117,#615,.T.);
#3942=EDGE_CURVE('',#3118,#3117,#2398,.F.);
#3943=EDGE_CURVE('',#3118,#3112,#2560,.T.);
#3944=EDGE_CURVE('',#3119,#3097,#616,.T.);
#3945=EDGE_CURVE('',#3119,#3116,#617,.T.);
#3946=EDGE_CURVE('',#3115,#3039,#618,.T.);
#3947=EDGE_CURVE('',#3100,#3119,#2561,.T.);
#3948=EDGE_CURVE('',#2923,#3120,#619,.T.);
#3949=EDGE_CURVE('',#3121,#3120,#2562,.T.);
#3950=EDGE_CURVE('',#3121,#2946,#620,.T.);
#3951=EDGE_CURVE('',#2924,#3122,#621,.T.);
#3952=EDGE_CURVE('',#3122,#3120,#622,.T.);
#3953=EDGE_CURVE('',#3035,#3123,#2563,.T.);
#3954=EDGE_CURVE('',#3123,#3124,#623,.T.);
#3955=EDGE_CURVE('',#3124,#3036,#2564,.F.);
#3956=EDGE_CURVE('',#3125,#3035,#2565,.T.);
#3957=EDGE_CURVE('',#2908,#3125,#624,.T.);
#3958=EDGE_CURVE('',#3125,#3123,#2566,.T.);
#3959=EDGE_CURVE('',#2915,#3123,#625,.T.);
#3960=EDGE_CURVE('',#3124,#2884,#626,.T.);
#3961=EDGE_CURVE('',#3125,#2916,#627,.T.);
#3962=EDGE_CURVE('',#2935,#3126,#628,.T.);
#3963=EDGE_CURVE('',#3126,#3007,#1443,.F.);
#3964=EDGE_CURVE('',#3106,#3127,#2567,.T.);
#3965=EDGE_CURVE('',#3127,#3128,#2568,.T.);
#3966=EDGE_CURVE('',#3128,#3091,#2569,.T.);
#3967=EDGE_CURVE('',#3126,#2901,#629,.T.);
#3968=EDGE_CURVE('',#2902,#2934,#630,.T.);
#3969=EDGE_CURVE('',#3126,#2914,#631,.T.);
#3970=EDGE_CURVE('',#3117,#3114,#632,.T.);
#3971=EDGE_CURVE('',#3113,#3118,#633,.T.);
#3972=EDGE_CURVE('',#3129,#3119,#2570,.T.);
#3973=EDGE_CURVE('',#3028,#3129,#634,.T.);
#3974=EDGE_CURVE('',#3027,#3121,#635,.T.);
#3975=EDGE_CURVE('',#3122,#3040,#636,.T.);
#3976=EDGE_CURVE('',#3130,#2889,#2399,.F.);
#3977=EDGE_CURVE('',#3130,#3131,#2571,.T.);
#3978=EDGE_CURVE('',#2888,#3131,#2400,.F.);
#3979=EDGE_CURVE('',#3132,#2887,#2401,.T.);
#3980=EDGE_CURVE('',#3133,#3132,#2572,.T.);
#3981=EDGE_CURVE('',#3134,#3133,#637,.T.);
#3982=EDGE_CURVE('',#3135,#3134,#2573,.T.);
#3983=EDGE_CURVE('',#3011,#3135,#638,.T.);
#3984=EDGE_CURVE('',#3136,#3137,#2402,.T.);
#3985=EDGE_CURVE('',#3137,#3136,#2403,.T.);
#3986=EDGE_CURVE('',#3131,#3130,#639,.T.);
#3987=EDGE_CURVE('',#2886,#3138,#2574,.T.);
#3988=EDGE_CURVE('',#3138,#3132,#640,.T.);
#3989=EDGE_CURVE('',#2886,#3139,#2575,.T.);
#3990=EDGE_CURVE('',#3139,#3138,#2576,.T.);
#3991=EDGE_CURVE('',#3139,#3140,#641,.T.);
#3992=EDGE_CURVE('',#3140,#3141,#1444,.T.);
#3993=EDGE_CURVE('',#3141,#3138,#642,.T.);
#3994=EDGE_CURVE('',#3142,#2885,#2577,.T.);
#3995=EDGE_CURVE('',#3142,#3139,#643,.T.);
#3996=EDGE_CURVE('',#3026,#3142,#644,.T.);
#3997=EDGE_CURVE('',#3142,#2862,#2578,.T.);
#3998=EDGE_CURVE('',#3143,#3093,#645,.T.);
#3999=EDGE_CURVE('',#3144,#3143,#646,.T.);
#4000=EDGE_CURVE('',#3145,#3144,#647,.T.);
#4001=EDGE_CURVE('',#3146,#3145,#2404,.T.);
#4002=EDGE_CURVE('',#3147,#3146,#648,.T.);
#4003=EDGE_CURVE('',#3148,#3147,#649,.T.);
#4004=EDGE_CURVE('',#3149,#3148,#650,.T.);
#4005=EDGE_CURVE('',#3150,#3149,#2405,.T.);
#4006=EDGE_CURVE('',#3151,#3150,#651,.T.);
#4007=EDGE_CURVE('',#3152,#3151,#652,.T.);
#4008=EDGE_CURVE('',#3140,#3152,#653,.T.);
#4009=EDGE_CURVE('',#3095,#3129,#2579,.T.);
#4010=EDGE_CURVE('',#3153,#3150,#2406,.T.);
#4011=EDGE_CURVE('',#3154,#3149,#2580,.F.);
#4012=EDGE_CURVE('',#3154,#3153,#2581,.T.);
#4013=EDGE_CURVE('',#3153,#3155,#654,.T.);
#4014=EDGE_CURVE('',#3156,#3155,#2582,.T.);
#4015=EDGE_CURVE('',#3156,#3157,#655,.T.);
#4016=EDGE_CURVE('',#3157,#3158,#2583,.T.);
#4017=EDGE_CURVE('',#3151,#3158,#1445,.T.);
#4018=EDGE_CURVE('',#3146,#3159,#2584,.F.);
#4019=EDGE_CURVE('',#3145,#3160,#2407,.T.);
#4020=EDGE_CURVE('',#3160,#3159,#2585,.T.);
#4021=EDGE_CURVE('',#3144,#3161,#1446,.T.);
#4022=EDGE_CURVE('',#3161,#3162,#2586,.T.);
#4023=EDGE_CURVE('',#3162,#3163,#656,.T.);
#4024=EDGE_CURVE('',#3163,#3164,#2587,.F.);
#4025=EDGE_CURVE('',#3164,#3160,#657,.T.);
#4026=EDGE_CURVE('',#3165,#3154,#658,.T.);
#4027=EDGE_CURVE('',#3148,#3165,#1447,.T.);
#4028=EDGE_CURVE('',#3147,#3166,#1448,.T.);
#4029=EDGE_CURVE('',#3166,#3167,#2408,.T.);
#4030=EDGE_CURVE('',#3167,#3168,#659,.T.);
#4031=EDGE_CURVE('',#3168,#3165,#2409,.T.);
#4032=EDGE_CURVE('',#3159,#3166,#660,.T.);
#4033=EDGE_CURVE('',#3167,#3168,#2588,.T.);
#4034=EDGE_CURVE('',#3169,#3164,#2589,.T.);
#4035=EDGE_CURVE('',#3169,#3092,#661,.T.);
#4036=EDGE_CURVE('',#3128,#3170,#662,.T.);
#4037=EDGE_CURVE('',#3170,#3171,#2590,.T.);
#4038=EDGE_CURVE('',#3171,#3172,#663,.T.);
#4039=EDGE_CURVE('',#3172,#3173,#2591,.T.);
#4040=EDGE_CURVE('',#3173,#3127,#664,.T.);
#4041=EDGE_CURVE('',#3104,#3107,#2592,.T.);
#4042=EDGE_CURVE('',#3019,#3174,#665,.T.);
#4043=EDGE_CURVE('',#3174,#3175,#2593,.T.);
#4044=EDGE_CURVE('',#3175,#3176,#666,.T.);
#4045=EDGE_CURVE('',#3176,#3177,#2594,.T.);
#4046=EDGE_CURVE('',#3177,#3018,#667,.T.);
#4047=EDGE_CURVE('',#3017,#3178,#668,.T.);
#4048=EDGE_CURVE('',#3178,#3179,#2595,.T.);
#4049=EDGE_CURVE('',#3179,#3016,#669,.T.);
#4050=EDGE_CURVE('',#3015,#3180,#670,.T.);
#4051=EDGE_CURVE('',#3180,#3181,#671,.T.);
#4052=EDGE_CURVE('',#3181,#3182,#2596,.T.);
#4053=EDGE_CURVE('',#3182,#3183,#672,.T.);
#4054=EDGE_CURVE('',#3183,#3014,#673,.T.);
#4055=EDGE_CURVE('',#3013,#3184,#674,.T.);
#4056=EDGE_CURVE('',#3184,#3185,#2597,.T.);
#4057=EDGE_CURVE('',#3185,#3186,#675,.T.);
#4058=EDGE_CURVE('',#3186,#3187,#2598,.T.);
#4059=EDGE_CURVE('',#3187,#3012,#676,.T.);
#4060=EDGE_CURVE('',#3135,#3134,#2599,.T.);
#4061=EDGE_CURVE('',#3188,#3133,#2600,.T.);
#4062=EDGE_CURVE('',#3188,#3189,#677,.T.);
#4063=EDGE_CURVE('',#3189,#3190,#2601,.T.);
#4064=EDGE_CURVE('',#3190,#3191,#678,.T.);
#4065=EDGE_CURVE('',#3191,#3192,#2602,.T.);
#4066=EDGE_CURVE('',#3192,#3193,#679,.T.);
#4067=EDGE_CURVE('',#3194,#3193,#2603,.T.);
#4068=EDGE_CURVE('',#3194,#3195,#680,.T.);
#4069=EDGE_CURVE('',#3155,#3195,#2604,.T.);
#4070=EDGE_CURVE('',#3089,#3196,#681,.T.);
#4071=EDGE_CURVE('',#3196,#3197,#2605,.T.);
#4072=EDGE_CURVE('',#3197,#3143,#1449,.T.);
#4073=EDGE_CURVE('',#3197,#3161,#682,.T.);
#4074=EDGE_CURVE('',#3162,#3196,#2606,.T.);
#4075=EDGE_CURVE('',#3198,#3169,#2607,.T.);
#4076=EDGE_CURVE('',#3198,#3199,#683,.T.);
#4077=EDGE_CURVE('',#3199,#3200,#2608,.T.);
#4078=EDGE_CURVE('',#3200,#3201,#684,.T.);
#4079=EDGE_CURVE('',#3163,#3201,#2609,.T.);
#4080=EDGE_CURVE('',#3202,#3203,#685,.T.);
#4081=EDGE_CURVE('',#3203,#3141,#2610,.T.);
#4082=EDGE_CURVE('',#3152,#3204,#1450,.T.);
#4083=EDGE_CURVE('',#3204,#3202,#2611,.T.);
#4084=EDGE_CURVE('',#3158,#3204,#686,.T.);
#4085=EDGE_CURVE('',#3203,#3194,#2612,.T.);
#4086=EDGE_CURVE('',#3193,#3188,#2613,.T.);
#4087=EDGE_CURVE('',#3202,#3157,#2614,.T.);
#4088=EDGE_CURVE('',#3205,#3156,#2615,.T.);
#4089=EDGE_CURVE('',#3205,#3206,#687,.T.);
#4090=EDGE_CURVE('',#3206,#3207,#2616,.T.);
#4091=EDGE_CURVE('',#3207,#3208,#688,.T.);
#4092=EDGE_CURVE('',#3195,#3208,#2617,.T.);
#4093=EDGE_CURVE('',#2964,#2965,#2618,.T.);
#4094=EDGE_CURVE('',#2975,#2974,#2619,.T.);
#4095=EDGE_CURVE('',#2982,#2950,#2620,.T.);
#4096=EDGE_CURVE('',#2976,#2973,#2621,.T.);
#4097=EDGE_CURVE('',#2966,#2963,#2622,.T.);
#4098=EDGE_CURVE('',#2962,#3209,#689,.T.);
#4099=EDGE_CURVE('',#3209,#3210,#690,.T.);
#4100=EDGE_CURVE('',#2967,#3210,#691,.T.);
#4101=EDGE_CURVE('',#2981,#3209,#692,.T.);
#4102=EDGE_CURVE('',#3210,#2980,#693,.T.);
#4103=EDGE_CURVE('',#2977,#3211,#694,.T.);
#4104=EDGE_CURVE('',#3211,#3212,#695,.T.);
#4105=EDGE_CURVE('',#2978,#3212,#696,.T.);
#4106=EDGE_CURVE('',#2972,#3213,#697,.T.);
#4107=EDGE_CURVE('',#3213,#3211,#698,.T.);
#4108=EDGE_CURVE('',#2971,#3214,#699,.T.);
#4109=EDGE_CURVE('',#3214,#3213,#700,.T.);
#4110=EDGE_CURVE('',#3212,#3214,#701,.T.);
#4111=EDGE_CURVE('',#3215,#3216,#702,.T.);
#4112=EDGE_CURVE('',#3215,#3216,#2623,.T.);
#4113=EDGE_CURVE('',#3215,#3217,#2624,.T.);
#4114=EDGE_CURVE('',#3217,#3216,#2625,.T.);
#4115=EDGE_CURVE('',#3217,#3137,#703,.T.);
#4116=EDGE_CURVE('',#3054,#3075,#704,.T.);
#4117=EDGE_CURVE('',#3180,#3183,#2626,.T.);
#4118=EDGE_CURVE('',#3180,#3218,#2627,.T.);
#4119=EDGE_CURVE('',#3218,#3219,#705,.T.);
#4120=EDGE_CURVE('',#3181,#3219,#2628,.T.);
#4121=EDGE_CURVE('',#3220,#3183,#2629,.T.);
#4122=EDGE_CURVE('',#3221,#3182,#2630,.T.);
#4123=EDGE_CURVE('',#3221,#3220,#706,.T.);
#4124=EDGE_CURVE('',#3110,#3222,#707,.T.);
#4125=EDGE_CURVE('',#3223,#3222,#708,.T.);
#4126=EDGE_CURVE('',#3223,#3111,#709,.T.);
#4127=EDGE_CURVE('',#3224,#3225,#710,.T.);
#4128=EDGE_CURVE('',#3224,#3176,#711,.T.);
#4129=EDGE_CURVE('',#3175,#3225,#712,.T.);
#4130=EDGE_CURVE('',#3185,#3220,#713,.T.);
#4131=EDGE_CURVE('',#3221,#3186,#714,.T.);
#4132=EDGE_CURVE('',#3226,#3077,#2631,.T.);
#4133=EDGE_CURVE('',#3216,#3226,#715,.T.);
#4134=EDGE_CURVE('',#3227,#3215,#716,.T.);
#4135=EDGE_CURVE('',#3078,#3227,#2632,.T.);
#4136=EDGE_CURVE('',#3228,#3109,#717,.T.);
#4137=EDGE_CURVE('',#3066,#3228,#2633,.T.);
#4138=EDGE_CURVE('',#3222,#3065,#2634,.T.);
#4139=EDGE_CURVE('',#3229,#3230,#2635,.T.);
#4140=EDGE_CURVE('',#3218,#3229,#718,.T.);
#4141=EDGE_CURVE('',#3072,#3184,#2636,.T.);
#4142=EDGE_CURVE('',#3177,#3071,#2637,.T.);
#4143=EDGE_CURVE('',#3230,#3224,#2638,.T.);
#4144=EDGE_CURVE('',#3190,#3208,#719,.T.);
#4145=EDGE_CURVE('',#3207,#3191,#720,.T.);
#4146=EDGE_CURVE('',#3198,#3172,#721,.T.);
#4147=EDGE_CURVE('',#3171,#3199,#722,.T.);
#4148=EDGE_CURVE('',#3200,#3206,#723,.T.);
#4149=EDGE_CURVE('',#3205,#3201,#724,.T.);
#4150=EDGE_CURVE('',#3062,#3170,#2639,.T.);
#4151=EDGE_CURVE('',#3192,#3081,#2640,.T.);
#4152=EDGE_CURVE('',#3108,#3231,#725,.T.);
#4153=EDGE_CURVE('',#3228,#3231,#726,.T.);
#4154=EDGE_CURVE('',#3232,#3229,#727,.T.);
#4155=EDGE_CURVE('',#3232,#3219,#728,.T.);
#4156=EDGE_CURVE('',#3233,#3226,#729,.T.);
#4157=EDGE_CURVE('',#3233,#3234,#730,.T.);
#4158=EDGE_CURVE('',#3227,#3234,#731,.T.);
#4159=EDGE_CURVE('',#3230,#3235,#732,.T.);
#4160=EDGE_CURVE('',#3235,#3235,#2641,.T.);
#4161=EDGE_CURVE('',#3178,#3225,#2642,.T.);
#4162=EDGE_CURVE('',#3232,#3179,#2643,.T.);
#4163=EDGE_CURVE('',#3233,#3187,#2644,.T.);
#4164=EDGE_CURVE('',#3076,#3073,#2645,.T.);
#4165=EDGE_CURVE('',#3189,#3234,#2646,.T.);
#4166=EDGE_CURVE('',#3080,#3079,#2647,.T.);
#4167=EDGE_CURVE('',#3236,#3237,#733,.T.);
#4168=EDGE_CURVE('',#3237,#3238,#734,.T.);
#4169=EDGE_CURVE('',#3238,#3239,#735,.T.);
#4170=EDGE_CURVE('',#3236,#3239,#736,.T.);
#4171=EDGE_CURVE('',#3223,#3173,#2648,.T.);
#4172=EDGE_CURVE('',#3064,#3063,#2649,.T.);
#4173=EDGE_CURVE('',#3240,#3236,#737,.T.);
#4174=EDGE_CURVE('',#3239,#3241,#738,.T.);
#4175=EDGE_CURVE('',#3240,#3241,#739,.T.);
#4176=EDGE_CURVE('',#3242,#3240,#740,.T.);
#4177=EDGE_CURVE('',#3241,#3243,#741,.T.);
#4178=EDGE_CURVE('',#3242,#3243,#742,.T.);
#4179=EDGE_CURVE('',#3237,#3242,#743,.T.);
#4180=EDGE_CURVE('',#3243,#3238,#744,.T.);
#4181=EDGE_CURVE('',#3070,#3067,#2650,.T.);
#4182=EDGE_CURVE('',#3174,#3231,#2651,.T.);
#4183=EDGE_CURVE('',#3244,#3245,#2652,.T.);
#4184=EDGE_CURVE('',#3245,#3246,#2410,.T.);
#4185=EDGE_CURVE('',#3246,#3247,#2411,.T.);
#4186=EDGE_CURVE('',#3247,#3244,#2412,.T.);
#4187=EDGE_CURVE('',#3248,#3249,#2653,.T.);
#4188=EDGE_CURVE('',#3249,#3245,#745,.T.);
#4189=EDGE_CURVE('',#3244,#3248,#746,.T.);
#4190=EDGE_CURVE('',#3250,#3251,#2413,.T.);
#4191=EDGE_CURVE('',#3250,#3249,#2414,.T.);
#4192=EDGE_CURVE('',#3248,#3251,#2415,.T.);
#4193=EDGE_CURVE('',#3252,#3252,#2654,.T.);
#4194=EDGE_CURVE('',#3252,#3253,#747,.T.);
#4195=EDGE_CURVE('',#3254,#3253,#2655,.T.);
#4196=EDGE_CURVE('',#3255,#3254,#2416,.T.);
#4197=EDGE_CURVE('',#3256,#3255,#748,.T.);
#4198=EDGE_CURVE('',#3256,#3257,#2417,.T.);
#4199=EDGE_CURVE('',#3257,#3258,#2418,.T.);
#4200=EDGE_CURVE('',#3251,#3258,#2656,.T.);
#4201=EDGE_CURVE('',#3259,#3247,#2657,.T.);
#4202=EDGE_CURVE('',#3260,#3259,#749,.T.);
#4203=EDGE_CURVE('',#3261,#3260,#2658,.T.);
#4204=EDGE_CURVE('',#3262,#3261,#750,.T.);
#4205=EDGE_CURVE('',#3253,#3262,#2659,.T.);
#4206=EDGE_CURVE('',#3245,#3263,#751,.T.);
#4207=EDGE_CURVE('',#3263,#3264,#2660,.T.);
#4208=EDGE_CURVE('',#3264,#3246,#752,.T.);
#4209=EDGE_CURVE('',#3265,#3266,#2661,.T.);
#4210=EDGE_CURVE('',#3266,#3267,#753,.T.);
#4211=EDGE_CURVE('',#3267,#3263,#2662,.T.);
#4212=EDGE_CURVE('',#3263,#3265,#754,.T.);
#4213=EDGE_CURVE('',#3267,#3264,#2663,.T.);
#4214=EDGE_CURVE('',#3250,#3268,#755,.T.);
#4215=EDGE_CURVE('',#3268,#3265,#2664,.T.);
#4216=EDGE_CURVE('',#3265,#3249,#756,.T.);
#4217=EDGE_CURVE('',#3268,#3266,#2665,.T.);
#4218=EDGE_CURVE('',#3269,#3264,#757,.T.);
#4219=EDGE_CURVE('',#3270,#3269,#758,.T.);
#4220=EDGE_CURVE('',#3254,#3270,#2666,.T.);
#4221=EDGE_CURVE('',#3262,#3271,#759,.T.);
#4222=EDGE_CURVE('',#3259,#3271,#760,.T.);
#4223=EDGE_CURVE('',#3267,#3272,#761,.T.);
#4224=EDGE_CURVE('',#3269,#3272,#2667,.T.);
#4225=EDGE_CURVE('',#3273,#3266,#762,.T.);
#4226=EDGE_CURVE('',#3272,#3273,#763,.T.);
#4227=EDGE_CURVE('',#3268,#3274,#764,.T.);
#4228=EDGE_CURVE('',#3273,#3274,#2668,.T.);
#4229=EDGE_CURVE('',#3274,#3258,#765,.T.);
#4230=EDGE_CURVE('',#3275,#3274,#2669,.T.);
#4231=EDGE_CURVE('',#3258,#3276,#2670,.T.);
#4232=EDGE_CURVE('',#3276,#3275,#766,.T.);
#4233=EDGE_CURVE('',#3277,#3272,#2671,.T.);
#4234=EDGE_CURVE('',#3273,#3275,#2672,.T.);
#4235=EDGE_CURVE('',#3275,#3277,#767,.T.);
#4236=EDGE_CURVE('',#3270,#3278,#2673,.T.);
#4237=EDGE_CURVE('',#3278,#3255,#2674,.T.);
#4238=EDGE_CURVE('',#3269,#3277,#2675,.T.);
#4239=EDGE_CURVE('',#3277,#3278,#768,.T.);
#4240=EDGE_CURVE('',#3257,#3279,#2676,.T.);
#4241=EDGE_CURVE('',#3279,#3276,#769,.T.);
#4242=EDGE_CURVE('',#3256,#3279,#2677,.T.);
#4243=EDGE_CURVE('',#3278,#3279,#770,.T.);
#4244=EDGE_CURVE('',#3280,#3260,#771,.T.);
#4245=EDGE_CURVE('',#3261,#3280,#772,.T.);
#4246=EDGE_CURVE('',#3271,#3280,#773,.T.);
#4247=EDGE_CURVE('',#3281,#3282,#2678,.T.);
#4248=EDGE_CURVE('',#3282,#3283,#2419,.T.);
#4249=EDGE_CURVE('',#3283,#3284,#2420,.T.);
#4250=EDGE_CURVE('',#3284,#3281,#2421,.T.);
#4251=EDGE_CURVE('',#3285,#3286,#2679,.T.);
#4252=EDGE_CURVE('',#3286,#3282,#774,.T.);
#4253=EDGE_CURVE('',#3281,#3285,#775,.T.);
#4254=EDGE_CURVE('',#3287,#3288,#2422,.T.);
#4255=EDGE_CURVE('',#3287,#3286,#2423,.T.);
#4256=EDGE_CURVE('',#3285,#3288,#2424,.T.);
#4257=EDGE_CURVE('',#3289,#3289,#2680,.T.);
#4258=EDGE_CURVE('',#3289,#3290,#776,.T.);
#4259=EDGE_CURVE('',#3291,#3290,#2681,.T.);
#4260=EDGE_CURVE('',#3292,#3291,#2425,.T.);
#4261=EDGE_CURVE('',#3293,#3292,#777,.T.);
#4262=EDGE_CURVE('',#3293,#3294,#2426,.T.);
#4263=EDGE_CURVE('',#3294,#3295,#2427,.T.);
#4264=EDGE_CURVE('',#3288,#3295,#2682,.T.);
#4265=EDGE_CURVE('',#3296,#3284,#2683,.T.);
#4266=EDGE_CURVE('',#3297,#3296,#778,.T.);
#4267=EDGE_CURVE('',#3298,#3297,#2684,.T.);
#4268=EDGE_CURVE('',#3299,#3298,#779,.T.);
#4269=EDGE_CURVE('',#3290,#3299,#2685,.T.);
#4270=EDGE_CURVE('',#3282,#3300,#780,.T.);
#4271=EDGE_CURVE('',#3300,#3301,#2686,.T.);
#4272=EDGE_CURVE('',#3301,#3283,#781,.T.);
#4273=EDGE_CURVE('',#3302,#3303,#2687,.T.);
#4274=EDGE_CURVE('',#3303,#3304,#782,.T.);
#4275=EDGE_CURVE('',#3304,#3300,#2688,.T.);
#4276=EDGE_CURVE('',#3300,#3302,#783,.T.);
#4277=EDGE_CURVE('',#3304,#3301,#2689,.T.);
#4278=EDGE_CURVE('',#3287,#3305,#784,.T.);
#4279=EDGE_CURVE('',#3305,#3302,#2690,.T.);
#4280=EDGE_CURVE('',#3302,#3286,#785,.T.);
#4281=EDGE_CURVE('',#3305,#3303,#2691,.T.);
#4282=EDGE_CURVE('',#3306,#3301,#786,.T.);
#4283=EDGE_CURVE('',#3307,#3306,#787,.T.);
#4284=EDGE_CURVE('',#3291,#3307,#2692,.T.);
#4285=EDGE_CURVE('',#3299,#3308,#788,.T.);
#4286=EDGE_CURVE('',#3296,#3308,#789,.T.);
#4287=EDGE_CURVE('',#3304,#3309,#790,.T.);
#4288=EDGE_CURVE('',#3306,#3309,#2693,.T.);
#4289=EDGE_CURVE('',#3310,#3303,#791,.T.);
#4290=EDGE_CURVE('',#3309,#3310,#792,.T.);
#4291=EDGE_CURVE('',#3305,#3311,#793,.T.);
#4292=EDGE_CURVE('',#3310,#3311,#2694,.T.);
#4293=EDGE_CURVE('',#3311,#3295,#794,.T.);
#4294=EDGE_CURVE('',#3312,#3311,#2695,.T.);
#4295=EDGE_CURVE('',#3295,#3313,#2696,.T.);
#4296=EDGE_CURVE('',#3313,#3312,#795,.T.);
#4297=EDGE_CURVE('',#3314,#3309,#2697,.T.);
#4298=EDGE_CURVE('',#3310,#3312,#2698,.T.);
#4299=EDGE_CURVE('',#3312,#3314,#796,.T.);
#4300=EDGE_CURVE('',#3307,#3315,#2699,.T.);
#4301=EDGE_CURVE('',#3315,#3292,#2700,.T.);
#4302=EDGE_CURVE('',#3306,#3314,#2701,.T.);
#4303=EDGE_CURVE('',#3314,#3315,#797,.T.);
#4304=EDGE_CURVE('',#3294,#3316,#2702,.T.);
#4305=EDGE_CURVE('',#3316,#3313,#798,.T.);
#4306=EDGE_CURVE('',#3293,#3316,#2703,.T.);
#4307=EDGE_CURVE('',#3315,#3316,#799,.T.);
#4308=EDGE_CURVE('',#3317,#3297,#800,.T.);
#4309=EDGE_CURVE('',#3298,#3317,#801,.T.);
#4310=EDGE_CURVE('',#3308,#3317,#802,.T.);
#4311=ORIENTED_EDGE('',*,*,#3318,.T.);
#4312=ORIENTED_EDGE('',*,*,#3319,.T.);
#4313=ORIENTED_EDGE('',*,*,#3320,.T.);
#4314=ORIENTED_EDGE('',*,*,#3321,.T.);
#4315=ORIENTED_EDGE('',*,*,#3322,.T.);
#4316=ORIENTED_EDGE('',*,*,#3323,.T.);
#4317=ORIENTED_EDGE('',*,*,#3324,.T.);
#4318=ORIENTED_EDGE('',*,*,#3318,.F.);
#4319=ORIENTED_EDGE('',*,*,#3325,.T.);
#4320=ORIENTED_EDGE('',*,*,#3319,.F.);
#4321=ORIENTED_EDGE('',*,*,#3326,.T.);
#4322=ORIENTED_EDGE('',*,*,#3327,.F.);
#4323=ORIENTED_EDGE('',*,*,#3328,.T.);
#4324=ORIENTED_EDGE('',*,*,#3324,.F.);
#4325=ORIENTED_EDGE('',*,*,#3329,.F.);
#4326=ORIENTED_EDGE('',*,*,#3330,.F.);
#4327=ORIENTED_EDGE('',*,*,#3331,.F.);
#4328=ORIENTED_EDGE('',*,*,#3332,.F.);
#4329=ORIENTED_EDGE('',*,*,#3326,.F.);
#4330=ORIENTED_EDGE('',*,*,#3323,.F.);
#4331=ORIENTED_EDGE('',*,*,#3333,.T.);
#4332=ORIENTED_EDGE('',*,*,#3334,.F.);
#4333=ORIENTED_EDGE('',*,*,#3329,.T.);
#4334=ORIENTED_EDGE('',*,*,#3335,.T.);
#4335=ORIENTED_EDGE('',*,*,#3336,.T.);
#4336=ORIENTED_EDGE('',*,*,#3330,.T.);
#4337=ORIENTED_EDGE('',*,*,#3334,.T.);
#4338=ORIENTED_EDGE('',*,*,#3337,.T.);
#4339=ORIENTED_EDGE('',*,*,#3338,.T.);
#4340=ORIENTED_EDGE('',*,*,#3336,.F.);
#4341=ORIENTED_EDGE('',*,*,#3339,.T.);
#4342=ORIENTED_EDGE('',*,*,#3339,.F.);
#4343=ORIENTED_EDGE('',*,*,#3335,.F.);
#4344=ORIENTED_EDGE('',*,*,#3340,.F.);
#4345=ORIENTED_EDGE('',*,*,#3341,.F.);
#4346=ORIENTED_EDGE('',*,*,#3342,.F.);
#4347=ORIENTED_EDGE('',*,*,#3333,.F.);
#4348=ORIENTED_EDGE('',*,*,#3343,.T.);
#4349=ORIENTED_EDGE('',*,*,#3344,.T.);
#4350=ORIENTED_EDGE('',*,*,#3340,.T.);
#4351=ORIENTED_EDGE('',*,*,#3322,.F.);
#4352=ORIENTED_EDGE('',*,*,#3345,.T.);
#4353=ORIENTED_EDGE('',*,*,#3346,.T.);
#4354=ORIENTED_EDGE('',*,*,#3343,.F.);
#4355=ORIENTED_EDGE('',*,*,#3325,.F.);
#4356=ORIENTED_EDGE('',*,*,#3338,.F.);
#4357=ORIENTED_EDGE('',*,*,#3347,.F.);
#4358=ORIENTED_EDGE('',*,*,#3348,.T.);
#4359=ORIENTED_EDGE('',*,*,#3349,.T.);
#4360=ORIENTED_EDGE('',*,*,#3331,.T.);
#4361=ORIENTED_EDGE('',*,*,#3327,.T.);
#4362=ORIENTED_EDGE('',*,*,#3332,.T.);
#4363=ORIENTED_EDGE('',*,*,#3349,.F.);
#4364=ORIENTED_EDGE('',*,*,#3350,.T.);
#4365=ORIENTED_EDGE('',*,*,#3328,.F.);
#4366=ORIENTED_EDGE('',*,*,#3351,.T.);
#4367=ORIENTED_EDGE('',*,*,#3352,.F.);
#4368=ORIENTED_EDGE('',*,*,#3353,.T.);
#4369=ORIENTED_EDGE('',*,*,#3354,.T.);
#4370=ORIENTED_EDGE('',*,*,#3345,.F.);
#4371=ORIENTED_EDGE('',*,*,#3321,.F.);
#4372=ORIENTED_EDGE('',*,*,#3320,.F.);
#4373=ORIENTED_EDGE('',*,*,#3350,.F.);
#4374=ORIENTED_EDGE('',*,*,#3355,.F.);
#4375=ORIENTED_EDGE('',*,*,#3356,.F.);
#4376=ORIENTED_EDGE('',*,*,#3351,.F.);
#4377=ORIENTED_EDGE('',*,*,#3348,.F.);
#4378=ORIENTED_EDGE('',*,*,#3357,.T.);
#4379=ORIENTED_EDGE('',*,*,#3358,.T.);
#4380=ORIENTED_EDGE('',*,*,#3359,.T.);
#4381=ORIENTED_EDGE('',*,*,#3360,.F.);
#4382=ORIENTED_EDGE('',*,*,#3355,.T.);
#4383=ORIENTED_EDGE('',*,*,#3361,.T.);
#4384=ORIENTED_EDGE('',*,*,#3362,.T.);
#4385=ORIENTED_EDGE('',*,*,#3352,.T.);
#4386=ORIENTED_EDGE('',*,*,#3361,.F.);
#4387=ORIENTED_EDGE('',*,*,#3356,.T.);
#4388=ORIENTED_EDGE('',*,*,#3363,.T.);
#4389=ORIENTED_EDGE('',*,*,#3364,.T.);
#4390=ORIENTED_EDGE('',*,*,#3363,.F.);
#4391=ORIENTED_EDGE('',*,*,#3360,.T.);
#4392=ORIENTED_EDGE('',*,*,#3365,.T.);
#4393=ORIENTED_EDGE('',*,*,#3362,.F.);
#4394=ORIENTED_EDGE('',*,*,#3366,.T.);
#4395=ORIENTED_EDGE('',*,*,#3367,.T.);
#4396=ORIENTED_EDGE('',*,*,#3368,.T.);
#4397=ORIENTED_EDGE('',*,*,#3369,.T.);
#4398=ORIENTED_EDGE('',*,*,#3370,.T.);
#4399=ORIENTED_EDGE('',*,*,#3371,.T.);
#4400=ORIENTED_EDGE('',*,*,#3367,.F.);
#4401=ORIENTED_EDGE('',*,*,#3365,.F.);
#4402=ORIENTED_EDGE('',*,*,#3372,.T.);
#4403=ORIENTED_EDGE('',*,*,#3370,.F.);
#4404=ORIENTED_EDGE('',*,*,#3373,.T.);
#4405=ORIENTED_EDGE('',*,*,#3353,.F.);
#4406=ORIENTED_EDGE('',*,*,#3368,.F.);
#4407=ORIENTED_EDGE('',*,*,#3374,.F.);
#4408=ORIENTED_EDGE('',*,*,#3375,.F.);
#4409=ORIENTED_EDGE('',*,*,#3376,.F.);
#4410=ORIENTED_EDGE('',*,*,#3377,.T.);
#4411=ORIENTED_EDGE('',*,*,#3371,.F.);
#4412=ORIENTED_EDGE('',*,*,#3378,.T.);
#4413=ORIENTED_EDGE('',*,*,#3379,.T.);
#4414=ORIENTED_EDGE('',*,*,#3374,.T.);
#4415=ORIENTED_EDGE('',*,*,#3372,.F.);
#4416=ORIENTED_EDGE('',*,*,#3359,.F.);
#4417=ORIENTED_EDGE('',*,*,#3380,.F.);
#4418=ORIENTED_EDGE('',*,*,#3381,.F.);
#4419=ORIENTED_EDGE('',*,*,#3382,.T.);
#4420=ORIENTED_EDGE('',*,*,#3378,.F.);
#4421=ORIENTED_EDGE('',*,*,#3346,.F.);
#4422=ORIENTED_EDGE('',*,*,#3354,.F.);
#4423=ORIENTED_EDGE('',*,*,#3377,.F.);
#4424=ORIENTED_EDGE('',*,*,#3383,.F.);
#4425=ORIENTED_EDGE('',*,*,#3380,.T.);
#4426=ORIENTED_EDGE('',*,*,#3358,.F.);
#4427=ORIENTED_EDGE('',*,*,#3384,.F.);
#4428=ORIENTED_EDGE('',*,*,#3341,.T.);
#4429=ORIENTED_EDGE('',*,*,#3344,.F.);
#4430=ORIENTED_EDGE('',*,*,#3381,.T.);
#4431=ORIENTED_EDGE('',*,*,#3383,.T.);
#4432=ORIENTED_EDGE('',*,*,#3376,.T.);
#4433=ORIENTED_EDGE('',*,*,#3385,.T.);
#4434=ORIENTED_EDGE('',*,*,#3375,.T.);
#4435=ORIENTED_EDGE('',*,*,#3379,.F.);
#4436=ORIENTED_EDGE('',*,*,#3382,.F.);
#4437=ORIENTED_EDGE('',*,*,#3385,.F.);
#4438=ORIENTED_EDGE('',*,*,#3364,.F.);
#4439=ORIENTED_EDGE('',*,*,#3373,.F.);
#4440=ORIENTED_EDGE('',*,*,#3369,.F.);
#4441=ORIENTED_EDGE('',*,*,#3366,.F.);
#4442=ORIENTED_EDGE('',*,*,#3337,.F.);
#4443=ORIENTED_EDGE('',*,*,#3342,.T.);
#4444=ORIENTED_EDGE('',*,*,#3384,.T.);
#4445=ORIENTED_EDGE('',*,*,#3357,.F.);
#4446=ORIENTED_EDGE('',*,*,#3347,.T.);
#4447=ORIENTED_EDGE('',*,*,#3386,.T.);
#4448=ORIENTED_EDGE('',*,*,#3387,.T.);
#4449=ORIENTED_EDGE('',*,*,#3388,.T.);
#4450=ORIENTED_EDGE('',*,*,#3389,.T.);
#4451=ORIENTED_EDGE('',*,*,#3390,.T.);
#4452=ORIENTED_EDGE('',*,*,#3391,.T.);
#4453=ORIENTED_EDGE('',*,*,#3392,.T.);
#4454=ORIENTED_EDGE('',*,*,#3386,.F.);
#4455=ORIENTED_EDGE('',*,*,#3393,.T.);
#4456=ORIENTED_EDGE('',*,*,#3387,.F.);
#4457=ORIENTED_EDGE('',*,*,#3394,.T.);
#4458=ORIENTED_EDGE('',*,*,#3395,.F.);
#4459=ORIENTED_EDGE('',*,*,#3396,.T.);
#4460=ORIENTED_EDGE('',*,*,#3392,.F.);
#4461=ORIENTED_EDGE('',*,*,#3397,.F.);
#4462=ORIENTED_EDGE('',*,*,#3398,.F.);
#4463=ORIENTED_EDGE('',*,*,#3399,.F.);
#4464=ORIENTED_EDGE('',*,*,#3400,.F.);
#4465=ORIENTED_EDGE('',*,*,#3394,.F.);
#4466=ORIENTED_EDGE('',*,*,#3391,.F.);
#4467=ORIENTED_EDGE('',*,*,#3401,.T.);
#4468=ORIENTED_EDGE('',*,*,#3402,.F.);
#4469=ORIENTED_EDGE('',*,*,#3397,.T.);
#4470=ORIENTED_EDGE('',*,*,#3403,.T.);
#4471=ORIENTED_EDGE('',*,*,#3404,.T.);
#4472=ORIENTED_EDGE('',*,*,#3398,.T.);
#4473=ORIENTED_EDGE('',*,*,#3402,.T.);
#4474=ORIENTED_EDGE('',*,*,#3405,.T.);
#4475=ORIENTED_EDGE('',*,*,#3406,.T.);
#4476=ORIENTED_EDGE('',*,*,#3404,.F.);
#4477=ORIENTED_EDGE('',*,*,#3407,.T.);
#4478=ORIENTED_EDGE('',*,*,#3407,.F.);
#4479=ORIENTED_EDGE('',*,*,#3403,.F.);
#4480=ORIENTED_EDGE('',*,*,#3408,.F.);
#4481=ORIENTED_EDGE('',*,*,#3409,.F.);
#4482=ORIENTED_EDGE('',*,*,#3410,.F.);
#4483=ORIENTED_EDGE('',*,*,#3401,.F.);
#4484=ORIENTED_EDGE('',*,*,#3411,.T.);
#4485=ORIENTED_EDGE('',*,*,#3412,.T.);
#4486=ORIENTED_EDGE('',*,*,#3408,.T.);
#4487=ORIENTED_EDGE('',*,*,#3390,.F.);
#4488=ORIENTED_EDGE('',*,*,#3413,.T.);
#4489=ORIENTED_EDGE('',*,*,#3414,.T.);
#4490=ORIENTED_EDGE('',*,*,#3411,.F.);
#4491=ORIENTED_EDGE('',*,*,#3393,.F.);
#4492=ORIENTED_EDGE('',*,*,#3406,.F.);
#4493=ORIENTED_EDGE('',*,*,#3415,.F.);
#4494=ORIENTED_EDGE('',*,*,#3416,.T.);
#4495=ORIENTED_EDGE('',*,*,#3417,.T.);
#4496=ORIENTED_EDGE('',*,*,#3399,.T.);
#4497=ORIENTED_EDGE('',*,*,#3395,.T.);
#4498=ORIENTED_EDGE('',*,*,#3400,.T.);
#4499=ORIENTED_EDGE('',*,*,#3417,.F.);
#4500=ORIENTED_EDGE('',*,*,#3418,.T.);
#4501=ORIENTED_EDGE('',*,*,#3396,.F.);
#4502=ORIENTED_EDGE('',*,*,#3419,.T.);
#4503=ORIENTED_EDGE('',*,*,#3420,.F.);
#4504=ORIENTED_EDGE('',*,*,#3421,.T.);
#4505=ORIENTED_EDGE('',*,*,#3422,.T.);
#4506=ORIENTED_EDGE('',*,*,#3413,.F.);
#4507=ORIENTED_EDGE('',*,*,#3389,.F.);
#4508=ORIENTED_EDGE('',*,*,#3388,.F.);
#4509=ORIENTED_EDGE('',*,*,#3418,.F.);
#4510=ORIENTED_EDGE('',*,*,#3423,.F.);
#4511=ORIENTED_EDGE('',*,*,#3424,.F.);
#4512=ORIENTED_EDGE('',*,*,#3419,.F.);
#4513=ORIENTED_EDGE('',*,*,#3416,.F.);
#4514=ORIENTED_EDGE('',*,*,#3425,.T.);
#4515=ORIENTED_EDGE('',*,*,#3426,.T.);
#4516=ORIENTED_EDGE('',*,*,#3427,.T.);
#4517=ORIENTED_EDGE('',*,*,#3428,.F.);
#4518=ORIENTED_EDGE('',*,*,#3423,.T.);
#4519=ORIENTED_EDGE('',*,*,#3429,.T.);
#4520=ORIENTED_EDGE('',*,*,#3430,.T.);
#4521=ORIENTED_EDGE('',*,*,#3420,.T.);
#4522=ORIENTED_EDGE('',*,*,#3429,.F.);
#4523=ORIENTED_EDGE('',*,*,#3424,.T.);
#4524=ORIENTED_EDGE('',*,*,#3431,.T.);
#4525=ORIENTED_EDGE('',*,*,#3432,.T.);
#4526=ORIENTED_EDGE('',*,*,#3431,.F.);
#4527=ORIENTED_EDGE('',*,*,#3428,.T.);
#4528=ORIENTED_EDGE('',*,*,#3433,.T.);
#4529=ORIENTED_EDGE('',*,*,#3430,.F.);
#4530=ORIENTED_EDGE('',*,*,#3434,.T.);
#4531=ORIENTED_EDGE('',*,*,#3435,.T.);
#4532=ORIENTED_EDGE('',*,*,#3436,.T.);
#4533=ORIENTED_EDGE('',*,*,#3437,.T.);
#4534=ORIENTED_EDGE('',*,*,#3438,.T.);
#4535=ORIENTED_EDGE('',*,*,#3439,.T.);
#4536=ORIENTED_EDGE('',*,*,#3435,.F.);
#4537=ORIENTED_EDGE('',*,*,#3433,.F.);
#4538=ORIENTED_EDGE('',*,*,#3440,.T.);
#4539=ORIENTED_EDGE('',*,*,#3438,.F.);
#4540=ORIENTED_EDGE('',*,*,#3441,.T.);
#4541=ORIENTED_EDGE('',*,*,#3421,.F.);
#4542=ORIENTED_EDGE('',*,*,#3436,.F.);
#4543=ORIENTED_EDGE('',*,*,#3442,.F.);
#4544=ORIENTED_EDGE('',*,*,#3443,.F.);
#4545=ORIENTED_EDGE('',*,*,#3444,.F.);
#4546=ORIENTED_EDGE('',*,*,#3445,.T.);
#4547=ORIENTED_EDGE('',*,*,#3439,.F.);
#4548=ORIENTED_EDGE('',*,*,#3446,.T.);
#4549=ORIENTED_EDGE('',*,*,#3447,.T.);
#4550=ORIENTED_EDGE('',*,*,#3442,.T.);
#4551=ORIENTED_EDGE('',*,*,#3440,.F.);
#4552=ORIENTED_EDGE('',*,*,#3427,.F.);
#4553=ORIENTED_EDGE('',*,*,#3448,.F.);
#4554=ORIENTED_EDGE('',*,*,#3449,.F.);
#4555=ORIENTED_EDGE('',*,*,#3450,.T.);
#4556=ORIENTED_EDGE('',*,*,#3446,.F.);
#4557=ORIENTED_EDGE('',*,*,#3414,.F.);
#4558=ORIENTED_EDGE('',*,*,#3422,.F.);
#4559=ORIENTED_EDGE('',*,*,#3445,.F.);
#4560=ORIENTED_EDGE('',*,*,#3451,.F.);
#4561=ORIENTED_EDGE('',*,*,#3448,.T.);
#4562=ORIENTED_EDGE('',*,*,#3426,.F.);
#4563=ORIENTED_EDGE('',*,*,#3452,.F.);
#4564=ORIENTED_EDGE('',*,*,#3409,.T.);
#4565=ORIENTED_EDGE('',*,*,#3412,.F.);
#4566=ORIENTED_EDGE('',*,*,#3449,.T.);
#4567=ORIENTED_EDGE('',*,*,#3451,.T.);
#4568=ORIENTED_EDGE('',*,*,#3444,.T.);
#4569=ORIENTED_EDGE('',*,*,#3453,.T.);
#4570=ORIENTED_EDGE('',*,*,#3443,.T.);
#4571=ORIENTED_EDGE('',*,*,#3447,.F.);
#4572=ORIENTED_EDGE('',*,*,#3450,.F.);
#4573=ORIENTED_EDGE('',*,*,#3453,.F.);
#4574=ORIENTED_EDGE('',*,*,#3432,.F.);
#4575=ORIENTED_EDGE('',*,*,#3441,.F.);
#4576=ORIENTED_EDGE('',*,*,#3437,.F.);
#4577=ORIENTED_EDGE('',*,*,#3434,.F.);
#4578=ORIENTED_EDGE('',*,*,#3405,.F.);
#4579=ORIENTED_EDGE('',*,*,#3410,.T.);
#4580=ORIENTED_EDGE('',*,*,#3452,.T.);
#4581=ORIENTED_EDGE('',*,*,#3425,.F.);
#4582=ORIENTED_EDGE('',*,*,#3415,.T.);
#4583=ORIENTED_EDGE('',*,*,#3454,.T.);
#4584=ORIENTED_EDGE('',*,*,#3455,.T.);
#4585=ORIENTED_EDGE('',*,*,#3456,.T.);
#4586=ORIENTED_EDGE('',*,*,#3457,.T.);
#4587=ORIENTED_EDGE('',*,*,#3458,.T.);
#4588=ORIENTED_EDGE('',*,*,#3459,.T.);
#4589=ORIENTED_EDGE('',*,*,#3460,.T.);
#4590=ORIENTED_EDGE('',*,*,#3461,.T.);
#4591=ORIENTED_EDGE('',*,*,#3462,.T.);
#4592=ORIENTED_EDGE('',*,*,#3459,.F.);
#4593=ORIENTED_EDGE('',*,*,#3463,.T.);
#4594=ORIENTED_EDGE('',*,*,#3455,.F.);
#4595=ORIENTED_EDGE('',*,*,#3464,.T.);
#4596=ORIENTED_EDGE('',*,*,#3461,.F.);
#4597=ORIENTED_EDGE('',*,*,#3465,.T.);
#4598=ORIENTED_EDGE('',*,*,#3457,.F.);
#4599=ORIENTED_EDGE('',*,*,#3463,.F.);
#4600=ORIENTED_EDGE('',*,*,#3466,.F.);
#4601=ORIENTED_EDGE('',*,*,#3467,.F.);
#4602=ORIENTED_EDGE('',*,*,#3468,.F.);
#4603=ORIENTED_EDGE('',*,*,#3469,.T.);
#4604=ORIENTED_EDGE('',*,*,#3470,.T.);
#4605=ORIENTED_EDGE('',*,*,#3471,.T.);
#4606=ORIENTED_EDGE('',*,*,#3472,.T.);
#4607=ORIENTED_EDGE('',*,*,#3473,.T.);
#4608=ORIENTED_EDGE('',*,*,#3474,.T.);
#4609=ORIENTED_EDGE('',*,*,#3475,.T.);
#4610=ORIENTED_EDGE('',*,*,#3476,.T.);
#4611=ORIENTED_EDGE('',*,*,#3477,.T.);
#4612=ORIENTED_EDGE('',*,*,#3478,.T.);
#4613=ORIENTED_EDGE('',*,*,#3479,.T.);
#4614=ORIENTED_EDGE('',*,*,#3480,.T.);
#4615=ORIENTED_EDGE('',*,*,#3458,.F.);
#4616=ORIENTED_EDGE('',*,*,#3481,.T.);
#4617=ORIENTED_EDGE('',*,*,#3482,.T.);
#4618=ORIENTED_EDGE('',*,*,#3483,.F.);
#4619=ORIENTED_EDGE('',*,*,#3484,.F.);
#4620=ORIENTED_EDGE('',*,*,#3466,.T.);
#4621=ORIENTED_EDGE('',*,*,#3460,.F.);
#4622=ORIENTED_EDGE('',*,*,#3462,.F.);
#4623=ORIENTED_EDGE('',*,*,#3454,.F.);
#4624=ORIENTED_EDGE('',*,*,#3465,.F.);
#4625=ORIENTED_EDGE('',*,*,#3484,.T.);
#4626=ORIENTED_EDGE('',*,*,#3485,.T.);
#4627=ORIENTED_EDGE('',*,*,#3486,.T.);
#4628=ORIENTED_EDGE('',*,*,#3487,.T.);
#4629=ORIENTED_EDGE('',*,*,#3467,.T.);
#4630=ORIENTED_EDGE('',*,*,#3487,.F.);
#4631=ORIENTED_EDGE('',*,*,#3488,.T.);
#4632=ORIENTED_EDGE('',*,*,#3489,.T.);
#4633=ORIENTED_EDGE('',*,*,#3490,.T.);
#4634=ORIENTED_EDGE('',*,*,#3491,.T.);
#4635=ORIENTED_EDGE('',*,*,#3492,.T.);
#4636=ORIENTED_EDGE('',*,*,#3489,.F.);
#4637=ORIENTED_EDGE('',*,*,#3493,.T.);
#4638=ORIENTED_EDGE('',*,*,#3494,.T.);
#4639=ORIENTED_EDGE('',*,*,#3491,.F.);
#4640=ORIENTED_EDGE('',*,*,#3495,.T.);
#4641=ORIENTED_EDGE('',*,*,#3496,.T.);
#4642=ORIENTED_EDGE('',*,*,#3497,.T.);
#4643=ORIENTED_EDGE('',*,*,#3485,.F.);
#4644=ORIENTED_EDGE('',*,*,#3498,.T.);
#4645=ORIENTED_EDGE('',*,*,#3496,.F.);
#4646=ORIENTED_EDGE('',*,*,#3456,.F.);
#4647=ORIENTED_EDGE('',*,*,#3468,.T.);
#4648=ORIENTED_EDGE('',*,*,#3492,.F.);
#4649=ORIENTED_EDGE('',*,*,#3499,.T.);
#4650=ORIENTED_EDGE('',*,*,#3464,.F.);
#4651=ORIENTED_EDGE('',*,*,#3499,.F.);
#4652=ORIENTED_EDGE('',*,*,#3494,.F.);
#4653=ORIENTED_EDGE('',*,*,#3500,.T.);
#4654=ORIENTED_EDGE('',*,*,#3501,.T.);
#4655=ORIENTED_EDGE('',*,*,#3497,.F.);
#4656=ORIENTED_EDGE('',*,*,#3502,.F.);
#4657=ORIENTED_EDGE('',*,*,#3503,.T.);
#4658=ORIENTED_EDGE('',*,*,#3504,.T.);
#4659=ORIENTED_EDGE('',*,*,#3505,.T.);
#4660=ORIENTED_EDGE('',*,*,#3506,.F.);
#4661=ORIENTED_EDGE('',*,*,#3507,.T.);
#4662=ORIENTED_EDGE('',*,*,#3508,.T.);
#4663=ORIENTED_EDGE('',*,*,#3509,.T.);
#4664=ORIENTED_EDGE('',*,*,#3510,.T.);
#4665=ORIENTED_EDGE('',*,*,#3511,.T.);
#4666=ORIENTED_EDGE('',*,*,#3481,.F.);
#4667=ORIENTED_EDGE('',*,*,#3512,.F.);
#4668=ORIENTED_EDGE('',*,*,#3513,.T.);
#4669=ORIENTED_EDGE('',*,*,#3500,.F.);
#4670=ORIENTED_EDGE('',*,*,#3493,.F.);
#4671=ORIENTED_EDGE('',*,*,#3501,.F.);
#4672=ORIENTED_EDGE('',*,*,#3513,.F.);
#4673=ORIENTED_EDGE('',*,*,#3486,.F.);
#4674=ORIENTED_EDGE('',*,*,#3495,.F.);
#4675=ORIENTED_EDGE('',*,*,#3490,.F.);
#4676=ORIENTED_EDGE('',*,*,#3488,.F.);
#4677=ORIENTED_EDGE('',*,*,#3498,.F.);
#4678=ORIENTED_EDGE('',*,*,#3483,.T.);
#4679=ORIENTED_EDGE('',*,*,#3514,.T.);
#4680=ORIENTED_EDGE('',*,*,#3515,.T.);
#4681=ORIENTED_EDGE('',*,*,#3516,.T.);
#4682=ORIENTED_EDGE('',*,*,#3506,.T.);
#4683=ORIENTED_EDGE('',*,*,#3517,.T.);
#4684=ORIENTED_EDGE('',*,*,#3518,.T.);
#4685=ORIENTED_EDGE('',*,*,#3519,.T.);
#4686=ORIENTED_EDGE('',*,*,#3502,.T.);
#4687=ORIENTED_EDGE('',*,*,#3514,.F.);
#4688=ORIENTED_EDGE('',*,*,#3482,.F.);
#4689=ORIENTED_EDGE('',*,*,#3511,.F.);
#4690=ORIENTED_EDGE('',*,*,#3520,.F.);
#4691=ORIENTED_EDGE('',*,*,#3521,.F.);
#4692=ORIENTED_EDGE('',*,*,#3522,.T.);
#4693=ORIENTED_EDGE('',*,*,#3523,.F.);
#4694=ORIENTED_EDGE('',*,*,#3524,.F.);
#4695=ORIENTED_EDGE('',*,*,#3519,.F.);
#4696=ORIENTED_EDGE('',*,*,#3525,.F.);
#4697=ORIENTED_EDGE('',*,*,#3479,.F.);
#4698=ORIENTED_EDGE('',*,*,#3526,.F.);
#4699=ORIENTED_EDGE('',*,*,#3503,.F.);
#4700=ORIENTED_EDGE('',*,*,#3512,.T.);
#4701=ORIENTED_EDGE('',*,*,#3527,.F.);
#4702=ORIENTED_EDGE('',*,*,#3528,.F.);
#4703=ORIENTED_EDGE('',*,*,#3529,.F.);
#4704=ORIENTED_EDGE('',*,*,#3530,.F.);
#4705=ORIENTED_EDGE('',*,*,#3529,.T.);
#4706=ORIENTED_EDGE('',*,*,#3531,.F.);
#4707=ORIENTED_EDGE('',*,*,#3473,.F.);
#4708=ORIENTED_EDGE('',*,*,#3532,.F.);
#4709=ORIENTED_EDGE('',*,*,#3528,.T.);
#4710=ORIENTED_EDGE('',*,*,#3533,.T.);
#4711=ORIENTED_EDGE('',*,*,#3474,.F.);
#4712=ORIENTED_EDGE('',*,*,#3531,.T.);
#4713=ORIENTED_EDGE('',*,*,#3534,.F.);
#4714=ORIENTED_EDGE('',*,*,#3535,.F.);
#4715=ORIENTED_EDGE('',*,*,#3536,.F.);
#4716=ORIENTED_EDGE('',*,*,#3471,.F.);
#4717=ORIENTED_EDGE('',*,*,#3537,.F.);
#4718=ORIENTED_EDGE('',*,*,#3538,.F.);
#4719=ORIENTED_EDGE('',*,*,#3539,.F.);
#4720=ORIENTED_EDGE('',*,*,#3537,.T.);
#4721=ORIENTED_EDGE('',*,*,#3470,.F.);
#4722=ORIENTED_EDGE('',*,*,#3540,.T.);
#4723=ORIENTED_EDGE('',*,*,#3472,.F.);
#4724=ORIENTED_EDGE('',*,*,#3536,.T.);
#4725=ORIENTED_EDGE('',*,*,#3541,.T.);
#4726=ORIENTED_EDGE('',*,*,#3542,.T.);
#4727=ORIENTED_EDGE('',*,*,#3543,.F.);
#4728=ORIENTED_EDGE('',*,*,#3544,.F.);
#4729=ORIENTED_EDGE('',*,*,#3522,.F.);
#4730=ORIENTED_EDGE('',*,*,#3545,.F.);
#4731=ORIENTED_EDGE('',*,*,#3540,.F.);
#4732=ORIENTED_EDGE('',*,*,#3469,.F.);
#4733=ORIENTED_EDGE('',*,*,#3542,.F.);
#4734=ORIENTED_EDGE('',*,*,#3546,.F.);
#4735=ORIENTED_EDGE('',*,*,#3547,.F.);
#4736=ORIENTED_EDGE('',*,*,#3546,.T.);
#4737=ORIENTED_EDGE('',*,*,#3541,.F.);
#4738=ORIENTED_EDGE('',*,*,#3535,.T.);
#4739=ORIENTED_EDGE('',*,*,#3544,.T.);
#4740=ORIENTED_EDGE('',*,*,#3548,.F.);
#4741=ORIENTED_EDGE('',*,*,#3549,.T.);
#4742=ORIENTED_EDGE('',*,*,#3523,.T.);
#4743=ORIENTED_EDGE('',*,*,#3538,.T.);
#4744=ORIENTED_EDGE('',*,*,#3539,.T.);
#4745=ORIENTED_EDGE('',*,*,#3545,.T.);
#4746=ORIENTED_EDGE('',*,*,#3521,.T.);
#4747=ORIENTED_EDGE('',*,*,#3550,.T.);
#4748=ORIENTED_EDGE('',*,*,#3551,.T.);
#4749=ORIENTED_EDGE('',*,*,#3552,.T.);
#4750=ORIENTED_EDGE('',*,*,#3553,.F.);
#4751=ORIENTED_EDGE('',*,*,#3527,.T.);
#4752=ORIENTED_EDGE('',*,*,#3554,.F.);
#4753=ORIENTED_EDGE('',*,*,#3475,.F.);
#4754=ORIENTED_EDGE('',*,*,#3533,.F.);
#4755=ORIENTED_EDGE('',*,*,#3530,.T.);
#4756=ORIENTED_EDGE('',*,*,#3532,.T.);
#4757=ORIENTED_EDGE('',*,*,#3476,.F.);
#4758=ORIENTED_EDGE('',*,*,#3554,.T.);
#4759=ORIENTED_EDGE('',*,*,#3520,.T.);
#4760=ORIENTED_EDGE('',*,*,#3510,.F.);
#4761=ORIENTED_EDGE('',*,*,#3555,.F.);
#4762=ORIENTED_EDGE('',*,*,#3550,.F.);
#4763=ORIENTED_EDGE('',*,*,#3515,.F.);
#4764=ORIENTED_EDGE('',*,*,#3524,.T.);
#4765=ORIENTED_EDGE('',*,*,#3549,.F.);
#4766=ORIENTED_EDGE('',*,*,#3556,.F.);
#4767=ORIENTED_EDGE('',*,*,#3516,.F.);
#4768=ORIENTED_EDGE('',*,*,#3556,.T.);
#4769=ORIENTED_EDGE('',*,*,#3548,.T.);
#4770=ORIENTED_EDGE('',*,*,#3543,.T.);
#4771=ORIENTED_EDGE('',*,*,#3547,.T.);
#4772=ORIENTED_EDGE('',*,*,#3534,.T.);
#4773=ORIENTED_EDGE('',*,*,#3553,.T.);
#4774=ORIENTED_EDGE('',*,*,#3557,.T.);
#4775=ORIENTED_EDGE('',*,*,#3507,.F.);
#4776=ORIENTED_EDGE('',*,*,#3508,.F.);
#4777=ORIENTED_EDGE('',*,*,#3557,.F.);
#4778=ORIENTED_EDGE('',*,*,#3552,.F.);
#4779=ORIENTED_EDGE('',*,*,#3558,.F.);
#4780=ORIENTED_EDGE('',*,*,#3509,.F.);
#4781=ORIENTED_EDGE('',*,*,#3558,.T.);
#4782=ORIENTED_EDGE('',*,*,#3551,.F.);
#4783=ORIENTED_EDGE('',*,*,#3555,.T.);
#4784=ORIENTED_EDGE('',*,*,#3518,.F.);
#4785=ORIENTED_EDGE('',*,*,#3559,.T.);
#4786=ORIENTED_EDGE('',*,*,#3480,.F.);
#4787=ORIENTED_EDGE('',*,*,#3525,.T.);
#4788=ORIENTED_EDGE('',*,*,#3517,.F.);
#4789=ORIENTED_EDGE('',*,*,#3505,.F.);
#4790=ORIENTED_EDGE('',*,*,#3560,.F.);
#4791=ORIENTED_EDGE('',*,*,#3477,.F.);
#4792=ORIENTED_EDGE('',*,*,#3559,.F.);
#4793=ORIENTED_EDGE('',*,*,#3478,.F.);
#4794=ORIENTED_EDGE('',*,*,#3560,.T.);
#4795=ORIENTED_EDGE('',*,*,#3504,.F.);
#4796=ORIENTED_EDGE('',*,*,#3526,.T.);
#4797=ORIENTED_EDGE('',*,*,#3561,.F.);
#4798=ORIENTED_EDGE('',*,*,#3562,.T.);
#4799=ORIENTED_EDGE('',*,*,#3563,.T.);
#4800=ORIENTED_EDGE('',*,*,#3564,.T.);
#4801=ORIENTED_EDGE('',*,*,#3565,.T.);
#4802=ORIENTED_EDGE('',*,*,#3566,.T.);
#4803=ORIENTED_EDGE('',*,*,#3563,.F.);
#4804=ORIENTED_EDGE('',*,*,#3567,.T.);
#4805=ORIENTED_EDGE('',*,*,#3567,.F.);
#4806=ORIENTED_EDGE('',*,*,#3562,.F.);
#4807=ORIENTED_EDGE('',*,*,#3568,.T.);
#4808=ORIENTED_EDGE('',*,*,#3569,.T.);
#4809=ORIENTED_EDGE('',*,*,#3570,.F.);
#4810=ORIENTED_EDGE('',*,*,#3571,.F.);
#4811=ORIENTED_EDGE('',*,*,#3572,.T.);
#4812=ORIENTED_EDGE('',*,*,#3561,.T.);
#4813=ORIENTED_EDGE('',*,*,#3573,.T.);
#4814=ORIENTED_EDGE('',*,*,#3574,.F.);
#4815=ORIENTED_EDGE('',*,*,#3575,.T.);
#4816=ORIENTED_EDGE('',*,*,#3568,.F.);
#4817=ORIENTED_EDGE('',*,*,#3564,.F.);
#4818=ORIENTED_EDGE('',*,*,#3576,.F.);
#4819=ORIENTED_EDGE('',*,*,#3577,.F.);
#4820=ORIENTED_EDGE('',*,*,#3578,.T.);
#4821=ORIENTED_EDGE('',*,*,#3579,.F.);
#4822=ORIENTED_EDGE('',*,*,#3580,.F.);
#4823=ORIENTED_EDGE('',*,*,#3581,.F.);
#4824=ORIENTED_EDGE('',*,*,#3582,.F.);
#4825=ORIENTED_EDGE('',*,*,#3583,.F.);
#4826=ORIENTED_EDGE('',*,*,#3584,.F.);
#4827=ORIENTED_EDGE('',*,*,#3585,.F.);
#4828=ORIENTED_EDGE('',*,*,#3586,.F.);
#4829=ORIENTED_EDGE('',*,*,#3587,.F.);
#4830=ORIENTED_EDGE('',*,*,#3573,.F.);
#4831=ORIENTED_EDGE('',*,*,#3588,.F.);
#4832=ORIENTED_EDGE('',*,*,#3579,.T.);
#4833=ORIENTED_EDGE('',*,*,#3589,.T.);
#4834=ORIENTED_EDGE('',*,*,#3590,.T.);
#4835=ORIENTED_EDGE('',*,*,#3591,.F.);
#4836=ORIENTED_EDGE('',*,*,#3592,.T.);
#4837=ORIENTED_EDGE('',*,*,#3593,.F.);
#4838=ORIENTED_EDGE('',*,*,#3577,.T.);
#4839=ORIENTED_EDGE('',*,*,#3594,.T.);
#4840=ORIENTED_EDGE('',*,*,#3566,.F.);
#4841=ORIENTED_EDGE('',*,*,#3595,.T.);
#4842=ORIENTED_EDGE('',*,*,#3596,.T.);
#4843=ORIENTED_EDGE('',*,*,#3594,.F.);
#4844=ORIENTED_EDGE('',*,*,#3576,.T.);
#4845=ORIENTED_EDGE('',*,*,#3592,.F.);
#4846=ORIENTED_EDGE('',*,*,#3596,.F.);
#4847=ORIENTED_EDGE('',*,*,#3597,.F.);
#4848=ORIENTED_EDGE('',*,*,#3598,.F.);
#4849=ORIENTED_EDGE('',*,*,#3599,.T.);
#4850=ORIENTED_EDGE('',*,*,#3572,.F.);
#4851=ORIENTED_EDGE('',*,*,#3600,.F.);
#4852=ORIENTED_EDGE('',*,*,#3601,.F.);
#4853=ORIENTED_EDGE('',*,*,#3602,.F.);
#4854=ORIENTED_EDGE('',*,*,#3603,.F.);
#4855=ORIENTED_EDGE('',*,*,#3604,.F.);
#4856=ORIENTED_EDGE('',*,*,#3605,.F.);
#4857=ORIENTED_EDGE('',*,*,#3606,.F.);
#4858=ORIENTED_EDGE('',*,*,#3607,.F.);
#4859=ORIENTED_EDGE('',*,*,#3608,.F.);
#4860=ORIENTED_EDGE('',*,*,#3597,.T.);
#4861=ORIENTED_EDGE('',*,*,#3595,.F.);
#4862=ORIENTED_EDGE('',*,*,#3565,.F.);
#4863=ORIENTED_EDGE('',*,*,#3609,.T.);
#4864=ORIENTED_EDGE('',*,*,#3610,.F.);
#4865=ORIENTED_EDGE('',*,*,#3611,.T.);
#4866=ORIENTED_EDGE('',*,*,#3585,.T.);
#4867=ORIENTED_EDGE('',*,*,#3612,.T.);
#4868=ORIENTED_EDGE('',*,*,#3586,.T.);
#4869=ORIENTED_EDGE('',*,*,#3611,.F.);
#4870=ORIENTED_EDGE('',*,*,#3613,.F.);
#4871=ORIENTED_EDGE('',*,*,#3574,.T.);
#4872=ORIENTED_EDGE('',*,*,#3587,.T.);
#4873=ORIENTED_EDGE('',*,*,#3612,.F.);
#4874=ORIENTED_EDGE('',*,*,#3614,.T.);
#4875=ORIENTED_EDGE('',*,*,#3575,.F.);
#4876=ORIENTED_EDGE('',*,*,#3615,.F.);
#4877=ORIENTED_EDGE('',*,*,#3616,.F.);
#4878=ORIENTED_EDGE('',*,*,#3569,.F.);
#4879=ORIENTED_EDGE('',*,*,#3614,.F.);
#4880=ORIENTED_EDGE('',*,*,#3613,.T.);
#4881=ORIENTED_EDGE('',*,*,#3617,.T.);
#4882=ORIENTED_EDGE('',*,*,#3618,.F.);
#4883=ORIENTED_EDGE('',*,*,#3615,.T.);
#4884=ORIENTED_EDGE('',*,*,#3583,.T.);
#4885=ORIENTED_EDGE('',*,*,#3619,.T.);
#4886=ORIENTED_EDGE('',*,*,#3620,.T.);
#4887=ORIENTED_EDGE('',*,*,#3621,.T.);
#4888=ORIENTED_EDGE('',*,*,#3582,.T.);
#4889=ORIENTED_EDGE('',*,*,#3622,.T.);
#4890=ORIENTED_EDGE('',*,*,#3623,.F.);
#4891=ORIENTED_EDGE('',*,*,#3624,.T.);
#4892=ORIENTED_EDGE('',*,*,#3625,.F.);
#4893=ORIENTED_EDGE('',*,*,#3619,.F.);
#4894=ORIENTED_EDGE('',*,*,#3581,.T.);
#4895=ORIENTED_EDGE('',*,*,#3626,.T.);
#4896=ORIENTED_EDGE('',*,*,#3627,.T.);
#4897=ORIENTED_EDGE('',*,*,#3622,.F.);
#4898=ORIENTED_EDGE('',*,*,#3588,.T.);
#4899=ORIENTED_EDGE('',*,*,#3628,.T.);
#4900=ORIENTED_EDGE('',*,*,#3629,.F.);
#4901=ORIENTED_EDGE('',*,*,#3626,.F.);
#4902=ORIENTED_EDGE('',*,*,#3580,.T.);
#4903=ORIENTED_EDGE('',*,*,#3630,.T.);
#4904=ORIENTED_EDGE('',*,*,#3631,.T.);
#4905=ORIENTED_EDGE('',*,*,#3609,.F.);
#4906=ORIENTED_EDGE('',*,*,#3584,.T.);
#4907=ORIENTED_EDGE('',*,*,#3621,.F.);
#4908=ORIENTED_EDGE('',*,*,#3632,.F.);
#4909=ORIENTED_EDGE('',*,*,#3591,.T.);
#4910=ORIENTED_EDGE('',*,*,#3633,.T.);
#4911=ORIENTED_EDGE('',*,*,#3634,.T.);
#4912=ORIENTED_EDGE('',*,*,#3635,.F.);
#4913=ORIENTED_EDGE('',*,*,#3636,.T.);
#4914=ORIENTED_EDGE('',*,*,#3637,.F.);
#4915=ORIENTED_EDGE('',*,*,#3638,.F.);
#4916=ORIENTED_EDGE('',*,*,#3639,.F.);
#4917=ORIENTED_EDGE('',*,*,#3640,.F.);
#4918=ORIENTED_EDGE('',*,*,#3641,.F.);
#4919=ORIENTED_EDGE('',*,*,#3628,.F.);
#4920=ORIENTED_EDGE('',*,*,#3590,.F.);
#4921=ORIENTED_EDGE('',*,*,#3642,.T.);
#4922=ORIENTED_EDGE('',*,*,#3643,.F.);
#4923=ORIENTED_EDGE('',*,*,#3644,.F.);
#4924=ORIENTED_EDGE('',*,*,#3633,.F.);
#4925=ORIENTED_EDGE('',*,*,#3645,.F.);
#4926=ORIENTED_EDGE('',*,*,#3646,.T.);
#4927=ORIENTED_EDGE('',*,*,#3647,.T.);
#4928=ORIENTED_EDGE('',*,*,#3648,.T.);
#4929=ORIENTED_EDGE('',*,*,#3649,.T.);
#4930=ORIENTED_EDGE('',*,*,#3650,.T.);
#4931=ORIENTED_EDGE('',*,*,#3651,.T.);
#4932=ORIENTED_EDGE('',*,*,#3647,.F.);
#4933=ORIENTED_EDGE('',*,*,#3652,.T.);
#4934=ORIENTED_EDGE('',*,*,#3653,.F.);
#4935=ORIENTED_EDGE('',*,*,#3654,.T.);
#4936=ORIENTED_EDGE('',*,*,#3650,.F.);
#4937=ORIENTED_EDGE('',*,*,#3655,.T.);
#4938=ORIENTED_EDGE('',*,*,#3656,.F.);
#4939=ORIENTED_EDGE('',*,*,#3655,.F.);
#4940=ORIENTED_EDGE('',*,*,#3652,.F.);
#4941=ORIENTED_EDGE('',*,*,#3657,.F.);
#4942=ORIENTED_EDGE('',*,*,#3658,.F.);
#4943=ORIENTED_EDGE('',*,*,#3659,.F.);
#4944=ORIENTED_EDGE('',*,*,#3660,.F.);
#4945=ORIENTED_EDGE('',*,*,#3661,.F.);
#4946=ORIENTED_EDGE('',*,*,#3646,.F.);
#4947=ORIENTED_EDGE('',*,*,#3662,.F.);
#4948=ORIENTED_EDGE('',*,*,#3657,.T.);
#4949=ORIENTED_EDGE('',*,*,#3645,.T.);
#4950=ORIENTED_EDGE('',*,*,#3663,.T.);
#4951=ORIENTED_EDGE('',*,*,#3664,.T.);
#4952=ORIENTED_EDGE('',*,*,#3665,.F.);
#4953=ORIENTED_EDGE('',*,*,#3658,.T.);
#4954=ORIENTED_EDGE('',*,*,#3662,.T.);
#4955=ORIENTED_EDGE('',*,*,#3666,.T.);
#4956=ORIENTED_EDGE('',*,*,#3667,.F.);
#4957=ORIENTED_EDGE('',*,*,#3668,.T.);
#4958=ORIENTED_EDGE('',*,*,#3669,.F.);
#4959=ORIENTED_EDGE('',*,*,#3670,.T.);
#4960=ORIENTED_EDGE('',*,*,#3671,.F.);
#4961=ORIENTED_EDGE('',*,*,#3672,.T.);
#4962=ORIENTED_EDGE('',*,*,#3673,.F.);
#4963=ORIENTED_EDGE('',*,*,#3664,.F.);
#4964=ORIENTED_EDGE('',*,*,#3674,.T.);
#4965=ORIENTED_EDGE('',*,*,#3665,.T.);
#4966=ORIENTED_EDGE('',*,*,#3673,.T.);
#4967=ORIENTED_EDGE('',*,*,#3675,.T.);
#4968=ORIENTED_EDGE('',*,*,#3676,.F.);
#4969=ORIENTED_EDGE('',*,*,#3659,.T.);
#4970=ORIENTED_EDGE('',*,*,#3674,.F.);
#4971=ORIENTED_EDGE('',*,*,#3677,.T.);
#4972=ORIENTED_EDGE('',*,*,#3676,.T.);
#4973=ORIENTED_EDGE('',*,*,#3678,.F.);
#4974=ORIENTED_EDGE('',*,*,#3679,.T.);
#4975=ORIENTED_EDGE('',*,*,#3680,.F.);
#4976=ORIENTED_EDGE('',*,*,#3681,.T.);
#4977=ORIENTED_EDGE('',*,*,#3660,.T.);
#4978=ORIENTED_EDGE('',*,*,#3656,.T.);
#4979=ORIENTED_EDGE('',*,*,#3661,.T.);
#4980=ORIENTED_EDGE('',*,*,#3681,.F.);
#4981=ORIENTED_EDGE('',*,*,#3682,.T.);
#4982=ORIENTED_EDGE('',*,*,#3675,.F.);
#4983=ORIENTED_EDGE('',*,*,#3672,.F.);
#4984=ORIENTED_EDGE('',*,*,#3683,.F.);
#4985=ORIENTED_EDGE('',*,*,#3684,.T.);
#4986=ORIENTED_EDGE('',*,*,#3678,.T.);
#4987=ORIENTED_EDGE('',*,*,#3677,.F.);
#4988=ORIENTED_EDGE('',*,*,#3630,.F.);
#4989=ORIENTED_EDGE('',*,*,#3685,.F.);
#4990=ORIENTED_EDGE('',*,*,#3666,.F.);
#4991=ORIENTED_EDGE('',*,*,#3663,.F.);
#4992=ORIENTED_EDGE('',*,*,#3649,.F.);
#4993=ORIENTED_EDGE('',*,*,#3686,.F.);
#4994=ORIENTED_EDGE('',*,*,#3687,.F.);
#4995=ORIENTED_EDGE('',*,*,#3688,.T.);
#4996=ORIENTED_EDGE('',*,*,#3689,.T.);
#4997=ORIENTED_EDGE('',*,*,#3690,.T.);
#4998=ORIENTED_EDGE('',*,*,#3691,.T.);
#4999=ORIENTED_EDGE('',*,*,#3692,.F.);
#5000=ORIENTED_EDGE('',*,*,#3693,.F.);
#5001=ORIENTED_EDGE('',*,*,#3694,.T.);
#5002=ORIENTED_EDGE('',*,*,#3695,.F.);
#5003=ORIENTED_EDGE('',*,*,#3696,.F.);
#5004=ORIENTED_EDGE('',*,*,#3697,.F.);
#5005=ORIENTED_EDGE('',*,*,#3698,.F.);
#5006=ORIENTED_EDGE('',*,*,#3699,.F.);
#5007=ORIENTED_EDGE('',*,*,#3700,.F.);
#5008=ORIENTED_EDGE('',*,*,#3701,.F.);
#5009=ORIENTED_EDGE('',*,*,#3689,.F.);
#5010=ORIENTED_EDGE('',*,*,#3702,.T.);
#5011=ORIENTED_EDGE('',*,*,#3703,.T.);
#5012=ORIENTED_EDGE('',*,*,#3704,.T.);
#5013=ORIENTED_EDGE('',*,*,#3705,.T.);
#5014=ORIENTED_EDGE('',*,*,#3706,.T.);
#5015=ORIENTED_EDGE('',*,*,#3707,.T.);
#5016=ORIENTED_EDGE('',*,*,#3708,.T.);
#5017=ORIENTED_EDGE('',*,*,#3709,.T.);
#5018=ORIENTED_EDGE('',*,*,#3710,.T.);
#5019=ORIENTED_EDGE('',*,*,#3711,.F.);
#5020=ORIENTED_EDGE('',*,*,#3712,.T.);
#5021=ORIENTED_EDGE('',*,*,#3713,.T.);
#5022=ORIENTED_EDGE('',*,*,#3714,.T.);
#5023=ORIENTED_EDGE('',*,*,#3715,.T.);
#5024=ORIENTED_EDGE('',*,*,#3716,.T.);
#5025=ORIENTED_EDGE('',*,*,#3717,.T.);
#5026=ORIENTED_EDGE('',*,*,#3718,.T.);
#5027=ORIENTED_EDGE('',*,*,#3719,.T.);
#5028=ORIENTED_EDGE('',*,*,#3720,.T.);
#5029=ORIENTED_EDGE('',*,*,#3688,.F.);
#5030=ORIENTED_EDGE('',*,*,#3721,.T.);
#5031=ORIENTED_EDGE('',*,*,#3722,.F.);
#5032=ORIENTED_EDGE('',*,*,#3710,.F.);
#5033=ORIENTED_EDGE('',*,*,#3723,.T.);
#5034=ORIENTED_EDGE('',*,*,#3724,.T.);
#5035=ORIENTED_EDGE('',*,*,#3725,.F.);
#5036=ORIENTED_EDGE('',*,*,#3702,.F.);
#5037=ORIENTED_EDGE('',*,*,#3726,.T.);
#5038=ORIENTED_EDGE('',*,*,#3711,.T.);
#5039=ORIENTED_EDGE('',*,*,#3722,.T.);
#5040=ORIENTED_EDGE('',*,*,#3727,.T.);
#5041=ORIENTED_EDGE('',*,*,#3728,.T.);
#5042=ORIENTED_EDGE('',*,*,#3729,.T.);
#5043=ORIENTED_EDGE('',*,*,#3730,.T.);
#5044=ORIENTED_EDGE('',*,*,#3731,.T.);
#5045=ORIENTED_EDGE('',*,*,#3732,.T.);
#5046=ORIENTED_EDGE('',*,*,#3733,.T.);
#5047=ORIENTED_EDGE('',*,*,#3728,.F.);
#5048=ORIENTED_EDGE('',*,*,#3734,.T.);
#5049=ORIENTED_EDGE('',*,*,#3735,.T.);
#5050=ORIENTED_EDGE('',*,*,#3736,.T.);
#5051=ORIENTED_EDGE('',*,*,#3732,.F.);
#5052=ORIENTED_EDGE('',*,*,#3737,.T.);
#5053=ORIENTED_EDGE('',*,*,#3737,.F.);
#5054=ORIENTED_EDGE('',*,*,#3734,.F.);
#5055=ORIENTED_EDGE('',*,*,#3731,.F.);
#5056=ORIENTED_EDGE('',*,*,#3738,.T.);
#5057=ORIENTED_EDGE('',*,*,#3739,.T.);
#5058=ORIENTED_EDGE('',*,*,#3740,.T.);
#5059=ORIENTED_EDGE('',*,*,#3741,.T.);
#5060=ORIENTED_EDGE('',*,*,#3742,.F.);
#5061=ORIENTED_EDGE('',*,*,#3743,.T.);
#5062=ORIENTED_EDGE('',*,*,#3744,.T.);
#5063=ORIENTED_EDGE('',*,*,#3735,.F.);
#5064=ORIENTED_EDGE('',*,*,#3745,.T.);
#5065=ORIENTED_EDGE('',*,*,#3746,.T.);
#5066=ORIENTED_EDGE('',*,*,#3747,.T.);
#5067=ORIENTED_EDGE('',*,*,#3743,.F.);
#5068=ORIENTED_EDGE('',*,*,#3748,.T.);
#5069=ORIENTED_EDGE('',*,*,#3746,.F.);
#5070=ORIENTED_EDGE('',*,*,#3749,.T.);
#5071=ORIENTED_EDGE('',*,*,#3750,.T.);
#5072=ORIENTED_EDGE('',*,*,#3751,.T.);
#5073=ORIENTED_EDGE('',*,*,#3752,.T.);
#5074=ORIENTED_EDGE('',*,*,#3753,.T.);
#5075=ORIENTED_EDGE('',*,*,#3750,.F.);
#5076=ORIENTED_EDGE('',*,*,#3754,.T.);
#5077=ORIENTED_EDGE('',*,*,#3755,.T.);
#5078=ORIENTED_EDGE('',*,*,#3639,.T.);
#5079=ORIENTED_EDGE('',*,*,#3752,.F.);
#5080=ORIENTED_EDGE('',*,*,#3756,.T.);
#5081=ORIENTED_EDGE('',*,*,#3757,.F.);
#5082=ORIENTED_EDGE('',*,*,#3758,.F.);
#5083=ORIENTED_EDGE('',*,*,#3759,.F.);
#5084=ORIENTED_EDGE('',*,*,#3760,.F.);
#5085=ORIENTED_EDGE('',*,*,#3761,.F.);
#5086=ORIENTED_EDGE('',*,*,#3756,.F.);
#5087=ORIENTED_EDGE('',*,*,#3754,.F.);
#5088=ORIENTED_EDGE('',*,*,#3762,.F.);
#5089=ORIENTED_EDGE('',*,*,#3763,.F.);
#5090=ORIENTED_EDGE('',*,*,#3764,.F.);
#5091=ORIENTED_EDGE('',*,*,#3765,.T.);
#5092=ORIENTED_EDGE('',*,*,#3766,.T.);
#5093=ORIENTED_EDGE('',*,*,#3767,.T.);
#5094=ORIENTED_EDGE('',*,*,#3768,.T.);
#5095=ORIENTED_EDGE('',*,*,#3769,.T.);
#5096=ORIENTED_EDGE('',*,*,#3770,.T.);
#5097=ORIENTED_EDGE('',*,*,#3771,.T.);
#5098=ORIENTED_EDGE('',*,*,#3772,.T.);
#5099=ORIENTED_EDGE('',*,*,#3773,.T.);
#5100=ORIENTED_EDGE('',*,*,#3774,.T.);
#5101=ORIENTED_EDGE('',*,*,#3775,.T.);
#5102=ORIENTED_EDGE('',*,*,#3776,.F.);
#5103=ORIENTED_EDGE('',*,*,#3777,.F.);
#5104=ORIENTED_EDGE('',*,*,#3778,.F.);
#5105=ORIENTED_EDGE('',*,*,#3670,.F.);
#5106=ORIENTED_EDGE('',*,*,#3779,.F.);
#5107=ORIENTED_EDGE('',*,*,#3749,.F.);
#5108=ORIENTED_EDGE('',*,*,#3748,.F.);
#5109=ORIENTED_EDGE('',*,*,#3780,.T.);
#5110=ORIENTED_EDGE('',*,*,#3781,.F.);
#5111=ORIENTED_EDGE('',*,*,#3762,.T.);
#5112=ORIENTED_EDGE('',*,*,#3745,.F.);
#5113=ORIENTED_EDGE('',*,*,#3742,.T.);
#5114=ORIENTED_EDGE('',*,*,#3782,.F.);
#5115=ORIENTED_EDGE('',*,*,#3780,.F.);
#5116=ORIENTED_EDGE('',*,*,#3618,.T.);
#5117=ORIENTED_EDGE('',*,*,#3783,.T.);
#5118=ORIENTED_EDGE('',*,*,#3784,.T.);
#5119=ORIENTED_EDGE('',*,*,#3784,.F.);
#5120=ORIENTED_EDGE('',*,*,#3785,.T.);
#5121=ORIENTED_EDGE('',*,*,#3786,.T.);
#5122=ORIENTED_EDGE('',*,*,#3616,.T.);
#5123=ORIENTED_EDGE('',*,*,#3783,.F.);
#5124=ORIENTED_EDGE('',*,*,#3787,.T.);
#5125=ORIENTED_EDGE('',*,*,#3788,.T.);
#5126=ORIENTED_EDGE('',*,*,#3789,.T.);
#5127=ORIENTED_EDGE('',*,*,#3790,.F.);
#5128=ORIENTED_EDGE('',*,*,#3607,.T.);
#5129=ORIENTED_EDGE('',*,*,#3791,.T.);
#5130=ORIENTED_EDGE('',*,*,#3792,.T.);
#5131=ORIENTED_EDGE('',*,*,#3791,.F.);
#5132=ORIENTED_EDGE('',*,*,#3793,.T.);
#5133=ORIENTED_EDGE('',*,*,#3794,.T.);
#5134=ORIENTED_EDGE('',*,*,#3794,.F.);
#5135=ORIENTED_EDGE('',*,*,#3763,.T.);
#5136=ORIENTED_EDGE('',*,*,#3795,.F.);
#5137=ORIENTED_EDGE('',*,*,#3796,.T.);
#5138=ORIENTED_EDGE('',*,*,#3793,.F.);
#5139=ORIENTED_EDGE('',*,*,#3606,.T.);
#5140=ORIENTED_EDGE('',*,*,#3797,.T.);
#5141=ORIENTED_EDGE('',*,*,#3764,.T.);
#5142=ORIENTED_EDGE('',*,*,#3741,.F.);
#5143=ORIENTED_EDGE('',*,*,#3798,.T.);
#5144=ORIENTED_EDGE('',*,*,#3799,.T.);
#5145=ORIENTED_EDGE('',*,*,#3782,.T.);
#5146=ORIENTED_EDGE('',*,*,#3799,.F.);
#5147=ORIENTED_EDGE('',*,*,#3795,.T.);
#5148=ORIENTED_EDGE('',*,*,#3781,.T.);
#5149=ORIENTED_EDGE('',*,*,#3792,.F.);
#5150=ORIENTED_EDGE('',*,*,#3796,.F.);
#5151=ORIENTED_EDGE('',*,*,#3798,.F.);
#5152=ORIENTED_EDGE('',*,*,#3740,.F.);
#5153=ORIENTED_EDGE('',*,*,#3800,.F.);
#5154=ORIENTED_EDGE('',*,*,#3801,.F.);
#5155=ORIENTED_EDGE('',*,*,#3802,.T.);
#5156=ORIENTED_EDGE('',*,*,#3803,.T.);
#5157=ORIENTED_EDGE('',*,*,#3637,.T.);
#5158=ORIENTED_EDGE('',*,*,#3753,.F.);
#5159=ORIENTED_EDGE('',*,*,#3638,.T.);
#5160=ORIENTED_EDGE('',*,*,#3804,.T.);
#5161=ORIENTED_EDGE('',*,*,#3805,.T.);
#5162=ORIENTED_EDGE('',*,*,#3751,.F.);
#5163=ORIENTED_EDGE('',*,*,#3804,.F.);
#5164=ORIENTED_EDGE('',*,*,#3803,.F.);
#5165=ORIENTED_EDGE('',*,*,#3806,.T.);
#5166=ORIENTED_EDGE('',*,*,#3729,.F.);
#5167=ORIENTED_EDGE('',*,*,#3807,.F.);
#5168=ORIENTED_EDGE('',*,*,#3802,.F.);
#5169=ORIENTED_EDGE('',*,*,#3808,.F.);
#5170=ORIENTED_EDGE('',*,*,#3801,.T.);
#5171=ORIENTED_EDGE('',*,*,#3636,.F.);
#5172=ORIENTED_EDGE('',*,*,#3809,.F.);
#5173=ORIENTED_EDGE('',*,*,#3810,.F.);
#5174=ORIENTED_EDGE('',*,*,#3811,.F.);
#5175=ORIENTED_EDGE('',*,*,#3738,.F.);
#5176=ORIENTED_EDGE('',*,*,#3730,.F.);
#5177=ORIENTED_EDGE('',*,*,#3808,.T.);
#5178=ORIENTED_EDGE('',*,*,#3733,.F.);
#5179=ORIENTED_EDGE('',*,*,#3812,.T.);
#5180=ORIENTED_EDGE('',*,*,#3806,.F.);
#5181=ORIENTED_EDGE('',*,*,#3807,.T.);
#5182=ORIENTED_EDGE('',*,*,#3744,.F.);
#5183=ORIENTED_EDGE('',*,*,#3747,.F.);
#5184=ORIENTED_EDGE('',*,*,#3805,.F.);
#5185=ORIENTED_EDGE('',*,*,#3812,.F.);
#5186=ORIENTED_EDGE('',*,*,#3736,.F.);
#5187=ORIENTED_EDGE('',*,*,#3813,.T.);
#5188=ORIENTED_EDGE('',*,*,#3814,.T.);
#5189=ORIENTED_EDGE('',*,*,#3815,.T.);
#5190=ORIENTED_EDGE('',*,*,#3777,.T.);
#5191=ORIENTED_EDGE('',*,*,#3816,.T.);
#5192=ORIENTED_EDGE('',*,*,#3679,.F.);
#5193=ORIENTED_EDGE('',*,*,#3684,.F.);
#5194=ORIENTED_EDGE('',*,*,#3814,.F.);
#5195=ORIENTED_EDGE('',*,*,#3817,.F.);
#5196=ORIENTED_EDGE('',*,*,#3818,.F.);
#5197=ORIENTED_EDGE('',*,*,#3819,.F.);
#5198=ORIENTED_EDGE('',*,*,#3820,.T.);
#5199=ORIENTED_EDGE('',*,*,#3821,.T.);
#5200=ORIENTED_EDGE('',*,*,#3822,.T.);
#5201=ORIENTED_EDGE('',*,*,#3820,.F.);
#5202=ORIENTED_EDGE('',*,*,#3823,.T.);
#5203=ORIENTED_EDGE('',*,*,#3824,.T.);
#5204=ORIENTED_EDGE('',*,*,#3692,.T.);
#5205=ORIENTED_EDGE('',*,*,#3824,.F.);
#5206=ORIENTED_EDGE('',*,*,#3825,.T.);
#5207=ORIENTED_EDGE('',*,*,#3826,.T.);
#5208=ORIENTED_EDGE('',*,*,#3823,.F.);
#5209=ORIENTED_EDGE('',*,*,#3827,.F.);
#5210=ORIENTED_EDGE('',*,*,#3828,.F.);
#5211=ORIENTED_EDGE('',*,*,#3829,.F.);
#5212=ORIENTED_EDGE('',*,*,#3822,.F.);
#5213=ORIENTED_EDGE('',*,*,#3830,.T.);
#5214=ORIENTED_EDGE('',*,*,#3831,.T.);
#5215=ORIENTED_EDGE('',*,*,#3827,.T.);
#5216=ORIENTED_EDGE('',*,*,#3821,.F.);
#5217=ORIENTED_EDGE('',*,*,#3697,.T.);
#5218=ORIENTED_EDGE('',*,*,#3832,.F.);
#5219=ORIENTED_EDGE('',*,*,#3833,.T.);
#5220=ORIENTED_EDGE('',*,*,#3834,.T.);
#5221=ORIENTED_EDGE('',*,*,#3835,.T.);
#5222=ORIENTED_EDGE('',*,*,#3836,.T.);
#5223=ORIENTED_EDGE('',*,*,#3834,.F.);
#5224=ORIENTED_EDGE('',*,*,#3837,.T.);
#5225=ORIENTED_EDGE('',*,*,#3838,.T.);
#5226=ORIENTED_EDGE('',*,*,#3696,.T.);
#5227=ORIENTED_EDGE('',*,*,#3838,.F.);
#5228=ORIENTED_EDGE('',*,*,#3839,.T.);
#5229=ORIENTED_EDGE('',*,*,#3832,.T.);
#5230=ORIENTED_EDGE('',*,*,#3837,.F.);
#5231=ORIENTED_EDGE('',*,*,#3840,.F.);
#5232=ORIENTED_EDGE('',*,*,#3841,.F.);
#5233=ORIENTED_EDGE('',*,*,#3842,.F.);
#5234=ORIENTED_EDGE('',*,*,#3843,.T.);
#5235=ORIENTED_EDGE('',*,*,#3836,.F.);
#5236=ORIENTED_EDGE('',*,*,#3844,.T.);
#5237=ORIENTED_EDGE('',*,*,#3845,.T.);
#5238=ORIENTED_EDGE('',*,*,#3840,.T.);
#5239=ORIENTED_EDGE('',*,*,#3835,.F.);
#5240=ORIENTED_EDGE('',*,*,#3695,.T.);
#5241=ORIENTED_EDGE('',*,*,#3846,.F.);
#5242=ORIENTED_EDGE('',*,*,#3847,.T.);
#5243=ORIENTED_EDGE('',*,*,#3848,.T.);
#5244=ORIENTED_EDGE('',*,*,#3849,.T.);
#5245=ORIENTED_EDGE('',*,*,#3850,.T.);
#5246=ORIENTED_EDGE('',*,*,#3701,.T.);
#5247=ORIENTED_EDGE('',*,*,#3849,.F.);
#5248=ORIENTED_EDGE('',*,*,#3851,.T.);
#5249=ORIENTED_EDGE('',*,*,#3852,.T.);
#5250=ORIENTED_EDGE('',*,*,#3853,.F.);
#5251=ORIENTED_EDGE('',*,*,#3854,.T.);
#5252=ORIENTED_EDGE('',*,*,#3855,.T.);
#5253=ORIENTED_EDGE('',*,*,#3698,.T.);
#5254=ORIENTED_EDGE('',*,*,#3850,.F.);
#5255=ORIENTED_EDGE('',*,*,#3854,.F.);
#5256=ORIENTED_EDGE('',*,*,#3853,.T.);
#5257=ORIENTED_EDGE('',*,*,#3856,.T.);
#5258=ORIENTED_EDGE('',*,*,#3857,.T.);
#5259=ORIENTED_EDGE('',*,*,#3858,.T.);
#5260=ORIENTED_EDGE('',*,*,#3859,.T.);
#5261=ORIENTED_EDGE('',*,*,#3860,.T.);
#5262=ORIENTED_EDGE('',*,*,#3861,.T.);
#5263=ORIENTED_EDGE('',*,*,#3862,.T.);
#5264=ORIENTED_EDGE('',*,*,#3863,.F.);
#5265=ORIENTED_EDGE('',*,*,#3864,.T.);
#5266=ORIENTED_EDGE('',*,*,#3865,.T.);
#5267=ORIENTED_EDGE('',*,*,#3699,.T.);
#5268=ORIENTED_EDGE('',*,*,#3855,.F.);
#5269=ORIENTED_EDGE('',*,*,#3864,.F.);
#5270=ORIENTED_EDGE('',*,*,#3863,.T.);
#5271=ORIENTED_EDGE('',*,*,#3866,.T.);
#5272=ORIENTED_EDGE('',*,*,#3867,.T.);
#5273=ORIENTED_EDGE('',*,*,#3868,.T.);
#5274=ORIENTED_EDGE('',*,*,#3869,.T.);
#5275=ORIENTED_EDGE('',*,*,#3870,.T.);
#5276=ORIENTED_EDGE('',*,*,#3871,.F.);
#5277=ORIENTED_EDGE('',*,*,#3872,.T.);
#5278=ORIENTED_EDGE('',*,*,#3873,.T.);
#5279=ORIENTED_EDGE('',*,*,#3848,.F.);
#5280=ORIENTED_EDGE('',*,*,#3700,.T.);
#5281=ORIENTED_EDGE('',*,*,#3865,.F.);
#5282=ORIENTED_EDGE('',*,*,#3873,.F.);
#5283=ORIENTED_EDGE('',*,*,#3871,.T.);
#5284=ORIENTED_EDGE('',*,*,#3874,.T.);
#5285=ORIENTED_EDGE('',*,*,#3875,.T.);
#5286=ORIENTED_EDGE('',*,*,#3876,.T.);
#5287=ORIENTED_EDGE('',*,*,#3877,.T.);
#5288=ORIENTED_EDGE('',*,*,#3878,.T.);
#5289=ORIENTED_EDGE('',*,*,#3879,.T.);
#5290=ORIENTED_EDGE('',*,*,#3880,.T.);
#5291=ORIENTED_EDGE('',*,*,#3851,.F.);
#5292=ORIENTED_EDGE('',*,*,#3881,.T.);
#5293=ORIENTED_EDGE('',*,*,#3882,.T.);
#5294=ORIENTED_EDGE('',*,*,#3883,.T.);
#5295=ORIENTED_EDGE('',*,*,#3884,.T.);
#5296=ORIENTED_EDGE('',*,*,#3885,.T.);
#5297=ORIENTED_EDGE('',*,*,#3886,.T.);
#5298=ORIENTED_EDGE('',*,*,#3887,.T.);
#5299=ORIENTED_EDGE('',*,*,#3884,.F.);
#5300=ORIENTED_EDGE('',*,*,#3888,.T.);
#5301=ORIENTED_EDGE('',*,*,#3846,.T.);
#5302=ORIENTED_EDGE('',*,*,#3889,.T.);
#5303=ORIENTED_EDGE('',*,*,#3886,.F.);
#5304=ORIENTED_EDGE('',*,*,#3890,.T.);
#5305=ORIENTED_EDGE('',*,*,#3891,.T.);
#5306=ORIENTED_EDGE('',*,*,#3892,.T.);
#5307=ORIENTED_EDGE('',*,*,#3757,.T.);
#5308=ORIENTED_EDGE('',*,*,#3890,.F.);
#5309=ORIENTED_EDGE('',*,*,#3893,.T.);
#5310=ORIENTED_EDGE('',*,*,#3845,.F.);
#5311=ORIENTED_EDGE('',*,*,#3826,.F.);
#5312=ORIENTED_EDGE('',*,*,#3894,.T.);
#5313=ORIENTED_EDGE('',*,*,#3882,.F.);
#5314=ORIENTED_EDGE('',*,*,#3693,.T.);
#5315=ORIENTED_EDGE('',*,*,#3825,.F.);
#5316=ORIENTED_EDGE('',*,*,#3829,.T.);
#5317=ORIENTED_EDGE('',*,*,#3895,.T.);
#5318=ORIENTED_EDGE('',*,*,#3896,.T.);
#5319=ORIENTED_EDGE('',*,*,#3895,.F.);
#5320=ORIENTED_EDGE('',*,*,#3897,.T.);
#5321=ORIENTED_EDGE('',*,*,#3892,.F.);
#5322=ORIENTED_EDGE('',*,*,#3893,.F.);
#5323=ORIENTED_EDGE('',*,*,#3760,.T.);
#5324=ORIENTED_EDGE('',*,*,#3898,.F.);
#5325=ORIENTED_EDGE('',*,*,#3841,.T.);
#5326=ORIENTED_EDGE('',*,*,#3897,.F.);
#5327=ORIENTED_EDGE('',*,*,#3828,.T.);
#5328=ORIENTED_EDGE('',*,*,#3899,.F.);
#5329=ORIENTED_EDGE('',*,*,#3758,.T.);
#5330=ORIENTED_EDGE('',*,*,#3839,.F.);
#5331=ORIENTED_EDGE('',*,*,#3842,.T.);
#5332=ORIENTED_EDGE('',*,*,#3900,.T.);
#5333=ORIENTED_EDGE('',*,*,#3901,.T.);
#5334=ORIENTED_EDGE('',*,*,#3902,.T.);
#5335=ORIENTED_EDGE('',*,*,#3903,.T.);
#5336=ORIENTED_EDGE('',*,*,#3904,.T.);
#5337=ORIENTED_EDGE('',*,*,#3759,.T.);
#5338=ORIENTED_EDGE('',*,*,#3902,.F.);
#5339=ORIENTED_EDGE('',*,*,#3899,.T.);
#5340=ORIENTED_EDGE('',*,*,#3831,.F.);
#5341=ORIENTED_EDGE('',*,*,#3900,.F.);
#5342=ORIENTED_EDGE('',*,*,#3898,.T.);
#5343=ORIENTED_EDGE('',*,*,#3904,.F.);
#5344=ORIENTED_EDGE('',*,*,#3901,.F.);
#5345=ORIENTED_EDGE('',*,*,#3903,.F.);
#5346=ORIENTED_EDGE('',*,*,#3830,.F.);
#5347=ORIENTED_EDGE('',*,*,#3833,.F.);
#5348=ORIENTED_EDGE('',*,*,#3883,.F.);
#5349=ORIENTED_EDGE('',*,*,#3894,.F.);
#5350=ORIENTED_EDGE('',*,*,#3896,.F.);
#5351=ORIENTED_EDGE('',*,*,#3891,.F.);
#5352=ORIENTED_EDGE('',*,*,#3844,.F.);
#5353=ORIENTED_EDGE('',*,*,#3847,.F.);
#5354=ORIENTED_EDGE('',*,*,#3888,.F.);
#5355=ORIENTED_EDGE('',*,*,#3885,.F.);
#5356=ORIENTED_EDGE('',*,*,#3889,.F.);
#5357=ORIENTED_EDGE('',*,*,#3694,.F.);
#5358=ORIENTED_EDGE('',*,*,#3881,.F.);
#5359=ORIENTED_EDGE('',*,*,#3887,.F.);
#5360=ORIENTED_EDGE('',*,*,#3905,.T.);
#5361=ORIENTED_EDGE('',*,*,#3906,.T.);
#5362=ORIENTED_EDGE('',*,*,#3907,.T.);
#5363=ORIENTED_EDGE('',*,*,#3908,.T.);
#5364=ORIENTED_EDGE('',*,*,#3909,.T.);
#5365=ORIENTED_EDGE('',*,*,#3910,.T.);
#5366=ORIENTED_EDGE('',*,*,#3905,.F.);
#5367=ORIENTED_EDGE('',*,*,#3911,.T.);
#5368=ORIENTED_EDGE('',*,*,#3912,.T.);
#5369=ORIENTED_EDGE('',*,*,#3913,.T.);
#5370=ORIENTED_EDGE('',*,*,#3909,.F.);
#5371=ORIENTED_EDGE('',*,*,#3914,.T.);
#5372=ORIENTED_EDGE('',*,*,#3915,.T.);
#5373=ORIENTED_EDGE('',*,*,#3916,.T.);
#5374=ORIENTED_EDGE('',*,*,#3917,.T.);
#5375=ORIENTED_EDGE('',*,*,#3918,.T.);
#5376=ORIENTED_EDGE('',*,*,#3919,.T.);
#5377=ORIENTED_EDGE('',*,*,#3920,.T.);
#5378=ORIENTED_EDGE('',*,*,#3816,.F.);
#5379=ORIENTED_EDGE('',*,*,#3776,.T.);
#5380=ORIENTED_EDGE('',*,*,#3921,.T.);
#5381=ORIENTED_EDGE('',*,*,#3922,.T.);
#5382=ORIENTED_EDGE('',*,*,#3915,.F.);
#5383=ORIENTED_EDGE('',*,*,#3923,.T.);
#5384=ORIENTED_EDGE('',*,*,#3917,.F.);
#5385=ORIENTED_EDGE('',*,*,#3924,.T.);
#5386=ORIENTED_EDGE('',*,*,#3912,.F.);
#5387=ORIENTED_EDGE('',*,*,#3925,.T.);
#5388=ORIENTED_EDGE('',*,*,#3926,.F.);
#5389=ORIENTED_EDGE('',*,*,#3927,.F.);
#5390=ORIENTED_EDGE('',*,*,#3928,.F.);
#5391=ORIENTED_EDGE('',*,*,#3921,.F.);
#5392=ORIENTED_EDGE('',*,*,#3775,.F.);
#5393=ORIENTED_EDGE('',*,*,#3929,.F.);
#5394=ORIENTED_EDGE('',*,*,#3930,.F.);
#5395=ORIENTED_EDGE('',*,*,#3931,.T.);
#5396=ORIENTED_EDGE('',*,*,#3932,.T.);
#5397=ORIENTED_EDGE('',*,*,#3933,.T.);
#5398=ORIENTED_EDGE('',*,*,#3934,.F.);
#5399=ORIENTED_EDGE('',*,*,#3935,.T.);
#5400=ORIENTED_EDGE('',*,*,#3936,.T.);
#5401=ORIENTED_EDGE('',*,*,#3937,.F.);
#5402=ORIENTED_EDGE('',*,*,#3938,.T.);
#5403=ORIENTED_EDGE('',*,*,#3939,.T.);
#5404=ORIENTED_EDGE('',*,*,#3919,.F.);
#5405=ORIENTED_EDGE('',*,*,#3940,.T.);
#5406=ORIENTED_EDGE('',*,*,#3941,.T.);
#5407=ORIENTED_EDGE('',*,*,#3942,.F.);
#5408=ORIENTED_EDGE('',*,*,#3943,.T.);
#5409=ORIENTED_EDGE('',*,*,#3935,.F.);
#5410=ORIENTED_EDGE('',*,*,#3923,.F.);
#5411=ORIENTED_EDGE('',*,*,#3944,.F.);
#5412=ORIENTED_EDGE('',*,*,#3945,.T.);
#5413=ORIENTED_EDGE('',*,*,#3940,.F.);
#5414=ORIENTED_EDGE('',*,*,#3920,.F.);
#5415=ORIENTED_EDGE('',*,*,#3939,.F.);
#5416=ORIENTED_EDGE('',*,*,#3946,.T.);
#5417=ORIENTED_EDGE('',*,*,#3817,.T.);
#5418=ORIENTED_EDGE('',*,*,#3813,.F.);
#5419=ORIENTED_EDGE('',*,*,#3918,.F.);
#5420=ORIENTED_EDGE('',*,*,#3947,.T.);
#5421=ORIENTED_EDGE('',*,*,#3944,.T.);
#5422=ORIENTED_EDGE('',*,*,#3651,.F.);
#5423=ORIENTED_EDGE('',*,*,#3948,.T.);
#5424=ORIENTED_EDGE('',*,*,#3949,.F.);
#5425=ORIENTED_EDGE('',*,*,#3950,.T.);
#5426=ORIENTED_EDGE('',*,*,#3686,.T.);
#5427=ORIENTED_EDGE('',*,*,#3648,.F.);
#5428=ORIENTED_EDGE('',*,*,#3654,.F.);
#5429=ORIENTED_EDGE('',*,*,#3951,.T.);
#5430=ORIENTED_EDGE('',*,*,#3952,.T.);
#5431=ORIENTED_EDGE('',*,*,#3948,.F.);
#5432=ORIENTED_EDGE('',*,*,#3953,.T.);
#5433=ORIENTED_EDGE('',*,*,#3954,.T.);
#5434=ORIENTED_EDGE('',*,*,#3955,.T.);
#5435=ORIENTED_EDGE('',*,*,#3810,.T.);
#5436=ORIENTED_EDGE('',*,*,#3956,.T.);
#5437=ORIENTED_EDGE('',*,*,#3809,.T.);
#5438=ORIENTED_EDGE('',*,*,#3635,.T.);
#5439=ORIENTED_EDGE('',*,*,#3957,.T.);
#5440=ORIENTED_EDGE('',*,*,#3956,.F.);
#5441=ORIENTED_EDGE('',*,*,#3958,.T.);
#5442=ORIENTED_EDGE('',*,*,#3953,.F.);
#5443=ORIENTED_EDGE('',*,*,#3954,.F.);
#5444=ORIENTED_EDGE('',*,*,#3959,.F.);
#5445=ORIENTED_EDGE('',*,*,#3642,.F.);
#5446=ORIENTED_EDGE('',*,*,#3589,.F.);
#5447=ORIENTED_EDGE('',*,*,#3578,.F.);
#5448=ORIENTED_EDGE('',*,*,#3593,.T.);
#5449=ORIENTED_EDGE('',*,*,#3599,.F.);
#5450=ORIENTED_EDGE('',*,*,#3960,.F.);
#5451=ORIENTED_EDGE('',*,*,#3958,.F.);
#5452=ORIENTED_EDGE('',*,*,#3961,.T.);
#5453=ORIENTED_EDGE('',*,*,#3643,.T.);
#5454=ORIENTED_EDGE('',*,*,#3959,.T.);
#5455=ORIENTED_EDGE('',*,*,#3957,.F.);
#5456=ORIENTED_EDGE('',*,*,#3634,.F.);
#5457=ORIENTED_EDGE('',*,*,#3644,.T.);
#5458=ORIENTED_EDGE('',*,*,#3961,.F.);
#5459=ORIENTED_EDGE('',*,*,#3669,.T.);
#5460=ORIENTED_EDGE('',*,*,#3962,.T.);
#5461=ORIENTED_EDGE('',*,*,#3963,.T.);
#5462=ORIENTED_EDGE('',*,*,#3779,.T.);
#5463=ORIENTED_EDGE('',*,*,#3922,.F.);
#5464=ORIENTED_EDGE('',*,*,#3928,.T.);
#5465=ORIENTED_EDGE('',*,*,#3964,.T.);
#5466=ORIENTED_EDGE('',*,*,#3965,.T.);
#5467=ORIENTED_EDGE('',*,*,#3966,.T.);
#5468=ORIENTED_EDGE('',*,*,#3906,.F.);
#5469=ORIENTED_EDGE('',*,*,#3910,.F.);
#5470=ORIENTED_EDGE('',*,*,#3913,.F.);
#5471=ORIENTED_EDGE('',*,*,#3924,.F.);
#5472=ORIENTED_EDGE('',*,*,#3916,.F.);
#5473=ORIENTED_EDGE('',*,*,#3671,.T.);
#5474=ORIENTED_EDGE('',*,*,#3778,.T.);
#5475=ORIENTED_EDGE('',*,*,#3815,.F.);
#5476=ORIENTED_EDGE('',*,*,#3683,.T.);
#5477=ORIENTED_EDGE('',*,*,#3624,.F.);
#5478=ORIENTED_EDGE('',*,*,#3967,.F.);
#5479=ORIENTED_EDGE('',*,*,#3962,.F.);
#5480=ORIENTED_EDGE('',*,*,#3668,.F.);
#5481=ORIENTED_EDGE('',*,*,#3968,.F.);
#5482=ORIENTED_EDGE('',*,*,#3969,.T.);
#5483=ORIENTED_EDGE('',*,*,#3640,.T.);
#5484=ORIENTED_EDGE('',*,*,#3755,.F.);
#5485=ORIENTED_EDGE('',*,*,#3761,.T.);
#5486=ORIENTED_EDGE('',*,*,#3963,.F.);
#5487=ORIENTED_EDGE('',*,*,#3629,.T.);
#5488=ORIENTED_EDGE('',*,*,#3641,.T.);
#5489=ORIENTED_EDGE('',*,*,#3969,.F.);
#5490=ORIENTED_EDGE('',*,*,#3967,.T.);
#5491=ORIENTED_EDGE('',*,*,#3623,.T.);
#5492=ORIENTED_EDGE('',*,*,#3627,.F.);
#5493=ORIENTED_EDGE('',*,*,#3942,.T.);
#5494=ORIENTED_EDGE('',*,*,#3970,.T.);
#5495=ORIENTED_EDGE('',*,*,#3937,.T.);
#5496=ORIENTED_EDGE('',*,*,#3971,.T.);
#5497=ORIENTED_EDGE('',*,*,#3938,.F.);
#5498=ORIENTED_EDGE('',*,*,#3970,.F.);
#5499=ORIENTED_EDGE('',*,*,#3941,.F.);
#5500=ORIENTED_EDGE('',*,*,#3945,.F.);
#5501=ORIENTED_EDGE('',*,*,#3972,.F.);
#5502=ORIENTED_EDGE('',*,*,#3973,.F.);
#5503=ORIENTED_EDGE('',*,*,#3788,.F.);
#5504=ORIENTED_EDGE('',*,*,#3974,.T.);
#5505=ORIENTED_EDGE('',*,*,#3949,.T.);
#5506=ORIENTED_EDGE('',*,*,#3952,.F.);
#5507=ORIENTED_EDGE('',*,*,#3975,.T.);
#5508=ORIENTED_EDGE('',*,*,#3818,.T.);
#5509=ORIENTED_EDGE('',*,*,#3946,.F.);
#5510=ORIENTED_EDGE('',*,*,#3797,.F.);
#5511=ORIENTED_EDGE('',*,*,#3605,.T.);
#5512=ORIENTED_EDGE('',*,*,#3976,.F.);
#5513=ORIENTED_EDGE('',*,*,#3977,.T.);
#5514=ORIENTED_EDGE('',*,*,#3978,.F.);
#5515=ORIENTED_EDGE('',*,*,#3603,.T.);
#5516=ORIENTED_EDGE('',*,*,#3979,.F.);
#5517=ORIENTED_EDGE('',*,*,#3980,.F.);
#5518=ORIENTED_EDGE('',*,*,#3981,.F.);
#5519=ORIENTED_EDGE('',*,*,#3982,.F.);
#5520=ORIENTED_EDGE('',*,*,#3983,.F.);
#5521=ORIENTED_EDGE('',*,*,#3765,.F.);
#5522=ORIENTED_EDGE('',*,*,#3984,.T.);
#5523=ORIENTED_EDGE('',*,*,#3985,.T.);
#5524=ORIENTED_EDGE('',*,*,#3976,.T.);
#5525=ORIENTED_EDGE('',*,*,#3604,.T.);
#5526=ORIENTED_EDGE('',*,*,#3978,.T.);
#5527=ORIENTED_EDGE('',*,*,#3986,.T.);
#5528=ORIENTED_EDGE('',*,*,#3979,.T.);
#5529=ORIENTED_EDGE('',*,*,#3602,.T.);
#5530=ORIENTED_EDGE('',*,*,#3987,.T.);
#5531=ORIENTED_EDGE('',*,*,#3988,.T.);
#5532=ORIENTED_EDGE('',*,*,#3987,.F.);
#5533=ORIENTED_EDGE('',*,*,#3989,.T.);
#5534=ORIENTED_EDGE('',*,*,#3990,.T.);
#5535=ORIENTED_EDGE('',*,*,#3990,.F.);
#5536=ORIENTED_EDGE('',*,*,#3991,.T.);
#5537=ORIENTED_EDGE('',*,*,#3992,.T.);
#5538=ORIENTED_EDGE('',*,*,#3993,.T.);
#5539=ORIENTED_EDGE('',*,*,#3989,.F.);
#5540=ORIENTED_EDGE('',*,*,#3601,.T.);
#5541=ORIENTED_EDGE('',*,*,#3994,.F.);
#5542=ORIENTED_EDGE('',*,*,#3995,.T.);
#5543=ORIENTED_EDGE('',*,*,#3617,.F.);
#5544=ORIENTED_EDGE('',*,*,#3610,.T.);
#5545=ORIENTED_EDGE('',*,*,#3631,.F.);
#5546=ORIENTED_EDGE('',*,*,#3687,.T.);
#5547=ORIENTED_EDGE('',*,*,#3950,.F.);
#5548=ORIENTED_EDGE('',*,*,#3974,.F.);
#5549=ORIENTED_EDGE('',*,*,#3787,.F.);
#5550=ORIENTED_EDGE('',*,*,#3786,.F.);
#5551=ORIENTED_EDGE('',*,*,#3996,.T.);
#5552=ORIENTED_EDGE('',*,*,#3997,.T.);
#5553=ORIENTED_EDGE('',*,*,#3570,.T.);
#5554=ORIENTED_EDGE('',*,*,#3600,.T.);
#5555=ORIENTED_EDGE('',*,*,#3571,.T.);
#5556=ORIENTED_EDGE('',*,*,#3997,.F.);
#5557=ORIENTED_EDGE('',*,*,#3994,.T.);
#5558=ORIENTED_EDGE('',*,*,#3914,.F.);
#5559=ORIENTED_EDGE('',*,*,#3998,.F.);
#5560=ORIENTED_EDGE('',*,*,#3999,.F.);
#5561=ORIENTED_EDGE('',*,*,#4000,.F.);
#5562=ORIENTED_EDGE('',*,*,#4001,.F.);
#5563=ORIENTED_EDGE('',*,*,#4002,.F.);
#5564=ORIENTED_EDGE('',*,*,#4003,.F.);
#5565=ORIENTED_EDGE('',*,*,#4004,.F.);
#5566=ORIENTED_EDGE('',*,*,#4005,.F.);
#5567=ORIENTED_EDGE('',*,*,#4006,.F.);
#5568=ORIENTED_EDGE('',*,*,#4007,.F.);
#5569=ORIENTED_EDGE('',*,*,#4008,.F.);
#5570=ORIENTED_EDGE('',*,*,#3991,.F.);
#5571=ORIENTED_EDGE('',*,*,#3995,.F.);
#5572=ORIENTED_EDGE('',*,*,#3996,.F.);
#5573=ORIENTED_EDGE('',*,*,#3785,.F.);
#5574=ORIENTED_EDGE('',*,*,#3789,.F.);
#5575=ORIENTED_EDGE('',*,*,#3973,.T.);
#5576=ORIENTED_EDGE('',*,*,#4009,.F.);
#5577=ORIENTED_EDGE('',*,*,#4010,.T.);
#5578=ORIENTED_EDGE('',*,*,#4005,.T.);
#5579=ORIENTED_EDGE('',*,*,#4011,.F.);
#5580=ORIENTED_EDGE('',*,*,#4012,.T.);
#5581=ORIENTED_EDGE('',*,*,#4010,.F.);
#5582=ORIENTED_EDGE('',*,*,#4013,.T.);
#5583=ORIENTED_EDGE('',*,*,#4014,.F.);
#5584=ORIENTED_EDGE('',*,*,#4015,.T.);
#5585=ORIENTED_EDGE('',*,*,#4016,.T.);
#5586=ORIENTED_EDGE('',*,*,#4017,.F.);
#5587=ORIENTED_EDGE('',*,*,#4006,.T.);
#5588=ORIENTED_EDGE('',*,*,#4018,.F.);
#5589=ORIENTED_EDGE('',*,*,#4001,.T.);
#5590=ORIENTED_EDGE('',*,*,#4019,.T.);
#5591=ORIENTED_EDGE('',*,*,#4020,.T.);
#5592=ORIENTED_EDGE('',*,*,#4019,.F.);
#5593=ORIENTED_EDGE('',*,*,#4000,.T.);
#5594=ORIENTED_EDGE('',*,*,#4021,.T.);
#5595=ORIENTED_EDGE('',*,*,#4022,.T.);
#5596=ORIENTED_EDGE('',*,*,#4023,.T.);
#5597=ORIENTED_EDGE('',*,*,#4024,.T.);
#5598=ORIENTED_EDGE('',*,*,#4025,.T.);
#5599=ORIENTED_EDGE('',*,*,#4026,.T.);
#5600=ORIENTED_EDGE('',*,*,#4011,.T.);
#5601=ORIENTED_EDGE('',*,*,#4004,.T.);
#5602=ORIENTED_EDGE('',*,*,#4027,.T.);
#5603=ORIENTED_EDGE('',*,*,#4003,.T.);
#5604=ORIENTED_EDGE('',*,*,#4028,.T.);
#5605=ORIENTED_EDGE('',*,*,#4029,.T.);
#5606=ORIENTED_EDGE('',*,*,#4030,.T.);
#5607=ORIENTED_EDGE('',*,*,#4031,.T.);
#5608=ORIENTED_EDGE('',*,*,#4027,.F.);
#5609=ORIENTED_EDGE('',*,*,#4002,.T.);
#5610=ORIENTED_EDGE('',*,*,#4018,.T.);
#5611=ORIENTED_EDGE('',*,*,#4032,.T.);
#5612=ORIENTED_EDGE('',*,*,#4028,.F.);
#5613=ORIENTED_EDGE('',*,*,#4030,.F.);
#5614=ORIENTED_EDGE('',*,*,#4033,.T.);
#5615=ORIENTED_EDGE('',*,*,#4026,.F.);
#5616=ORIENTED_EDGE('',*,*,#4031,.F.);
#5617=ORIENTED_EDGE('',*,*,#4033,.F.);
#5618=ORIENTED_EDGE('',*,*,#4029,.F.);
#5619=ORIENTED_EDGE('',*,*,#4032,.F.);
#5620=ORIENTED_EDGE('',*,*,#4020,.F.);
#5621=ORIENTED_EDGE('',*,*,#4025,.F.);
#5622=ORIENTED_EDGE('',*,*,#4034,.F.);
#5623=ORIENTED_EDGE('',*,*,#4035,.T.);
#5624=ORIENTED_EDGE('',*,*,#3907,.F.);
#5625=ORIENTED_EDGE('',*,*,#3966,.F.);
#5626=ORIENTED_EDGE('',*,*,#4036,.T.);
#5627=ORIENTED_EDGE('',*,*,#4037,.T.);
#5628=ORIENTED_EDGE('',*,*,#4038,.T.);
#5629=ORIENTED_EDGE('',*,*,#4039,.T.);
#5630=ORIENTED_EDGE('',*,*,#4040,.T.);
#5631=ORIENTED_EDGE('',*,*,#3964,.F.);
#5632=ORIENTED_EDGE('',*,*,#3927,.T.);
#5633=ORIENTED_EDGE('',*,*,#4041,.T.);
#5634=ORIENTED_EDGE('',*,*,#3929,.T.);
#5635=ORIENTED_EDGE('',*,*,#3774,.F.);
#5636=ORIENTED_EDGE('',*,*,#4042,.T.);
#5637=ORIENTED_EDGE('',*,*,#4043,.T.);
#5638=ORIENTED_EDGE('',*,*,#4044,.T.);
#5639=ORIENTED_EDGE('',*,*,#4045,.T.);
#5640=ORIENTED_EDGE('',*,*,#4046,.T.);
#5641=ORIENTED_EDGE('',*,*,#3772,.F.);
#5642=ORIENTED_EDGE('',*,*,#4047,.T.);
#5643=ORIENTED_EDGE('',*,*,#4048,.T.);
#5644=ORIENTED_EDGE('',*,*,#4049,.T.);
#5645=ORIENTED_EDGE('',*,*,#3770,.F.);
#5646=ORIENTED_EDGE('',*,*,#4050,.T.);
#5647=ORIENTED_EDGE('',*,*,#4051,.T.);
#5648=ORIENTED_EDGE('',*,*,#4052,.T.);
#5649=ORIENTED_EDGE('',*,*,#4053,.T.);
#5650=ORIENTED_EDGE('',*,*,#4054,.T.);
#5651=ORIENTED_EDGE('',*,*,#3768,.F.);
#5652=ORIENTED_EDGE('',*,*,#4055,.T.);
#5653=ORIENTED_EDGE('',*,*,#4056,.T.);
#5654=ORIENTED_EDGE('',*,*,#4057,.T.);
#5655=ORIENTED_EDGE('',*,*,#4058,.T.);
#5656=ORIENTED_EDGE('',*,*,#4059,.T.);
#5657=ORIENTED_EDGE('',*,*,#3766,.F.);
#5658=ORIENTED_EDGE('',*,*,#3983,.T.);
#5659=ORIENTED_EDGE('',*,*,#4060,.T.);
#5660=ORIENTED_EDGE('',*,*,#3981,.T.);
#5661=ORIENTED_EDGE('',*,*,#4061,.F.);
#5662=ORIENTED_EDGE('',*,*,#4062,.T.);
#5663=ORIENTED_EDGE('',*,*,#4063,.T.);
#5664=ORIENTED_EDGE('',*,*,#4064,.T.);
#5665=ORIENTED_EDGE('',*,*,#4065,.T.);
#5666=ORIENTED_EDGE('',*,*,#4066,.T.);
#5667=ORIENTED_EDGE('',*,*,#4067,.F.);
#5668=ORIENTED_EDGE('',*,*,#4068,.T.);
#5669=ORIENTED_EDGE('',*,*,#4069,.F.);
#5670=ORIENTED_EDGE('',*,*,#4013,.F.);
#5671=ORIENTED_EDGE('',*,*,#4012,.F.);
#5672=ORIENTED_EDGE('',*,*,#3911,.F.);
#5673=ORIENTED_EDGE('',*,*,#4070,.T.);
#5674=ORIENTED_EDGE('',*,*,#4071,.T.);
#5675=ORIENTED_EDGE('',*,*,#4072,.T.);
#5676=ORIENTED_EDGE('',*,*,#3998,.T.);
#5677=ORIENTED_EDGE('',*,*,#3999,.T.);
#5678=ORIENTED_EDGE('',*,*,#4072,.F.);
#5679=ORIENTED_EDGE('',*,*,#4073,.T.);
#5680=ORIENTED_EDGE('',*,*,#4021,.F.);
#5681=ORIENTED_EDGE('',*,*,#4073,.F.);
#5682=ORIENTED_EDGE('',*,*,#4071,.F.);
#5683=ORIENTED_EDGE('',*,*,#4074,.F.);
#5684=ORIENTED_EDGE('',*,*,#4022,.F.);
#5685=ORIENTED_EDGE('',*,*,#4035,.F.);
#5686=ORIENTED_EDGE('',*,*,#4075,.F.);
#5687=ORIENTED_EDGE('',*,*,#4076,.T.);
#5688=ORIENTED_EDGE('',*,*,#4077,.T.);
#5689=ORIENTED_EDGE('',*,*,#4078,.T.);
#5690=ORIENTED_EDGE('',*,*,#4079,.F.);
#5691=ORIENTED_EDGE('',*,*,#4023,.F.);
#5692=ORIENTED_EDGE('',*,*,#4074,.T.);
#5693=ORIENTED_EDGE('',*,*,#4070,.F.);
#5694=ORIENTED_EDGE('',*,*,#3908,.F.);
#5695=ORIENTED_EDGE('',*,*,#4080,.T.);
#5696=ORIENTED_EDGE('',*,*,#4081,.T.);
#5697=ORIENTED_EDGE('',*,*,#3992,.F.);
#5698=ORIENTED_EDGE('',*,*,#4008,.T.);
#5699=ORIENTED_EDGE('',*,*,#4082,.T.);
#5700=ORIENTED_EDGE('',*,*,#4083,.T.);
#5701=ORIENTED_EDGE('',*,*,#4084,.T.);
#5702=ORIENTED_EDGE('',*,*,#4082,.F.);
#5703=ORIENTED_EDGE('',*,*,#4007,.T.);
#5704=ORIENTED_EDGE('',*,*,#4017,.T.);
#5705=ORIENTED_EDGE('',*,*,#3988,.F.);
#5706=ORIENTED_EDGE('',*,*,#3993,.F.);
#5707=ORIENTED_EDGE('',*,*,#4081,.F.);
#5708=ORIENTED_EDGE('',*,*,#4085,.T.);
#5709=ORIENTED_EDGE('',*,*,#4067,.T.);
#5710=ORIENTED_EDGE('',*,*,#4086,.T.);
#5711=ORIENTED_EDGE('',*,*,#4061,.T.);
#5712=ORIENTED_EDGE('',*,*,#3980,.T.);
#5713=ORIENTED_EDGE('',*,*,#4084,.F.);
#5714=ORIENTED_EDGE('',*,*,#4016,.F.);
#5715=ORIENTED_EDGE('',*,*,#4087,.F.);
#5716=ORIENTED_EDGE('',*,*,#4083,.F.);
#5717=ORIENTED_EDGE('',*,*,#4080,.F.);
#5718=ORIENTED_EDGE('',*,*,#4087,.T.);
#5719=ORIENTED_EDGE('',*,*,#4015,.F.);
#5720=ORIENTED_EDGE('',*,*,#4088,.F.);
#5721=ORIENTED_EDGE('',*,*,#4089,.T.);
#5722=ORIENTED_EDGE('',*,*,#4090,.T.);
#5723=ORIENTED_EDGE('',*,*,#4091,.T.);
#5724=ORIENTED_EDGE('',*,*,#4092,.F.);
#5725=ORIENTED_EDGE('',*,*,#4068,.F.);
#5726=ORIENTED_EDGE('',*,*,#4085,.F.);
#5727=ORIENTED_EDGE('',*,*,#3925,.F.);
#5728=ORIENTED_EDGE('',*,*,#4009,.T.);
#5729=ORIENTED_EDGE('',*,*,#3972,.T.);
#5730=ORIENTED_EDGE('',*,*,#3947,.F.);
#5731=ORIENTED_EDGE('',*,*,#3706,.F.);
#5732=ORIENTED_EDGE('',*,*,#4093,.T.);
#5733=ORIENTED_EDGE('',*,*,#3716,.F.);
#5734=ORIENTED_EDGE('',*,*,#4094,.F.);
#5735=ORIENTED_EDGE('',*,*,#3691,.F.);
#5736=ORIENTED_EDGE('',*,*,#4095,.F.);
#5737=ORIENTED_EDGE('',*,*,#3727,.F.);
#5738=ORIENTED_EDGE('',*,*,#3721,.F.);
#5739=ORIENTED_EDGE('',*,*,#3715,.F.);
#5740=ORIENTED_EDGE('',*,*,#4096,.F.);
#5741=ORIENTED_EDGE('',*,*,#3717,.F.);
#5742=ORIENTED_EDGE('',*,*,#4094,.T.);
#5743=ORIENTED_EDGE('',*,*,#3705,.F.);
#5744=ORIENTED_EDGE('',*,*,#4097,.F.);
#5745=ORIENTED_EDGE('',*,*,#3707,.F.);
#5746=ORIENTED_EDGE('',*,*,#4093,.F.);
#5747=ORIENTED_EDGE('',*,*,#4097,.T.);
#5748=ORIENTED_EDGE('',*,*,#3704,.F.);
#5749=ORIENTED_EDGE('',*,*,#4098,.T.);
#5750=ORIENTED_EDGE('',*,*,#4099,.T.);
#5751=ORIENTED_EDGE('',*,*,#4100,.F.);
#5752=ORIENTED_EDGE('',*,*,#3708,.F.);
#5753=ORIENTED_EDGE('',*,*,#3703,.F.);
#5754=ORIENTED_EDGE('',*,*,#3725,.T.);
#5755=ORIENTED_EDGE('',*,*,#4101,.T.);
#5756=ORIENTED_EDGE('',*,*,#4098,.F.);
#5757=ORIENTED_EDGE('',*,*,#3709,.F.);
#5758=ORIENTED_EDGE('',*,*,#4100,.T.);
#5759=ORIENTED_EDGE('',*,*,#4102,.T.);
#5760=ORIENTED_EDGE('',*,*,#3723,.F.);
#5761=ORIENTED_EDGE('',*,*,#4102,.F.);
#5762=ORIENTED_EDGE('',*,*,#4099,.F.);
#5763=ORIENTED_EDGE('',*,*,#4101,.F.);
#5764=ORIENTED_EDGE('',*,*,#3724,.F.);
#5765=ORIENTED_EDGE('',*,*,#3719,.F.);
#5766=ORIENTED_EDGE('',*,*,#4103,.T.);
#5767=ORIENTED_EDGE('',*,*,#4104,.T.);
#5768=ORIENTED_EDGE('',*,*,#4105,.F.);
#5769=ORIENTED_EDGE('',*,*,#4096,.T.);
#5770=ORIENTED_EDGE('',*,*,#3714,.F.);
#5771=ORIENTED_EDGE('',*,*,#4106,.T.);
#5772=ORIENTED_EDGE('',*,*,#4107,.T.);
#5773=ORIENTED_EDGE('',*,*,#4103,.F.);
#5774=ORIENTED_EDGE('',*,*,#3718,.F.);
#5775=ORIENTED_EDGE('',*,*,#3713,.F.);
#5776=ORIENTED_EDGE('',*,*,#4108,.T.);
#5777=ORIENTED_EDGE('',*,*,#4109,.T.);
#5778=ORIENTED_EDGE('',*,*,#4106,.F.);
#5779=ORIENTED_EDGE('',*,*,#3690,.F.);
#5780=ORIENTED_EDGE('',*,*,#3720,.F.);
#5781=ORIENTED_EDGE('',*,*,#4105,.T.);
#5782=ORIENTED_EDGE('',*,*,#4110,.T.);
#5783=ORIENTED_EDGE('',*,*,#4108,.F.);
#5784=ORIENTED_EDGE('',*,*,#3712,.F.);
#5785=ORIENTED_EDGE('',*,*,#3726,.F.);
#5786=ORIENTED_EDGE('',*,*,#4095,.T.);
#5787=ORIENTED_EDGE('',*,*,#4110,.F.);
#5788=ORIENTED_EDGE('',*,*,#4104,.F.);
#5789=ORIENTED_EDGE('',*,*,#4107,.F.);
#5790=ORIENTED_EDGE('',*,*,#4109,.F.);
#5791=ORIENTED_EDGE('',*,*,#4111,.T.);
#5792=ORIENTED_EDGE('',*,*,#4112,.F.);
#5793=ORIENTED_EDGE('',*,*,#4113,.F.);
#5794=ORIENTED_EDGE('',*,*,#4112,.T.);
#5795=ORIENTED_EDGE('',*,*,#4114,.F.);
#5796=ORIENTED_EDGE('',*,*,#4115,.T.);
#5797=ORIENTED_EDGE('',*,*,#3984,.F.);
#5798=ORIENTED_EDGE('',*,*,#3985,.F.);
#5799=ORIENTED_EDGE('',*,*,#4115,.F.);
#5800=ORIENTED_EDGE('',*,*,#3790,.T.);
#5801=ORIENTED_EDGE('',*,*,#3800,.T.);
#5802=ORIENTED_EDGE('',*,*,#3739,.F.);
#5803=ORIENTED_EDGE('',*,*,#3811,.T.);
#5804=ORIENTED_EDGE('',*,*,#3955,.F.);
#5805=ORIENTED_EDGE('',*,*,#3960,.T.);
#5806=ORIENTED_EDGE('',*,*,#3598,.T.);
#5807=ORIENTED_EDGE('',*,*,#3608,.T.);
#5808=ORIENTED_EDGE('',*,*,#3986,.F.);
#5809=ORIENTED_EDGE('',*,*,#3977,.F.);
#5810=ORIENTED_EDGE('',*,*,#3625,.T.);
#5811=ORIENTED_EDGE('',*,*,#3968,.T.);
#5812=ORIENTED_EDGE('',*,*,#3667,.T.);
#5813=ORIENTED_EDGE('',*,*,#3685,.T.);
#5814=ORIENTED_EDGE('',*,*,#3632,.T.);
#5815=ORIENTED_EDGE('',*,*,#3620,.F.);
#5816=ORIENTED_EDGE('',*,*,#3653,.T.);
#5817=ORIENTED_EDGE('',*,*,#3682,.F.);
#5818=ORIENTED_EDGE('',*,*,#3680,.T.);
#5819=ORIENTED_EDGE('',*,*,#3819,.T.);
#5820=ORIENTED_EDGE('',*,*,#3975,.F.);
#5821=ORIENTED_EDGE('',*,*,#3951,.F.);
#5822=ORIENTED_EDGE('',*,*,#3971,.F.);
#5823=ORIENTED_EDGE('',*,*,#3936,.F.);
#5824=ORIENTED_EDGE('',*,*,#3943,.F.);
#5825=ORIENTED_EDGE('',*,*,#3843,.F.);
#5826=ORIENTED_EDGE('',*,*,#4116,.T.);
#5827=ORIENTED_EDGE('',*,*,#3872,.F.);
#5828=ORIENTED_EDGE('',*,*,#4116,.F.);
#5829=ORIENTED_EDGE('',*,*,#4054,.F.);
#5830=ORIENTED_EDGE('',*,*,#4117,.F.);
#5831=ORIENTED_EDGE('',*,*,#4050,.F.);
#5832=ORIENTED_EDGE('',*,*,#3769,.F.);
#5833=ORIENTED_EDGE('',*,*,#4118,.T.);
#5834=ORIENTED_EDGE('',*,*,#4119,.T.);
#5835=ORIENTED_EDGE('',*,*,#4120,.F.);
#5836=ORIENTED_EDGE('',*,*,#4051,.F.);
#5837=ORIENTED_EDGE('',*,*,#4121,.T.);
#5838=ORIENTED_EDGE('',*,*,#4053,.F.);
#5839=ORIENTED_EDGE('',*,*,#4122,.F.);
#5840=ORIENTED_EDGE('',*,*,#4123,.T.);
#5841=ORIENTED_EDGE('',*,*,#3933,.F.);
#5842=ORIENTED_EDGE('',*,*,#4124,.T.);
#5843=ORIENTED_EDGE('',*,*,#4125,.F.);
#5844=ORIENTED_EDGE('',*,*,#4126,.T.);
#5845=ORIENTED_EDGE('',*,*,#4127,.F.);
#5846=ORIENTED_EDGE('',*,*,#4128,.T.);
#5847=ORIENTED_EDGE('',*,*,#4044,.F.);
#5848=ORIENTED_EDGE('',*,*,#4129,.T.);
#5849=ORIENTED_EDGE('',*,*,#4057,.F.);
#5850=ORIENTED_EDGE('',*,*,#4130,.T.);
#5851=ORIENTED_EDGE('',*,*,#4123,.F.);
#5852=ORIENTED_EDGE('',*,*,#4131,.T.);
#5853=ORIENTED_EDGE('',*,*,#4132,.F.);
#5854=ORIENTED_EDGE('',*,*,#4133,.F.);
#5855=ORIENTED_EDGE('',*,*,#4111,.F.);
#5856=ORIENTED_EDGE('',*,*,#4134,.F.);
#5857=ORIENTED_EDGE('',*,*,#4135,.F.);
#5858=ORIENTED_EDGE('',*,*,#3876,.F.);
#5859=ORIENTED_EDGE('',*,*,#3932,.F.);
#5860=ORIENTED_EDGE('',*,*,#4136,.F.);
#5861=ORIENTED_EDGE('',*,*,#4137,.F.);
#5862=ORIENTED_EDGE('',*,*,#3860,.F.);
#5863=ORIENTED_EDGE('',*,*,#4138,.F.);
#5864=ORIENTED_EDGE('',*,*,#4124,.F.);
#5865=ORIENTED_EDGE('',*,*,#4139,.F.);
#5866=ORIENTED_EDGE('',*,*,#4140,.F.);
#5867=ORIENTED_EDGE('',*,*,#4118,.F.);
#5868=ORIENTED_EDGE('',*,*,#4117,.T.);
#5869=ORIENTED_EDGE('',*,*,#4121,.F.);
#5870=ORIENTED_EDGE('',*,*,#4130,.F.);
#5871=ORIENTED_EDGE('',*,*,#4056,.F.);
#5872=ORIENTED_EDGE('',*,*,#4141,.F.);
#5873=ORIENTED_EDGE('',*,*,#3868,.F.);
#5874=ORIENTED_EDGE('',*,*,#4142,.F.);
#5875=ORIENTED_EDGE('',*,*,#4045,.F.);
#5876=ORIENTED_EDGE('',*,*,#4128,.F.);
#5877=ORIENTED_EDGE('',*,*,#4143,.F.);
#5878=ORIENTED_EDGE('',*,*,#4064,.F.);
#5879=ORIENTED_EDGE('',*,*,#4144,.T.);
#5880=ORIENTED_EDGE('',*,*,#4091,.F.);
#5881=ORIENTED_EDGE('',*,*,#4145,.T.);
#5882=ORIENTED_EDGE('',*,*,#4076,.F.);
#5883=ORIENTED_EDGE('',*,*,#4146,.T.);
#5884=ORIENTED_EDGE('',*,*,#4038,.F.);
#5885=ORIENTED_EDGE('',*,*,#4147,.T.);
#5886=ORIENTED_EDGE('',*,*,#4078,.F.);
#5887=ORIENTED_EDGE('',*,*,#4148,.T.);
#5888=ORIENTED_EDGE('',*,*,#4089,.F.);
#5889=ORIENTED_EDGE('',*,*,#4149,.T.);
#5890=ORIENTED_EDGE('',*,*,#4077,.F.);
#5891=ORIENTED_EDGE('',*,*,#4147,.F.);
#5892=ORIENTED_EDGE('',*,*,#4037,.F.);
#5893=ORIENTED_EDGE('',*,*,#4150,.F.);
#5894=ORIENTED_EDGE('',*,*,#3856,.F.);
#5895=ORIENTED_EDGE('',*,*,#3852,.F.);
#5896=ORIENTED_EDGE('',*,*,#3880,.F.);
#5897=ORIENTED_EDGE('',*,*,#4151,.F.);
#5898=ORIENTED_EDGE('',*,*,#4065,.F.);
#5899=ORIENTED_EDGE('',*,*,#4145,.F.);
#5900=ORIENTED_EDGE('',*,*,#4090,.F.);
#5901=ORIENTED_EDGE('',*,*,#4148,.F.);
#5902=ORIENTED_EDGE('',*,*,#3931,.F.);
#5903=ORIENTED_EDGE('',*,*,#4152,.T.);
#5904=ORIENTED_EDGE('',*,*,#4153,.F.);
#5905=ORIENTED_EDGE('',*,*,#4136,.T.);
#5906=ORIENTED_EDGE('',*,*,#4154,.F.);
#5907=ORIENTED_EDGE('',*,*,#4155,.T.);
#5908=ORIENTED_EDGE('',*,*,#4119,.F.);
#5909=ORIENTED_EDGE('',*,*,#4140,.T.);
#5910=ORIENTED_EDGE('',*,*,#4113,.T.);
#5911=ORIENTED_EDGE('',*,*,#4114,.T.);
#5912=ORIENTED_EDGE('',*,*,#4133,.T.);
#5913=ORIENTED_EDGE('',*,*,#4156,.F.);
#5914=ORIENTED_EDGE('',*,*,#4157,.T.);
#5915=ORIENTED_EDGE('',*,*,#4158,.F.);
#5916=ORIENTED_EDGE('',*,*,#4134,.T.);
#5917=ORIENTED_EDGE('',*,*,#4139,.T.);
#5918=ORIENTED_EDGE('',*,*,#4159,.T.);
#5919=ORIENTED_EDGE('',*,*,#4160,.T.);
#5920=ORIENTED_EDGE('',*,*,#4159,.F.);
#5921=ORIENTED_EDGE('',*,*,#4143,.T.);
#5922=ORIENTED_EDGE('',*,*,#4127,.T.);
#5923=ORIENTED_EDGE('',*,*,#4161,.F.);
#5924=ORIENTED_EDGE('',*,*,#4047,.F.);
#5925=ORIENTED_EDGE('',*,*,#3771,.F.);
#5926=ORIENTED_EDGE('',*,*,#4049,.F.);
#5927=ORIENTED_EDGE('',*,*,#4162,.F.);
#5928=ORIENTED_EDGE('',*,*,#4154,.T.);
#5929=ORIENTED_EDGE('',*,*,#4141,.T.);
#5930=ORIENTED_EDGE('',*,*,#4055,.F.);
#5931=ORIENTED_EDGE('',*,*,#3767,.F.);
#5932=ORIENTED_EDGE('',*,*,#4059,.F.);
#5933=ORIENTED_EDGE('',*,*,#4163,.F.);
#5934=ORIENTED_EDGE('',*,*,#4156,.T.);
#5935=ORIENTED_EDGE('',*,*,#4132,.T.);
#5936=ORIENTED_EDGE('',*,*,#3875,.F.);
#5937=ORIENTED_EDGE('',*,*,#4164,.T.);
#5938=ORIENTED_EDGE('',*,*,#3869,.F.);
#5939=ORIENTED_EDGE('',*,*,#4135,.T.);
#5940=ORIENTED_EDGE('',*,*,#4158,.T.);
#5941=ORIENTED_EDGE('',*,*,#4165,.F.);
#5942=ORIENTED_EDGE('',*,*,#4062,.F.);
#5943=ORIENTED_EDGE('',*,*,#4086,.F.);
#5944=ORIENTED_EDGE('',*,*,#4066,.F.);
#5945=ORIENTED_EDGE('',*,*,#4151,.T.);
#5946=ORIENTED_EDGE('',*,*,#3879,.F.);
#5947=ORIENTED_EDGE('',*,*,#4166,.T.);
#5948=ORIENTED_EDGE('',*,*,#3877,.F.);
#5949=ORIENTED_EDGE('',*,*,#4167,.T.);
#5950=ORIENTED_EDGE('',*,*,#4168,.T.);
#5951=ORIENTED_EDGE('',*,*,#4169,.T.);
#5952=ORIENTED_EDGE('',*,*,#4170,.F.);
#5953=ORIENTED_EDGE('',*,*,#4150,.T.);
#5954=ORIENTED_EDGE('',*,*,#4036,.F.);
#5955=ORIENTED_EDGE('',*,*,#3965,.F.);
#5956=ORIENTED_EDGE('',*,*,#4040,.F.);
#5957=ORIENTED_EDGE('',*,*,#4171,.F.);
#5958=ORIENTED_EDGE('',*,*,#4125,.T.);
#5959=ORIENTED_EDGE('',*,*,#4138,.T.);
#5960=ORIENTED_EDGE('',*,*,#3859,.F.);
#5961=ORIENTED_EDGE('',*,*,#4172,.T.);
#5962=ORIENTED_EDGE('',*,*,#3857,.F.);
#5963=ORIENTED_EDGE('',*,*,#4173,.T.);
#5964=ORIENTED_EDGE('',*,*,#4170,.T.);
#5965=ORIENTED_EDGE('',*,*,#4174,.T.);
#5966=ORIENTED_EDGE('',*,*,#4175,.F.);
#5967=ORIENTED_EDGE('',*,*,#4176,.T.);
#5968=ORIENTED_EDGE('',*,*,#4175,.T.);
#5969=ORIENTED_EDGE('',*,*,#4177,.T.);
#5970=ORIENTED_EDGE('',*,*,#4178,.F.);
#5971=ORIENTED_EDGE('',*,*,#4179,.T.);
#5972=ORIENTED_EDGE('',*,*,#4178,.T.);
#5973=ORIENTED_EDGE('',*,*,#4180,.T.);
#5974=ORIENTED_EDGE('',*,*,#4168,.F.);
#5975=ORIENTED_EDGE('',*,*,#4060,.F.);
#5976=ORIENTED_EDGE('',*,*,#3982,.T.);
#5977=ORIENTED_EDGE('',*,*,#3862,.F.);
#5978=ORIENTED_EDGE('',*,*,#4181,.F.);
#5979=ORIENTED_EDGE('',*,*,#3866,.F.);
#5980=ORIENTED_EDGE('',*,*,#4142,.T.);
#5981=ORIENTED_EDGE('',*,*,#3867,.F.);
#5982=ORIENTED_EDGE('',*,*,#4181,.T.);
#5983=ORIENTED_EDGE('',*,*,#3861,.F.);
#5984=ORIENTED_EDGE('',*,*,#4137,.T.);
#5985=ORIENTED_EDGE('',*,*,#4153,.T.);
#5986=ORIENTED_EDGE('',*,*,#4182,.F.);
#5987=ORIENTED_EDGE('',*,*,#4042,.F.);
#5988=ORIENTED_EDGE('',*,*,#3773,.F.);
#5989=ORIENTED_EDGE('',*,*,#4046,.F.);
#5990=ORIENTED_EDGE('',*,*,#4075,.T.);
#5991=ORIENTED_EDGE('',*,*,#4034,.T.);
#5992=ORIENTED_EDGE('',*,*,#4024,.F.);
#5993=ORIENTED_EDGE('',*,*,#4079,.T.);
#5994=ORIENTED_EDGE('',*,*,#4149,.F.);
#5995=ORIENTED_EDGE('',*,*,#4088,.T.);
#5996=ORIENTED_EDGE('',*,*,#4014,.T.);
#5997=ORIENTED_EDGE('',*,*,#4069,.T.);
#5998=ORIENTED_EDGE('',*,*,#4092,.T.);
#5999=ORIENTED_EDGE('',*,*,#4144,.F.);
#6000=ORIENTED_EDGE('',*,*,#4063,.F.);
#6001=ORIENTED_EDGE('',*,*,#4165,.T.);
#6002=ORIENTED_EDGE('',*,*,#4157,.F.);
#6003=ORIENTED_EDGE('',*,*,#4163,.T.);
#6004=ORIENTED_EDGE('',*,*,#4058,.F.);
#6005=ORIENTED_EDGE('',*,*,#4131,.F.);
#6006=ORIENTED_EDGE('',*,*,#4122,.T.);
#6007=ORIENTED_EDGE('',*,*,#4052,.F.);
#6008=ORIENTED_EDGE('',*,*,#4120,.T.);
#6009=ORIENTED_EDGE('',*,*,#4155,.F.);
#6010=ORIENTED_EDGE('',*,*,#4162,.T.);
#6011=ORIENTED_EDGE('',*,*,#4048,.F.);
#6012=ORIENTED_EDGE('',*,*,#4161,.T.);
#6013=ORIENTED_EDGE('',*,*,#4129,.F.);
#6014=ORIENTED_EDGE('',*,*,#4043,.F.);
#6015=ORIENTED_EDGE('',*,*,#4182,.T.);
#6016=ORIENTED_EDGE('',*,*,#4152,.F.);
#6017=ORIENTED_EDGE('',*,*,#3930,.T.);
#6018=ORIENTED_EDGE('',*,*,#4041,.F.);
#6019=ORIENTED_EDGE('',*,*,#3926,.T.);
#6020=ORIENTED_EDGE('',*,*,#3934,.T.);
#6021=ORIENTED_EDGE('',*,*,#4126,.F.);
#6022=ORIENTED_EDGE('',*,*,#4171,.T.);
#6023=ORIENTED_EDGE('',*,*,#4039,.F.);
#6024=ORIENTED_EDGE('',*,*,#4146,.F.);
#6025=ORIENTED_EDGE('',*,*,#4173,.F.);
#6026=ORIENTED_EDGE('',*,*,#4176,.F.);
#6027=ORIENTED_EDGE('',*,*,#4179,.F.);
#6028=ORIENTED_EDGE('',*,*,#4167,.F.);
#6029=ORIENTED_EDGE('',*,*,#4160,.F.);
#6030=ORIENTED_EDGE('',*,*,#3878,.F.);
#6031=ORIENTED_EDGE('',*,*,#4166,.F.);
#6032=ORIENTED_EDGE('',*,*,#3874,.F.);
#6033=ORIENTED_EDGE('',*,*,#3870,.F.);
#6034=ORIENTED_EDGE('',*,*,#4164,.F.);
#6035=ORIENTED_EDGE('',*,*,#3858,.F.);
#6036=ORIENTED_EDGE('',*,*,#4172,.F.);
#6037=ORIENTED_EDGE('',*,*,#4169,.F.);
#6038=ORIENTED_EDGE('',*,*,#4180,.F.);
#6039=ORIENTED_EDGE('',*,*,#4177,.F.);
#6040=ORIENTED_EDGE('',*,*,#4174,.F.);
#6041=ORIENTED_EDGE('',*,*,#4183,.T.);
#6042=ORIENTED_EDGE('',*,*,#4184,.T.);
#6043=ORIENTED_EDGE('',*,*,#4185,.T.);
#6044=ORIENTED_EDGE('',*,*,#4186,.T.);
#6045=ORIENTED_EDGE('',*,*,#4187,.T.);
#6046=ORIENTED_EDGE('',*,*,#4188,.T.);
#6047=ORIENTED_EDGE('',*,*,#4183,.F.);
#6048=ORIENTED_EDGE('',*,*,#4189,.T.);
#6049=ORIENTED_EDGE('',*,*,#4190,.F.);
#6050=ORIENTED_EDGE('',*,*,#4191,.T.);
#6051=ORIENTED_EDGE('',*,*,#4187,.F.);
#6052=ORIENTED_EDGE('',*,*,#4192,.T.);
#6053=ORIENTED_EDGE('',*,*,#4193,.F.);
#6054=ORIENTED_EDGE('',*,*,#4194,.T.);
#6055=ORIENTED_EDGE('',*,*,#4195,.F.);
#6056=ORIENTED_EDGE('',*,*,#4196,.F.);
#6057=ORIENTED_EDGE('',*,*,#4197,.F.);
#6058=ORIENTED_EDGE('',*,*,#4198,.T.);
#6059=ORIENTED_EDGE('',*,*,#4199,.T.);
#6060=ORIENTED_EDGE('',*,*,#4200,.F.);
#6061=ORIENTED_EDGE('',*,*,#4192,.F.);
#6062=ORIENTED_EDGE('',*,*,#4189,.F.);
#6063=ORIENTED_EDGE('',*,*,#4186,.F.);
#6064=ORIENTED_EDGE('',*,*,#4201,.F.);
#6065=ORIENTED_EDGE('',*,*,#4202,.F.);
#6066=ORIENTED_EDGE('',*,*,#4203,.F.);
#6067=ORIENTED_EDGE('',*,*,#4204,.F.);
#6068=ORIENTED_EDGE('',*,*,#4205,.F.);
#6069=ORIENTED_EDGE('',*,*,#4194,.F.);
#6070=ORIENTED_EDGE('',*,*,#4184,.F.);
#6071=ORIENTED_EDGE('',*,*,#4206,.T.);
#6072=ORIENTED_EDGE('',*,*,#4207,.T.);
#6073=ORIENTED_EDGE('',*,*,#4208,.T.);
#6074=ORIENTED_EDGE('',*,*,#4209,.T.);
#6075=ORIENTED_EDGE('',*,*,#4210,.T.);
#6076=ORIENTED_EDGE('',*,*,#4211,.T.);
#6077=ORIENTED_EDGE('',*,*,#4212,.T.);
#6078=ORIENTED_EDGE('',*,*,#4211,.F.);
#6079=ORIENTED_EDGE('',*,*,#4213,.T.);
#6080=ORIENTED_EDGE('',*,*,#4207,.F.);
#6081=ORIENTED_EDGE('',*,*,#4191,.F.);
#6082=ORIENTED_EDGE('',*,*,#4214,.T.);
#6083=ORIENTED_EDGE('',*,*,#4215,.T.);
#6084=ORIENTED_EDGE('',*,*,#4216,.T.);
#6085=ORIENTED_EDGE('',*,*,#4215,.F.);
#6086=ORIENTED_EDGE('',*,*,#4217,.T.);
#6087=ORIENTED_EDGE('',*,*,#4209,.F.);
#6088=ORIENTED_EDGE('',*,*,#4201,.T.);
#6089=ORIENTED_EDGE('',*,*,#4185,.F.);
#6090=ORIENTED_EDGE('',*,*,#4208,.F.);
#6091=ORIENTED_EDGE('',*,*,#4218,.F.);
#6092=ORIENTED_EDGE('',*,*,#4219,.F.);
#6093=ORIENTED_EDGE('',*,*,#4220,.F.);
#6094=ORIENTED_EDGE('',*,*,#4195,.T.);
#6095=ORIENTED_EDGE('',*,*,#4205,.T.);
#6096=ORIENTED_EDGE('',*,*,#4221,.T.);
#6097=ORIENTED_EDGE('',*,*,#4222,.F.);
#6098=ORIENTED_EDGE('',*,*,#4213,.F.);
#6099=ORIENTED_EDGE('',*,*,#4223,.T.);
#6100=ORIENTED_EDGE('',*,*,#4224,.F.);
#6101=ORIENTED_EDGE('',*,*,#4218,.T.);
#6102=ORIENTED_EDGE('',*,*,#4210,.F.);
#6103=ORIENTED_EDGE('',*,*,#4225,.F.);
#6104=ORIENTED_EDGE('',*,*,#4226,.F.);
#6105=ORIENTED_EDGE('',*,*,#4223,.F.);
#6106=ORIENTED_EDGE('',*,*,#4217,.F.);
#6107=ORIENTED_EDGE('',*,*,#4227,.T.);
#6108=ORIENTED_EDGE('',*,*,#4228,.F.);
#6109=ORIENTED_EDGE('',*,*,#4225,.T.);
#6110=ORIENTED_EDGE('',*,*,#4190,.T.);
#6111=ORIENTED_EDGE('',*,*,#4200,.T.);
#6112=ORIENTED_EDGE('',*,*,#4229,.F.);
#6113=ORIENTED_EDGE('',*,*,#4227,.F.);
#6114=ORIENTED_EDGE('',*,*,#4214,.F.);
#6115=ORIENTED_EDGE('',*,*,#4230,.T.);
#6116=ORIENTED_EDGE('',*,*,#4229,.T.);
#6117=ORIENTED_EDGE('',*,*,#4231,.T.);
#6118=ORIENTED_EDGE('',*,*,#4232,.T.);
#6119=ORIENTED_EDGE('',*,*,#4233,.T.);
#6120=ORIENTED_EDGE('',*,*,#4226,.T.);
#6121=ORIENTED_EDGE('',*,*,#4234,.T.);
#6122=ORIENTED_EDGE('',*,*,#4235,.T.);
#6123=ORIENTED_EDGE('',*,*,#4196,.T.);
#6124=ORIENTED_EDGE('',*,*,#4220,.T.);
#6125=ORIENTED_EDGE('',*,*,#4236,.T.);
#6126=ORIENTED_EDGE('',*,*,#4237,.T.);
#6127=ORIENTED_EDGE('',*,*,#4238,.T.);
#6128=ORIENTED_EDGE('',*,*,#4239,.T.);
#6129=ORIENTED_EDGE('',*,*,#4236,.F.);
#6130=ORIENTED_EDGE('',*,*,#4219,.T.);
#6131=ORIENTED_EDGE('',*,*,#4238,.F.);
#6132=ORIENTED_EDGE('',*,*,#4224,.T.);
#6133=ORIENTED_EDGE('',*,*,#4233,.F.);
#6134=ORIENTED_EDGE('',*,*,#4234,.F.);
#6135=ORIENTED_EDGE('',*,*,#4228,.T.);
#6136=ORIENTED_EDGE('',*,*,#4230,.F.);
#6137=ORIENTED_EDGE('',*,*,#4199,.F.);
#6138=ORIENTED_EDGE('',*,*,#4240,.T.);
#6139=ORIENTED_EDGE('',*,*,#4241,.T.);
#6140=ORIENTED_EDGE('',*,*,#4231,.F.);
#6141=ORIENTED_EDGE('',*,*,#4198,.F.);
#6142=ORIENTED_EDGE('',*,*,#4242,.T.);
#6143=ORIENTED_EDGE('',*,*,#4240,.F.);
#6144=ORIENTED_EDGE('',*,*,#4242,.F.);
#6145=ORIENTED_EDGE('',*,*,#4197,.T.);
#6146=ORIENTED_EDGE('',*,*,#4237,.F.);
#6147=ORIENTED_EDGE('',*,*,#4243,.T.);
#6148=ORIENTED_EDGE('',*,*,#4188,.F.);
#6149=ORIENTED_EDGE('',*,*,#4216,.F.);
#6150=ORIENTED_EDGE('',*,*,#4212,.F.);
#6151=ORIENTED_EDGE('',*,*,#4206,.F.);
#6152=ORIENTED_EDGE('',*,*,#4193,.T.);
#6153=ORIENTED_EDGE('',*,*,#4203,.T.);
#6154=ORIENTED_EDGE('',*,*,#4244,.F.);
#6155=ORIENTED_EDGE('',*,*,#4245,.F.);
#6156=ORIENTED_EDGE('',*,*,#4241,.F.);
#6157=ORIENTED_EDGE('',*,*,#4243,.F.);
#6158=ORIENTED_EDGE('',*,*,#4239,.F.);
#6159=ORIENTED_EDGE('',*,*,#4235,.F.);
#6160=ORIENTED_EDGE('',*,*,#4232,.F.);
#6161=ORIENTED_EDGE('',*,*,#4202,.T.);
#6162=ORIENTED_EDGE('',*,*,#4222,.T.);
#6163=ORIENTED_EDGE('',*,*,#4246,.T.);
#6164=ORIENTED_EDGE('',*,*,#4244,.T.);
#6165=ORIENTED_EDGE('',*,*,#4204,.T.);
#6166=ORIENTED_EDGE('',*,*,#4245,.T.);
#6167=ORIENTED_EDGE('',*,*,#4246,.F.);
#6168=ORIENTED_EDGE('',*,*,#4221,.F.);
#6169=ORIENTED_EDGE('',*,*,#4247,.T.);
#6170=ORIENTED_EDGE('',*,*,#4248,.T.);
#6171=ORIENTED_EDGE('',*,*,#4249,.T.);
#6172=ORIENTED_EDGE('',*,*,#4250,.T.);
#6173=ORIENTED_EDGE('',*,*,#4251,.T.);
#6174=ORIENTED_EDGE('',*,*,#4252,.T.);
#6175=ORIENTED_EDGE('',*,*,#4247,.F.);
#6176=ORIENTED_EDGE('',*,*,#4253,.T.);
#6177=ORIENTED_EDGE('',*,*,#4254,.F.);
#6178=ORIENTED_EDGE('',*,*,#4255,.T.);
#6179=ORIENTED_EDGE('',*,*,#4251,.F.);
#6180=ORIENTED_EDGE('',*,*,#4256,.T.);
#6181=ORIENTED_EDGE('',*,*,#4257,.F.);
#6182=ORIENTED_EDGE('',*,*,#4258,.T.);
#6183=ORIENTED_EDGE('',*,*,#4259,.F.);
#6184=ORIENTED_EDGE('',*,*,#4260,.F.);
#6185=ORIENTED_EDGE('',*,*,#4261,.F.);
#6186=ORIENTED_EDGE('',*,*,#4262,.T.);
#6187=ORIENTED_EDGE('',*,*,#4263,.T.);
#6188=ORIENTED_EDGE('',*,*,#4264,.F.);
#6189=ORIENTED_EDGE('',*,*,#4256,.F.);
#6190=ORIENTED_EDGE('',*,*,#4253,.F.);
#6191=ORIENTED_EDGE('',*,*,#4250,.F.);
#6192=ORIENTED_EDGE('',*,*,#4265,.F.);
#6193=ORIENTED_EDGE('',*,*,#4266,.F.);
#6194=ORIENTED_EDGE('',*,*,#4267,.F.);
#6195=ORIENTED_EDGE('',*,*,#4268,.F.);
#6196=ORIENTED_EDGE('',*,*,#4269,.F.);
#6197=ORIENTED_EDGE('',*,*,#4258,.F.);
#6198=ORIENTED_EDGE('',*,*,#4248,.F.);
#6199=ORIENTED_EDGE('',*,*,#4270,.T.);
#6200=ORIENTED_EDGE('',*,*,#4271,.T.);
#6201=ORIENTED_EDGE('',*,*,#4272,.T.);
#6202=ORIENTED_EDGE('',*,*,#4273,.T.);
#6203=ORIENTED_EDGE('',*,*,#4274,.T.);
#6204=ORIENTED_EDGE('',*,*,#4275,.T.);
#6205=ORIENTED_EDGE('',*,*,#4276,.T.);
#6206=ORIENTED_EDGE('',*,*,#4275,.F.);
#6207=ORIENTED_EDGE('',*,*,#4277,.T.);
#6208=ORIENTED_EDGE('',*,*,#4271,.F.);
#6209=ORIENTED_EDGE('',*,*,#4255,.F.);
#6210=ORIENTED_EDGE('',*,*,#4278,.T.);
#6211=ORIENTED_EDGE('',*,*,#4279,.T.);
#6212=ORIENTED_EDGE('',*,*,#4280,.T.);
#6213=ORIENTED_EDGE('',*,*,#4279,.F.);
#6214=ORIENTED_EDGE('',*,*,#4281,.T.);
#6215=ORIENTED_EDGE('',*,*,#4273,.F.);
#6216=ORIENTED_EDGE('',*,*,#4265,.T.);
#6217=ORIENTED_EDGE('',*,*,#4249,.F.);
#6218=ORIENTED_EDGE('',*,*,#4272,.F.);
#6219=ORIENTED_EDGE('',*,*,#4282,.F.);
#6220=ORIENTED_EDGE('',*,*,#4283,.F.);
#6221=ORIENTED_EDGE('',*,*,#4284,.F.);
#6222=ORIENTED_EDGE('',*,*,#4259,.T.);
#6223=ORIENTED_EDGE('',*,*,#4269,.T.);
#6224=ORIENTED_EDGE('',*,*,#4285,.T.);
#6225=ORIENTED_EDGE('',*,*,#4286,.F.);
#6226=ORIENTED_EDGE('',*,*,#4277,.F.);
#6227=ORIENTED_EDGE('',*,*,#4287,.T.);
#6228=ORIENTED_EDGE('',*,*,#4288,.F.);
#6229=ORIENTED_EDGE('',*,*,#4282,.T.);
#6230=ORIENTED_EDGE('',*,*,#4274,.F.);
#6231=ORIENTED_EDGE('',*,*,#4289,.F.);
#6232=ORIENTED_EDGE('',*,*,#4290,.F.);
#6233=ORIENTED_EDGE('',*,*,#4287,.F.);
#6234=ORIENTED_EDGE('',*,*,#4281,.F.);
#6235=ORIENTED_EDGE('',*,*,#4291,.T.);
#6236=ORIENTED_EDGE('',*,*,#4292,.F.);
#6237=ORIENTED_EDGE('',*,*,#4289,.T.);
#6238=ORIENTED_EDGE('',*,*,#4254,.T.);
#6239=ORIENTED_EDGE('',*,*,#4264,.T.);
#6240=ORIENTED_EDGE('',*,*,#4293,.F.);
#6241=ORIENTED_EDGE('',*,*,#4291,.F.);
#6242=ORIENTED_EDGE('',*,*,#4278,.F.);
#6243=ORIENTED_EDGE('',*,*,#4294,.T.);
#6244=ORIENTED_EDGE('',*,*,#4293,.T.);
#6245=ORIENTED_EDGE('',*,*,#4295,.T.);
#6246=ORIENTED_EDGE('',*,*,#4296,.T.);
#6247=ORIENTED_EDGE('',*,*,#4297,.T.);
#6248=ORIENTED_EDGE('',*,*,#4290,.T.);
#6249=ORIENTED_EDGE('',*,*,#4298,.T.);
#6250=ORIENTED_EDGE('',*,*,#4299,.T.);
#6251=ORIENTED_EDGE('',*,*,#4260,.T.);
#6252=ORIENTED_EDGE('',*,*,#4284,.T.);
#6253=ORIENTED_EDGE('',*,*,#4300,.T.);
#6254=ORIENTED_EDGE('',*,*,#4301,.T.);
#6255=ORIENTED_EDGE('',*,*,#4302,.T.);
#6256=ORIENTED_EDGE('',*,*,#4303,.T.);
#6257=ORIENTED_EDGE('',*,*,#4300,.F.);
#6258=ORIENTED_EDGE('',*,*,#4283,.T.);
#6259=ORIENTED_EDGE('',*,*,#4302,.F.);
#6260=ORIENTED_EDGE('',*,*,#4288,.T.);
#6261=ORIENTED_EDGE('',*,*,#4297,.F.);
#6262=ORIENTED_EDGE('',*,*,#4298,.F.);
#6263=ORIENTED_EDGE('',*,*,#4292,.T.);
#6264=ORIENTED_EDGE('',*,*,#4294,.F.);
#6265=ORIENTED_EDGE('',*,*,#4263,.F.);
#6266=ORIENTED_EDGE('',*,*,#4304,.T.);
#6267=ORIENTED_EDGE('',*,*,#4305,.T.);
#6268=ORIENTED_EDGE('',*,*,#4295,.F.);
#6269=ORIENTED_EDGE('',*,*,#4262,.F.);
#6270=ORIENTED_EDGE('',*,*,#4306,.T.);
#6271=ORIENTED_EDGE('',*,*,#4304,.F.);
#6272=ORIENTED_EDGE('',*,*,#4306,.F.);
#6273=ORIENTED_EDGE('',*,*,#4261,.T.);
#6274=ORIENTED_EDGE('',*,*,#4301,.F.);
#6275=ORIENTED_EDGE('',*,*,#4307,.T.);
#6276=ORIENTED_EDGE('',*,*,#4252,.F.);
#6277=ORIENTED_EDGE('',*,*,#4280,.F.);
#6278=ORIENTED_EDGE('',*,*,#4276,.F.);
#6279=ORIENTED_EDGE('',*,*,#4270,.F.);
#6280=ORIENTED_EDGE('',*,*,#4257,.T.);
#6281=ORIENTED_EDGE('',*,*,#4267,.T.);
#6282=ORIENTED_EDGE('',*,*,#4308,.F.);
#6283=ORIENTED_EDGE('',*,*,#4309,.F.);
#6284=ORIENTED_EDGE('',*,*,#4305,.F.);
#6285=ORIENTED_EDGE('',*,*,#4307,.F.);
#6286=ORIENTED_EDGE('',*,*,#4303,.F.);
#6287=ORIENTED_EDGE('',*,*,#4299,.F.);
#6288=ORIENTED_EDGE('',*,*,#4296,.F.);
#6289=ORIENTED_EDGE('',*,*,#4266,.T.);
#6290=ORIENTED_EDGE('',*,*,#4286,.T.);
#6291=ORIENTED_EDGE('',*,*,#4310,.T.);
#6292=ORIENTED_EDGE('',*,*,#4308,.T.);
#6293=ORIENTED_EDGE('',*,*,#4268,.T.);
#6294=ORIENTED_EDGE('',*,*,#4309,.T.);
#6295=ORIENTED_EDGE('',*,*,#4310,.F.);
#6296=ORIENTED_EDGE('',*,*,#4285,.F.);
#6297=B_SPLINE_SURFACE_WITH_KNOTS('',3,3,((#9417,#9418,#9419,#9420,#9421,
#9422,#9423,#9424,#9425,#9426,#9427,#9428,#9429,#9430),(#9431,#9432,#9433,
#9434,#9435,#9436,#9437,#9438,#9439,#9440,#9441,#9442,#9443,#9444),(#9445,
#9446,#9447,#9448,#9449,#9450,#9451,#9452,#9453,#9454,#9455,#9456,#9457,
#9458),(#9459,#9460,#9461,#9462,#9463,#9464,#9465,#9466,#9467,#9468,#9469,
#9470,#9471,#9472),(#9473,#9474,#9475,#9476,#9477,#9478,#9479,#9480,#9481,
#9482,#9483,#9484,#9485,#9486)),.UNSPECIFIED.,.F.,.F.,.F.,(4,1,4),(4,1,
1,1,1,1,1,1,1,1,1,4),(0.,0.571428571428571,1.),(0.126405182265045,0.129628459442885,
0.132851736620725,0.139298290976405,0.152191399687765,0.177977617110485,
0.229550051955924,0.255336269378643,0.281122486801363,0.306908704224083,
0.384267356492241,0.48741222618312),.UNSPECIFIED.);
#6298=B_SPLINE_SURFACE_WITH_KNOTS('',3,3,((#9578,#9579,#9580,#9581,#9582),
(#9583,#9584,#9585,#9586,#9587),(#9588,#9589,#9590,#9591,#9592),(#9593,
#9594,#9595,#9596,#9597),(#9598,#9599,#9600,#9601,#9602)),.UNSPECIFIED.,
 .F.,.F.,.F.,(4,1,4),(4,1,4),(0.,0.571428571428571,1.),(8.61395433204584E-16,
0.100774036432137,0.235139418341653),.UNSPECIFIED.);
#6299=B_SPLINE_SURFACE_WITH_KNOTS('',3,3,((#9668,#9669,#9670,#9671,#9672,
#9673),(#9674,#9675,#9676,#9677,#9678,#9679),(#9680,#9681,#9682,#9683,#9684,
#9685),(#9686,#9687,#9688,#9689,#9690,#9691),(#9692,#9693,#9694,#9695,#9696,
#9697)),.UNSPECIFIED.,.F.,.F.,.F.,(4,1,4),(4,1,1,4),(0.,0.571428571428571,
1.),(-1.5707963267949,-0.897597901025655,-0.448798950512828,6.90140450582281E-18),
 .UNSPECIFIED.);
#6300=B_SPLINE_SURFACE_WITH_KNOTS('',3,3,((#9705,#9706,#9707,#9708,#9709,
#9710,#9711),(#9712,#9713,#9714,#9715,#9716,#9717,#9718),(#9719,#9720,#9721,
#9722,#9723,#9724,#9725),(#9726,#9727,#9728,#9729,#9730,#9731,#9732),(#9733,
#9734,#9735,#9736,#9737,#9738,#9739)),.UNSPECIFIED.,.F.,.F.,.F.,(4,1,4),
(4,1,1,1,4),(-0.000243387330916071,0.571428571428571,1.00024388796143),
(-0.000243887961425175,0.448798950512828,0.673198425769241,1.12199737628207,
1.5707963267949),.UNSPECIFIED.);
#6301=B_SPLINE_SURFACE_WITH_KNOTS('',3,3,((#9782,#9783,#9784,#9785,#9786,
#9787,#9788,#9789,#9790,#9791,#9792,#9793,#9794,#9795),(#9796,#9797,#9798,
#9799,#9800,#9801,#9802,#9803,#9804,#9805,#9806,#9807,#9808,#9809),(#9810,
#9811,#9812,#9813,#9814,#9815,#9816,#9817,#9818,#9819,#9820,#9821,#9822,
#9823),(#9824,#9825,#9826,#9827,#9828,#9829,#9830,#9831,#9832,#9833,#9834,
#9835,#9836,#9837),(#9838,#9839,#9840,#9841,#9842,#9843,#9844,#9845,#9846,
#9847,#9848,#9849,#9850,#9851)),.UNSPECIFIED.,.F.,.F.,.F.,(4,1,4),(4,1,
1,1,1,1,1,1,1,1,1,4),(0.,0.571428571428571,1.),(0.126386306067577,0.129609583245417,
0.132832860423257,0.139279414778936,0.152172523490296,0.177958740913014,
0.229531175758451,0.255317393181169,0.281103610603887,0.306889828026605,
0.38424848029476,0.487393349985634),.UNSPECIFIED.);
#6302=B_SPLINE_SURFACE_WITH_KNOTS('',3,3,((#9943,#9944,#9945,#9946,#9947),
(#9948,#9949,#9950,#9951,#9952),(#9953,#9954,#9955,#9956,#9957),(#9958,
#9959,#9960,#9961,#9962),(#9963,#9964,#9965,#9966,#9967)),.UNSPECIFIED.,
 .F.,.F.,.F.,(4,1,4),(4,1,4),(0.,0.571428571428571,1.),(0.,0.134365383644942,
0.235139421378648),.UNSPECIFIED.);
#6303=B_SPLINE_SURFACE_WITH_KNOTS('',3,3,((#10033,#10034,#10035,#10036,
#10037,#10038),(#10039,#10040,#10041,#10042,#10043,#10044),(#10045,#10046,
#10047,#10048,#10049,#10050),(#10051,#10052,#10053,#10054,#10055,#10056),
(#10057,#10058,#10059,#10060,#10061,#10062)),.UNSPECIFIED.,.F.,.F.,.F.,
(4,1,4),(4,1,1,4),(0.,0.571428571428571,1.),(-1.5707963267949,-0.897597901025655,
-0.448798950512828,2.07042135174687E-17),.UNSPECIFIED.);
#6304=B_SPLINE_SURFACE_WITH_KNOTS('',3,3,((#10070,#10071,#10072,#10073,
#10074,#10075,#10076),(#10077,#10078,#10079,#10080,#10081,#10082,#10083),
(#10084,#10085,#10086,#10087,#10088,#10089,#10090),(#10091,#10092,#10093,
#10094,#10095,#10096,#10097),(#10098,#10099,#10100,#10101,#10102,#10103,
#10104)),.UNSPECIFIED.,.F.,.F.,.F.,(4,1,4),(4,1,1,1,4),(-0.000261249608012874,
0.571428571428571,1.00026170958172),(-0.000261709581724452,0.224399475256414,
0.673198425769241,1.12199737628207,1.5707963267949),.UNSPECIFIED.);
#6305=B_SPLINE_SURFACE_WITH_KNOTS('',3,3,((#10385,#10386,#10387,#10388,
#10389,#10390),(#10391,#10392,#10393,#10394,#10395,#10396),(#10397,#10398,
#10399,#10400,#10401,#10402),(#10403,#10404,#10405,#10406,#10407,#10408),
(#10409,#10410,#10411,#10412,#10413,#10414)),.UNSPECIFIED.,.F.,.F.,.F.,
(4,1,4),(4,1,1,4),(0.,0.571428571428571,1.),(1.38777878078144E-16,0.448798950512828,
0.897597901025655,1.5707963267949),.UNSPECIFIED.);
#6306=B_SPLINE_SURFACE_WITH_KNOTS('',3,3,((#10540,#10541,#10542,#10543,
#10544,#10545,#10546,#10547,#10548,#10549),(#10550,#10551,#10552,#10553,
#10554,#10555,#10556,#10557,#10558,#10559),(#10560,#10561,#10562,#10563,
#10564,#10565,#10566,#10567,#10568,#10569),(#10570,#10571,#10572,#10573,
#10574,#10575,#10576,#10577,#10578,#10579),(#10580,#10581,#10582,#10583,
#10584,#10585,#10586,#10587,#10588,#10589)),.UNSPECIFIED.,.F.,.F.,.F.,(4,
1,4),(4,1,1,1,1,1,1,4),(0.,0.571428571428571,1.),(-0.844004588722597,-0.797164023143068,
-0.75032345756354,-0.715193033378894,-0.703482891984011,-0.691772750589129,
-0.685917679891688,-0.680062609194247),.UNSPECIFIED.);
#6307=B_SPLINE_SURFACE_WITH_KNOTS('',3,3,((#10593,#10594,#10595,#10596),
(#10597,#10598,#10599,#10600),(#10601,#10602,#10603,#10604),(#10605,#10606,
#10607,#10608),(#10609,#10610,#10611,#10612)),.UNSPECIFIED.,.F.,.F.,.F.,
(4,1,4),(4,4),(0.,0.571428571428571,1.),(2.10843835022511,2.25284581109993),
 .UNSPECIFIED.);
#6308=B_SPLINE_SURFACE_WITH_KNOTS('',3,3,((#10677,#10678,#10679,#10680,
#10681,#10682,#10683),(#10684,#10685,#10686,#10687,#10688,#10689,#10690),
(#10691,#10692,#10693,#10694,#10695,#10696,#10697),(#10698,#10699,#10700,
#10701,#10702,#10703,#10704),(#10705,#10706,#10707,#10708,#10709,#10710,
#10711)),.UNSPECIFIED.,.F.,.F.,.F.,(4,1,4),(4,1,1,1,4),(0.,0.571428571428571,
1.),(2.61470175508056,2.68364145667741,2.82152085987112,2.95940026306483,
3.09727966625855),.UNSPECIFIED.);
#6309=B_SPLINE_SURFACE_WITH_KNOTS('',3,3,((#10750,#10751,#10752,#10753,
#10754),(#10755,#10756,#10757,#10758,#10759),(#10760,#10761,#10762,#10763,
#10764),(#10765,#10766,#10767,#10768,#10769),(#10770,#10771,#10772,#10773,
#10774)),.UNSPECIFIED.,.F.,.F.,.F.,(4,1,4),(4,1,4),(0.,0.571428571428571,
1.),(-1.5707963267949,-1.22320679946239,-0.759754096352391),
 .UNSPECIFIED.);
#6310=B_SPLINE_SURFACE_WITH_KNOTS('',3,3,((#10829,#10830,#10831,#10832,
#10833,#10834),(#10835,#10836,#10837,#10838,#10839,#10840),(#10841,#10842,
#10843,#10844,#10845,#10846),(#10847,#10848,#10849,#10850,#10851,#10852),
(#10853,#10854,#10855,#10856,#10857,#10858)),.UNSPECIFIED.,.F.,.F.,.F.,
(4,1,4),(4,1,1,4),(0.,0.571428571428571,1.),(-1.5707963267949,-1.12199737628207,
-0.673198425769243,-8.88178419700125E-16),.UNSPECIFIED.);
#6311=B_SPLINE_SURFACE_WITH_KNOTS('',3,3,((#10974,#10975,#10976,#10977,
#10978),(#10979,#10980,#10981,#10982,#10983),(#10984,#10985,#10986,#10987,
#10988),(#10989,#10990,#10991,#10992,#10993),(#10994,#10995,#10996,#10997,
#10998)),.UNSPECIFIED.,.F.,.F.,.F.,(4,1,4),(4,1,4),(0.,0.571428571428571,
1.),(-3.70074341541728E-16,0.673198425769242,1.5707963267949),
 .UNSPECIFIED.);
#6312=B_SPLINE_SURFACE_WITH_KNOTS('',3,3,((#11040,#11041,#11042,#11043),
(#11044,#11045,#11046,#11047),(#11048,#11049,#11050,#11051),(#11052,#11053,
#11054,#11055),(#11056,#11057,#11058,#11059)),.UNSPECIFIED.,.F.,.F.,.F.,
(4,1,4),(4,4),(0.,0.571428571428571,1.),(0.,0.00995667945819393),
 .UNSPECIFIED.);
#6313=B_SPLINE_SURFACE_WITH_KNOTS('',3,3,((#11140,#11141,#11142,#11143,
#11144),(#11145,#11146,#11147,#11148,#11149),(#11150,#11151,#11152,#11153,
#11154),(#11155,#11156,#11157,#11158,#11159),(#11160,#11161,#11162,#11163,
#11164)),.UNSPECIFIED.,.F.,.F.,.F.,(4,1,4),(4,1,4),(0.,0.5,1.),(-1.5707963267949,
-0.897597901025655,8.32667268468867E-17),.UNSPECIFIED.);
#6314=B_SPLINE_SURFACE_WITH_KNOTS('',3,3,((#11184,#11185,#11186,#11187,
#11188,#11189,#11190),(#11191,#11192,#11193,#11194,#11195,#11196,#11197),
(#11198,#11199,#11200,#11201,#11202,#11203,#11204),(#11205,#11206,#11207,
#11208,#11209,#11210,#11211),(#11212,#11213,#11214,#11215,#11216,#11217,
#11218)),.UNSPECIFIED.,.F.,.F.,.F.,(4,1,4),(4,1,1,1,4),(0.,0.571428571428571,
1.),(0.,0.224399475256414,0.673198425769241,1.12199737628207,1.5707963267949),
 .UNSPECIFIED.);
#6315=B_SPLINE_SURFACE_WITH_KNOTS('',3,3,((#11241,#11242,#11243,#11244,
#11245,#11246,#11247),(#11248,#11249,#11250,#11251,#11252,#11253,#11254),
(#11255,#11256,#11257,#11258,#11259,#11260,#11261),(#11262,#11263,#11264,
#11265,#11266,#11267,#11268),(#11269,#11270,#11271,#11272,#11273,#11274,
#11275)),.UNSPECIFIED.,.F.,.F.,.F.,(4,1,4),(4,1,1,1,4),(0.,0.571428571428571,
1.),(-6.9014045058229E-18,0.224399475256414,0.673198425769241,1.12199737628207,
1.5707963267949),.UNSPECIFIED.);
#6316=B_SPLINE_SURFACE_WITH_KNOTS('',3,3,((#11530,#11531,#11532,#11533,
#11534,#11535),(#11536,#11537,#11538,#11539,#11540,#11541),(#11542,#11543,
#11544,#11545,#11546,#11547),(#11548,#11549,#11550,#11551,#11552,#11553),
(#11554,#11555,#11556,#11557,#11558,#11559),(#11560,#11561,#11562,#11563,
#11564,#11565),(#11566,#11567,#11568,#11569,#11570,#11571)),
 .UNSPECIFIED.,.F.,.F.,.F.,(4,1,1,1,4),(4,1,1,4),(-0.000539057198715815,
0.285714285714286,0.571428571428571,0.785714285714286,1.00056886904012),
(-0.000568869040124653,0.310603708622657,0.465905562933986,1.08768184921942),
 .UNSPECIFIED.);
#6317=B_SPLINE_SURFACE_WITH_KNOTS('',3,3,((#11616,#11617,#11618,#11619),
(#11620,#11621,#11622,#11623),(#11624,#11625,#11626,#11627),(#11628,#11629,
#11630,#11631),(#11632,#11633,#11634,#11635),(#11636,#11637,#11638,#11639)),
 .UNSPECIFIED.,.F.,.F.,.F.,(4,1,1,4),(4,4),(-0.000247562938114326,0.285714285714286,
0.571428571428571,1.),(-0.000247562938118752,0.0893528269067959),
 .UNSPECIFIED.);
#6318=B_SPLINE_SURFACE_WITH_KNOTS('',3,3,((#11940,#11941,#11942,#11943,
#11944,#11945,#11946,#11947,#11948,#11949),(#11950,#11951,#11952,#11953,
#11954,#11955,#11956,#11957,#11958,#11959),(#11960,#11961,#11962,#11963,
#11964,#11965,#11966,#11967,#11968,#11969),(#11970,#11971,#11972,#11973,
#11974,#11975,#11976,#11977,#11978,#11979),(#11980,#11981,#11982,#11983,
#11984,#11985,#11986,#11987,#11988,#11989)),.UNSPECIFIED.,.F.,.F.,.F.,(4,
1,4),(4,1,1,1,1,1,1,4),(0.,0.5,1.00008029642889),(-5.00499031057857,-4.98787377269669,
-4.9708375312437,-4.93676504833772,-4.86862008252576,-4.73233015090184,
-4.59604021927792,-4.05088049278224),.UNSPECIFIED.);
#6319=B_SPLINE_SURFACE_WITH_KNOTS('',3,3,((#12024,#12025,#12026,#12027,
#12028,#12029,#12030,#12031,#12032,#12033,#12034),(#12035,#12036,#12037,
#12038,#12039,#12040,#12041,#12042,#12043,#12044,#12045),(#12046,#12047,
#12048,#12049,#12050,#12051,#12052,#12053,#12054,#12055,#12056),(#12057,
#12058,#12059,#12060,#12061,#12062,#12063,#12064,#12065,#12066,#12067),
(#12068,#12069,#12070,#12071,#12072,#12073,#12074,#12075,#12076,#12077,
#12078)),.UNSPECIFIED.,.F.,.F.,.F.,(4,1,4),(4,1,1,1,1,1,1,1,4),(0.,0.5,
1.00000012083896),(-5.17229502674441,-4.76298842937672,-4.62655289692082,
-4.49011736446492,-4.35368183200902,-4.28546406578107,-4.2513551826671,
-4.23430074111011,-4.21724629955312),.UNSPECIFIED.);
#6320=B_SPLINE_SURFACE_WITH_KNOTS('',3,3,((#12453,#12454,#12455,#12456,
#12457,#12458,#12459,#12460),(#12461,#12462,#12463,#12464,#12465,#12466,
#12467,#12468),(#12469,#12470,#12471,#12472,#12473,#12474,#12475,#12476),
(#12477,#12478,#12479,#12480,#12481,#12482,#12483,#12484),(#12485,#12486,
#12487,#12488,#12489,#12490,#12491,#12492)),.UNSPECIFIED.,.F.,.F.,.F.,(4,
1,4),(4,1,1,1,1,4),(0.,0.571428571428571,1.),(1.96012983838175,2.10926308045263,
2.25839632252352,2.4572406452847,2.55666280666529,2.65608496804588),
 .UNSPECIFIED.);
#6321=B_SPLINE_SURFACE_WITH_KNOTS('',3,3,((#12573,#12574,#12575,#12576,
#12577,#12578,#12579,#12580,#12581,#12582,#12583,#12584,#12585),(#12586,
#12587,#12588,#12589,#12590,#12591,#12592,#12593,#12594,#12595,#12596,#12597,
#12598),(#12599,#12600,#12601,#12602,#12603,#12604,#12605,#12606,#12607,
#12608,#12609,#12610,#12611),(#12612,#12613,#12614,#12615,#12616,#12617,
#12618,#12619,#12620,#12621,#12622,#12623,#12624),(#12625,#12626,#12627,
#12628,#12629,#12630,#12631,#12632,#12633,#12634,#12635,#12636,#12637)),
 .UNSPECIFIED.,.F.,.F.,.F.,(4,1,4),(4,1,1,1,1,1,1,1,1,1,4),(0.,0.571428571428571,
1.),(2.65608496804588,2.73593273678214,2.81578050551841,2.97547604299095,
3.13517158046348,3.29486711793602,3.37471488667228,3.45456265540855,3.53441042414482,
3.61425819288108,3.77395373035362),.UNSPECIFIED.);
#6322=B_SPLINE_SURFACE_WITH_KNOTS('',3,3,((#12844,#12845,#12846,#12847,
#12848,#12849,#12850,#12851),(#12852,#12853,#12854,#12855,#12856,#12857,
#12858,#12859),(#12860,#12861,#12862,#12863,#12864,#12865,#12866,#12867),
(#12868,#12869,#12870,#12871,#12872,#12873,#12874,#12875),(#12876,#12877,
#12878,#12879,#12880,#12881,#12882,#12883)),.UNSPECIFIED.,.F.,.F.,.F.,(4,
1,4),(4,1,1,1,1,4),(0.,0.571428571428571,1.),(1.96012983838175,2.10926308045264,
2.25839632252352,2.4572406452847,2.55666280666529,2.65608496804588),
 .UNSPECIFIED.);
#6323=B_SPLINE_SURFACE_WITH_KNOTS('',3,3,((#12964,#12965,#12966,#12967,
#12968,#12969,#12970,#12971,#12972,#12973,#12974,#12975,#12976),(#12977,
#12978,#12979,#12980,#12981,#12982,#12983,#12984,#12985,#12986,#12987,#12988,
#12989),(#12990,#12991,#12992,#12993,#12994,#12995,#12996,#12997,#12998,
#12999,#13000,#13001,#13002),(#13003,#13004,#13005,#13006,#13007,#13008,
#13009,#13010,#13011,#13012,#13013,#13014,#13015),(#13016,#13017,#13018,
#13019,#13020,#13021,#13022,#13023,#13024,#13025,#13026,#13027,#13028)),
 .UNSPECIFIED.,.F.,.F.,.F.,(4,1,4),(4,1,1,1,1,1,1,1,1,1,4),(0.,0.571428571428571,
1.),(5.31216993609177,5.39201770482804,5.4718654735643,5.63156101103683,
5.79125654850937,5.9509520859819,6.03079985471817,6.11064762345443,6.1904953921907,
6.27034316092697,6.4300386983995),.UNSPECIFIED.);
#6324=ADVANCED_FACE('',(#1604),#6297,.F.);
#6325=ADVANCED_FACE('',(#1605),#1451,.T.);
#6326=ADVANCED_FACE('',(#1606),#228,.F.);
#6327=ADVANCED_FACE('',(#1607),#70,.F.);
#6328=ADVANCED_FACE('',(#1608),#1452,.T.);
#6329=ADVANCED_FACE('',(#1609),#1453,.T.);
#6330=ADVANCED_FACE('',(#1610),#6298,.F.);
#6331=ADVANCED_FACE('',(#1611),#71,.F.);
#6332=ADVANCED_FACE('',(#1612),#72,.F.);
#6333=ADVANCED_FACE('',(#1613),#73,.F.);
#6334=ADVANCED_FACE('',(#1614),#229,.F.);
#6335=ADVANCED_FACE('',(#1615),#1454,.F.);
#6336=ADVANCED_FACE('',(#1616),#1455,.T.);
#6337=ADVANCED_FACE('',(#1617),#74,.F.);
#6338=ADVANCED_FACE('',(#1618),#1456,.T.);
#6339=ADVANCED_FACE('',(#1619),#6299,.T.);
#6340=ADVANCED_FACE('',(#1620),#1457,.F.);
#6341=ADVANCED_FACE('',(#1621),#6300,.T.);
#6342=ADVANCED_FACE('',(#1622),#1458,.T.);
#6343=ADVANCED_FACE('',(#1623),#1459,.T.);
#6344=ADVANCED_FACE('',(#1624),#1460,.T.);
#6345=ADVANCED_FACE('',(#1625),#75,.F.);
#6346=ADVANCED_FACE('',(#1626),#76,.F.);
#6347=ADVANCED_FACE('',(#1627),#77,.F.);
#6348=ADVANCED_FACE('',(#1628),#78,.F.);
#6349=ADVANCED_FACE('',(#1629),#79,.T.);
#6350=ADVANCED_FACE('',(#1630),#80,.F.);
#6351=ADVANCED_FACE('',(#1631),#81,.F.);
#6352=ADVANCED_FACE('',(#1632),#82,.T.);
#6353=ADVANCED_FACE('',(#1633),#6301,.F.);
#6354=ADVANCED_FACE('',(#1634),#1461,.T.);
#6355=ADVANCED_FACE('',(#1635),#230,.F.);
#6356=ADVANCED_FACE('',(#1636),#83,.F.);
#6357=ADVANCED_FACE('',(#1637),#1462,.T.);
#6358=ADVANCED_FACE('',(#1638),#1463,.T.);
#6359=ADVANCED_FACE('',(#1639),#6302,.F.);
#6360=ADVANCED_FACE('',(#1640),#84,.F.);
#6361=ADVANCED_FACE('',(#1641),#85,.F.);
#6362=ADVANCED_FACE('',(#1642),#86,.F.);
#6363=ADVANCED_FACE('',(#1643),#231,.F.);
#6364=ADVANCED_FACE('',(#1644),#1464,.F.);
#6365=ADVANCED_FACE('',(#1645),#1465,.T.);
#6366=ADVANCED_FACE('',(#1646),#87,.F.);
#6367=ADVANCED_FACE('',(#1647),#1466,.T.);
#6368=ADVANCED_FACE('',(#1648),#6303,.T.);
#6369=ADVANCED_FACE('',(#1649),#1467,.F.);
#6370=ADVANCED_FACE('',(#1650),#6304,.T.);
#6371=ADVANCED_FACE('',(#1651),#1468,.T.);
#6372=ADVANCED_FACE('',(#1652),#1469,.T.);
#6373=ADVANCED_FACE('',(#1653),#1470,.T.);
#6374=ADVANCED_FACE('',(#1654),#88,.F.);
#6375=ADVANCED_FACE('',(#1655),#89,.F.);
#6376=ADVANCED_FACE('',(#1656),#90,.F.);
#6377=ADVANCED_FACE('',(#1657),#91,.F.);
#6378=ADVANCED_FACE('',(#1658),#92,.T.);
#6379=ADVANCED_FACE('',(#1659),#93,.F.);
#6380=ADVANCED_FACE('',(#1660),#94,.F.);
#6381=ADVANCED_FACE('',(#1661),#95,.T.);
#6382=ADVANCED_FACE('',(#1662),#1471,.T.);
#6383=ADVANCED_FACE('',(#1663),#1472,.T.);
#6384=ADVANCED_FACE('',(#1664),#1473,.T.);
#6385=ADVANCED_FACE('',(#1665),#1474,.T.);
#6386=ADVANCED_FACE('',(#1666,#41,#42,#43),#96,.F.);
#6387=ADVANCED_FACE('',(#1667),#97,.T.);
#6388=ADVANCED_FACE('',(#1668),#98,.F.);
#6389=ADVANCED_FACE('',(#1669),#1475,.T.);
#6390=ADVANCED_FACE('',(#1670),#1476,.T.);
#6391=ADVANCED_FACE('',(#1671),#1477,.T.);
#6392=ADVANCED_FACE('',(#1672),#1478,.T.);
#6393=ADVANCED_FACE('',(#1673),#21,.T.);
#6394=ADVANCED_FACE('',(#1674),#99,.F.);
#6395=ADVANCED_FACE('',(#1675),#100,.F.);
#6396=ADVANCED_FACE('',(#1676),#1479,.F.);
#6397=ADVANCED_FACE('',(#1677),#101,.F.);
#6398=ADVANCED_FACE('',(#1678),#1480,.T.);
#6399=ADVANCED_FACE('',(#1679),#1481,.F.);
#6400=ADVANCED_FACE('',(#1680),#102,.F.);
#6401=ADVANCED_FACE('',(#1681,#44),#103,.T.);
#6402=ADVANCED_FACE('',(#1682),#104,.T.);
#6403=ADVANCED_FACE('',(#1683),#105,.T.);
#6404=ADVANCED_FACE('',(#1684),#106,.F.);
#6405=ADVANCED_FACE('',(#1685),#107,.T.);
#6406=ADVANCED_FACE('',(#1686),#108,.T.);
#6407=ADVANCED_FACE('',(#1687),#109,.T.);
#6408=ADVANCED_FACE('',(#1688),#110,.T.);
#6409=ADVANCED_FACE('',(#1689),#111,.T.);
#6410=ADVANCED_FACE('',(#1690),#112,.T.);
#6411=ADVANCED_FACE('',(#1691),#113,.F.);
#6412=ADVANCED_FACE('',(#1692),#114,.T.);
#6413=ADVANCED_FACE('',(#1693),#115,.F.);
#6414=ADVANCED_FACE('',(#1694),#116,.F.);
#6415=ADVANCED_FACE('',(#1695),#117,.T.);
#6416=ADVANCED_FACE('',(#1696),#118,.T.);
#6417=ADVANCED_FACE('',(#1697),#119,.T.);
#6418=ADVANCED_FACE('',(#1698),#120,.T.);
#6419=ADVANCED_FACE('',(#1699),#121,.T.);
#6420=ADVANCED_FACE('',(#1700),#122,.T.);
#6421=ADVANCED_FACE('',(#1701),#1482,.F.);
#6422=ADVANCED_FACE('',(#1702),#6305,.T.);
#6423=ADVANCED_FACE('',(#1703),#123,.F.);
#6424=ADVANCED_FACE('',(#1704),#1483,.F.);
#6425=ADVANCED_FACE('',(#1705),#124,.F.);
#6426=ADVANCED_FACE('',(#1706),#1484,.F.);
#6427=ADVANCED_FACE('',(#1707),#1485,.T.);
#6428=ADVANCED_FACE('',(#1708),#1486,.T.);
#6429=ADVANCED_FACE('',(#1709),#125,.F.);
#6430=ADVANCED_FACE('',(#1710),#126,.F.);
#6431=ADVANCED_FACE('',(#1711),#1487,.F.);
#6432=ADVANCED_FACE('',(#1712),#6306,.T.);
#6433=ADVANCED_FACE('',(#1713),#6307,.T.);
#6434=ADVANCED_FACE('',(#1714),#127,.T.);
#6435=ADVANCED_FACE('',(#1715),#1488,.T.);
#6436=ADVANCED_FACE('',(#1716),#1489,.F.);
#6437=ADVANCED_FACE('',(#1717),#1490,.F.);
#6438=ADVANCED_FACE('',(#1718),#1491,.F.);
#6439=ADVANCED_FACE('',(#1719),#1492,.F.);
#6440=ADVANCED_FACE('',(#1720),#1493,.F.);
#6441=ADVANCED_FACE('',(#1721),#128,.F.);
#6442=ADVANCED_FACE('',(#1722),#129,.T.);
#6443=ADVANCED_FACE('',(#1723),#6308,.T.);
#6444=ADVANCED_FACE('',(#1724),#6309,.T.);
#6445=ADVANCED_FACE('',(#1725),#1494,.F.);
#6446=ADVANCED_FACE('',(#1726),#130,.F.);
#6447=ADVANCED_FACE('',(#1727),#1495,.T.);
#6448=ADVANCED_FACE('',(#1728),#1496,.T.);
#6449=ADVANCED_FACE('',(#1729),#131,.F.);
#6450=ADVANCED_FACE('',(#1730),#6310,.T.);
#6451=ADVANCED_FACE('',(#1731),#1497,.F.);
#6452=ADVANCED_FACE('',(#1732),#1498,.F.);
#6453=ADVANCED_FACE('',(#1733),#1499,.F.);
#6454=ADVANCED_FACE('',(#1734),#132,.F.);
#6455=ADVANCED_FACE('',(#1735),#133,.T.);
#6456=ADVANCED_FACE('',(#1736),#1500,.T.);
#6457=ADVANCED_FACE('',(#1737,#45,#46),#134,.F.);
#6458=ADVANCED_FACE('',(#1738),#135,.F.);
#6459=ADVANCED_FACE('',(#1739),#1501,.T.);
#6460=ADVANCED_FACE('',(#1740),#1502,.T.);
#6461=ADVANCED_FACE('',(#1741),#6311,.F.);
#6462=ADVANCED_FACE('',(#1742),#1503,.T.);
#6463=ADVANCED_FACE('',(#1743),#136,.F.);
#6464=ADVANCED_FACE('',(#1744),#1504,.T.);
#6465=ADVANCED_FACE('',(#1745),#19,.F.);
#6466=ADVANCED_FACE('',(#1746),#6312,.F.);
#6467=ADVANCED_FACE('',(#1747),#232,.T.);
#6468=ADVANCED_FACE('',(#1748),#1505,.T.);
#6469=ADVANCED_FACE('',(#1749,#47),#137,.T.);
#6470=ADVANCED_FACE('',(#1750),#1506,.T.);
#6471=ADVANCED_FACE('',(#1751),#138,.F.);
#6472=ADVANCED_FACE('',(#1752),#6313,.F.);
#6473=ADVANCED_FACE('',(#1753),#1507,.F.);
#6474=ADVANCED_FACE('',(#1754),#1508,.F.);
#6475=ADVANCED_FACE('',(#1755),#1509,.F.);
#6476=ADVANCED_FACE('',(#1756),#6314,.T.);
#6477=ADVANCED_FACE('',(#1757),#1510,.T.);
#6478=ADVANCED_FACE('',(#1758),#1511,.T.);
#6479=ADVANCED_FACE('',(#1759),#1512,.F.);
#6480=ADVANCED_FACE('',(#1760),#6315,.T.);
#6481=ADVANCED_FACE('',(#1761),#139,.F.);
#6482=ADVANCED_FACE('',(#1762),#1513,.F.);
#6483=ADVANCED_FACE('',(#1763),#1514,.F.);
#6484=ADVANCED_FACE('',(#1764),#22,.F.);
#6485=ADVANCED_FACE('',(#1765),#140,.F.);
#6486=ADVANCED_FACE('',(#1766),#141,.T.);
#6487=ADVANCED_FACE('',(#1767),#1515,.F.);
#6488=ADVANCED_FACE('',(#1768),#142,.F.);
#6489=ADVANCED_FACE('',(#1769),#1516,.T.);
#6490=ADVANCED_FACE('',(#1770),#143,.F.);
#6491=ADVANCED_FACE('',(#1771),#23,.T.);
#6492=ADVANCED_FACE('',(#1772),#1517,.T.);
#6493=ADVANCED_FACE('',(#1773),#24,.T.);
#6494=ADVANCED_FACE('',(#1774),#144,.F.);
#6495=ADVANCED_FACE('',(#1775),#1518,.T.);
#6496=ADVANCED_FACE('',(#1776),#1519,.T.);
#6497=ADVANCED_FACE('',(#1777),#25,.T.);
#6498=ADVANCED_FACE('',(#1778),#1520,.T.);
#6499=ADVANCED_FACE('',(#1779),#26,.T.);
#6500=ADVANCED_FACE('',(#1780,#48),#145,.F.);
#6501=ADVANCED_FACE('',(#1781),#1521,.T.);
#6502=ADVANCED_FACE('',(#1782),#1522,.T.);
#6503=ADVANCED_FACE('',(#1783),#1523,.T.);
#6504=ADVANCED_FACE('',(#1784),#146,.F.);
#6505=ADVANCED_FACE('',(#1785),#1524,.T.);
#6506=ADVANCED_FACE('',(#1786),#147,.F.);
#6507=ADVANCED_FACE('',(#1787),#1525,.T.);
#6508=ADVANCED_FACE('',(#1788,#49),#148,.F.);
#6509=ADVANCED_FACE('',(#1789),#1526,.T.);
#6510=ADVANCED_FACE('',(#1790),#149,.F.);
#6511=ADVANCED_FACE('',(#1791),#1527,.T.);
#6512=ADVANCED_FACE('',(#1792),#1528,.T.);
#6513=ADVANCED_FACE('',(#1793),#1529,.T.);
#6514=ADVANCED_FACE('',(#1794),#1530,.T.);
#6515=ADVANCED_FACE('',(#1795),#27,.T.);
#6516=ADVANCED_FACE('',(#1796),#1531,.T.);
#6517=ADVANCED_FACE('',(#1797),#1532,.T.);
#6518=ADVANCED_FACE('',(#1798),#28,.T.);
#6519=ADVANCED_FACE('',(#1799),#1533,.T.);
#6520=ADVANCED_FACE('',(#1800),#1534,.T.);
#6521=ADVANCED_FACE('',(#1801),#1535,.T.);
#6522=ADVANCED_FACE('',(#1802),#1536,.T.);
#6523=ADVANCED_FACE('',(#1803),#29,.T.);
#6524=ADVANCED_FACE('',(#1804),#30,.T.);
#6525=ADVANCED_FACE('',(#1805),#150,.F.);
#6526=ADVANCED_FACE('',(#1806),#151,.F.);
#6527=ADVANCED_FACE('',(#1807),#152,.F.);
#6528=ADVANCED_FACE('',(#1808),#233,.T.);
#6529=ADVANCED_FACE('',(#1809),#234,.T.);
#6530=ADVANCED_FACE('',(#1810),#1537,.T.);
#6531=ADVANCED_FACE('',(#1811),#6316,.F.);
#6532=ADVANCED_FACE('',(#1812),#1538,.T.);
#6533=ADVANCED_FACE('',(#1813),#6317,.F.);
#6534=ADVANCED_FACE('',(#1814),#1539,.F.);
#6535=ADVANCED_FACE('',(#1815),#153,.F.);
#6536=ADVANCED_FACE('',(#1816),#154,.F.);
#6537=ADVANCED_FACE('',(#1817),#1540,.T.);
#6538=ADVANCED_FACE('',(#1818),#1541,.T.);
#6539=ADVANCED_FACE('',(#1819),#155,.T.);
#6540=ADVANCED_FACE('',(#1820),#1542,.T.);
#6541=ADVANCED_FACE('',(#1821),#1543,.T.);
#6542=ADVANCED_FACE('',(#1822),#31,.T.);
#6543=ADVANCED_FACE('',(#1823),#156,.T.);
#6544=ADVANCED_FACE('',(#1824),#1544,.T.);
#6545=ADVANCED_FACE('',(#1825),#157,.T.);
#6546=ADVANCED_FACE('',(#1826),#1545,.T.);
#6547=ADVANCED_FACE('',(#1827),#158,.T.);
#6548=ADVANCED_FACE('',(#1828),#1546,.T.);
#6549=ADVANCED_FACE('',(#1829),#159,.F.);
#6550=ADVANCED_FACE('',(#1830),#1547,.T.);
#6551=ADVANCED_FACE('',(#1831),#160,.F.);
#6552=ADVANCED_FACE('',(#1832),#1548,.T.);
#6553=ADVANCED_FACE('',(#1833),#161,.F.);
#6554=ADVANCED_FACE('',(#1834,#50),#1549,.F.);
#6555=ADVANCED_FACE('',(#1835),#1550,.T.);
#6556=ADVANCED_FACE('',(#1836),#1551,.T.);
#6557=ADVANCED_FACE('',(#1837),#32,.T.);
#6558=ADVANCED_FACE('',(#1838),#1552,.T.);
#6559=ADVANCED_FACE('',(#1839),#1553,.T.);
#6560=ADVANCED_FACE('',(#1840),#162,.T.);
#6561=ADVANCED_FACE('',(#1841),#1554,.F.);
#6562=ADVANCED_FACE('',(#1842),#235,.F.);
#6563=ADVANCED_FACE('',(#1843),#163,.F.);
#6564=ADVANCED_FACE('',(#1844),#6318,.F.);
#6565=ADVANCED_FACE('',(#1845),#1555,.T.);
#6566=ADVANCED_FACE('',(#1846),#6319,.F.);
#6567=ADVANCED_FACE('',(#1847),#1556,.T.);
#6568=ADVANCED_FACE('',(#1848),#1557,.T.);
#6569=ADVANCED_FACE('',(#1849),#1558,.T.);
#6570=ADVANCED_FACE('',(#1850),#1559,.T.);
#6571=ADVANCED_FACE('',(#1851),#164,.T.);
#6572=ADVANCED_FACE('',(#1852),#1560,.T.);
#6573=ADVANCED_FACE('',(#1853),#1561,.T.);
#6574=ADVANCED_FACE('',(#1854),#1562,.T.);
#6575=ADVANCED_FACE('',(#1855),#165,.F.);
#6576=ADVANCED_FACE('',(#1856),#1563,.F.);
#6577=ADVANCED_FACE('',(#1857),#1564,.T.);
#6578=ADVANCED_FACE('',(#1858),#1565,.T.);
#6579=ADVANCED_FACE('',(#1859),#166,.T.);
#6580=ADVANCED_FACE('',(#1860),#167,.F.);
#6581=ADVANCED_FACE('',(#1861),#1566,.F.);
#6582=ADVANCED_FACE('',(#1862),#20,.F.);
#6583=ADVANCED_FACE('',(#1863),#168,.T.);
#6584=ADVANCED_FACE('',(#1864),#169,.F.);
#6585=ADVANCED_FACE('',(#1865),#1567,.F.);
#6586=ADVANCED_FACE('',(#1866),#1568,.F.);
#6587=ADVANCED_FACE('',(#1867),#1569,.F.);
#6588=ADVANCED_FACE('',(#1868),#170,.F.);
#6589=ADVANCED_FACE('',(#1869),#171,.F.);
#6590=ADVANCED_FACE('',(#1870),#172,.F.);
#6591=ADVANCED_FACE('',(#1871),#173,.F.);
#6592=ADVANCED_FACE('',(#1872),#174,.F.);
#6593=ADVANCED_FACE('',(#1873),#175,.F.);
#6594=ADVANCED_FACE('',(#1874),#176,.F.);
#6595=ADVANCED_FACE('',(#1875),#177,.F.);
#6596=ADVANCED_FACE('',(#1876),#178,.F.);
#6597=ADVANCED_FACE('',(#1877),#179,.F.);
#6598=ADVANCED_FACE('',(#1878),#1570,.F.);
#6599=ADVANCED_FACE('',(#1879),#180,.F.);
#6600=ADVANCED_FACE('',(#1880),#181,.F.);
#6601=ADVANCED_FACE('',(#1881),#182,.F.);
#6602=ADVANCED_FACE('',(#1882),#183,.F.);
#6603=ADVANCED_FACE('',(#1883),#184,.F.);
#6604=ADVANCED_FACE('',(#1884),#1571,.F.);
#6605=ADVANCED_FACE('',(#1885),#1572,.T.);
#6606=ADVANCED_FACE('',(#1886),#1573,.F.);
#6607=ADVANCED_FACE('',(#1887),#1574,.F.);
#6608=ADVANCED_FACE('',(#1888),#185,.T.);
#6609=ADVANCED_FACE('',(#1889),#186,.T.);
#6610=ADVANCED_FACE('',(#1890),#187,.T.);
#6611=ADVANCED_FACE('',(#1891),#188,.F.);
#6612=ADVANCED_FACE('',(#1892),#189,.F.);
#6613=ADVANCED_FACE('',(#1893),#190,.F.);
#6614=ADVANCED_FACE('',(#1894),#191,.T.);
#6615=ADVANCED_FACE('',(#1895),#192,.T.);
#6616=ADVANCED_FACE('',(#1896),#193,.T.);
#6617=ADVANCED_FACE('',(#1897),#194,.F.);
#6618=ADVANCED_FACE('',(#1898),#195,.T.);
#6619=ADVANCED_FACE('',(#1899),#196,.T.);
#6620=ADVANCED_FACE('',(#1900),#197,.T.);
#6621=ADVANCED_FACE('',(#1901),#1575,.F.);
#6622=ADVANCED_FACE('',(#1902),#1576,.F.);
#6623=ADVANCED_FACE('',(#1903),#1577,.F.);
#6624=ADVANCED_FACE('',(#1904),#198,.F.);
#6625=ADVANCED_FACE('',(#1905),#1578,.F.);
#6626=ADVANCED_FACE('',(#1906),#199,.F.);
#6627=ADVANCED_FACE('',(#1907),#200,.F.);
#6628=ADVANCED_FACE('',(#1908),#201,.F.);
#6629=ADVANCED_FACE('',(#1909),#202,.T.);
#6630=ADVANCED_FACE('',(#1910),#203,.F.);
#6631=ADVANCED_FACE('',(#1911),#1579,.F.);
#6632=ADVANCED_FACE('',(#1912,#51),#204,.T.);
#6633=ADVANCED_FACE('',(#1913),#205,.F.);
#6634=ADVANCED_FACE('',(#1914),#206,.F.);
#6635=ADVANCED_FACE('',(#1915),#207,.F.);
#6636=ADVANCED_FACE('',(#1916),#208,.F.);
#6637=ADVANCED_FACE('',(#1917),#209,.F.);
#6638=ADVANCED_FACE('',(#1918),#6320,.T.);
#6639=ADVANCED_FACE('',(#1919),#1580,.F.);
#6640=ADVANCED_FACE('',(#1920),#6321,.T.);
#6641=ADVANCED_FACE('',(#1921),#1581,.T.);
#6642=ADVANCED_FACE('',(#1922),#1582,.T.);
#6643=ADVANCED_FACE('',(#1923),#1583,.T.);
#6644=ADVANCED_FACE('',(#1924),#33,.T.);
#6645=ADVANCED_FACE('',(#1925),#1584,.T.);
#6646=ADVANCED_FACE('',(#1926),#34,.T.);
#6647=ADVANCED_FACE('',(#1927),#210,.F.);
#6648=ADVANCED_FACE('',(#1928),#1585,.T.);
#6649=ADVANCED_FACE('',(#1929),#211,.F.);
#6650=ADVANCED_FACE('',(#1930),#1586,.T.);
#6651=ADVANCED_FACE('',(#1931),#212,.F.);
#6652=ADVANCED_FACE('',(#1932),#1587,.T.);
#6653=ADVANCED_FACE('',(#1933),#1588,.T.);
#6654=ADVANCED_FACE('',(#1934),#236,.T.);
#6655=ADVANCED_FACE('',(#1935),#1589,.T.);
#6656=ADVANCED_FACE('',(#1936),#35,.T.);
#6657=ADVANCED_FACE('',(#1937),#36,.T.);
#6658=ADVANCED_FACE('',(#1938),#1590,.T.);
#6659=ADVANCED_FACE('',(#1939),#237,.T.);
#6660=ADVANCED_FACE('',(#1940),#1591,.F.);
#6661=ADVANCED_FACE('',(#1941),#213,.F.);
#6662=ADVANCED_FACE('',(#1942),#214,.T.);
#6663=ADVANCED_FACE('',(#1943),#215,.F.);
#6664=ADVANCED_FACE('',(#1944),#216,.T.);
#6665=ADVANCED_FACE('',(#1945),#217,.F.);
#6666=ADVANCED_FACE('',(#1946),#218,.F.);
#6667=ADVANCED_FACE('',(#1947),#6322,.T.);
#6668=ADVANCED_FACE('',(#1948),#1592,.F.);
#6669=ADVANCED_FACE('',(#1949),#6323,.T.);
#6670=ADVANCED_FACE('',(#1950),#1593,.T.);
#6671=ADVANCED_FACE('',(#1951),#1594,.T.);
#6672=ADVANCED_FACE('',(#1952),#1595,.T.);
#6673=ADVANCED_FACE('',(#1953),#37,.T.);
#6674=ADVANCED_FACE('',(#1954),#1596,.T.);
#6675=ADVANCED_FACE('',(#1955),#38,.T.);
#6676=ADVANCED_FACE('',(#1956),#219,.F.);
#6677=ADVANCED_FACE('',(#1957),#1597,.T.);
#6678=ADVANCED_FACE('',(#1958),#220,.F.);
#6679=ADVANCED_FACE('',(#1959),#1598,.T.);
#6680=ADVANCED_FACE('',(#1960),#221,.F.);
#6681=ADVANCED_FACE('',(#1961),#1599,.T.);
#6682=ADVANCED_FACE('',(#1962),#1600,.T.);
#6683=ADVANCED_FACE('',(#1963),#238,.T.);
#6684=ADVANCED_FACE('',(#1964),#1601,.T.);
#6685=ADVANCED_FACE('',(#1965),#39,.T.);
#6686=ADVANCED_FACE('',(#1966),#40,.T.);
#6687=ADVANCED_FACE('',(#1967),#1602,.T.);
#6688=ADVANCED_FACE('',(#1968),#239,.T.);
#6689=ADVANCED_FACE('',(#1969),#1603,.F.);
#6690=ADVANCED_FACE('',(#1970),#222,.F.);
#6691=ADVANCED_FACE('',(#1971),#223,.T.);
#6692=ADVANCED_FACE('',(#1972),#224,.F.);
#6693=ADVANCED_FACE('',(#1973),#225,.T.);
#6694=ADVANCED_FACE('',(#1974),#226,.F.);
#6695=ADVANCED_FACE('',(#1975),#227,.F.);
#6696=CLOSED_SHELL('',(#6324,#6325,#6326,#6327,#6328,#6329,#6330,#6331,
#6332,#6333,#6334,#6335,#6336,#6337,#6338,#6339,#6340,#6341,#6342,#6343,
#6344,#6345,#6346,#6347,#6348,#6349,#6350,#6351,#6352));
#6697=CLOSED_SHELL('',(#6353,#6354,#6355,#6356,#6357,#6358,#6359,#6360,
#6361,#6362,#6363,#6364,#6365,#6366,#6367,#6368,#6369,#6370,#6371,#6372,
#6373,#6374,#6375,#6376,#6377,#6378,#6379,#6380,#6381));
#6698=CLOSED_SHELL('',(#6382,#6383,#6384,#6385,#6386,#6387,#6388,#6389,
#6390,#6391,#6392,#6393,#6394,#6395,#6396,#6397,#6398,#6399,#6400,#6401,
#6402,#6403,#6404,#6405,#6406,#6407,#6408,#6409,#6410,#6411,#6412,#6413,
#6414,#6415,#6416,#6417,#6418,#6419,#6420));
#6699=CLOSED_SHELL('',(#6421,#6422,#6423,#6424,#6425,#6426,#6427,#6428,
#6429,#6430,#6431,#6432,#6433,#6434,#6435,#6436,#6437,#6438,#6439,#6440,
#6441,#6442,#6443,#6444,#6445,#6446,#6447,#6448,#6449,#6450,#6451,#6452,
#6453,#6454,#6455,#6456,#6457,#6458,#6459,#6460,#6461,#6462,#6463,#6464,
#6465,#6466,#6467,#6468,#6469,#6470,#6471,#6472,#6473,#6474,#6475,#6476,
#6477,#6478,#6479,#6480,#6481,#6482,#6483,#6484,#6485,#6486,#6487,#6488,
#6489,#6490,#6491,#6492,#6493,#6494,#6495,#6496,#6497,#6498,#6499,#6500,
#6501,#6502,#6503,#6504,#6505,#6506,#6507,#6508,#6509,#6510,#6511,#6512,
#6513,#6514,#6515,#6516,#6517,#6518,#6519,#6520,#6521,#6522,#6523,#6524,
#6525,#6526,#6527,#6528,#6529,#6530,#6531,#6532,#6533,#6534,#6535,#6536,
#6537,#6538,#6539,#6540,#6541,#6542,#6543,#6544,#6545,#6546,#6547,#6548,
#6549,#6550,#6551,#6552,#6553,#6554,#6555,#6556,#6557,#6558,#6559,#6560,
#6561,#6562,#6563,#6564,#6565,#6566,#6567,#6568,#6569,#6570,#6571,#6572,
#6573,#6574,#6575,#6576,#6577,#6578,#6579,#6580,#6581,#6582,#6583,#6584,
#6585,#6586,#6587,#6588,#6589,#6590,#6591,#6592,#6593,#6594,#6595,#6596,
#6597,#6598,#6599,#6600,#6601,#6602,#6603,#6604,#6605,#6606,#6607,#6608,
#6609,#6610,#6611,#6612,#6613,#6614,#6615,#6616,#6617,#6618,#6619,#6620,
#6621,#6622,#6623,#6624,#6625,#6626,#6627,#6628,#6629,#6630,#6631,#6632,
#6633,#6634,#6635,#6636,#6637));
#6700=CLOSED_SHELL('',(#6638,#6639,#6640,#6641,#6642,#6643,#6644,#6645,
#6646,#6647,#6648,#6649,#6650,#6651,#6652,#6653,#6654,#6655,#6656,#6657,
#6658,#6659,#6660,#6661,#6662,#6663,#6664,#6665,#6666));
#6701=CLOSED_SHELL('',(#6667,#6668,#6669,#6670,#6671,#6672,#6673,#6674,
#6675,#6676,#6677,#6678,#6679,#6680,#6681,#6682,#6683,#6684,#6685,#6686,
#6687,#6688,#6689,#6690,#6691,#6692,#6693,#6694,#6695));
#6702=DERIVED_UNIT_ELEMENT(#6706,1.);
#6703=DERIVED_UNIT_ELEMENT(#13246,-3.);
#6704=DERIVED_UNIT_ELEMENT(#6706,1.);
#6705=DERIVED_UNIT_ELEMENT(#13246,-3.);
#6706=(
MASS_UNIT()
NAMED_UNIT(*)
SI_UNIT(.KILO.,.GRAM.)
);
#6707=DERIVED_UNIT((#6702,#6703));
#6708=DERIVED_UNIT((#6704,#6705));
#6709=MEASURE_REPRESENTATION_ITEM('density measure',
POSITIVE_RATIO_MEASURE(7850.),#6707);
#6710=MEASURE_REPRESENTATION_ITEM('density measure',
POSITIVE_RATIO_MEASURE(7850.),#6708);
#6711=PROPERTY_DEFINITION_REPRESENTATION(#6721,#6715);
#6712=PROPERTY_DEFINITION_REPRESENTATION(#6722,#6716);
#6713=PROPERTY_DEFINITION_REPRESENTATION(#6723,#6717);
#6714=PROPERTY_DEFINITION_REPRESENTATION(#6724,#6718);
#6715=REPRESENTATION('material name',(#6719),#13242);
#6716=REPRESENTATION('density',(#6709),#13242);
#6717=REPRESENTATION('material name',(#6720),#13243);
#6718=REPRESENTATION('density',(#6710),#13243);
#6719=DESCRIPTIVE_REPRESENTATION_ITEM('Steel','Steel');
#6720=DESCRIPTIVE_REPRESENTATION_ITEM('Steel','Steel');
#6721=PROPERTY_DEFINITION('material property','material name',#13262);
#6722=PROPERTY_DEFINITION('material property','density of part',#13262);
#6723=PROPERTY_DEFINITION('material property','material name',#13263);
#6724=PROPERTY_DEFINITION('material property','density of part',#13263);
#6725=AXIS2_PLACEMENT_3D('',#9415,#7434,#7435);
#6726=AXIS2_PLACEMENT_3D('',#9416,#7436,#7437);
#6727=AXIS2_PLACEMENT_3D('',#9489,#7438,#7439);
#6728=AXIS2_PLACEMENT_3D('',#9550,#7440,#7441);
#6729=AXIS2_PLACEMENT_3D('',#9553,#7442,#7443);
#6730=AXIS2_PLACEMENT_3D('',#9556,#7446,#7447);
#6731=AXIS2_PLACEMENT_3D('',#9558,#7448,#7449);
#6732=AXIS2_PLACEMENT_3D('',#9560,#7450,#7451);
#6733=AXIS2_PLACEMENT_3D('',#9561,#7452,#7453);
#6734=AXIS2_PLACEMENT_3D('',#9562,#7454,#7455);
#6735=AXIS2_PLACEMENT_3D('',#9568,#7458,#7459);
#6736=AXIS2_PLACEMENT_3D('',#9570,#7461,#7462);
#6737=AXIS2_PLACEMENT_3D('',#9573,#7464,#7465);
#6738=AXIS2_PLACEMENT_3D('',#9574,#7466,#7467);
#6739=AXIS2_PLACEMENT_3D('',#9577,#7469,#7470);
#6740=AXIS2_PLACEMENT_3D('',#9621,#7471,#7472);
#6741=AXIS2_PLACEMENT_3D('',#9627,#7476,#7477);
#6742=AXIS2_PLACEMENT_3D('',#9631,#7480,#7481);
#6743=AXIS2_PLACEMENT_3D('',#9635,#7484,#7485);
#6744=AXIS2_PLACEMENT_3D('',#9644,#7486,#7487);
#6745=AXIS2_PLACEMENT_3D('',#9645,#7488,#7489);
#6746=AXIS2_PLACEMENT_3D('',#9646,#7490,#7491);
#6747=AXIS2_PLACEMENT_3D('',#9648,#7493,#7494);
#6748=AXIS2_PLACEMENT_3D('',#9652,#7496,#7497);
#6749=AXIS2_PLACEMENT_3D('',#9655,#7499,#7500);
#6750=AXIS2_PLACEMENT_3D('',#9656,#7501,#7502);
#6751=AXIS2_PLACEMENT_3D('',#9660,#7505,#7506);
#6752=AXIS2_PLACEMENT_3D('',#9664,#7508,#7509);
#6753=AXIS2_PLACEMENT_3D('',#9667,#7511,#7512);
#6754=AXIS2_PLACEMENT_3D('',#9699,#7513,#7514);
#6755=AXIS2_PLACEMENT_3D('',#9700,#7515,#7516);
#6756=AXIS2_PLACEMENT_3D('',#9701,#7517,#7518);
#6757=AXIS2_PLACEMENT_3D('',#9703,#7519,#7520);
#6758=AXIS2_PLACEMENT_3D('',#9740,#7522,#7523);
#6759=AXIS2_PLACEMENT_3D('',#9741,#7524,#7525);
#6760=AXIS2_PLACEMENT_3D('',#9745,#7527,#7528);
#6761=AXIS2_PLACEMENT_3D('',#9747,#7530,#7531);
#6762=AXIS2_PLACEMENT_3D('',#9751,#7533,#7534);
#6763=AXIS2_PLACEMENT_3D('',#9753,#7536,#7537);
#6764=AXIS2_PLACEMENT_3D('',#9756,#7540,#7541);
#6765=AXIS2_PLACEMENT_3D('',#9764,#7546,#7547);
#6766=AXIS2_PLACEMENT_3D('',#9768,#7550,#7551);
#6767=AXIS2_PLACEMENT_3D('',#9774,#7555,#7556);
#6768=AXIS2_PLACEMENT_3D('',#9777,#7559,#7560);
#6769=AXIS2_PLACEMENT_3D('',#9779,#7562,#7563);
#6770=AXIS2_PLACEMENT_3D('',#9780,#7564,#7565);
#6771=AXIS2_PLACEMENT_3D('',#9781,#7566,#7567);
#6772=AXIS2_PLACEMENT_3D('',#9854,#7568,#7569);
#6773=AXIS2_PLACEMENT_3D('',#9915,#7570,#7571);
#6774=AXIS2_PLACEMENT_3D('',#9918,#7572,#7573);
#6775=AXIS2_PLACEMENT_3D('',#9921,#7576,#7577);
#6776=AXIS2_PLACEMENT_3D('',#9923,#7578,#7579);
#6777=AXIS2_PLACEMENT_3D('',#9925,#7580,#7581);
#6778=AXIS2_PLACEMENT_3D('',#9926,#7582,#7583);
#6779=AXIS2_PLACEMENT_3D('',#9927,#7584,#7585);
#6780=AXIS2_PLACEMENT_3D('',#9933,#7588,#7589);
#6781=AXIS2_PLACEMENT_3D('',#9935,#7591,#7592);
#6782=AXIS2_PLACEMENT_3D('',#9938,#7594,#7595);
#6783=AXIS2_PLACEMENT_3D('',#9939,#7596,#7597);
#6784=AXIS2_PLACEMENT_3D('',#9942,#7599,#7600);
#6785=AXIS2_PLACEMENT_3D('',#9986,#7601,#7602);
#6786=AXIS2_PLACEMENT_3D('',#9992,#7606,#7607);
#6787=AXIS2_PLACEMENT_3D('',#9996,#7610,#7611);
#6788=AXIS2_PLACEMENT_3D('',#10000,#7614,#7615);
#6789=AXIS2_PLACEMENT_3D('',#10009,#7616,#7617);
#6790=AXIS2_PLACEMENT_3D('',#10010,#7618,#7619);
#6791=AXIS2_PLACEMENT_3D('',#10011,#7620,#7621);
#6792=AXIS2_PLACEMENT_3D('',#10013,#7623,#7624);
#6793=AXIS2_PLACEMENT_3D('',#10017,#7626,#7627);
#6794=AXIS2_PLACEMENT_3D('',#10020,#7629,#7630);
#6795=AXIS2_PLACEMENT_3D('',#10021,#7631,#7632);
#6796=AXIS2_PLACEMENT_3D('',#10025,#7635,#7636);
#6797=AXIS2_PLACEMENT_3D('',#10029,#7638,#7639);
#6798=AXIS2_PLACEMENT_3D('',#10032,#7641,#7642);
#6799=AXIS2_PLACEMENT_3D('',#10064,#7643,#7644);
#6800=AXIS2_PLACEMENT_3D('',#10065,#7645,#7646);
#6801=AXIS2_PLACEMENT_3D('',#10066,#7647,#7648);
#6802=AXIS2_PLACEMENT_3D('',#10068,#7649,#7650);
#6803=AXIS2_PLACEMENT_3D('',#10105,#7652,#7653);
#6804=AXIS2_PLACEMENT_3D('',#10106,#7654,#7655);
#6805=AXIS2_PLACEMENT_3D('',#10110,#7657,#7658);
#6806=AXIS2_PLACEMENT_3D('',#10112,#7660,#7661);
#6807=AXIS2_PLACEMENT_3D('',#10116,#7663,#7664);
#6808=AXIS2_PLACEMENT_3D('',#10118,#7666,#7667);
#6809=AXIS2_PLACEMENT_3D('',#10121,#7670,#7671);
#6810=AXIS2_PLACEMENT_3D('',#10129,#7676,#7677);
#6811=AXIS2_PLACEMENT_3D('',#10133,#7680,#7681);
#6812=AXIS2_PLACEMENT_3D('',#10139,#7685,#7686);
#6813=AXIS2_PLACEMENT_3D('',#10142,#7689,#7690);
#6814=AXIS2_PLACEMENT_3D('',#10144,#7692,#7693);
#6815=AXIS2_PLACEMENT_3D('',#10145,#7694,#7695);
#6816=AXIS2_PLACEMENT_3D('',#10146,#7696,#7697);
#6817=AXIS2_PLACEMENT_3D('',#10147,#7698,#7699);
#6818=AXIS2_PLACEMENT_3D('',#10148,#7700,#7701);
#6819=AXIS2_PLACEMENT_3D('',#10153,#7703,#7704);
#6820=AXIS2_PLACEMENT_3D('',#10156,#7706,#7707);
#6821=AXIS2_PLACEMENT_3D('',#10157,#7708,#7709);
#6822=AXIS2_PLACEMENT_3D('',#10162,#7711,#7712);
#6823=AXIS2_PLACEMENT_3D('',#10165,#7714,#7715);
#6824=AXIS2_PLACEMENT_3D('',#10166,#7716,#7717);
#6825=AXIS2_PLACEMENT_3D('',#10169,#7720,#7721);
#6826=AXIS2_PLACEMENT_3D('',#10172,#7724,#7725);
#6827=AXIS2_PLACEMENT_3D('',#10202,#7741,#7742);
#6828=AXIS2_PLACEMENT_3D('',#10206,#7744,#7745);
#6829=AXIS2_PLACEMENT_3D('',#10210,#7748,#7749);
#6830=AXIS2_PLACEMENT_3D('',#10211,#7750,#7751);
#6831=AXIS2_PLACEMENT_3D('',#10213,#7752,#7753);
#6832=AXIS2_PLACEMENT_3D('',#10216,#7755,#7756);
#6833=AXIS2_PLACEMENT_3D('',#10217,#7757,#7758);
#6834=AXIS2_PLACEMENT_3D('',#10220,#7760,#7761);
#6835=AXIS2_PLACEMENT_3D('',#10221,#7762,#7763);
#6836=AXIS2_PLACEMENT_3D('',#10225,#7765,#7766);
#6837=AXIS2_PLACEMENT_3D('',#10227,#7768,#7769);
#6838=AXIS2_PLACEMENT_3D('',#10239,#7772,#7773);
#6839=AXIS2_PLACEMENT_3D('',#10241,#7775,#7776);
#6840=AXIS2_PLACEMENT_3D('',#10242,#7777,#7778);
#6841=AXIS2_PLACEMENT_3D('',#10243,#7779,#7780);
#6842=AXIS2_PLACEMENT_3D('',#10245,#7782,#7783);
#6843=AXIS2_PLACEMENT_3D('',#10247,#7784,#7785);
#6844=AXIS2_PLACEMENT_3D('',#10248,#7786,#7787);
#6845=AXIS2_PLACEMENT_3D('',#10268,#7798,#7799);
#6846=AXIS2_PLACEMENT_3D('',#10270,#7800,#7801);
#6847=AXIS2_PLACEMENT_3D('',#10272,#7803,#7804);
#6848=AXIS2_PLACEMENT_3D('',#10273,#7805,#7806);
#6849=AXIS2_PLACEMENT_3D('',#10287,#7808,#7809);
#6850=AXIS2_PLACEMENT_3D('',#10289,#7810,#7811);
#6851=AXIS2_PLACEMENT_3D('',#10292,#7813,#7814);
#6852=AXIS2_PLACEMENT_3D('',#10293,#7815,#7816);
#6853=AXIS2_PLACEMENT_3D('',#10295,#7817,#7818);
#6854=AXIS2_PLACEMENT_3D('',#10299,#7820,#7821);
#6855=AXIS2_PLACEMENT_3D('',#10302,#7823,#7824);
#6856=AXIS2_PLACEMENT_3D('',#10303,#7825,#7826);
#6857=AXIS2_PLACEMENT_3D('',#10306,#7829,#7830);
#6858=AXIS2_PLACEMENT_3D('',#10315,#7835,#7836);
#6859=AXIS2_PLACEMENT_3D('',#10318,#7839,#7840);
#6860=AXIS2_PLACEMENT_3D('',#10320,#7842,#7843);
#6861=AXIS2_PLACEMENT_3D('',#10330,#7849,#7850);
#6862=AXIS2_PLACEMENT_3D('',#10334,#7853,#7854);
#6863=AXIS2_PLACEMENT_3D('',#10338,#7857,#7858);
#6864=AXIS2_PLACEMENT_3D('',#10345,#7863,#7864);
#6865=AXIS2_PLACEMENT_3D('',#10347,#7866,#7867);
#6866=AXIS2_PLACEMENT_3D('',#10351,#7870,#7871);
#6867=AXIS2_PLACEMENT_3D('',#10359,#7876,#7877);
#6868=AXIS2_PLACEMENT_3D('',#10361,#7879,#7880);
#6869=AXIS2_PLACEMENT_3D('',#10362,#7881,#7882);
#6870=AXIS2_PLACEMENT_3D('',#10364,#7884,#7885);
#6871=AXIS2_PLACEMENT_3D('',#10366,#7887,#7888);
#6872=AXIS2_PLACEMENT_3D('',#10368,#7890,#7891);
#6873=AXIS2_PLACEMENT_3D('',#10370,#7893,#7894);
#6874=AXIS2_PLACEMENT_3D('',#10371,#7895,#7896);
#6875=AXIS2_PLACEMENT_3D('',#10373,#7898,#7899);
#6876=AXIS2_PLACEMENT_3D('',#10375,#7901,#7902);
#6877=AXIS2_PLACEMENT_3D('',#10376,#7903,#7904);
#6878=AXIS2_PLACEMENT_3D('',#10379,#7905,#7906);
#6879=AXIS2_PLACEMENT_3D('',#10383,#7908,#7909);
#6880=AXIS2_PLACEMENT_3D('',#10429,#7911,#7912);
#6881=AXIS2_PLACEMENT_3D('',#10430,#7913,#7914);
#6882=AXIS2_PLACEMENT_3D('',#10431,#7915,#7916);
#6883=AXIS2_PLACEMENT_3D('',#10433,#7917,#7918);
#6884=AXIS2_PLACEMENT_3D('',#10439,#7921,#7922);
#6885=AXIS2_PLACEMENT_3D('',#10441,#7924,#7925);
#6886=AXIS2_PLACEMENT_3D('',#10445,#7927,#7928);
#6887=AXIS2_PLACEMENT_3D('',#10447,#7930,#7931);
#6888=AXIS2_PLACEMENT_3D('',#10483,#7942,#7943);
#6889=AXIS2_PLACEMENT_3D('',#10485,#7944,#7945);
#6890=AXIS2_PLACEMENT_3D('',#10487,#7946,#7947);
#6891=AXIS2_PLACEMENT_3D('',#10490,#7949,#7950);
#6892=AXIS2_PLACEMENT_3D('',#10491,#7951,#7952);
#6893=AXIS2_PLACEMENT_3D('',#10495,#7954,#7955);
#6894=AXIS2_PLACEMENT_3D('',#10496,#7956,#7957);
#6895=AXIS2_PLACEMENT_3D('',#10497,#7958,#7959);
#6896=AXIS2_PLACEMENT_3D('',#10500,#7961,#7962);
#6897=AXIS2_PLACEMENT_3D('',#10501,#7963,#7964);
#6898=AXIS2_PLACEMENT_3D('',#10507,#7968,#7969);
#6899=AXIS2_PLACEMENT_3D('',#10534,#7978,#7979);
#6900=AXIS2_PLACEMENT_3D('',#10536,#7980,#7981);
#6901=AXIS2_PLACEMENT_3D('',#10539,#7983,#7984);
#6902=AXIS2_PLACEMENT_3D('',#10591,#7985,#7986);
#6903=AXIS2_PLACEMENT_3D('',#10592,#7987,#7988);
#6904=AXIS2_PLACEMENT_3D('',#10617,#7989,#7990);
#6905=AXIS2_PLACEMENT_3D('',#10621,#7993,#7994);
#6906=AXIS2_PLACEMENT_3D('',#10624,#7996,#7997);
#6907=AXIS2_PLACEMENT_3D('',#10625,#7998,#7999);
#6908=AXIS2_PLACEMENT_3D('',#10627,#8000,#8001);
#6909=AXIS2_PLACEMENT_3D('',#10630,#8003,#8004);
#6910=AXIS2_PLACEMENT_3D('',#10631,#8005,#8006);
#6911=AXIS2_PLACEMENT_3D('',#10633,#8007,#8008);
#6912=AXIS2_PLACEMENT_3D('',#10635,#8009,#8010);
#6913=AXIS2_PLACEMENT_3D('',#10638,#8012,#8013);
#6914=AXIS2_PLACEMENT_3D('',#10639,#8014,#8015);
#6915=AXIS2_PLACEMENT_3D('',#10641,#8016,#8017);
#6916=AXIS2_PLACEMENT_3D('',#10643,#8019,#8020);
#6917=AXIS2_PLACEMENT_3D('',#10646,#8022,#8023);
#6918=AXIS2_PLACEMENT_3D('',#10647,#8024,#8025);
#6919=AXIS2_PLACEMENT_3D('',#10651,#8027,#8028);
#6920=AXIS2_PLACEMENT_3D('',#10652,#8029,#8030);
#6921=AXIS2_PLACEMENT_3D('',#10653,#8031,#8032);
#6922=AXIS2_PLACEMENT_3D('',#10659,#8035,#8036);
#6923=AXIS2_PLACEMENT_3D('',#10669,#8041,#8042);
#6924=AXIS2_PLACEMENT_3D('',#10671,#8044,#8045);
#6925=AXIS2_PLACEMENT_3D('',#10675,#8047,#8048);
#6926=AXIS2_PLACEMENT_3D('',#10729,#8050,#8051);
#6927=AXIS2_PLACEMENT_3D('',#10777,#8052,#8053);
#6928=AXIS2_PLACEMENT_3D('',#10778,#8054,#8055);
#6929=AXIS2_PLACEMENT_3D('',#10779,#8056,#8057);
#6930=AXIS2_PLACEMENT_3D('',#10780,#8058,#8059);
#6931=AXIS2_PLACEMENT_3D('',#10783,#8060,#8061);
#6932=AXIS2_PLACEMENT_3D('',#10787,#8064,#8065);
#6933=AXIS2_PLACEMENT_3D('',#10788,#8066,#8067);
#6934=AXIS2_PLACEMENT_3D('',#10798,#8073,#8074);
#6935=AXIS2_PLACEMENT_3D('',#10799,#8075,#8076);
#6936=AXIS2_PLACEMENT_3D('',#10800,#8077,#8078);
#6937=AXIS2_PLACEMENT_3D('',#10802,#8079,#8080);
#6938=AXIS2_PLACEMENT_3D('',#10805,#8082,#8083);
#6939=AXIS2_PLACEMENT_3D('',#10806,#8084,#8085);
#6940=AXIS2_PLACEMENT_3D('',#10814,#8089,#8090);
#6941=AXIS2_PLACEMENT_3D('',#10818,#8092,#8093);
#6942=AXIS2_PLACEMENT_3D('',#10860,#8095,#8096);
#6943=AXIS2_PLACEMENT_3D('',#10861,#8097,#8098);
#6944=AXIS2_PLACEMENT_3D('',#10862,#8099,#8100);
#6945=AXIS2_PLACEMENT_3D('',#10864,#8101,#8102);
#6946=AXIS2_PLACEMENT_3D('',#10866,#8104,#8105);
#6947=AXIS2_PLACEMENT_3D('',#10868,#8106,#8107);
#6948=AXIS2_PLACEMENT_3D('',#10872,#8109,#8110);
#6949=AXIS2_PLACEMENT_3D('',#10873,#8111,#8112);
#6950=AXIS2_PLACEMENT_3D('',#10874,#8113,#8114);
#6951=AXIS2_PLACEMENT_3D('',#10876,#8116,#8117);
#6952=AXIS2_PLACEMENT_3D('',#10880,#8120,#8121);
#6953=AXIS2_PLACEMENT_3D('',#10883,#8123,#8124);
#6954=AXIS2_PLACEMENT_3D('',#10885,#8126,#8127);
#6955=AXIS2_PLACEMENT_3D('',#10888,#8128,#8129);
#6956=AXIS2_PLACEMENT_3D('',#10892,#8131,#8132);
#6957=AXIS2_PLACEMENT_3D('',#10894,#8134,#8135);
#6958=AXIS2_PLACEMENT_3D('',#10952,#8165,#8166);
#6959=AXIS2_PLACEMENT_3D('',#10954,#8167,#8168);
#6960=AXIS2_PLACEMENT_3D('',#10955,#8169,#8170);
#6961=AXIS2_PLACEMENT_3D('',#10961,#8174,#8175);
#6962=AXIS2_PLACEMENT_3D('',#10963,#8176,#8177);
#6963=AXIS2_PLACEMENT_3D('',#10965,#8179,#8180);
#6964=AXIS2_PLACEMENT_3D('',#10968,#8181,#8182);
#6965=AXIS2_PLACEMENT_3D('',#10972,#8184,#8185);
#6966=AXIS2_PLACEMENT_3D('',#11001,#8187,#8188);
#6967=AXIS2_PLACEMENT_3D('',#11002,#8189,#8190);
#6968=AXIS2_PLACEMENT_3D('',#11003,#8191,#8192);
#6969=AXIS2_PLACEMENT_3D('',#11004,#8193,#8194);
#6970=AXIS2_PLACEMENT_3D('',#11007,#8195,#8196);
#6971=AXIS2_PLACEMENT_3D('',#11010,#8199,#8200);
#6972=AXIS2_PLACEMENT_3D('',#11018,#8204,#8205);
#6973=AXIS2_PLACEMENT_3D('',#11020,#8207,#8208);
#6974=AXIS2_PLACEMENT_3D('',#11023,#8209,#8210);
#6975=AXIS2_PLACEMENT_3D('',#11037,#8213,#8214);
#6976=AXIS2_PLACEMENT_3D('',#11038,#8215,#8216);
#6977=AXIS2_PLACEMENT_3D('',#11039,#8217,#8218);
#6978=AXIS2_PLACEMENT_3D('',#11066,#8219,#8220);
#6979=AXIS2_PLACEMENT_3D('',#11071,#8221,#8222);
#6980=AXIS2_PLACEMENT_3D('',#11073,#8223,#8224);
#6981=AXIS2_PLACEMENT_3D('',#11074,#8225,#8226);
#6982=AXIS2_PLACEMENT_3D('',#11075,#8227,#8228);
#6983=AXIS2_PLACEMENT_3D('',#11076,#8229,#8230);
#6984=AXIS2_PLACEMENT_3D('',#11089,#8232,#8233);
#6985=AXIS2_PLACEMENT_3D('',#11107,#8242,#8243);
#6986=AXIS2_PLACEMENT_3D('',#11109,#8244,#8245);
#6987=AXIS2_PLACEMENT_3D('',#11111,#8246,#8247);
#6988=AXIS2_PLACEMENT_3D('',#11113,#8248,#8249);
#6989=AXIS2_PLACEMENT_3D('',#11115,#8250,#8251);
#6990=AXIS2_PLACEMENT_3D('',#11117,#8252,#8253);
#6991=AXIS2_PLACEMENT_3D('',#11119,#8254,#8255);
#6992=AXIS2_PLACEMENT_3D('',#11121,#8256,#8257);
#6993=AXIS2_PLACEMENT_3D('',#11123,#8258,#8259);
#6994=AXIS2_PLACEMENT_3D('',#11125,#8260,#8261);
#6995=AXIS2_PLACEMENT_3D('',#11127,#8262,#8263);
#6996=AXIS2_PLACEMENT_3D('',#11134,#8268,#8269);
#6997=AXIS2_PLACEMENT_3D('',#11137,#8271,#8272);
#6998=AXIS2_PLACEMENT_3D('',#11138,#8273,#8274);
#6999=AXIS2_PLACEMENT_3D('',#11166,#8276,#8277);
#7000=AXIS2_PLACEMENT_3D('',#11167,#8278,#8279);
#7001=AXIS2_PLACEMENT_3D('',#11168,#8280,#8281);
#7002=AXIS2_PLACEMENT_3D('',#11171,#8283,#8284);
#7003=AXIS2_PLACEMENT_3D('',#11172,#8285,#8286);
#7004=AXIS2_PLACEMENT_3D('',#11176,#8288,#8289);
#7005=AXIS2_PLACEMENT_3D('',#11178,#8291,#8292);
#7006=AXIS2_PLACEMENT_3D('',#11180,#8293,#8294);
#7007=AXIS2_PLACEMENT_3D('',#11182,#8295,#8296);
#7008=AXIS2_PLACEMENT_3D('',#11219,#8298,#8299);
#7009=AXIS2_PLACEMENT_3D('',#11220,#8300,#8301);
#7010=AXIS2_PLACEMENT_3D('',#11221,#8302,#8303);
#7011=AXIS2_PLACEMENT_3D('',#11223,#8304,#8305);
#7012=AXIS2_PLACEMENT_3D('',#11225,#8307,#8308);
#7013=AXIS2_PLACEMENT_3D('',#11238,#8309,#8310);
#7014=AXIS2_PLACEMENT_3D('',#11240,#8312,#8313);
#7015=AXIS2_PLACEMENT_3D('',#11276,#8314,#8315);
#7016=AXIS2_PLACEMENT_3D('',#11278,#8317,#8318);
#7017=AXIS2_PLACEMENT_3D('',#11280,#8319,#8320);
#7018=AXIS2_PLACEMENT_3D('',#11283,#8322,#8323);
#7019=AXIS2_PLACEMENT_3D('',#11284,#8324,#8325);
#7020=AXIS2_PLACEMENT_3D('',#11286,#8326,#8327);
#7021=AXIS2_PLACEMENT_3D('',#11288,#8329,#8330);
#7022=AXIS2_PLACEMENT_3D('',#11289,#8331,#8332);
#7023=AXIS2_PLACEMENT_3D('',#11290,#8333,#8334);
#7024=AXIS2_PLACEMENT_3D('',#11293,#8337,#8338);
#7025=AXIS2_PLACEMENT_3D('',#11299,#8342,#8343);
#7026=AXIS2_PLACEMENT_3D('',#11301,#8345,#8346);
#7027=AXIS2_PLACEMENT_3D('',#11302,#8347,#8348);
#7028=AXIS2_PLACEMENT_3D('',#11305,#8349,#8350);
#7029=AXIS2_PLACEMENT_3D('',#11307,#8352,#8353);
#7030=AXIS2_PLACEMENT_3D('',#11322,#8354,#8355);
#7031=AXIS2_PLACEMENT_3D('',#11328,#8359,#8360);
#7032=AXIS2_PLACEMENT_3D('',#11330,#8361,#8362);
#7033=AXIS2_PLACEMENT_3D('',#11332,#8363,#8364);
#7034=AXIS2_PLACEMENT_3D('',#11333,#8365,#8366);
#7035=AXIS2_PLACEMENT_3D('',#11334,#8367,#8368);
#7036=AXIS2_PLACEMENT_3D('',#11337,#8370,#8371);
#7037=AXIS2_PLACEMENT_3D('',#11338,#8372,#8373);
#7038=AXIS2_PLACEMENT_3D('',#11340,#8374,#8375);
#7039=AXIS2_PLACEMENT_3D('',#11341,#8376,#8377);
#7040=AXIS2_PLACEMENT_3D('',#11342,#8378,#8379);
#7041=AXIS2_PLACEMENT_3D('',#11348,#8383,#8384);
#7042=AXIS2_PLACEMENT_3D('',#11351,#8386,#8387);
#7043=AXIS2_PLACEMENT_3D('',#11352,#8388,#8389);
#7044=AXIS2_PLACEMENT_3D('',#11354,#8390,#8391);
#7045=AXIS2_PLACEMENT_3D('',#11356,#8393,#8394);
#7046=AXIS2_PLACEMENT_3D('',#11358,#8395,#8396);
#7047=AXIS2_PLACEMENT_3D('',#11360,#8397,#8398);
#7048=AXIS2_PLACEMENT_3D('',#11361,#8399,#8400);
#7049=AXIS2_PLACEMENT_3D('',#11362,#8401,#8402);
#7050=AXIS2_PLACEMENT_3D('',#11365,#8404,#8405);
#7051=AXIS2_PLACEMENT_3D('',#11366,#8406,#8407);
#7052=AXIS2_PLACEMENT_3D('',#11367,#8408,#8409);
#7053=AXIS2_PLACEMENT_3D('',#11368,#8410,#8411);
#7054=AXIS2_PLACEMENT_3D('',#11375,#8415,#8416);
#7055=AXIS2_PLACEMENT_3D('',#11376,#8417,#8418);
#7056=AXIS2_PLACEMENT_3D('',#11379,#8420,#8421);
#7057=AXIS2_PLACEMENT_3D('',#11380,#8422,#8423);
#7058=AXIS2_PLACEMENT_3D('',#11382,#8424,#8425);
#7059=AXIS2_PLACEMENT_3D('',#11384,#8427,#8428);
#7060=AXIS2_PLACEMENT_3D('',#11386,#8429,#8430);
#7061=AXIS2_PLACEMENT_3D('',#11389,#8432,#8433);
#7062=AXIS2_PLACEMENT_3D('',#11390,#8434,#8435);
#7063=AXIS2_PLACEMENT_3D('',#11396,#8439,#8440);
#7064=AXIS2_PLACEMENT_3D('',#11399,#8442,#8443);
#7065=AXIS2_PLACEMENT_3D('',#11400,#8444,#8445);
#7066=AXIS2_PLACEMENT_3D('',#11416,#8454,#8455);
#7067=AXIS2_PLACEMENT_3D('',#11419,#8457,#8458);
#7068=AXIS2_PLACEMENT_3D('',#11420,#8459,#8460);
#7069=AXIS2_PLACEMENT_3D('',#11433,#8467,#8468);
#7070=AXIS2_PLACEMENT_3D('',#11434,#8469,#8470);
#7071=AXIS2_PLACEMENT_3D('',#11436,#8472,#8473);
#7072=AXIS2_PLACEMENT_3D('',#11450,#8481,#8482);
#7073=AXIS2_PLACEMENT_3D('',#11454,#8484,#8485);
#7074=AXIS2_PLACEMENT_3D('',#11457,#8487,#8488);
#7075=AXIS2_PLACEMENT_3D('',#11458,#8489,#8490);
#7076=AXIS2_PLACEMENT_3D('',#11462,#8492,#8493);
#7077=AXIS2_PLACEMENT_3D('',#11464,#8495,#8496);
#7078=AXIS2_PLACEMENT_3D('',#11467,#8499,#8500);
#7079=AXIS2_PLACEMENT_3D('',#11468,#8501,#8502);
#7080=AXIS2_PLACEMENT_3D('',#11471,#8504,#8505);
#7081=AXIS2_PLACEMENT_3D('',#11472,#8506,#8507);
#7082=AXIS2_PLACEMENT_3D('',#11473,#8508,#8509);
#7083=AXIS2_PLACEMENT_3D('',#11474,#8510,#8511);
#7084=AXIS2_PLACEMENT_3D('',#11476,#8513,#8514);
#7085=AXIS2_PLACEMENT_3D('',#11477,#8515,#8516);
#7086=AXIS2_PLACEMENT_3D('',#11479,#8518,#8519);
#7087=AXIS2_PLACEMENT_3D('',#11480,#8520,#8521);
#7088=AXIS2_PLACEMENT_3D('',#11481,#8522,#8523);
#7089=AXIS2_PLACEMENT_3D('',#11482,#8524,#8525);
#7090=AXIS2_PLACEMENT_3D('',#11483,#8526,#8527);
#7091=AXIS2_PLACEMENT_3D('',#11484,#8528,#8529);
#7092=AXIS2_PLACEMENT_3D('',#11485,#8530,#8531);
#7093=AXIS2_PLACEMENT_3D('',#11487,#8532,#8533);
#7094=AXIS2_PLACEMENT_3D('',#11489,#8535,#8536);
#7095=AXIS2_PLACEMENT_3D('',#11490,#8537,#8538);
#7096=AXIS2_PLACEMENT_3D('',#11492,#8540,#8541);
#7097=AXIS2_PLACEMENT_3D('',#11493,#8542,#8543);
#7098=AXIS2_PLACEMENT_3D('',#11494,#8544,#8545);
#7099=AXIS2_PLACEMENT_3D('',#11495,#8546,#8547);
#7100=AXIS2_PLACEMENT_3D('',#11496,#8548,#8549);
#7101=AXIS2_PLACEMENT_3D('',#11497,#8550,#8551);
#7102=AXIS2_PLACEMENT_3D('',#11498,#8552,#8553);
#7103=AXIS2_PLACEMENT_3D('',#11501,#8554,#8555);
#7104=AXIS2_PLACEMENT_3D('',#11503,#8556,#8557);
#7105=AXIS2_PLACEMENT_3D('',#11517,#8558,#8559);
#7106=AXIS2_PLACEMENT_3D('',#11518,#8560,#8561);
#7107=AXIS2_PLACEMENT_3D('',#11521,#8562,#8563);
#7108=AXIS2_PLACEMENT_3D('',#11522,#8564,#8565);
#7109=AXIS2_PLACEMENT_3D('',#11523,#8566,#8567);
#7110=AXIS2_PLACEMENT_3D('',#11524,#8568,#8569);
#7111=AXIS2_PLACEMENT_3D('',#11527,#8570,#8571);
#7112=AXIS2_PLACEMENT_3D('',#11574,#8574,#8575);
#7113=AXIS2_PLACEMENT_3D('',#11576,#8576,#8577);
#7114=AXIS2_PLACEMENT_3D('',#11578,#8578,#8579);
#7115=AXIS2_PLACEMENT_3D('',#11579,#8580,#8581);
#7116=AXIS2_PLACEMENT_3D('',#11580,#8582,#8583);
#7117=AXIS2_PLACEMENT_3D('',#11669,#8587,#8588);
#7118=AXIS2_PLACEMENT_3D('',#11672,#8589,#8590);
#7119=AXIS2_PLACEMENT_3D('',#11675,#8592,#8593);
#7120=AXIS2_PLACEMENT_3D('',#11679,#8595,#8596);
#7121=AXIS2_PLACEMENT_3D('',#11683,#8598,#8599);
#7122=AXIS2_PLACEMENT_3D('',#11686,#8601,#8602);
#7123=AXIS2_PLACEMENT_3D('',#11690,#8604,#8605);
#7124=AXIS2_PLACEMENT_3D('',#11706,#8607,#8608);
#7125=AXIS2_PLACEMENT_3D('',#11708,#8609,#8610);
#7126=AXIS2_PLACEMENT_3D('',#11724,#8612,#8613);
#7127=AXIS2_PLACEMENT_3D('',#11725,#8614,#8615);
#7128=AXIS2_PLACEMENT_3D('',#11729,#8618,#8619);
#7129=AXIS2_PLACEMENT_3D('',#11731,#8621,#8622);
#7130=AXIS2_PLACEMENT_3D('',#11732,#8623,#8624);
#7131=AXIS2_PLACEMENT_3D('',#11733,#8625,#8626);
#7132=AXIS2_PLACEMENT_3D('',#11737,#8628,#8629);
#7133=AXIS2_PLACEMENT_3D('',#11739,#8631,#8632);
#7134=AXIS2_PLACEMENT_3D('',#11743,#8635,#8636);
#7135=AXIS2_PLACEMENT_3D('',#11745,#8637,#8638);
#7136=AXIS2_PLACEMENT_3D('',#11748,#8640,#8641);
#7137=AXIS2_PLACEMENT_3D('',#11749,#8642,#8643);
#7138=AXIS2_PLACEMENT_3D('',#11751,#8644,#8645);
#7139=AXIS2_PLACEMENT_3D('',#11753,#8647,#8648);
#7140=AXIS2_PLACEMENT_3D('',#11754,#8649,#8650);
#7141=AXIS2_PLACEMENT_3D('',#11755,#8651,#8652);
#7142=AXIS2_PLACEMENT_3D('',#11758,#8655,#8656);
#7143=AXIS2_PLACEMENT_3D('',#11760,#8658,#8659);
#7144=AXIS2_PLACEMENT_3D('',#11761,#8660,#8661);
#7145=AXIS2_PLACEMENT_3D('',#11764,#8663,#8664);
#7146=AXIS2_PLACEMENT_3D('',#11765,#8665,#8666);
#7147=AXIS2_PLACEMENT_3D('',#11767,#8667,#8668);
#7148=AXIS2_PLACEMENT_3D('',#11769,#8669,#8670);
#7149=AXIS2_PLACEMENT_3D('',#11770,#8671,#8672);
#7150=AXIS2_PLACEMENT_3D('',#11771,#8673,#8674);
#7151=AXIS2_PLACEMENT_3D('',#11772,#8675,#8676);
#7152=AXIS2_PLACEMENT_3D('',#11775,#8679,#8680);
#7153=AXIS2_PLACEMENT_3D('',#11777,#8682,#8683);
#7154=AXIS2_PLACEMENT_3D('',#11778,#8684,#8685);
#7155=AXIS2_PLACEMENT_3D('',#11781,#8688,#8689);
#7156=AXIS2_PLACEMENT_3D('',#11783,#8690,#8691);
#7157=AXIS2_PLACEMENT_3D('',#11787,#8695,#8696);
#7158=AXIS2_PLACEMENT_3D('',#11802,#8697,#8698);
#7159=AXIS2_PLACEMENT_3D('',#11829,#8699,#8700);
#7160=AXIS2_PLACEMENT_3D('',#11833,#8702,#8703);
#7161=AXIS2_PLACEMENT_3D('',#11873,#8705,#8706);
#7162=AXIS2_PLACEMENT_3D('',#11875,#8708,#8709);
#7163=AXIS2_PLACEMENT_3D('',#11877,#8710,#8711);
#7164=AXIS2_PLACEMENT_3D('',#11879,#8713,#8714);
#7165=AXIS2_PLACEMENT_3D('',#11881,#8715,#8716);
#7166=AXIS2_PLACEMENT_3D('',#11882,#8717,#8718);
#7167=AXIS2_PLACEMENT_3D('',#11883,#8719,#8720);
#7168=AXIS2_PLACEMENT_3D('',#11887,#8722,#8723);
#7169=AXIS2_PLACEMENT_3D('',#11889,#8725,#8726);
#7170=AXIS2_PLACEMENT_3D('',#11891,#8727,#8728);
#7171=AXIS2_PLACEMENT_3D('',#11893,#8730,#8731);
#7172=AXIS2_PLACEMENT_3D('',#11894,#8732,#8733);
#7173=AXIS2_PLACEMENT_3D('',#11896,#8735,#8736);
#7174=AXIS2_PLACEMENT_3D('',#11897,#8737,#8738);
#7175=AXIS2_PLACEMENT_3D('',#11898,#8739,#8740);
#7176=AXIS2_PLACEMENT_3D('',#11939,#8750,#8751);
#7177=AXIS2_PLACEMENT_3D('',#12012,#8752,#8753);
#7178=AXIS2_PLACEMENT_3D('',#12013,#8754,#8755);
#7179=AXIS2_PLACEMENT_3D('',#12014,#8756,#8757);
#7180=AXIS2_PLACEMENT_3D('',#12018,#8759,#8760);
#7181=AXIS2_PLACEMENT_3D('',#12022,#8762,#8763);
#7182=AXIS2_PLACEMENT_3D('',#12023,#8764,#8765);
#7183=AXIS2_PLACEMENT_3D('',#12080,#8766,#8767);
#7184=AXIS2_PLACEMENT_3D('',#12100,#8768,#8769);
#7185=AXIS2_PLACEMENT_3D('',#12101,#8770,#8771);
#7186=AXIS2_PLACEMENT_3D('',#12103,#8772,#8773);
#7187=AXIS2_PLACEMENT_3D('',#12105,#8774,#8775);
#7188=AXIS2_PLACEMENT_3D('',#12109,#8777,#8778);
#7189=AXIS2_PLACEMENT_3D('',#12111,#8780,#8781);
#7190=AXIS2_PLACEMENT_3D('',#12114,#8783,#8784);
#7191=AXIS2_PLACEMENT_3D('',#12115,#8785,#8786);
#7192=AXIS2_PLACEMENT_3D('',#12117,#8787,#8788);
#7193=AXIS2_PLACEMENT_3D('',#12145,#8790,#8791);
#7194=AXIS2_PLACEMENT_3D('',#12147,#8793,#8794);
#7195=AXIS2_PLACEMENT_3D('',#12148,#8795,#8796);
#7196=AXIS2_PLACEMENT_3D('',#12149,#8797,#8798);
#7197=AXIS2_PLACEMENT_3D('',#12151,#8799,#8800);
#7198=AXIS2_PLACEMENT_3D('',#12156,#8803,#8804);
#7199=AXIS2_PLACEMENT_3D('',#12160,#8806,#8807);
#7200=AXIS2_PLACEMENT_3D('',#12162,#8809,#8810);
#7201=AXIS2_PLACEMENT_3D('',#12166,#8812,#8813);
#7202=AXIS2_PLACEMENT_3D('',#12170,#8815,#8816);
#7203=AXIS2_PLACEMENT_3D('',#12175,#8819,#8820);
#7204=AXIS2_PLACEMENT_3D('',#12182,#8824,#8825);
#7205=AXIS2_PLACEMENT_3D('',#12189,#8829,#8830);
#7206=AXIS2_PLACEMENT_3D('',#12193,#8832,#8833);
#7207=AXIS2_PLACEMENT_3D('',#12195,#8835,#8836);
#7208=AXIS2_PLACEMENT_3D('',#12197,#8837,#8838);
#7209=AXIS2_PLACEMENT_3D('',#12201,#8840,#8841);
#7210=AXIS2_PLACEMENT_3D('',#12205,#8843,#8844);
#7211=AXIS2_PLACEMENT_3D('',#12209,#8846,#8847);
#7212=AXIS2_PLACEMENT_3D('',#12212,#8849,#8850);
#7213=AXIS2_PLACEMENT_3D('',#12213,#8851,#8852);
#7214=AXIS2_PLACEMENT_3D('',#12217,#8854,#8855);
#7215=AXIS2_PLACEMENT_3D('',#12218,#8856,#8857);
#7216=AXIS2_PLACEMENT_3D('',#12219,#8858,#8859);
#7217=AXIS2_PLACEMENT_3D('',#12221,#8861,#8862);
#7218=AXIS2_PLACEMENT_3D('',#12222,#8863,#8864);
#7219=AXIS2_PLACEMENT_3D('',#12223,#8865,#8866);
#7220=AXIS2_PLACEMENT_3D('',#12225,#8867,#8868);
#7221=AXIS2_PLACEMENT_3D('',#12229,#8870,#8871);
#7222=AXIS2_PLACEMENT_3D('',#12232,#8873,#8874);
#7223=AXIS2_PLACEMENT_3D('',#12233,#8875,#8876);
#7224=AXIS2_PLACEMENT_3D('',#12237,#8878,#8879);
#7225=AXIS2_PLACEMENT_3D('',#12239,#8880,#8881);
#7226=AXIS2_PLACEMENT_3D('',#12240,#8882,#8883);
#7227=AXIS2_PLACEMENT_3D('',#12241,#8884,#8885);
#7228=AXIS2_PLACEMENT_3D('',#12243,#8887,#8888);
#7229=AXIS2_PLACEMENT_3D('',#12244,#8889,#8890);
#7230=AXIS2_PLACEMENT_3D('',#12245,#8891,#8892);
#7231=AXIS2_PLACEMENT_3D('',#12246,#8893,#8894);
#7232=AXIS2_PLACEMENT_3D('',#12247,#8895,#8896);
#7233=AXIS2_PLACEMENT_3D('',#12248,#8897,#8898);
#7234=AXIS2_PLACEMENT_3D('',#12250,#8899,#8900);
#7235=AXIS2_PLACEMENT_3D('',#12254,#8902,#8903);
#7236=AXIS2_PLACEMENT_3D('',#12257,#8905,#8906);
#7237=AXIS2_PLACEMENT_3D('',#12273,#8907,#8908);
#7238=AXIS2_PLACEMENT_3D('',#12274,#8909,#8910);
#7239=AXIS2_PLACEMENT_3D('',#12275,#8911,#8912);
#7240=AXIS2_PLACEMENT_3D('',#12276,#8913,#8914);
#7241=AXIS2_PLACEMENT_3D('',#12277,#8915,#8916);
#7242=AXIS2_PLACEMENT_3D('',#12278,#8917,#8918);
#7243=AXIS2_PLACEMENT_3D('',#12279,#8919,#8920);
#7244=AXIS2_PLACEMENT_3D('',#12280,#8921,#8922);
#7245=AXIS2_PLACEMENT_3D('',#12281,#8923,#8924);
#7246=AXIS2_PLACEMENT_3D('',#12282,#8925,#8926);
#7247=AXIS2_PLACEMENT_3D('',#12283,#8927,#8928);
#7248=AXIS2_PLACEMENT_3D('',#12289,#8932,#8933);
#7249=AXIS2_PLACEMENT_3D('',#12291,#8935,#8936);
#7250=AXIS2_PLACEMENT_3D('',#12293,#8938,#8939);
#7251=AXIS2_PLACEMENT_3D('',#12294,#8940,#8941);
#7252=AXIS2_PLACEMENT_3D('',#12300,#8945,#8946);
#7253=AXIS2_PLACEMENT_3D('',#12304,#8949,#8950);
#7254=AXIS2_PLACEMENT_3D('',#12308,#8953,#8954);
#7255=AXIS2_PLACEMENT_3D('',#12310,#8956,#8957);
#7256=AXIS2_PLACEMENT_3D('',#12311,#8958,#8959);
#7257=AXIS2_PLACEMENT_3D('',#12315,#8961,#8962);
#7258=AXIS2_PLACEMENT_3D('',#12316,#8963,#8964);
#7259=AXIS2_PLACEMENT_3D('',#12318,#8965,#8966);
#7260=AXIS2_PLACEMENT_3D('',#12319,#8967,#8968);
#7261=AXIS2_PLACEMENT_3D('',#12321,#8970,#8971);
#7262=AXIS2_PLACEMENT_3D('',#12322,#8972,#8973);
#7263=AXIS2_PLACEMENT_3D('',#12323,#8974,#8975);
#7264=AXIS2_PLACEMENT_3D('',#12324,#8976,#8977);
#7265=AXIS2_PLACEMENT_3D('',#12325,#8978,#8979);
#7266=AXIS2_PLACEMENT_3D('',#12326,#8980,#8981);
#7267=AXIS2_PLACEMENT_3D('',#12328,#8983,#8984);
#7268=AXIS2_PLACEMENT_3D('',#12329,#8985,#8986);
#7269=AXIS2_PLACEMENT_3D('',#12330,#8987,#8988);
#7270=AXIS2_PLACEMENT_3D('',#12332,#8989,#8990);
#7271=AXIS2_PLACEMENT_3D('',#12335,#8992,#8993);
#7272=AXIS2_PLACEMENT_3D('',#12336,#8994,#8995);
#7273=AXIS2_PLACEMENT_3D('',#12338,#8996,#8997);
#7274=AXIS2_PLACEMENT_3D('',#12340,#8998,#8999);
#7275=AXIS2_PLACEMENT_3D('',#12342,#9001,#9002);
#7276=AXIS2_PLACEMENT_3D('',#12348,#9006,#9007);
#7277=AXIS2_PLACEMENT_3D('',#12354,#9011,#9012);
#7278=AXIS2_PLACEMENT_3D('',#12357,#9015,#9016);
#7279=AXIS2_PLACEMENT_3D('',#12359,#9017,#9018);
#7280=AXIS2_PLACEMENT_3D('',#12363,#9021,#9022);
#7281=AXIS2_PLACEMENT_3D('',#12364,#9023,#9024);
#7282=AXIS2_PLACEMENT_3D('',#12367,#9026,#9027);
#7283=AXIS2_PLACEMENT_3D('',#12368,#9028,#9029);
#7284=AXIS2_PLACEMENT_3D('',#12369,#9030,#9031);
#7285=AXIS2_PLACEMENT_3D('',#12372,#9032,#9033);
#7286=AXIS2_PLACEMENT_3D('',#12374,#9035,#9036);
#7287=AXIS2_PLACEMENT_3D('',#12375,#9037,#9038);
#7288=AXIS2_PLACEMENT_3D('',#12376,#9039,#9040);
#7289=AXIS2_PLACEMENT_3D('',#12377,#9041,#9042);
#7290=AXIS2_PLACEMENT_3D('',#12380,#9045,#9046);
#7291=AXIS2_PLACEMENT_3D('',#12383,#9049,#9050);
#7292=AXIS2_PLACEMENT_3D('',#12386,#9053,#9054);
#7293=AXIS2_PLACEMENT_3D('',#12387,#9055,#9056);
#7294=AXIS2_PLACEMENT_3D('',#12388,#9057,#9058);
#7295=AXIS2_PLACEMENT_3D('',#12389,#9059,#9060);
#7296=AXIS2_PLACEMENT_3D('',#12393,#9063,#9064);
#7297=AXIS2_PLACEMENT_3D('',#12397,#9067,#9068);
#7298=AXIS2_PLACEMENT_3D('',#12403,#9072,#9073);
#7299=AXIS2_PLACEMENT_3D('',#12406,#9075,#9076);
#7300=AXIS2_PLACEMENT_3D('',#12407,#9077,#9078);
#7301=AXIS2_PLACEMENT_3D('',#12408,#9079,#9080);
#7302=AXIS2_PLACEMENT_3D('',#12409,#9081,#9082);
#7303=AXIS2_PLACEMENT_3D('',#12410,#9083,#9084);
#7304=AXIS2_PLACEMENT_3D('',#12411,#9085,#9086);
#7305=AXIS2_PLACEMENT_3D('',#12412,#9087,#9088);
#7306=AXIS2_PLACEMENT_3D('',#12413,#9089,#9090);
#7307=AXIS2_PLACEMENT_3D('',#12414,#9091,#9092);
#7308=AXIS2_PLACEMENT_3D('',#12415,#9093,#9094);
#7309=AXIS2_PLACEMENT_3D('',#12424,#9099,#9100);
#7310=AXIS2_PLACEMENT_3D('',#12425,#9101,#9102);
#7311=AXIS2_PLACEMENT_3D('',#12426,#9103,#9104);
#7312=AXIS2_PLACEMENT_3D('',#12427,#9105,#9106);
#7313=AXIS2_PLACEMENT_3D('',#12433,#9110,#9111);
#7314=AXIS2_PLACEMENT_3D('',#12439,#9115,#9116);
#7315=AXIS2_PLACEMENT_3D('',#12442,#9119,#9120);
#7316=AXIS2_PLACEMENT_3D('',#12443,#9121,#9122);
#7317=AXIS2_PLACEMENT_3D('',#12444,#9123,#9124);
#7318=AXIS2_PLACEMENT_3D('',#12445,#9125,#9126);
#7319=AXIS2_PLACEMENT_3D('',#12446,#9127,#9128);
#7320=AXIS2_PLACEMENT_3D('',#12447,#9129,#9130);
#7321=AXIS2_PLACEMENT_3D('',#12448,#9131,#9132);
#7322=AXIS2_PLACEMENT_3D('',#12449,#9133,#9134);
#7323=AXIS2_PLACEMENT_3D('',#12450,#9135,#9136);
#7324=AXIS2_PLACEMENT_3D('',#12451,#9137,#9138);
#7325=AXIS2_PLACEMENT_3D('',#12452,#9139,#9140);
#7326=AXIS2_PLACEMENT_3D('',#12495,#9141,#9142);
#7327=AXIS2_PLACEMENT_3D('',#12567,#9143,#9144);
#7328=AXIS2_PLACEMENT_3D('',#12570,#9145,#9146);
#7329=AXIS2_PLACEMENT_3D('',#12716,#9149,#9150);
#7330=AXIS2_PLACEMENT_3D('',#12718,#9151,#9152);
#7331=AXIS2_PLACEMENT_3D('',#12722,#9154,#9155);
#7332=AXIS2_PLACEMENT_3D('',#12750,#9157,#9158);
#7333=AXIS2_PLACEMENT_3D('',#12752,#9159,#9160);
#7334=AXIS2_PLACEMENT_3D('',#12756,#9162,#9163);
#7335=AXIS2_PLACEMENT_3D('',#12759,#9165,#9166);
#7336=AXIS2_PLACEMENT_3D('',#12760,#9167,#9168);
#7337=AXIS2_PLACEMENT_3D('',#12764,#9170,#9171);
#7338=AXIS2_PLACEMENT_3D('',#12766,#9173,#9174);
#7339=AXIS2_PLACEMENT_3D('',#12769,#9175,#9176);
#7340=AXIS2_PLACEMENT_3D('',#12772,#9178,#9179);
#7341=AXIS2_PLACEMENT_3D('',#12774,#9181,#9182);
#7342=AXIS2_PLACEMENT_3D('',#12775,#9183,#9184);
#7343=AXIS2_PLACEMENT_3D('',#12776,#9185,#9186);
#7344=AXIS2_PLACEMENT_3D('',#12779,#9188,#9189);
#7345=AXIS2_PLACEMENT_3D('',#12781,#9191,#9192);
#7346=AXIS2_PLACEMENT_3D('',#12782,#9193,#9194);
#7347=AXIS2_PLACEMENT_3D('',#12783,#9195,#9196);
#7348=AXIS2_PLACEMENT_3D('',#12788,#9199,#9200);
#7349=AXIS2_PLACEMENT_3D('',#12792,#9203,#9204);
#7350=AXIS2_PLACEMENT_3D('',#12795,#9206,#9207);
#7351=AXIS2_PLACEMENT_3D('',#12796,#9208,#9209);
#7352=AXIS2_PLACEMENT_3D('',#12800,#9212,#9213);
#7353=AXIS2_PLACEMENT_3D('',#12803,#9215,#9216);
#7354=AXIS2_PLACEMENT_3D('',#12804,#9217,#9218);
#7355=AXIS2_PLACEMENT_3D('',#12806,#9220,#9221);
#7356=AXIS2_PLACEMENT_3D('',#12808,#9222,#9223);
#7357=AXIS2_PLACEMENT_3D('',#12810,#9224,#9225);
#7358=AXIS2_PLACEMENT_3D('',#12812,#9227,#9228);
#7359=AXIS2_PLACEMENT_3D('',#12814,#9229,#9230);
#7360=AXIS2_PLACEMENT_3D('',#12815,#9231,#9232);
#7361=AXIS2_PLACEMENT_3D('',#12817,#9234,#9235);
#7362=AXIS2_PLACEMENT_3D('',#12819,#9236,#9237);
#7363=AXIS2_PLACEMENT_3D('',#12820,#9238,#9239);
#7364=AXIS2_PLACEMENT_3D('',#12821,#9240,#9241);
#7365=AXIS2_PLACEMENT_3D('',#12822,#9242,#9243);
#7366=AXIS2_PLACEMENT_3D('',#12824,#9245,#9246);
#7367=AXIS2_PLACEMENT_3D('',#12825,#9247,#9248);
#7368=AXIS2_PLACEMENT_3D('',#12826,#9249,#9250);
#7369=AXIS2_PLACEMENT_3D('',#12828,#9251,#9252);
#7370=AXIS2_PLACEMENT_3D('',#12830,#9254,#9255);
#7371=AXIS2_PLACEMENT_3D('',#12831,#9256,#9257);
#7372=AXIS2_PLACEMENT_3D('',#12832,#9258,#9259);
#7373=AXIS2_PLACEMENT_3D('',#12834,#9261,#9262);
#7374=AXIS2_PLACEMENT_3D('',#12835,#9263,#9264);
#7375=AXIS2_PLACEMENT_3D('',#12836,#9265,#9266);
#7376=AXIS2_PLACEMENT_3D('',#12840,#9269,#9270);
#7377=AXIS2_PLACEMENT_3D('',#12841,#9271,#9272);
#7378=AXIS2_PLACEMENT_3D('',#12843,#9274,#9275);
#7379=AXIS2_PLACEMENT_3D('',#12886,#9276,#9277);
#7380=AXIS2_PLACEMENT_3D('',#12958,#9278,#9279);
#7381=AXIS2_PLACEMENT_3D('',#12961,#9280,#9281);
#7382=AXIS2_PLACEMENT_3D('',#13107,#9284,#9285);
#7383=AXIS2_PLACEMENT_3D('',#13109,#9286,#9287);
#7384=AXIS2_PLACEMENT_3D('',#13113,#9289,#9290);
#7385=AXIS2_PLACEMENT_3D('',#13141,#9292,#9293);
#7386=AXIS2_PLACEMENT_3D('',#13143,#9294,#9295);
#7387=AXIS2_PLACEMENT_3D('',#13147,#9297,#9298);
#7388=AXIS2_PLACEMENT_3D('',#13150,#9300,#9301);
#7389=AXIS2_PLACEMENT_3D('',#13151,#9302,#9303);
#7390=AXIS2_PLACEMENT_3D('',#13155,#9305,#9306);
#7391=AXIS2_PLACEMENT_3D('',#13157,#9308,#9309);
#7392=AXIS2_PLACEMENT_3D('',#13160,#9310,#9311);
#7393=AXIS2_PLACEMENT_3D('',#13163,#9313,#9314);
#7394=AXIS2_PLACEMENT_3D('',#13165,#9316,#9317);
#7395=AXIS2_PLACEMENT_3D('',#13166,#9318,#9319);
#7396=AXIS2_PLACEMENT_3D('',#13167,#9320,#9321);
#7397=AXIS2_PLACEMENT_3D('',#13170,#9323,#9324);
#7398=AXIS2_PLACEMENT_3D('',#13172,#9326,#9327);
#7399=AXIS2_PLACEMENT_3D('',#13173,#9328,#9329);
#7400=AXIS2_PLACEMENT_3D('',#13174,#9330,#9331);
#7401=AXIS2_PLACEMENT_3D('',#13179,#9334,#9335);
#7402=AXIS2_PLACEMENT_3D('',#13183,#9338,#9339);
#7403=AXIS2_PLACEMENT_3D('',#13186,#9341,#9342);
#7404=AXIS2_PLACEMENT_3D('',#13187,#9343,#9344);
#7405=AXIS2_PLACEMENT_3D('',#13191,#9347,#9348);
#7406=AXIS2_PLACEMENT_3D('',#13194,#9350,#9351);
#7407=AXIS2_PLACEMENT_3D('',#13195,#9352,#9353);
#7408=AXIS2_PLACEMENT_3D('',#13197,#9355,#9356);
#7409=AXIS2_PLACEMENT_3D('',#13199,#9357,#9358);
#7410=AXIS2_PLACEMENT_3D('',#13201,#9359,#9360);
#7411=AXIS2_PLACEMENT_3D('',#13203,#9362,#9363);
#7412=AXIS2_PLACEMENT_3D('',#13205,#9364,#9365);
#7413=AXIS2_PLACEMENT_3D('',#13206,#9366,#9367);
#7414=AXIS2_PLACEMENT_3D('',#13208,#9369,#9370);
#7415=AXIS2_PLACEMENT_3D('',#13210,#9371,#9372);
#7416=AXIS2_PLACEMENT_3D('',#13211,#9373,#9374);
#7417=AXIS2_PLACEMENT_3D('',#13212,#9375,#9376);
#7418=AXIS2_PLACEMENT_3D('',#13213,#9377,#9378);
#7419=AXIS2_PLACEMENT_3D('',#13215,#9380,#9381);
#7420=AXIS2_PLACEMENT_3D('',#13216,#9382,#9383);
#7421=AXIS2_PLACEMENT_3D('',#13217,#9384,#9385);
#7422=AXIS2_PLACEMENT_3D('',#13219,#9386,#9387);
#7423=AXIS2_PLACEMENT_3D('',#13221,#9389,#9390);
#7424=AXIS2_PLACEMENT_3D('',#13222,#9391,#9392);
#7425=AXIS2_PLACEMENT_3D('',#13223,#9393,#9394);
#7426=AXIS2_PLACEMENT_3D('',#13225,#9396,#9397);
#7427=AXIS2_PLACEMENT_3D('',#13226,#9398,#9399);
#7428=AXIS2_PLACEMENT_3D('',#13227,#9400,#9401);
#7429=AXIS2_PLACEMENT_3D('',#13231,#9404,#9405);
#7430=AXIS2_PLACEMENT_3D('',#13232,#9406,#9407);
#7431=AXIS2_PLACEMENT_3D('',#13234,#9409,#9410);
#7432=AXIS2_PLACEMENT_3D('',#13235,#9411,#9412);
#7433=AXIS2_PLACEMENT_3D('',#13236,#9413,#9414);
#7434=DIRECTION('axis',(0.,0.,1.));
#7435=DIRECTION('refdir',(1.,0.,0.));
#7436=DIRECTION('axis',(0.,0.,1.));
#7437=DIRECTION('refdir',(1.,0.,0.));
#7438=DIRECTION('center_axis',(0.,-1.,4.44089209850061E-15));
#7439=DIRECTION('ref_axis',(-1.,0.,0.));
#7440=DIRECTION('center_axis',(0.,1.,-2.4245538491082E-16));
#7441=DIRECTION('ref_axis',(-0.707106781186549,-1.71441846805635E-16,-0.707106781186546));
#7442=DIRECTION('center_axis',(-0.707106781186548,-0.707106781186548,0.));
#7443=DIRECTION('ref_axis',(-0.707106781186548,0.707106781186548,-2.94392336003208E-16));
#7444=DIRECTION('',(0.,-1.,2.4245538491082E-16));
#7445=DIRECTION('',(0.,1.,-2.4245538491082E-16));
#7446=DIRECTION('center_axis',(0.,-2.4245538491082E-16,-1.));
#7447=DIRECTION('ref_axis',(-1.,0.,0.));
#7448=DIRECTION('center_axis',(0.,-2.4245538491082E-16,-1.));
#7449=DIRECTION('ref_axis',(-0.704180172261644,0.71002132713994,-1.72148494166605E-16));
#7450=DIRECTION('center_axis',(-1.,0.,0.));
#7451=DIRECTION('ref_axis',(0.,-1.,0.));
#7452=DIRECTION('center_axis',(0.,2.4245538491082E-16,1.));
#7453=DIRECTION('ref_axis',(-0.704180172261644,0.71002132713994,-1.72148494166605E-16));
#7454=DIRECTION('center_axis',(0.,2.4245538491082E-16,1.));
#7455=DIRECTION('ref_axis',(1.,0.,0.));
#7456=DIRECTION('',(-1.,0.,0.));
#7457=DIRECTION('',(0.,1.,-2.4245538491082E-16));
#7458=DIRECTION('center_axis',(0.,-2.4245538491082E-16,-1.));
#7459=DIRECTION('ref_axis',(0.416042984547944,0.909344948305339,-2.20475579458081E-16));
#7460=DIRECTION('',(1.,0.,0.));
#7461=DIRECTION('center_axis',(-1.,0.,0.));
#7462=DIRECTION('ref_axis',(0.,0.707106781186549,-0.707106781186546));
#7463=DIRECTION('',(1.,0.,0.));
#7464=DIRECTION('center_axis',(0.707106781186548,-0.707106781186548,0.));
#7465=DIRECTION('ref_axis',(-0.707106781186548,-0.707106781186548,3.42883693611271E-16));
#7466=DIRECTION('center_axis',(0.,1.,-2.4245538491082E-16));
#7467=DIRECTION('ref_axis',(0.707106781186546,-1.71441846805636E-16,-0.707106781186549));
#7468=DIRECTION('',(0.,-1.,2.4245538491082E-16));
#7469=DIRECTION('center_axis',(0.,1.,0.));
#7470=DIRECTION('ref_axis',(1.,0.,0.));
#7471=DIRECTION('center_axis',(-1.,0.,0.));
#7472=DIRECTION('ref_axis',(0.,0.,1.));
#7473=DIRECTION('',(0.,-4.05741624797135E-16,-1.));
#7474=DIRECTION('',(0.,1.,-2.4245538491082E-16));
#7475=DIRECTION('',(0.,4.05741624797135E-16,1.));
#7476=DIRECTION('center_axis',(0.,-1.,4.05741624797135E-16));
#7477=DIRECTION('ref_axis',(0.,-4.05741624797135E-16,-1.));
#7478=DIRECTION('',(0.,4.05741624797135E-16,1.));
#7479=DIRECTION('',(1.,0.,0.));
#7480=DIRECTION('center_axis',(1.,0.,0.));
#7481=DIRECTION('ref_axis',(0.,0.,-1.));
#7482=DIRECTION('',(0.,2.50619696905136E-16,1.));
#7483=DIRECTION('',(0.,1.,-2.4245538491082E-16));
#7484=DIRECTION('center_axis',(0.,2.4245538491082E-16,1.));
#7485=DIRECTION('ref_axis',(1.,0.,0.));
#7486=DIRECTION('center_axis',(0.,2.4245538491082E-16,1.));
#7487=DIRECTION('ref_axis',(0.416042984547944,0.909344948305339,-2.20475579458081E-16));
#7488=DIRECTION('center_axis',(-1.,0.,0.));
#7489=DIRECTION('ref_axis',(0.,-1.,0.));
#7490=DIRECTION('center_axis',(-1.,0.,0.));
#7491=DIRECTION('ref_axis',(0.,-0.707106781186551,0.707106781186544));
#7492=DIRECTION('',(-1.,0.,0.));
#7493=DIRECTION('center_axis',(0.,2.50619696905136E-16,1.));
#7494=DIRECTION('ref_axis',(-0.707106781186548,0.707106781186548,-1.77214887180539E-16));
#7495=DIRECTION('',(0.,-2.50619696905136E-16,-1.));
#7496=DIRECTION('center_axis',(-1.24126707662364E-16,0.894427190999916,
-0.447213595499958));
#7497=DIRECTION('ref_axis',(0.,0.447213595499958,0.894427190999916));
#7498=DIRECTION('',(0.,2.50619696905136E-16,1.));
#7499=DIRECTION('center_axis',(0.,-2.4245538491082E-16,-1.));
#7500=DIRECTION('ref_axis',(-0.707106781186548,0.707106781186548,-1.71441846805635E-16));
#7501=DIRECTION('center_axis',(0.,-1.,2.50619696905136E-16));
#7502=DIRECTION('ref_axis',(0.,-2.50619696905136E-16,-1.));
#7503=DIRECTION('',(0.,2.50619696905136E-16,1.));
#7504=DIRECTION('',(1.,0.,0.));
#7505=DIRECTION('center_axis',(0.,-2.50619696905136E-16,-1.));
#7506=DIRECTION('ref_axis',(0.707106781186548,0.707106781186548,-1.77214887180539E-16));
#7507=DIRECTION('',(0.,2.50619696905136E-16,1.));
#7508=DIRECTION('center_axis',(0.,-2.4245538491082E-16,-1.));
#7509=DIRECTION('ref_axis',(0.707106781186548,0.707106781186548,-1.71441846805635E-16));
#7510=DIRECTION('',(0.,-2.50619696905136E-16,-1.));
#7511=DIRECTION('center_axis',(0.,0.894427190999916,-0.447213595499958));
#7512=DIRECTION('ref_axis',(0.,0.447213595499958,0.894427190999916));
#7513=DIRECTION('center_axis',(1.,0.,0.));
#7514=DIRECTION('ref_axis',(0.,-1.,5.55111512312579E-16));
#7515=DIRECTION('center_axis',(-2.48253415324727E-16,-0.447213595499958,
0.894427190999916));
#7516=DIRECTION('ref_axis',(0.,0.894427190999916,0.447213595499958));
#7517=DIRECTION('center_axis',(1.,0.,0.));
#7518=DIRECTION('ref_axis',(0.,-0.707106781186548,-0.707106781186547));
#7519=DIRECTION('center_axis',(1.,0.,0.));
#7520=DIRECTION('ref_axis',(0.,-1.,0.));
#7521=DIRECTION('',(-1.,0.,0.));
#7522=DIRECTION('center_axis',(-4.96506830649454E-16,-0.447213595499958,
0.894427190999916));
#7523=DIRECTION('ref_axis',(0.,0.894427190999916,0.447213595499958));
#7524=DIRECTION('center_axis',(0.,1.,-2.30319245459811E-16));
#7525=DIRECTION('ref_axis',(-0.707106781186548,1.62860300302401E-16,0.707106781186547));
#7526=DIRECTION('',(0.,1.,-2.30319245459811E-16));
#7527=DIRECTION('center_axis',(-0.707106781186547,-0.707106781186548,1.96261557335472E-16));
#7528=DIRECTION('ref_axis',(0.707106781186548,-0.707106781186547,1.2945904326933E-16));
#7529=DIRECTION('',(0.,-1.,2.30319245459811E-16));
#7530=DIRECTION('center_axis',(1.,0.,0.));
#7531=DIRECTION('ref_axis',(0.,0.707106781186548,0.707106781186547));
#7532=DIRECTION('',(1.,0.,0.));
#7533=DIRECTION('center_axis',(-0.707106781186547,0.707106781186548,4.9065389333868E-17));
#7534=DIRECTION('ref_axis',(-0.707106781186548,-0.707106781186547,-4.90653893338679E-17));
#7535=DIRECTION('',(-1.,0.,0.));
#7536=DIRECTION('center_axis',(0.,1.,-2.30319245459811E-16));
#7537=DIRECTION('ref_axis',(0.707106781186548,1.62860300302401E-16,0.707106781186547));
#7538=DIRECTION('',(0.,1.,-2.30319245459811E-16));
#7539=DIRECTION('',(0.,-1.,2.30319245459811E-16));
#7540=DIRECTION('center_axis',(1.,0.,0.));
#7541=DIRECTION('ref_axis',(0.,0.,-1.));
#7542=DIRECTION('',(0.,6.75163920609552E-16,1.));
#7543=DIRECTION('',(0.,1.,-2.30319245459811E-16));
#7544=DIRECTION('',(0.,-6.75163920609552E-16,-1.));
#7545=DIRECTION('',(0.,1.,-3.53256761976533E-16));
#7546=DIRECTION('center_axis',(0.,-1.,6.75163920609552E-16));
#7547=DIRECTION('ref_axis',(0.,-6.75163920609552E-16,-1.));
#7548=DIRECTION('',(0.,-6.75163920609552E-16,-1.));
#7549=DIRECTION('',(-1.,0.,0.));
#7550=DIRECTION('center_axis',(-1.,0.,0.));
#7551=DIRECTION('ref_axis',(0.,0.,1.));
#7552=DIRECTION('',(0.,1.,-3.53256761976533E-16));
#7553=DIRECTION('',(0.,6.75163920609552E-16,1.));
#7554=DIRECTION('',(0.,1.,-2.30319245459811E-16));
#7555=DIRECTION('center_axis',(0.,-2.4245538491082E-16,-1.));
#7556=DIRECTION('ref_axis',(-1.,0.,0.));
#7557=DIRECTION('',(-1.,0.,0.));
#7558=DIRECTION('',(-1.,0.,0.));
#7559=DIRECTION('center_axis',(0.,-1.,6.75163920609552E-16));
#7560=DIRECTION('ref_axis',(0.,-6.75163920609552E-16,-1.));
#7561=DIRECTION('',(1.,0.,0.));
#7562=DIRECTION('center_axis',(0.,2.30319245459811E-16,1.));
#7563=DIRECTION('ref_axis',(1.,0.,0.));
#7564=DIRECTION('center_axis',(0.,-2.30319245459811E-16,-1.));
#7565=DIRECTION('ref_axis',(-1.,0.,0.));
#7566=DIRECTION('center_axis',(0.,-1.,4.05741624797135E-16));
#7567=DIRECTION('ref_axis',(0.,-4.05741624797135E-16,-1.));
#7568=DIRECTION('center_axis',(0.,-1.,0.));
#7569=DIRECTION('ref_axis',(-1.,0.,0.));
#7570=DIRECTION('center_axis',(0.,1.,-2.4245538491082E-16));
#7571=DIRECTION('ref_axis',(-0.707106781186549,-1.71441846805635E-16,-0.707106781186546));
#7572=DIRECTION('center_axis',(-0.707106781186548,-0.707106781186548,0.));
#7573=DIRECTION('ref_axis',(-0.707106781186548,0.707106781186548,-2.94392336003208E-16));
#7574=DIRECTION('',(0.,-1.,2.4245538491082E-16));
#7575=DIRECTION('',(0.,1.,-2.4245538491082E-16));
#7576=DIRECTION('center_axis',(0.,-2.4245538491082E-16,-1.));
#7577=DIRECTION('ref_axis',(-1.,0.,0.));
#7578=DIRECTION('center_axis',(0.,-2.4245538491082E-16,-1.));
#7579=DIRECTION('ref_axis',(-0.70418017226146,0.710021327140123,-1.7214849416665E-16));
#7580=DIRECTION('center_axis',(-1.,0.,0.));
#7581=DIRECTION('ref_axis',(0.,-1.,0.));
#7582=DIRECTION('center_axis',(0.,2.4245538491082E-16,1.));
#7583=DIRECTION('ref_axis',(-0.70418017226146,0.710021327140123,-1.7214849416665E-16));
#7584=DIRECTION('center_axis',(0.,2.4245538491082E-16,1.));
#7585=DIRECTION('ref_axis',(1.,0.,0.));
#7586=DIRECTION('',(-1.,0.,0.));
#7587=DIRECTION('',(0.,1.,-2.4245538491082E-16));
#7588=DIRECTION('center_axis',(0.,-2.4245538491082E-16,-1.));
#7589=DIRECTION('ref_axis',(0.416042984547944,0.909344948305339,-2.20475579458081E-16));
#7590=DIRECTION('',(1.,0.,0.));
#7591=DIRECTION('center_axis',(-1.,0.,0.));
#7592=DIRECTION('ref_axis',(0.,0.707106781186548,-0.707106781186548));
#7593=DIRECTION('',(1.,0.,0.));
#7594=DIRECTION('center_axis',(0.707106781186549,-0.707106781186546,0.));
#7595=DIRECTION('ref_axis',(-0.707106781186546,-0.707106781186549,3.4288369361127E-16));
#7596=DIRECTION('center_axis',(0.,1.,-2.4245538491082E-16));
#7597=DIRECTION('ref_axis',(0.707106781186546,-1.71441846805636E-16,-0.707106781186549));
#7598=DIRECTION('',(0.,-1.,2.4245538491082E-16));
#7599=DIRECTION('center_axis',(0.,1.,0.));
#7600=DIRECTION('ref_axis',(1.,0.,0.));
#7601=DIRECTION('center_axis',(-1.,0.,0.));
#7602=DIRECTION('ref_axis',(0.,0.,1.));
#7603=DIRECTION('',(0.,-4.05741624797135E-16,-1.));
#7604=DIRECTION('',(0.,1.,-2.4245538491082E-16));
#7605=DIRECTION('',(0.,4.05741624797135E-16,1.));
#7606=DIRECTION('center_axis',(0.,-1.,4.05741624797135E-16));
#7607=DIRECTION('ref_axis',(0.,-4.05741624797135E-16,-1.));
#7608=DIRECTION('',(0.,4.05741624797135E-16,1.));
#7609=DIRECTION('',(1.,0.,0.));
#7610=DIRECTION('center_axis',(1.,0.,0.));
#7611=DIRECTION('ref_axis',(0.,0.,-1.));
#7612=DIRECTION('',(0.,2.50619696905136E-16,1.));
#7613=DIRECTION('',(0.,1.,-2.4245538491082E-16));
#7614=DIRECTION('center_axis',(0.,2.4245538491082E-16,1.));
#7615=DIRECTION('ref_axis',(1.,0.,0.));
#7616=DIRECTION('center_axis',(0.,2.4245538491082E-16,1.));
#7617=DIRECTION('ref_axis',(0.416042984547944,0.909344948305339,-2.20475579458081E-16));
#7618=DIRECTION('center_axis',(-1.,0.,0.));
#7619=DIRECTION('ref_axis',(0.,-1.,0.));
#7620=DIRECTION('center_axis',(-1.,0.,0.));
#7621=DIRECTION('ref_axis',(0.,-0.707106781186548,0.707106781186548));
#7622=DIRECTION('',(-1.,0.,0.));
#7623=DIRECTION('center_axis',(0.,2.50619696905136E-16,1.));
#7624=DIRECTION('ref_axis',(-0.707106781186548,0.707106781186547,-1.77214887180539E-16));
#7625=DIRECTION('',(0.,-2.50619696905136E-16,-1.));
#7626=DIRECTION('center_axis',(1.24126707662364E-15,0.894427190999916,-0.447213595499958));
#7627=DIRECTION('ref_axis',(0.,0.447213595499958,0.894427190999916));
#7628=DIRECTION('',(0.,2.50619696905136E-16,1.));
#7629=DIRECTION('center_axis',(0.,-2.4245538491082E-16,-1.));
#7630=DIRECTION('ref_axis',(-0.707106781186548,0.707106781186547,-1.71441846805635E-16));
#7631=DIRECTION('center_axis',(0.,-1.,2.50619696905136E-16));
#7632=DIRECTION('ref_axis',(0.,-2.50619696905136E-16,-1.));
#7633=DIRECTION('',(0.,2.50619696905136E-16,1.));
#7634=DIRECTION('',(1.,0.,0.));
#7635=DIRECTION('center_axis',(0.,-2.50619696905136E-16,-1.));
#7636=DIRECTION('ref_axis',(0.707106781186548,0.707106781186547,-1.77214887180539E-16));
#7637=DIRECTION('',(0.,2.50619696905136E-16,1.));
#7638=DIRECTION('center_axis',(0.,-2.4245538491082E-16,-1.));
#7639=DIRECTION('ref_axis',(0.707106781186548,0.707106781186547,-1.71441846805635E-16));
#7640=DIRECTION('',(0.,-2.50619696905136E-16,-1.));
#7641=DIRECTION('center_axis',(1.86190061493545E-15,0.894427190999916,-0.447213595499958));
#7642=DIRECTION('ref_axis',(0.,0.447213595499958,0.894427190999916));
#7643=DIRECTION('center_axis',(1.,0.,0.));
#7644=DIRECTION('ref_axis',(0.,-1.,-2.22044604925031E-15));
#7645=DIRECTION('center_axis',(-5.51233315270687E-31,-0.447213595499958,
0.894427190999916));
#7646=DIRECTION('ref_axis',(0.,0.894427190999916,0.447213595499958));
#7647=DIRECTION('center_axis',(1.,0.,0.));
#7648=DIRECTION('ref_axis',(0.,-0.707106781186548,-0.707106781186547));
#7649=DIRECTION('center_axis',(1.,0.,0.));
#7650=DIRECTION('ref_axis',(0.,-1.,0.));
#7651=DIRECTION('',(-1.,0.,0.));
#7652=DIRECTION('center_axis',(-2.48253415324727E-16,-0.447213595499958,
0.894427190999916));
#7653=DIRECTION('ref_axis',(0.,0.894427190999916,0.447213595499958));
#7654=DIRECTION('center_axis',(0.,1.,-2.30319245459811E-16));
#7655=DIRECTION('ref_axis',(-0.707106781186548,1.62860300302401E-16,0.707106781186547));
#7656=DIRECTION('',(0.,1.,-2.30319245459811E-16));
#7657=DIRECTION('center_axis',(-0.707106781186548,-0.707106781186548,0.));
#7658=DIRECTION('ref_axis',(0.707106781186547,-0.707106781186547,3.25720600604802E-16));
#7659=DIRECTION('',(0.,-1.,2.30319245459811E-16));
#7660=DIRECTION('center_axis',(1.,0.,0.));
#7661=DIRECTION('ref_axis',(0.,0.707106781186547,0.707106781186548));
#7662=DIRECTION('',(1.,0.,0.));
#7663=DIRECTION('center_axis',(-0.707106781186548,0.707106781186548,0.));
#7664=DIRECTION('ref_axis',(-0.707106781186547,-0.707106781186547,0.));
#7665=DIRECTION('',(-1.,0.,0.));
#7666=DIRECTION('center_axis',(0.,1.,-2.30319245459811E-16));
#7667=DIRECTION('ref_axis',(0.707106781186548,1.62860300302401E-16,0.707106781186547));
#7668=DIRECTION('',(0.,1.,-2.30319245459811E-16));
#7669=DIRECTION('',(0.,-1.,2.30319245459811E-16));
#7670=DIRECTION('center_axis',(1.,0.,0.));
#7671=DIRECTION('ref_axis',(0.,0.,-1.));
#7672=DIRECTION('',(0.,6.75163920609552E-16,1.));
#7673=DIRECTION('',(0.,1.,-2.30319245459811E-16));
#7674=DIRECTION('',(0.,-6.75163920609552E-16,-1.));
#7675=DIRECTION('',(0.,1.,-3.53256761976533E-16));
#7676=DIRECTION('center_axis',(0.,-1.,6.75163920609552E-16));
#7677=DIRECTION('ref_axis',(0.,-6.75163920609552E-16,-1.));
#7678=DIRECTION('',(0.,-6.75163920609552E-16,-1.));
#7679=DIRECTION('',(-1.,0.,0.));
#7680=DIRECTION('center_axis',(-1.,0.,0.));
#7681=DIRECTION('ref_axis',(0.,0.,1.));
#7682=DIRECTION('',(0.,1.,-3.53256761976533E-16));
#7683=DIRECTION('',(0.,6.75163920609552E-16,1.));
#7684=DIRECTION('',(0.,1.,-2.30319245459811E-16));
#7685=DIRECTION('center_axis',(0.,-2.4245538491082E-16,-1.));
#7686=DIRECTION('ref_axis',(-1.,0.,0.));
#7687=DIRECTION('',(-1.,0.,0.));
#7688=DIRECTION('',(-1.,0.,0.));
#7689=DIRECTION('center_axis',(0.,-1.,6.75163920609552E-16));
#7690=DIRECTION('ref_axis',(0.,-6.75163920609552E-16,-1.));
#7691=DIRECTION('',(1.,0.,0.));
#7692=DIRECTION('center_axis',(0.,2.30319245459811E-16,1.));
#7693=DIRECTION('ref_axis',(1.,0.,0.));
#7694=DIRECTION('center_axis',(0.,-2.30319245459811E-16,-1.));
#7695=DIRECTION('ref_axis',(-1.,0.,0.));
#7696=DIRECTION('center_axis',(0.,-1.,4.05741624797135E-16));
#7697=DIRECTION('ref_axis',(0.,-4.05741624797135E-16,-1.));
#7698=DIRECTION('axis',(0.,0.,1.));
#7699=DIRECTION('refdir',(1.,0.,0.));
#7700=DIRECTION('center_axis',(0.,-3.35324433846162E-16,-1.));
#7701=DIRECTION('ref_axis',(0.707106781186549,0.707106781186546,0.));
#7702=DIRECTION('',(0.,-3.35324433846162E-16,-1.));
#7703=DIRECTION('center_axis',(9.81307786677358E-17,0.707106781186548,0.707106781186547));
#7704=DIRECTION('ref_axis',(-9.81307786677357E-17,-0.707106781186547,0.707106781186548));
#7705=DIRECTION('',(0.,3.35324433846162E-16,1.));
#7706=DIRECTION('center_axis',(0.,0.707106781186548,-0.707106781186547));
#7707=DIRECTION('ref_axis',(0.,0.707106781186547,0.707106781186548));
#7708=DIRECTION('center_axis',(0.,3.35324433846162E-16,1.));
#7709=DIRECTION('ref_axis',(0.707106781186549,-0.707106781186546,0.));
#7710=DIRECTION('',(0.,-3.35324433846162E-16,-1.));
#7711=DIRECTION('center_axis',(2.94392336003208E-16,-0.707106781186547,
0.707106781186548));
#7712=DIRECTION('ref_axis',(2.94392336003208E-16,-0.707106781186548,-0.707106781186547));
#7713=DIRECTION('',(0.,3.35324433846162E-16,1.));
#7714=DIRECTION('center_axis',(0.,-0.707106781186548,-0.707106781186547));
#7715=DIRECTION('ref_axis',(0.,0.707106781186547,-0.707106781186548));
#7716=DIRECTION('center_axis',(0.,1.,-2.55143167064149E-16));
#7717=DIRECTION('ref_axis',(0.707106781186548,0.,-0.707106781186547));
#7718=DIRECTION('',(0.,-1.,2.55143167064149E-16));
#7719=DIRECTION('',(0.,1.,-2.55143167064149E-16));
#7720=DIRECTION('center_axis',(0.,1.,-2.55143167064149E-16));
#7721=DIRECTION('ref_axis',(0.707106781186548,0.,0.707106781186547));
#7722=DIRECTION('',(0.,-1.,2.55143167064149E-16));
#7723=DIRECTION('',(0.,1.,-2.55143167064149E-16));
#7724=DIRECTION('center_axis',(0.,2.55143167064149E-16,1.));
#7725=DIRECTION('ref_axis',(1.,0.,0.));
#7726=DIRECTION('',(1.,0.,0.));
#7727=DIRECTION('',(0.,-1.,2.55143167064149E-16));
#7728=DIRECTION('',(-1.,0.,0.));
#7729=DIRECTION('',(1.,0.,0.));
#7730=DIRECTION('',(0.,1.,-2.55143167064149E-16));
#7731=DIRECTION('',(-1.,0.,0.));
#7732=DIRECTION('',(0.,-1.,2.55143167064149E-16));
#7733=DIRECTION('',(1.,0.,0.));
#7734=DIRECTION('',(0.,1.,-2.55143167064149E-16));
#7735=DIRECTION('',(-1.,0.,0.));
#7736=DIRECTION('',(0.,-1.,2.55143167064149E-16));
#7737=DIRECTION('',(-6.12496792947311E-17,1.,-2.55143167064149E-16));
#7738=DIRECTION('',(-1.,-6.12150055286441E-17,1.56185903824277E-32));
#7739=DIRECTION('',(6.12496792947311E-17,-1.,2.55143167064149E-16));
#7740=DIRECTION('',(1.,6.12150055286441E-17,-1.56185903824277E-32));
#7741=DIRECTION('center_axis',(0.,-1.,3.35324433846162E-16));
#7742=DIRECTION('ref_axis',(0.,-3.35324433846162E-16,-1.));
#7743=DIRECTION('',(-1.,0.,0.));
#7744=DIRECTION('center_axis',(0.,1.,-3.35324433846162E-16));
#7745=DIRECTION('ref_axis',(1.,0.,0.));
#7746=DIRECTION('',(1.,0.,0.));
#7747=DIRECTION('',(0.,3.35324433846162E-16,1.));
#7748=DIRECTION('center_axis',(-1.,0.,0.));
#7749=DIRECTION('ref_axis',(0.,0.,1.));
#7750=DIRECTION('center_axis',(0.,-3.35324433846162E-16,-1.));
#7751=DIRECTION('ref_axis',(-0.707106781186548,-0.707106781186548,0.));
#7752=DIRECTION('center_axis',(0.,0.,-1.));
#7753=DIRECTION('ref_axis',(0.,-1.,0.));
#7754=DIRECTION('',(0.,-3.35324433846162E-16,-1.));
#7755=DIRECTION('center_axis',(-9.81307786677359E-17,-0.707106781186547,
0.707106781186548));
#7756=DIRECTION('ref_axis',(9.81307786677359E-17,0.707106781186548,0.707106781186547));
#7757=DIRECTION('center_axis',(0.,1.,-2.55143167064149E-16));
#7758=DIRECTION('ref_axis',(-0.707106781186546,0.,-0.707106781186549));
#7759=DIRECTION('',(0.,1.,-2.55143167064149E-16));
#7760=DIRECTION('center_axis',(1.66822323735151E-15,-0.707106781186549,
-0.707106781186546));
#7761=DIRECTION('ref_axis',(-1.66822323735152E-15,-0.707106781186546,0.707106781186549));
#7762=DIRECTION('center_axis',(0.,3.35324433846162E-16,1.));
#7763=DIRECTION('ref_axis',(-0.707106781186548,0.707106781186548,0.));
#7764=DIRECTION('',(0.,3.35324433846162E-16,1.));
#7765=DIRECTION('center_axis',(0.,0.707106781186548,-0.707106781186547));
#7766=DIRECTION('ref_axis',(0.,-0.707106781186547,-0.707106781186548));
#7767=DIRECTION('',(0.,-3.35324433846162E-16,-1.));
#7768=DIRECTION('center_axis',(0.,1.,-2.55143167064149E-16));
#7769=DIRECTION('ref_axis',(-0.707106781186547,0.,0.707106781186548));
#7770=DIRECTION('',(0.,1.,-2.55143167064149E-16));
#7771=DIRECTION('',(0.,-1.,2.55143167064149E-16));
#7772=DIRECTION('center_axis',(0.,1.,0.));
#7773=DIRECTION('ref_axis',(-1.,0.,0.));
#7774=DIRECTION('',(0.,1.,-2.55143167064149E-16));
#7775=DIRECTION('center_axis',(-0.816496580927727,0.408248290463863,-0.408248290463862));
#7776=DIRECTION('ref_axis',(-0.577350269189626,-0.577350269189626,0.577350269189625));
#7777=DIRECTION('center_axis',(-1.,0.,0.));
#7778=DIRECTION('ref_axis',(0.,-0.70710678118655,0.707106781186545));
#7779=DIRECTION('center_axis',(0.,-1.,3.35324433846162E-16));
#7780=DIRECTION('ref_axis',(0.,-3.35324433846162E-16,-1.));
#7781=DIRECTION('',(1.,0.,0.));
#7782=DIRECTION('center_axis',(0.,-2.55143167064149E-16,-1.));
#7783=DIRECTION('ref_axis',(-1.,0.,0.));
#7784=DIRECTION('center_axis',(0.,-2.55143167064149E-16,-1.));
#7785=DIRECTION('ref_axis',(-1.22464682831702E-16,-1.,3.48020712838054E-16));
#7786=DIRECTION('center_axis',(0.,-2.55143167064149E-16,-1.));
#7787=DIRECTION('ref_axis',(-1.22464682831702E-16,-1.,3.48020712838054E-16));
#7788=DIRECTION('',(-1.,0.,0.));
#7789=DIRECTION('',(-6.12496792947311E-17,1.,-2.55143167064149E-16));
#7790=DIRECTION('',(1.,6.12150055286441E-17,-1.56185903824277E-32));
#7791=DIRECTION('',(6.12496792947311E-17,-1.,2.55143167064149E-16));
#7792=DIRECTION('',(-1.,0.,0.));
#7793=DIRECTION('',(0.,1.,-2.55143167064149E-16));
#7794=DIRECTION('',(1.,0.,0.));
#7795=DIRECTION('',(0.,-1.,2.55143167064149E-16));
#7796=DIRECTION('',(-1.,0.,0.));
#7797=DIRECTION('',(0.,-1.,1.92061361458766E-16));
#7798=DIRECTION('center_axis',(-3.84811749530591E-16,6.13621966995364E-16,
1.));
#7799=DIRECTION('ref_axis',(-1.22464682831702E-16,-1.,3.48020712838054E-16));
#7800=DIRECTION('center_axis',(3.94473079070134E-16,3.48020712838054E-16,
1.));
#7801=DIRECTION('ref_axis',(-1.22464682831702E-16,-1.,3.48020712838054E-16));
#7802=DIRECTION('',(-3.84811749530591E-16,6.13621966995364E-16,1.));
#7803=DIRECTION('center_axis',(1.,0.,0.));
#7804=DIRECTION('ref_axis',(0.,0.,-1.));
#7805=DIRECTION('center_axis',(-1.,0.,0.));
#7806=DIRECTION('ref_axis',(0.,-0.70710678118655,0.707106781186545));
#7807=DIRECTION('',(-1.,0.,0.));
#7808=DIRECTION('center_axis',(-1.,0.,0.));
#7809=DIRECTION('ref_axis',(0.,-0.70710678118655,0.707106781186545));
#7810=DIRECTION('center_axis',(1.,6.12496792947311E-17,-6.12323399573677E-17));
#7811=DIRECTION('ref_axis',(0.,-0.70710678118655,0.707106781186545));
#7812=DIRECTION('',(-1.,0.,0.));
#7813=DIRECTION('center_axis',(-1.,-6.12496792947311E-17,6.12323399573677E-17));
#7814=DIRECTION('ref_axis',(0.,-0.70710678118655,0.707106781186545));
#7815=DIRECTION('center_axis',(0.,1.,-1.92061361458766E-16));
#7816=DIRECTION('ref_axis',(2.60066079674981E-6,-1.92061361458117E-16,-0.999999999996618));
#7817=DIRECTION('center_axis',(0.,-1.,1.13155776346188E-15));
#7818=DIRECTION('ref_axis',(1.,0.,0.));
#7819=DIRECTION('',(0.,-1.,1.92061361458766E-16));
#7820=DIRECTION('center_axis',(0.,1.,-3.43409672721946E-16));
#7821=DIRECTION('ref_axis',(1.,0.,0.));
#7822=DIRECTION('',(0.,1.,-1.92061361458766E-16));
#7823=DIRECTION('center_axis',(0.,-1.,1.13155776346188E-15));
#7824=DIRECTION('ref_axis',(1.,0.,0.));
#7825=DIRECTION('center_axis',(-1.,-6.12496792947311E-17,6.12323399573677E-17));
#7826=DIRECTION('ref_axis',(6.12323399573677E-17,0.,1.));
#7827=DIRECTION('',(6.12323399573677E-17,2.21981745717296E-16,1.));
#7828=DIRECTION('',(-6.12323399573677E-17,-2.21981745717296E-16,-1.));
#7829=DIRECTION('center_axis',(3.94473079070134E-16,3.48020712838054E-16,
1.));
#7830=DIRECTION('ref_axis',(1.,0.,-3.94473079070134E-16));
#7831=DIRECTION('',(-1.,1.35465870981093E-31,3.94473079070134E-16));
#7832=DIRECTION('',(0.,1.,-3.48020712838054E-16));
#7833=DIRECTION('',(1.,-1.35465870981093E-31,-3.94473079070134E-16));
#7834=DIRECTION('',(0.,-1.,3.48020712838054E-16));
#7835=DIRECTION('center_axis',(0.,1.,-3.43409672721946E-16));
#7836=DIRECTION('ref_axis',(0.,3.43409672721946E-16,1.));
#7837=DIRECTION('',(0.,3.43409672721946E-16,1.));
#7838=DIRECTION('',(0.,-3.43409672721946E-16,-1.));
#7839=DIRECTION('center_axis',(-1.,0.,0.));
#7840=DIRECTION('ref_axis',(0.,0.,1.));
#7841=DIRECTION('',(0.,-3.43409672721946E-16,-1.));
#7842=DIRECTION('center_axis',(0.,1.,-3.43409672721946E-16));
#7843=DIRECTION('ref_axis',(0.,3.43409672721946E-16,1.));
#7844=DIRECTION('',(0.,-3.43409672721946E-16,-1.));
#7845=DIRECTION('',(1.,0.,0.));
#7846=DIRECTION('',(0.,3.43409672721946E-16,1.));
#7847=DIRECTION('',(0.,-3.43409672721946E-16,-1.));
#7848=DIRECTION('',(1.,0.,0.));
#7849=DIRECTION('center_axis',(-1.,0.,0.));
#7850=DIRECTION('ref_axis',(0.,0.,1.));
#7851=DIRECTION('',(0.,-1.,2.27919683902483E-16));
#7852=DIRECTION('',(0.,3.43409672721946E-16,1.));
#7853=DIRECTION('center_axis',(1.,0.,0.));
#7854=DIRECTION('ref_axis',(0.,0.,-1.));
#7855=DIRECTION('',(0.,-1.,4.35161638027164E-16));
#7856=DIRECTION('',(0.,-3.43409672721946E-16,-1.));
#7857=DIRECTION('center_axis',(0.,1.,-3.43409672721946E-16));
#7858=DIRECTION('ref_axis',(0.,3.43409672721946E-16,1.));
#7859=DIRECTION('',(0.,3.43409672721946E-16,1.));
#7860=DIRECTION('',(-1.,0.,0.));
#7861=DIRECTION('',(-1.,0.,0.));
#7862=DIRECTION('',(-1.,0.,0.));
#7863=DIRECTION('center_axis',(0.,-4.35161638027164E-16,-1.));
#7864=DIRECTION('ref_axis',(-1.,0.,0.));
#7865=DIRECTION('',(0.,1.,-4.35161638027164E-16));
#7866=DIRECTION('center_axis',(0.,2.27919683902483E-16,1.));
#7867=DIRECTION('ref_axis',(1.,0.,0.));
#7868=DIRECTION('',(0.,1.,-2.27919683902483E-16));
#7869=DIRECTION('',(1.,0.,0.));
#7870=DIRECTION('center_axis',(0.,2.27919683902483E-16,1.));
#7871=DIRECTION('ref_axis',(1.,0.,0.));
#7872=DIRECTION('',(1.,0.,0.));
#7873=DIRECTION('',(0.,1.,-2.27919683902483E-16));
#7874=DIRECTION('',(-1.,0.,0.));
#7875=DIRECTION('',(0.,1.,-2.27919683902483E-16));
#7876=DIRECTION('center_axis',(0.,1.,-3.43409672721946E-16));
#7877=DIRECTION('ref_axis',(0.,3.43409672721946E-16,1.));
#7878=DIRECTION('',(0.,3.43409672721946E-16,1.));
#7879=DIRECTION('center_axis',(1.,0.,0.));
#7880=DIRECTION('ref_axis',(0.,0.,-1.));
#7881=DIRECTION('center_axis',(0.,-1.,1.13155776346188E-15));
#7882=DIRECTION('ref_axis',(0.,-1.13155776346188E-15,-1.));
#7883=DIRECTION('',(0.,1.13155776346188E-15,1.));
#7884=DIRECTION('center_axis',(0.,-1.,1.13155776346188E-15));
#7885=DIRECTION('ref_axis',(0.,-1.13155776346188E-15,-1.));
#7886=DIRECTION('',(0.,-1.13155776346188E-15,-1.));
#7887=DIRECTION('center_axis',(1.,0.,0.));
#7888=DIRECTION('ref_axis',(0.,0.,-1.));
#7889=DIRECTION('',(0.,1.13155776346188E-15,1.));
#7890=DIRECTION('center_axis',(0.,-1.,1.13155776346188E-15));
#7891=DIRECTION('ref_axis',(0.,-1.13155776346188E-15,-1.));
#7892=DIRECTION('',(0.,-1.13155776346188E-15,-1.));
#7893=DIRECTION('center_axis',(-1.,0.,0.));
#7894=DIRECTION('ref_axis',(0.,0.,1.));
#7895=DIRECTION('center_axis',(-6.12150055286441E-17,1.,-2.21981745717296E-16));
#7896=DIRECTION('ref_axis',(0.,2.21981745717296E-16,1.));
#7897=DIRECTION('',(-6.12323399573677E-17,-2.21981745717296E-16,-1.));
#7898=DIRECTION('center_axis',(-1.,-6.12496792947311E-17,6.12323399573677E-17));
#7899=DIRECTION('ref_axis',(6.12323399573677E-17,0.,1.));
#7900=DIRECTION('',(6.12323399573677E-17,2.21981745717296E-16,1.));
#7901=DIRECTION('center_axis',(6.12150055286441E-17,-1.,2.21981745717296E-16));
#7902=DIRECTION('ref_axis',(0.,-2.21981745717296E-16,-1.));
#7903=DIRECTION('center_axis',(0.,1.,0.));
#7904=DIRECTION('ref_axis',(-0.122183263695702,0.,-0.992507556682903));
#7905=DIRECTION('center_axis',(0.685994340570031,0.707106781186552,-0.171498585142508));
#7906=DIRECTION('ref_axis',(0.68599434057004,-0.707106781186543,-0.17149858514251));
#7907=DIRECTION('',(0.,1.,0.));
#7908=DIRECTION('center_axis',(0.,1.,0.));
#7909=DIRECTION('ref_axis',(0.,0.,-1.));
#7910=DIRECTION('',(0.,-1.,0.));
#7911=DIRECTION('center_axis',(-0.120331367519237,0.,-0.992733782033708));
#7912=DIRECTION('ref_axis',(0.992733782033708,0.,-0.120331367519237));
#7913=DIRECTION('center_axis',(0.,0.,1.));
#7914=DIRECTION('ref_axis',(1.,-3.36585794008988E-17,0.));
#7915=DIRECTION('center_axis',(0.,0.,-1.));
#7916=DIRECTION('ref_axis',(-1.,0.,0.));
#7917=DIRECTION('center_axis',(0.,0.,1.));
#7918=DIRECTION('ref_axis',(-1.,0.,0.));
#7919=DIRECTION('',(1.,0.,0.));
#7920=DIRECTION('',(0.,-1.,0.));
#7921=DIRECTION('center_axis',(0.,0.,1.));
#7922=DIRECTION('ref_axis',(-0.707106781186548,0.707106781186547,0.));
#7923=DIRECTION('',(-1.,0.,0.));
#7924=DIRECTION('center_axis',(0.970142500145332,0.,-0.242535625036333));
#7925=DIRECTION('ref_axis',(0.,-1.,0.));
#7926=DIRECTION('',(-0.970142500145332,0.,0.242535625036333));
#7927=DIRECTION('center_axis',(0.970142500145331,1.23863572195309E-14,-0.242535625036337));
#7928=DIRECTION('ref_axis',(8.88178419700128E-15,-1.,-1.55431223447522E-14));
#7929=DIRECTION('',(0.970142500145332,0.,-0.242535625036333));
#7930=DIRECTION('center_axis',(-0.242535625036333,0.,-0.970142500145332));
#7931=DIRECTION('ref_axis',(-0.970142500145332,0.,0.242535625036333));
#7932=DIRECTION('',(0.970142500145332,0.,-0.242535625036333));
#7933=DIRECTION('',(0.,-1.,0.));
#7934=DIRECTION('',(-0.970142500145332,0.,0.242535625036333));
#7935=DIRECTION('',(0.,-1.,0.));
#7936=DIRECTION('',(0.970142500145332,0.,-0.242535625036333));
#7937=DIRECTION('',(0.,1.,0.));
#7938=DIRECTION('',(-0.970142500145332,0.,0.242535625036333));
#7939=DIRECTION('',(0.,-1.,0.));
#7940=DIRECTION('',(0.970142500145332,0.,-0.242535625036333));
#7941=DIRECTION('',(0.,-1.,0.));
#7942=DIRECTION('center_axis',(0.,1.,0.));
#7943=DIRECTION('ref_axis',(0.615412209402636,0.,-0.788205438016109));
#7944=DIRECTION('center_axis',(0.685994340570029,-0.707106781186555,-0.171498585142504));
#7945=DIRECTION('ref_axis',(0.685994340570043,0.70710678118654,-0.171498585142508));
#7946=DIRECTION('center_axis',(0.,-1.,0.));
#7947=DIRECTION('ref_axis',(0.615412209402636,0.,-0.788205438016109));
#7948=DIRECTION('',(0.,1.,0.));
#7949=DIRECTION('center_axis',(0.,-1.,0.));
#7950=DIRECTION('ref_axis',(0.615412209402636,0.,-0.788205438016109));
#7951=DIRECTION('center_axis',(0.,1.,0.));
#7952=DIRECTION('ref_axis',(0.788205438016106,0.,0.61541220940264));
#7953=DIRECTION('',(0.,1.,0.));
#7954=DIRECTION('center_axis',(0.,1.,0.));
#7955=DIRECTION('ref_axis',(0.788205438016106,0.,0.61541220940264));
#7956=DIRECTION('center_axis',(-0.68599434057003,0.707106781186552,0.171498585142511));
#7957=DIRECTION('ref_axis',(-0.685994340570039,-0.707106781186543,0.171498585142513));
#7958=DIRECTION('center_axis',(-0.970142500145332,0.,0.242535625036333));
#7959=DIRECTION('ref_axis',(0.171498585142505,0.707106781186553,0.685994340570031));
#7960=DIRECTION('',(-0.970142500145332,0.,0.242535625036333));
#7961=DIRECTION('center_axis',(1.,0.,0.));
#7962=DIRECTION('ref_axis',(0.,-3.70244373409887E-15,1.));
#7963=DIRECTION('center_axis',(-1.,0.,0.));
#7964=DIRECTION('ref_axis',(0.,-1.,0.));
#7965=DIRECTION('',(0.,0.,1.));
#7966=DIRECTION('',(0.,-1.,0.));
#7967=DIRECTION('',(0.,0.,1.));
#7968=DIRECTION('center_axis',(0.,-1.,0.));
#7969=DIRECTION('ref_axis',(0.,0.,-1.));
#7970=DIRECTION('',(0.,0.,-1.));
#7971=DIRECTION('',(-1.,0.,0.));
#7972=DIRECTION('',(0.,0.,1.));
#7973=DIRECTION('',(-1.,0.,0.));
#7974=DIRECTION('',(0.,0.,-1.));
#7975=DIRECTION('',(-1.,0.,0.));
#7976=DIRECTION('',(0.,0.,1.));
#7977=DIRECTION('',(1.,0.,0.));
#7978=DIRECTION('center_axis',(0.,1.,0.));
#7979=DIRECTION('ref_axis',(0.924177681689918,0.,-0.381962841996768));
#7980=DIRECTION('center_axis',(0.685994340570036,-0.707106781186547,-0.171498585142506));
#7981=DIRECTION('ref_axis',(0.685994340570036,0.707106781186548,-0.171498585142506));
#7982=DIRECTION('',(0.,-1.,0.));
#7983=DIRECTION('center_axis',(-3.16859680499856E-14,1.,6.28522935947634E-14));
#7984=DIRECTION('ref_axis',(0.924177681689918,5.32907051820076E-14,-0.381962841996768));
#7985=DIRECTION('center_axis',(0.96748518321459,0.0739641570390366,-0.24187129580365));
#7986=DIRECTION('ref_axis',(2.66453525910036E-14,-0.956286314270457,-0.292432017978582));
#7987=DIRECTION('center_axis',(1.,0.,0.));
#7988=DIRECTION('ref_axis',(0.,0.70710678118654,0.707106781186555));
#7989=DIRECTION('center_axis',(0.,1.,0.));
#7990=DIRECTION('ref_axis',(-1.,0.,0.));
#7991=DIRECTION('',(-1.,0.,0.));
#7992=DIRECTION('',(0.,0.,1.));
#7993=DIRECTION('center_axis',(-1.,0.,0.));
#7994=DIRECTION('ref_axis',(0.,0.70710678118654,0.707106781186555));
#7995=DIRECTION('',(1.,0.,0.));
#7996=DIRECTION('center_axis',(1.,0.,0.));
#7997=DIRECTION('ref_axis',(0.,1.,5.55111512312565E-14));
#7998=DIRECTION('center_axis',(0.,1.,0.));
#7999=DIRECTION('ref_axis',(-0.122183263695702,0.,-0.992507556682903));
#8000=DIRECTION('center_axis',(-0.685994340570041,-0.707106781186541,0.17149858514251));
#8001=DIRECTION('ref_axis',(0.685994340570029,-0.707106781186554,-0.171498585142507));
#8002=DIRECTION('',(0.,1.,0.));
#8003=DIRECTION('center_axis',(-0.685994340570011,0.707106781186572,0.171498585142506));
#8004=DIRECTION('ref_axis',(-0.685994340570058,-0.707106781186523,0.171498585142518));
#8005=DIRECTION('center_axis',(0.970142500145332,0.,-0.242535625036333));
#8006=DIRECTION('ref_axis',(-0.171498585142506,-0.707106781186548,-0.685994340570035));
#8007=DIRECTION('center_axis',(-0.685994340570037,0.707106781186546,0.171498585142507));
#8008=DIRECTION('ref_axis',(-0.685994340570034,-0.707106781186549,0.171498585142511));
#8009=DIRECTION('center_axis',(1.,0.,0.));
#8010=DIRECTION('ref_axis',(0.,2.01951476405393E-15,-1.));
#8011=DIRECTION('',(0.970142500145332,0.,-0.242535625036333));
#8012=DIRECTION('center_axis',(0.,0.,1.));
#8013=DIRECTION('ref_axis',(-1.,3.36585794008988E-17,0.));
#8014=DIRECTION('center_axis',(0.,1.,0.));
#8015=DIRECTION('ref_axis',(-0.788205438016107,0.,-0.615412209402638));
#8016=DIRECTION('center_axis',(0.685994340570043,0.70710678118654,-0.171498585142508));
#8017=DIRECTION('ref_axis',(0.685994340570029,-0.707106781186555,-0.171498585142504));
#8018=DIRECTION('',(0.,-1.,0.));
#8019=DIRECTION('center_axis',(-0.970142500145332,0.,0.242535625036333));
#8020=DIRECTION('ref_axis',(-0.171498585142505,0.707106781186553,-0.685994340570031));
#8021=DIRECTION('',(-0.970142500145332,0.,0.242535625036333));
#8022=DIRECTION('center_axis',(1.,0.,0.));
#8023=DIRECTION('ref_axis',(0.,-3.70244373409887E-15,-1.));
#8024=DIRECTION('center_axis',(-0.970142500145332,0.,0.242535625036333));
#8025=DIRECTION('ref_axis',(-0.171498585142506,0.707106781186548,-0.685994340570035));
#8026=DIRECTION('',(-0.970142500145332,0.,0.242535625036333));
#8027=DIRECTION('center_axis',(0.,0.,1.));
#8028=DIRECTION('ref_axis',(-1.,-3.36585794008988E-17,0.));
#8029=DIRECTION('center_axis',(0.,0.,1.));
#8030=DIRECTION('ref_axis',(-1.,-3.36585794008988E-17,0.));
#8031=DIRECTION('center_axis',(0.,1.,0.));
#8032=DIRECTION('ref_axis',(0.,0.,1.));
#8033=DIRECTION('',(0.,0.,1.));
#8034=DIRECTION('',(1.,0.,0.));
#8035=DIRECTION('center_axis',(0.,1.,0.));
#8036=DIRECTION('ref_axis',(0.707106781186548,0.,0.707106781186548));
#8037=DIRECTION('',(0.,0.,-1.));
#8038=DIRECTION('',(-1.,0.,0.));
#8039=DIRECTION('',(0.,0.,-1.));
#8040=DIRECTION('',(1.,0.,0.));
#8041=DIRECTION('center_axis',(0.,1.,0.));
#8042=DIRECTION('ref_axis',(0.707106781186549,0.,0.707106781186546));
#8043=DIRECTION('',(0.,0.,1.));
#8044=DIRECTION('center_axis',(-1.,0.,0.));
#8045=DIRECTION('ref_axis',(0.,-1.,0.));
#8046=DIRECTION('',(0.,0.,1.));
#8047=DIRECTION('center_axis',(1.,0.,0.));
#8048=DIRECTION('ref_axis',(0.,-0.707106781186547,0.707106781186548));
#8049=DIRECTION('',(0.,-1.,0.));
#8050=DIRECTION('center_axis',(0.315838151173432,0.900123122708953,-0.300041040906125));
#8051=DIRECTION('ref_axis',(9.91984272502576E-13,-0.31622776602013,-0.948683298049417));
#8052=DIRECTION('center_axis',(5.26625020286505E-16,0.948683298050514,-0.316227766016838));
#8053=DIRECTION('ref_axis',(5.55111512312578E-16,-0.316227766016838,-0.948683298050514));
#8054=DIRECTION('center_axis',(0.,-0.216930457818656,-0.976187060183953));
#8055=DIRECTION('ref_axis',(0.,-0.976187060183953,0.216930457818656));
#8056=DIRECTION('center_axis',(0.,0.316227766016838,0.948683298050514));
#8057=DIRECTION('ref_axis',(0.,-0.948683298050514,0.316227766016838));
#8058=DIRECTION('center_axis',(0.,0.948683298050514,-0.316227766016838));
#8059=DIRECTION('ref_axis',(-0.707106781186548,-0.223606797749979,-0.670820393249936));
#8060=DIRECTION('center_axis',(0.,0.,1.));
#8061=DIRECTION('ref_axis',(4.38854183572088E-17,-1.,0.));
#8062=DIRECTION('',(0.,-0.948683298050514,0.316227766016838));
#8063=DIRECTION('',(0.,0.948683298050514,-0.316227766016838));
#8064=DIRECTION('center_axis',(-0.707106781186547,-0.670820393249937,0.223606797749979));
#8065=DIRECTION('ref_axis',(-0.707106781186548,0.670820393249937,-0.223606797749979));
#8066=DIRECTION('center_axis',(0.,-0.316227766016838,-0.948683298050514));
#8067=DIRECTION('ref_axis',(0.,0.948683298050514,-0.316227766016838));
#8068=DIRECTION('',(-1.,0.,0.));
#8069=DIRECTION('',(0.,0.948683298050514,-0.316227766016838));
#8070=DIRECTION('',(-1.,0.,0.));
#8071=DIRECTION('',(0.,-0.948683298050514,0.316227766016838));
#8072=DIRECTION('',(1.,0.,0.));
#8073=DIRECTION('center_axis',(1.,0.,0.));
#8074=DIRECTION('ref_axis',(0.,-0.584710284663765,0.811242185175561));
#8075=DIRECTION('center_axis',(0.707106781186547,-0.670820393249937,0.223606797749979));
#8076=DIRECTION('ref_axis',(-0.707106781186548,-0.670820393249936,0.223606797749979));
#8077=DIRECTION('center_axis',(0.,0.948683298050514,-0.316227766016838));
#8078=DIRECTION('ref_axis',(-0.707106781186547,0.223606797749979,0.670820393249938));
#8079=DIRECTION('center_axis',(0.,-1.,0.));
#8080=DIRECTION('ref_axis',(1.05325004057301E-15,0.,1.));
#8081=DIRECTION('',(0.,-0.948683298050514,0.316227766016838));
#8082=DIRECTION('center_axis',(-5.35551503831739E-16,-0.964763821237732,
-0.263117405792109));
#8083=DIRECTION('ref_axis',(9.23761394420012E-16,-0.263117405792109,0.964763821237732));
#8084=DIRECTION('center_axis',(1.,0.,0.));
#8085=DIRECTION('ref_axis',(0.,0.,-1.));
#8086=DIRECTION('',(0.,0.,-1.));
#8087=DIRECTION('',(0.,1.,0.));
#8088=DIRECTION('',(0.,0.,1.));
#8089=DIRECTION('center_axis',(-1.,0.,0.));
#8090=DIRECTION('ref_axis',(0.,0.,1.));
#8091=DIRECTION('',(0.,1.,0.));
#8092=DIRECTION('center_axis',(1.,0.,0.));
#8093=DIRECTION('ref_axis',(0.,0.707106781186548,0.707106781186548));
#8094=DIRECTION('',(0.,7.40148683083438E-17,-1.));
#8095=DIRECTION('center_axis',(1.,0.,0.));
#8096=DIRECTION('ref_axis',(0.,-1.,0.));
#8097=DIRECTION('center_axis',(0.,1.,7.40148683083438E-17));
#8098=DIRECTION('ref_axis',(1.05325004057301E-15,-7.40148683083438E-17,
1.));
#8099=DIRECTION('center_axis',(1.,0.,0.));
#8100=DIRECTION('ref_axis',(0.,-0.81124218517556,-0.584710284663766));
#8101=DIRECTION('center_axis',(-0.707106781186561,-0.670820393249924,0.223606797749974));
#8102=DIRECTION('ref_axis',(0.707106781186534,-0.67082039324995,0.223606797749983));
#8103=DIRECTION('',(1.,0.,0.));
#8104=DIRECTION('center_axis',(0.,0.948683298050514,-0.316227766016838));
#8105=DIRECTION('ref_axis',(0.70710678118654,-0.223606797749981,-0.670820393249944));
#8106=DIRECTION('center_axis',(0.,1.,7.40148683083438E-17));
#8107=DIRECTION('ref_axis',(-6.58281275358131E-17,4.65475153733864E-17,
-1.));
#8108=DIRECTION('',(0.,0.948683298050514,-0.316227766016838));
#8109=DIRECTION('center_axis',(0.,0.,1.));
#8110=DIRECTION('ref_axis',(2.19427091786044E-17,-1.,0.));
#8111=DIRECTION('center_axis',(-0.707106781186556,0.670820393249929,-0.223606797749976));
#8112=DIRECTION('ref_axis',(-0.707106781186539,-0.670820393249945,0.223606797749982));
#8113=DIRECTION('center_axis',(1.,0.,0.));
#8114=DIRECTION('ref_axis',(0.,-0.160182243006968,-0.987087457637497));
#8115=DIRECTION('',(-1.,0.,0.));
#8116=DIRECTION('center_axis',(0.,-1.,-7.40148683083438E-17));
#8117=DIRECTION('ref_axis',(0.,7.40148683083438E-17,-1.));
#8118=DIRECTION('',(-1.,0.,0.));
#8119=DIRECTION('',(0.,7.40148683083438E-17,-1.));
#8120=DIRECTION('center_axis',(0.,-1.,0.));
#8121=DIRECTION('ref_axis',(1.,0.,0.));
#8122=DIRECTION('',(-1.,0.,0.));
#8123=DIRECTION('center_axis',(0.,1.,0.));
#8124=DIRECTION('ref_axis',(0.707106781186548,0.,0.707106781186548));
#8125=DIRECTION('',(1.,0.,0.));
#8126=DIRECTION('center_axis',(0.,-1.,0.));
#8127=DIRECTION('ref_axis',(0.77015683031357,0.,-0.637854573332632));
#8128=DIRECTION('center_axis',(0.,1.,0.));
#8129=DIRECTION('ref_axis',(0.77015683031357,0.,-0.637854573332632));
#8130=DIRECTION('',(0.,1.,0.));
#8131=DIRECTION('center_axis',(0.,-1.,0.));
#8132=DIRECTION('ref_axis',(0.77015683031357,0.,-0.637854573332632));
#8133=DIRECTION('',(0.,-1.,0.));
#8134=DIRECTION('center_axis',(0.,0.,1.));
#8135=DIRECTION('ref_axis',(0.,1.,0.));
#8136=DIRECTION('',(0.,-1.,0.));
#8137=DIRECTION('',(-1.,0.,0.));
#8138=DIRECTION('',(1.,0.,0.));
#8139=DIRECTION('',(-1.,0.,0.));
#8140=DIRECTION('',(0.,1.,0.));
#8141=DIRECTION('',(1.,0.,0.));
#8142=DIRECTION('',(-1.,0.,0.));
#8143=DIRECTION('',(4.38256058456118E-31,-1.,0.));
#8144=DIRECTION('',(1.,0.,0.));
#8145=DIRECTION('',(0.,1.,0.));
#8146=DIRECTION('',(-1.,0.,0.));
#8147=DIRECTION('',(0.,-1.,0.));
#8148=DIRECTION('',(1.,0.,0.));
#8149=DIRECTION('',(0.,-1.,0.));
#8150=DIRECTION('',(1.,0.,0.));
#8151=DIRECTION('',(0.,1.,0.));
#8152=DIRECTION('',(1.,0.,0.));
#8153=DIRECTION('',(0.,1.,0.));
#8154=DIRECTION('',(-1.,0.,0.));
#8155=DIRECTION('',(0.,-1.,0.));
#8156=DIRECTION('',(1.,0.,0.));
#8157=DIRECTION('',(0.,1.,0.));
#8158=DIRECTION('',(-1.,0.,0.));
#8159=DIRECTION('',(0.,1.,0.));
#8160=DIRECTION('',(-1.,0.,0.));
#8161=DIRECTION('',(0.,-1.,0.));
#8162=DIRECTION('',(-1.,0.,0.));
#8163=DIRECTION('',(0.,-1.,0.));
#8164=DIRECTION('',(1.,0.,0.));
#8165=DIRECTION('center_axis',(0.,1.,0.));
#8166=DIRECTION('ref_axis',(-1.,0.,0.));
#8167=DIRECTION('center_axis',(0.,1.,0.));
#8168=DIRECTION('ref_axis',(-1.,0.,0.));
#8169=DIRECTION('center_axis',(0.,1.,0.));
#8170=DIRECTION('ref_axis',(-0.770156830313577,0.,-0.637854573332625));
#8171=DIRECTION('',(0.,0.,1.));
#8172=DIRECTION('',(-1.,0.,0.));
#8173=DIRECTION('',(0.,0.,1.));
#8174=DIRECTION('center_axis',(0.,1.,0.));
#8175=DIRECTION('ref_axis',(-0.770156830313577,0.,-0.637854573332625));
#8176=DIRECTION('center_axis',(0.,-1.,0.));
#8177=DIRECTION('ref_axis',(-0.770156830313577,0.,-0.637854573332625));
#8178=DIRECTION('',(0.,1.,0.));
#8179=DIRECTION('center_axis',(1.,0.,0.));
#8180=DIRECTION('ref_axis',(0.,-0.232424475334616,0.972614447386748));
#8181=DIRECTION('center_axis',(-1.,4.38058312742816E-15,2.22044604925031E-15));
#8182=DIRECTION('ref_axis',(0.,-0.452118805273431,0.891957726530874));
#8183=DIRECTION('',(-1.,0.,0.));
#8184=DIRECTION('center_axis',(-1.,0.,0.));
#8185=DIRECTION('ref_axis',(0.,-0.232424475334616,0.972614447386748));
#8186=DIRECTION('',(1.,0.,0.));
#8187=DIRECTION('center_axis',(0.,-0.891957726530872,-0.452118805273435));
#8188=DIRECTION('ref_axis',(0.,-0.452118805273435,0.891957726530872));
#8189=DIRECTION('center_axis',(0.,0.320137909258734,-0.947370951135534));
#8190=DIRECTION('ref_axis',(0.,-0.947370951135534,-0.320137909258734));
#8191=DIRECTION('center_axis',(0.,-0.452118805273431,0.891957726530874));
#8192=DIRECTION('ref_axis',(0.,-0.891957726530874,-0.452118805273431));
#8193=DIRECTION('center_axis',(0.,0.891957726530874,0.452118805273431));
#8194=DIRECTION('ref_axis',(-0.707106781186537,-0.319696273110828,0.630709356961716));
#8195=DIRECTION('center_axis',(0.,0.523393348604348,0.852091193850006));
#8196=DIRECTION('ref_axis',(0.,-0.852091193850006,0.523393348604347));
#8197=DIRECTION('',(0.,-0.891957726530874,-0.452118805273431));
#8198=DIRECTION('',(0.,0.891957726530874,0.452118805273431));
#8199=DIRECTION('center_axis',(0.,0.452118805273431,-0.891957726530874));
#8200=DIRECTION('ref_axis',(0.,0.891957726530874,0.452118805273431));
#8201=DIRECTION('',(0.,-0.891957726530874,-0.452118805273431));
#8202=DIRECTION('',(1.,0.,0.));
#8203=DIRECTION('',(0.,0.891957726530874,0.452118805273431));
#8204=DIRECTION('center_axis',(0.,-0.452118805273431,0.891957726530874));
#8205=DIRECTION('ref_axis',(0.,0.891957726530874,0.452118805273431));
#8206=DIRECTION('',(1.,0.,0.));
#8207=DIRECTION('center_axis',(0.,0.,1.));
#8208=DIRECTION('ref_axis',(-0.707106781186541,-0.707106781186554,0.));
#8209=DIRECTION('center_axis',(0.,0.,-1.));
#8210=DIRECTION('ref_axis',(0.,-1.,0.));
#8211=DIRECTION('',(0.,0.,-1.));
#8212=DIRECTION('',(0.,0.,1.));
#8213=DIRECTION('center_axis',(0.,-0.995049123725191,-0.0993843115070445));
#8214=DIRECTION('ref_axis',(0.,-0.0993843115070445,0.995049123725191));
#8215=DIRECTION('center_axis',(1.,0.,0.));
#8216=DIRECTION('ref_axis',(0.,-0.724462613167005,0.689314095404435));
#8217=DIRECTION('center_axis',(-1.,0.,0.));
#8218=DIRECTION('ref_axis',(0.,-0.724462613167005,0.689314095404435));
#8219=DIRECTION('center_axis',(0.0331281038356934,-0.999451113730057,0.));
#8220=DIRECTION('ref_axis',(0.,0.,1.));
#8221=DIRECTION('center_axis',(0.,0.,-1.));
#8222=DIRECTION('ref_axis',(-1.,0.,0.));
#8223=DIRECTION('center_axis',(1.,0.,0.));
#8224=DIRECTION('ref_axis',(0.,0.,1.));
#8225=DIRECTION('center_axis',(0.,0.,-1.));
#8226=DIRECTION('ref_axis',(0.689314097628194,0.724462611051136,0.));
#8227=DIRECTION('center_axis',(0.,0.,1.));
#8228=DIRECTION('ref_axis',(0.689314097628194,0.724462611051136,0.));
#8229=DIRECTION('center_axis',(1.,0.,0.));
#8230=DIRECTION('ref_axis',(0.,-0.707106781186554,0.707106781186541));
#8231=DIRECTION('',(-1.,0.,0.));
#8232=DIRECTION('center_axis',(0.,0.,1.));
#8233=DIRECTION('ref_axis',(0.,1.,0.));
#8234=DIRECTION('',(1.,0.,0.));
#8235=DIRECTION('',(0.,1.,0.));
#8236=DIRECTION('',(-1.,0.,0.));
#8237=DIRECTION('',(0.,-1.,0.));
#8238=DIRECTION('',(0.,-1.,0.));
#8239=DIRECTION('',(-1.,0.,0.));
#8240=DIRECTION('',(0.,1.,0.));
#8241=DIRECTION('',(1.,0.,0.));
#8242=DIRECTION('center_axis',(0.,0.,-1.));
#8243=DIRECTION('ref_axis',(1.,0.,0.));
#8244=DIRECTION('center_axis',(0.,0.,-1.));
#8245=DIRECTION('ref_axis',(1.,0.,0.));
#8246=DIRECTION('center_axis',(0.,0.,-1.));
#8247=DIRECTION('ref_axis',(1.,0.,0.));
#8248=DIRECTION('center_axis',(0.,0.,-1.));
#8249=DIRECTION('ref_axis',(1.,0.,0.));
#8250=DIRECTION('center_axis',(0.,0.,-1.));
#8251=DIRECTION('ref_axis',(1.,0.,0.));
#8252=DIRECTION('center_axis',(0.,0.,-1.));
#8253=DIRECTION('ref_axis',(1.,0.,0.));
#8254=DIRECTION('center_axis',(0.,0.,-1.));
#8255=DIRECTION('ref_axis',(1.,0.,0.));
#8256=DIRECTION('center_axis',(0.,0.,-1.));
#8257=DIRECTION('ref_axis',(1.,0.,0.));
#8258=DIRECTION('center_axis',(0.,0.,-1.));
#8259=DIRECTION('ref_axis',(1.,0.,0.));
#8260=DIRECTION('center_axis',(0.,0.,-1.));
#8261=DIRECTION('ref_axis',(1.,0.,0.));
#8262=DIRECTION('center_axis',(0.,0.,-1.));
#8263=DIRECTION('ref_axis',(1.,0.,0.));
#8264=DIRECTION('',(-1.,0.,0.));
#8265=DIRECTION('',(0.,1.,0.));
#8266=DIRECTION('',(1.,0.,0.));
#8267=DIRECTION('',(1.,0.,0.));
#8268=DIRECTION('center_axis',(1.,0.,0.));
#8269=DIRECTION('ref_axis',(0.,-0.707106781186552,0.707106781186543));
#8270=DIRECTION('',(1.,0.,0.));
#8271=DIRECTION('center_axis',(0.447213595499958,-0.894427190999916,0.));
#8272=DIRECTION('ref_axis',(-0.894427190999916,-0.447213595499958,0.));
#8273=DIRECTION('center_axis',(0.,1.,0.));
#8274=DIRECTION('ref_axis',(0.,0.,1.));
#8275=DIRECTION('',(0.,0.,-1.));
#8276=DIRECTION('center_axis',(0.,-0.672672793996313,0.739940073395943));
#8277=DIRECTION('ref_axis',(0.,-0.739940073395943,-0.672672793996313));
#8278=DIRECTION('center_axis',(0.,0.739940073395943,-0.672672793996313));
#8279=DIRECTION('ref_axis',(0.,-0.672672793996313,-0.739940073395943));
#8280=DIRECTION('center_axis',(0.,0.,1.));
#8281=DIRECTION('ref_axis',(0.707106781186546,-0.707106781186549,0.));
#8282=DIRECTION('',(0.,0.,-1.));
#8283=DIRECTION('center_axis',(0.,0.707106781186548,-0.707106781186548));
#8284=DIRECTION('ref_axis',(0.,-0.707106781186547,-0.707106781186547));
#8285=DIRECTION('center_axis',(0.,-1.,0.));
#8286=DIRECTION('ref_axis',(0.707106781186547,0.,-0.707106781186548));
#8287=DIRECTION('',(0.,-1.,0.));
#8288=DIRECTION('center_axis',(0.,-1.,0.));
#8289=DIRECTION('ref_axis',(0.707106781186547,0.,-0.707106781186548));
#8290=DIRECTION('',(0.,1.,0.));
#8291=DIRECTION('center_axis',(0.,0.,-1.));
#8292=DIRECTION('ref_axis',(0.707106781186548,-0.707106781186548,0.));
#8293=DIRECTION('center_axis',(0.,0.,1.));
#8294=DIRECTION('ref_axis',(0.707106781186548,-0.707106781186548,0.));
#8295=DIRECTION('center_axis',(0.,0.,1.));
#8296=DIRECTION('ref_axis',(0.,-1.,0.));
#8297=DIRECTION('',(0.,0.,-1.));
#8298=DIRECTION('center_axis',(0.447213595499958,0.894427190999916,0.));
#8299=DIRECTION('ref_axis',(-0.894427190999916,0.447213595499958,0.));
#8300=DIRECTION('center_axis',(-0.894427190999916,-0.447213595499958,0.));
#8301=DIRECTION('ref_axis',(-0.447213595499958,0.894427190999916,0.));
#8302=DIRECTION('center_axis',(0.,-1.,0.));
#8303=DIRECTION('ref_axis',(-0.70710678118654,0.,0.707106781186555));
#8304=DIRECTION('center_axis',(-0.894427190999916,0.447213595499958,0.));
#8305=DIRECTION('ref_axis',(-0.447213595499958,-0.894427190999916,0.));
#8306=DIRECTION('',(0.,-1.,0.));
#8307=DIRECTION('center_axis',(-1.,0.,0.));
#8308=DIRECTION('ref_axis',(0.,0.70710678118654,0.707106781186555));
#8309=DIRECTION('center_axis',(0.,0.,1.));
#8310=DIRECTION('ref_axis',(0.707106781186535,0.70710678118656,0.));
#8311=DIRECTION('',(0.,0.,1.));
#8312=DIRECTION('center_axis',(0.,0.,1.));
#8313=DIRECTION('ref_axis',(1.,0.,0.));
#8314=DIRECTION('center_axis',(1.,0.,0.));
#8315=DIRECTION('ref_axis',(0.,0.,-1.));
#8316=DIRECTION('',(0.,1.,0.));
#8317=DIRECTION('center_axis',(-1.,0.,0.));
#8318=DIRECTION('ref_axis',(0.,0.70710678118654,-0.707106781186555));
#8319=DIRECTION('center_axis',(1.,0.,0.));
#8320=DIRECTION('ref_axis',(0.,0.70710678118654,-0.707106781186555));
#8321=DIRECTION('',(1.,0.,0.));
#8322=DIRECTION('center_axis',(1.,0.,0.));
#8323=DIRECTION('ref_axis',(0.,0.,-1.));
#8324=DIRECTION('center_axis',(0.,0.,-1.));
#8325=DIRECTION('ref_axis',(0.707106781186555,0.70710678118654,0.));
#8326=DIRECTION('center_axis',(2.22044604925031E-15,0.,-1.));
#8327=DIRECTION('ref_axis',(0.,1.,0.));
#8328=DIRECTION('',(0.,0.,1.));
#8329=DIRECTION('center_axis',(-0.408248290463864,-0.40824829046386,-0.816496580927727));
#8330=DIRECTION('ref_axis',(0.577350269189628,0.577350269189623,-0.577350269189626));
#8331=DIRECTION('center_axis',(0.,-1.,0.));
#8332=DIRECTION('ref_axis',(0.707106781186548,0.,-0.707106781186548));
#8333=DIRECTION('center_axis',(0.,0.,-1.));
#8334=DIRECTION('ref_axis',(-1.,0.,0.));
#8335=DIRECTION('',(0.,-1.,0.));
#8336=DIRECTION('',(0.,1.,0.));
#8337=DIRECTION('center_axis',(1.,0.,0.));
#8338=DIRECTION('ref_axis',(0.,1.,0.));
#8339=DIRECTION('',(0.,1.,0.));
#8340=DIRECTION('',(0.,0.,1.));
#8341=DIRECTION('',(0.,-1.,0.));
#8342=DIRECTION('center_axis',(0.,1.,0.));
#8343=DIRECTION('ref_axis',(0.707106781186548,0.,-0.707106781186548));
#8344=DIRECTION('',(0.,1.,0.));
#8345=DIRECTION('center_axis',(1.,0.,0.));
#8346=DIRECTION('ref_axis',(0.,0.,-1.));
#8347=DIRECTION('center_axis',(0.,-1.,0.));
#8348=DIRECTION('ref_axis',(-0.70710678118654,0.,0.707106781186555));
#8349=DIRECTION('center_axis',(0.,0.419370187957991,0.907815314616403));
#8350=DIRECTION('ref_axis',(0.,-0.907815314616403,0.419370187957991));
#8351=DIRECTION('',(0.,-1.,0.));
#8352=DIRECTION('center_axis',(-0.707106781186547,-0.707106781186548,0.));
#8353=DIRECTION('ref_axis',(-0.707106781186548,0.707106781186547,0.));
#8354=DIRECTION('center_axis',(1.,0.,0.));
#8355=DIRECTION('ref_axis',(0.,0.,-1.));
#8356=DIRECTION('',(0.,-0.907815314616403,0.419370187957991));
#8357=DIRECTION('',(0.,0.,1.));
#8358=DIRECTION('',(0.,1.,0.));
#8359=DIRECTION('center_axis',(0.40824829046386,-0.816496580927727,0.408248290463864));
#8360=DIRECTION('ref_axis',(-0.577350269189623,-0.577350269189627,-0.577350269189628));
#8361=DIRECTION('center_axis',(0.,-1.,0.));
#8362=DIRECTION('ref_axis',(-1.,0.,0.));
#8363=DIRECTION('center_axis',(-1.,0.,0.));
#8364=DIRECTION('ref_axis',(0.,-0.707106781186547,-0.707106781186548));
#8365=DIRECTION('center_axis',(0.,0.,-1.));
#8366=DIRECTION('ref_axis',(-0.707106781186546,-0.707106781186549,0.));
#8367=DIRECTION('center_axis',(0.,1.,0.));
#8368=DIRECTION('ref_axis',(-0.707106781186546,0.,-0.707106781186549));
#8369=DIRECTION('',(0.,1.,0.));
#8370=DIRECTION('center_axis',(0.,-1.,0.));
#8371=DIRECTION('ref_axis',(-1.,0.,0.));
#8372=DIRECTION('center_axis',(-0.408248290463862,-0.816496580927725,-0.408248290463866));
#8373=DIRECTION('ref_axis',(-0.577350269189624,0.577350269189624,-0.577350269189629));
#8374=DIRECTION('center_axis',(0.,0.,-1.));
#8375=DIRECTION('ref_axis',(-0.707106781186552,0.707106781186543,0.));
#8376=DIRECTION('center_axis',(-1.,0.,0.));
#8377=DIRECTION('ref_axis',(0.,0.707106781186543,-0.707106781186552));
#8378=DIRECTION('center_axis',(1.,0.,0.));
#8379=DIRECTION('ref_axis',(0.,0.,-1.));
#8380=DIRECTION('',(0.,0.,-1.));
#8381=DIRECTION('',(0.,-1.,0.));
#8382=DIRECTION('',(0.,0.,1.));
#8383=DIRECTION('center_axis',(0.,0.,-1.));
#8384=DIRECTION('ref_axis',(-0.707106781186547,-0.707106781186548,0.));
#8385=DIRECTION('',(0.,0.,1.));
#8386=DIRECTION('center_axis',(0.,0.,-1.));
#8387=DIRECTION('ref_axis',(0.,-1.,0.));
#8388=DIRECTION('center_axis',(-1.,0.,0.));
#8389=DIRECTION('ref_axis',(0.,-0.707106781186547,-0.707106781186548));
#8390=DIRECTION('center_axis',(1.,0.,0.));
#8391=DIRECTION('ref_axis',(0.,-0.707106781186547,-0.707106781186548));
#8392=DIRECTION('',(-1.,0.,0.));
#8393=DIRECTION('center_axis',(-0.816496580927734,0.40824829046386,-0.408248290463851));
#8394=DIRECTION('ref_axis',(0.577350269189617,0.577350269189645,-0.577350269189615));
#8395=DIRECTION('center_axis',(0.,1.,1.77635683940025E-14));
#8396=DIRECTION('ref_axis',(1.,0.,0.));
#8397=DIRECTION('center_axis',(1.,0.,0.));
#8398=DIRECTION('ref_axis',(0.,0.707106781186543,-0.707106781186552));
#8399=DIRECTION('center_axis',(0.,0.,-1.));
#8400=DIRECTION('ref_axis',(0.70710678118653,0.707106781186565,0.));
#8401=DIRECTION('center_axis',(0.,-1.,0.));
#8402=DIRECTION('ref_axis',(0.70710678118654,0.,-0.707106781186555));
#8403=DIRECTION('',(0.,-1.,0.));
#8404=DIRECTION('center_axis',(0.,1.,0.));
#8405=DIRECTION('ref_axis',(1.,0.,0.));
#8406=DIRECTION('center_axis',(-0.40824829046386,-0.816496580927727,0.408248290463864));
#8407=DIRECTION('ref_axis',(0.577350269189623,-0.577350269189627,-0.577350269189628));
#8408=DIRECTION('center_axis',(0.,0.,-1.));
#8409=DIRECTION('ref_axis',(0.707106781186543,-0.707106781186552,0.));
#8410=DIRECTION('center_axis',(-1.,0.,0.));
#8411=DIRECTION('ref_axis',(0.,0.,1.));
#8412=DIRECTION('',(0.,0.,-1.));
#8413=DIRECTION('',(0.,1.,0.));
#8414=DIRECTION('',(0.,0.,1.));
#8415=DIRECTION('center_axis',(-1.,0.,0.));
#8416=DIRECTION('ref_axis',(0.,1.,0.));
#8417=DIRECTION('center_axis',(0.,0.,-1.));
#8418=DIRECTION('ref_axis',(0.707106781186535,0.70710678118656,0.));
#8419=DIRECTION('',(0.,0.,1.));
#8420=DIRECTION('center_axis',(0.,0.,-1.));
#8421=DIRECTION('ref_axis',(0.,1.,0.));
#8422=DIRECTION('center_axis',(1.,0.,0.));
#8423=DIRECTION('ref_axis',(0.,0.70710678118654,-0.707106781186555));
#8424=DIRECTION('center_axis',(-0.707106781186549,0.,0.707106781186546));
#8425=DIRECTION('ref_axis',(-0.707106781186546,-4.90653893338679E-17,-0.707106781186549));
#8426=DIRECTION('',(1.,0.,0.));
#8427=DIRECTION('center_axis',(0.,-1.,0.));
#8428=DIRECTION('ref_axis',(0.707106781186548,0.,-0.707106781186547));
#8429=DIRECTION('center_axis',(0.707106781186548,0.707106781186548,0.));
#8430=DIRECTION('ref_axis',(0.707106781186548,-0.707106781186548,0.));
#8431=DIRECTION('',(0.,-1.,0.));
#8432=DIRECTION('center_axis',(0.707106781186548,-0.707106781186547,0.));
#8433=DIRECTION('ref_axis',(0.707106781186547,0.707106781186548,1.47196168001604E-16));
#8434=DIRECTION('center_axis',(-1.,0.,-7.40148683083438E-16));
#8435=DIRECTION('ref_axis',(0.,-1.,0.));
#8436=DIRECTION('',(-7.40148683083438E-16,0.,1.));
#8437=DIRECTION('',(0.,-1.,0.));
#8438=DIRECTION('',(-7.40148683083438E-16,0.,1.));
#8439=DIRECTION('center_axis',(1.,0.,0.));
#8440=DIRECTION('ref_axis',(0.,0.707106781186546,-0.707106781186549));
#8441=DIRECTION('',(1.,0.,0.));
#8442=DIRECTION('center_axis',(0.707106781186552,0.707106781186543,0.));
#8443=DIRECTION('ref_axis',(-0.707106781186543,0.707106781186552,0.));
#8444=DIRECTION('center_axis',(0.,-1.,0.));
#8445=DIRECTION('ref_axis',(1.,0.,5.9211894646675E-16));
#8446=DIRECTION('',(1.,0.,0.));
#8447=DIRECTION('',(0.,0.,-1.));
#8448=DIRECTION('',(1.,0.,0.));
#8449=DIRECTION('',(0.,0.,1.));
#8450=DIRECTION('',(1.,0.,0.));
#8451=DIRECTION('',(0.,0.,-1.));
#8452=DIRECTION('',(1.,0.,0.));
#8453=DIRECTION('',(-7.40148683083438E-16,0.,1.));
#8454=DIRECTION('center_axis',(-4.38256058456118E-31,1.,0.));
#8455=DIRECTION('ref_axis',(-0.707106781186546,0.,-0.707106781186549));
#8456=DIRECTION('',(-4.38256058456118E-31,1.,0.));
#8457=DIRECTION('center_axis',(-0.707106781186548,0.707106781186548,0.));
#8458=DIRECTION('ref_axis',(-0.707106781186547,-0.707106781186547,0.));
#8459=DIRECTION('center_axis',(1.,4.38256058456118E-31,7.40148683083438E-16));
#8460=DIRECTION('ref_axis',(-2.62743462060903E-46,1.,-5.9211894646675E-16));
#8461=DIRECTION('',(-4.38256058456118E-31,1.,0.));
#8462=DIRECTION('',(0.,0.,1.));
#8463=DIRECTION('',(-4.38256058456118E-31,1.,0.));
#8464=DIRECTION('',(0.,0.,-1.));
#8465=DIRECTION('',(-4.38256058456118E-31,1.,0.));
#8466=DIRECTION('',(-7.40148683083438E-16,0.,1.));
#8467=DIRECTION('center_axis',(1.,4.38256058456118E-31,7.40148683083438E-16));
#8468=DIRECTION('ref_axis',(-4.38256058456118E-31,1.,-3.24374644519634E-46));
#8469=DIRECTION('center_axis',(-1.,0.,0.));
#8470=DIRECTION('ref_axis',(0.,-0.70710678118654,-0.707106781186555));
#8471=DIRECTION('',(-1.,0.,0.));
#8472=DIRECTION('center_axis',(0.,1.,0.));
#8473=DIRECTION('ref_axis',(-1.,0.,0.));
#8474=DIRECTION('',(-1.,0.,0.));
#8475=DIRECTION('',(0.,0.,1.));
#8476=DIRECTION('',(-1.,0.,0.));
#8477=DIRECTION('',(0.,0.,-1.));
#8478=DIRECTION('',(-1.,0.,0.));
#8479=DIRECTION('',(0.,0.,1.));
#8480=DIRECTION('',(-1.,0.,0.));
#8481=DIRECTION('center_axis',(0.,0.,-1.));
#8482=DIRECTION('ref_axis',(0.707106781186544,0.707106781186551,0.));
#8483=DIRECTION('',(0.,0.,-1.));
#8484=DIRECTION('center_axis',(0.707106781186549,0.,0.707106781186547));
#8485=DIRECTION('ref_axis',(0.707106781186546,4.90653893338679E-17,-0.707106781186549));
#8486=DIRECTION('',(0.,0.,1.));
#8487=DIRECTION('center_axis',(-0.707106781186547,0.,-0.707106781186548));
#8488=DIRECTION('ref_axis',(-0.707106781186548,0.,0.707106781186547));
#8489=DIRECTION('center_axis',(-1.,0.,0.));
#8490=DIRECTION('ref_axis',(0.,0.707106781186553,-0.707106781186542));
#8491=DIRECTION('',(1.,0.,0.));
#8492=DIRECTION('center_axis',(-0.707106781186549,0.,0.707106781186546));
#8493=DIRECTION('ref_axis',(0.707106781186546,0.,0.707106781186549));
#8494=DIRECTION('',(-1.,0.,0.));
#8495=DIRECTION('center_axis',(0.,0.,1.));
#8496=DIRECTION('ref_axis',(-0.707106781186541,0.707106781186554,0.));
#8497=DIRECTION('',(0.,0.,-1.));
#8498=DIRECTION('',(0.,0.,1.));
#8499=DIRECTION('center_axis',(-1.,0.,0.));
#8500=DIRECTION('ref_axis',(0.,0.70710678118654,0.707106781186555));
#8501=DIRECTION('center_axis',(-1.,0.,0.));
#8502=DIRECTION('ref_axis',(0.,0.,1.));
#8503=DIRECTION('',(-1.,0.,0.));
#8504=DIRECTION('center_axis',(1.,0.,0.));
#8505=DIRECTION('ref_axis',(0.,1.,0.));
#8506=DIRECTION('center_axis',(-0.816496580927734,0.40824829046386,0.408248290463851));
#8507=DIRECTION('ref_axis',(0.577350269189617,0.577350269189645,0.577350269189615));
#8508=DIRECTION('center_axis',(0.,1.,0.));
#8509=DIRECTION('ref_axis',(0.707106781186543,0.,0.707106781186552));
#8510=DIRECTION('center_axis',(1.,0.,0.));
#8511=DIRECTION('ref_axis',(0.,0.70710678118654,-0.707106781186555));
#8512=DIRECTION('',(1.,0.,0.));
#8513=DIRECTION('center_axis',(0.,0.,-1.));
#8514=DIRECTION('ref_axis',(-0.707106781186554,0.707106781186541,0.));
#8515=DIRECTION('center_axis',(0.,0.,-1.));
#8516=DIRECTION('ref_axis',(-1.,0.,0.));
#8517=DIRECTION('',(0.,0.,-1.));
#8518=DIRECTION('center_axis',(-0.408248290463862,-0.816496580927725,0.408248290463866));
#8519=DIRECTION('ref_axis',(-0.577350269189624,0.577350269189624,0.577350269189629));
#8520=DIRECTION('center_axis',(0.,1.,0.));
#8521=DIRECTION('ref_axis',(-0.707106781186546,0.,0.707106781186549));
#8522=DIRECTION('center_axis',(0.,1.,0.));
#8523=DIRECTION('ref_axis',(0.70710678118654,0.,0.707106781186555));
#8524=DIRECTION('center_axis',(0.,-1.,0.));
#8525=DIRECTION('ref_axis',(0.707106781186543,0.,0.707106781186552));
#8526=DIRECTION('center_axis',(0.,-1.,0.));
#8527=DIRECTION('ref_axis',(-0.707106781186546,0.,0.707106781186549));
#8528=DIRECTION('center_axis',(0.,-1.,0.));
#8529=DIRECTION('ref_axis',(-0.707106781186546,0.,0.707106781186549));
#8530=DIRECTION('center_axis',(0.,0.,-1.));
#8531=DIRECTION('ref_axis',(0.70710678118654,-0.707106781186555,0.));
#8532=DIRECTION('center_axis',(0.,0.,-1.));
#8533=DIRECTION('ref_axis',(1.,0.,0.));
#8534=DIRECTION('',(0.,0.,-1.));
#8535=DIRECTION('center_axis',(1.,0.,0.));
#8536=DIRECTION('ref_axis',(0.,-0.707106781186547,0.707106781186548));
#8537=DIRECTION('center_axis',(1.,0.,0.));
#8538=DIRECTION('ref_axis',(0.,0.,1.));
#8539=DIRECTION('',(1.,0.,0.));
#8540=DIRECTION('center_axis',(-1.,0.,0.));
#8541=DIRECTION('ref_axis',(0.,-1.,0.));
#8542=DIRECTION('center_axis',(0.40824829046386,-0.816496580927727,-0.408248290463864));
#8543=DIRECTION('ref_axis',(-0.577350269189623,-0.577350269189627,0.577350269189627));
#8544=DIRECTION('center_axis',(-0.40824829046386,-0.816496580927727,-0.408248290463864));
#8545=DIRECTION('ref_axis',(0.577350269189623,-0.577350269189627,0.577350269189627));
#8546=DIRECTION('center_axis',(0.,1.,0.));
#8547=DIRECTION('ref_axis',(0.,0.,-1.));
#8548=DIRECTION('center_axis',(0.,-1.,0.));
#8549=DIRECTION('ref_axis',(0.,0.,1.));
#8550=DIRECTION('center_axis',(0.,-1.,0.));
#8551=DIRECTION('ref_axis',(0.,0.,-1.));
#8552=DIRECTION('center_axis',(0.,0.,-1.));
#8553=DIRECTION('ref_axis',(-1.,0.,0.));
#8554=DIRECTION('center_axis',(0.824434350012501,-0.565957597810529,0.));
#8555=DIRECTION('ref_axis',(0.565957597810529,0.824434350012501,0.));
#8556=DIRECTION('center_axis',(0.,0.,1.));
#8557=DIRECTION('ref_axis',(-0.366885364187504,-0.930266160593302,0.));
#8558=DIRECTION('center_axis',(0.,0.,-1.));
#8559=DIRECTION('ref_axis',(-0.366885364187504,-0.930266160593302,0.));
#8560=DIRECTION('center_axis',(0.,0.,-1.));
#8561=DIRECTION('ref_axis',(-1.,0.,0.));
#8562=DIRECTION('center_axis',(0.,1.,0.));
#8563=DIRECTION('ref_axis',(-1.,0.,0.));
#8564=DIRECTION('center_axis',(0.,0.,-1.));
#8565=DIRECTION('ref_axis',(-0.46585534352923,0.884860892403582,0.));
#8566=DIRECTION('center_axis',(0.,0.,1.));
#8567=DIRECTION('ref_axis',(-0.46585534352923,0.884860892403582,0.));
#8568=DIRECTION('center_axis',(0.,-1.,0.));
#8569=DIRECTION('ref_axis',(-0.707106781186548,0.,0.707106781186548));
#8570=DIRECTION('center_axis',(0.,1.,0.));
#8571=DIRECTION('ref_axis',(-1.,0.,0.));
#8572=DIRECTION('',(0.,1.,0.));
#8573=DIRECTION('',(0.,-1.,0.));
#8574=DIRECTION('center_axis',(-1.,0.,0.));
#8575=DIRECTION('ref_axis',(0.,-0.419370187957974,-0.907815314616411));
#8576=DIRECTION('center_axis',(0.,0.,-1.));
#8577=DIRECTION('ref_axis',(5.06080911426458E-17,-1.,0.));
#8578=DIRECTION('center_axis',(0.215137310952735,-0.976583809734744,0.));
#8579=DIRECTION('ref_axis',(0.,0.,1.));
#8580=DIRECTION('center_axis',(0.,-0.2416439580707,0.970364981606368));
#8581=DIRECTION('ref_axis',(0.,-0.970364981606367,-0.2416439580707));
#8582=DIRECTION('center_axis',(1.,0.,0.));
#8583=DIRECTION('ref_axis',(0.,-0.976681963234805,0.214691272975423));
#8584=DIRECTION('',(1.,0.,0.));
#8585=DIRECTION('',(-1.,0.,0.));
#8586=DIRECTION('',(1.,0.,0.));
#8587=DIRECTION('center_axis',(0.,0.,-1.));
#8588=DIRECTION('ref_axis',(1.,0.,0.));
#8589=DIRECTION('center_axis',(0.,0.,-1.));
#8590=DIRECTION('ref_axis',(1.,0.,0.));
#8591=DIRECTION('',(0.,0.,1.));
#8592=DIRECTION('center_axis',(0.,0.,-1.));
#8593=DIRECTION('ref_axis',(1.,0.,0.));
#8594=DIRECTION('',(0.,0.,-1.));
#8595=DIRECTION('center_axis',(0.,0.,-1.));
#8596=DIRECTION('ref_axis',(1.,0.,0.));
#8597=DIRECTION('',(0.,0.,-1.));
#8598=DIRECTION('center_axis',(0.,0.,1.));
#8599=DIRECTION('ref_axis',(1.,0.,0.));
#8600=DIRECTION('',(0.,0.,1.));
#8601=DIRECTION('center_axis',(0.,0.,-1.));
#8602=DIRECTION('ref_axis',(1.,0.,0.));
#8603=DIRECTION('',(0.,0.,-1.));
#8604=DIRECTION('center_axis',(0.,0.,-1.));
#8605=DIRECTION('ref_axis',(1.,0.,0.));
#8606=DIRECTION('',(0.,0.,1.));
#8607=DIRECTION('center_axis',(0.,-0.419370187957991,-0.907815314616403));
#8608=DIRECTION('ref_axis',(0.,-0.907815314616403,0.419370187957991));
#8609=DIRECTION('center_axis',(0.,-0.419370187957991,-0.907815314616403));
#8610=DIRECTION('ref_axis',(0.,-0.907815314616403,0.419370187957991));
#8611=DIRECTION('',(0.,0.,-1.));
#8612=DIRECTION('center_axis',(0.,0.,-1.));
#8613=DIRECTION('ref_axis',(1.,0.,0.));
#8614=DIRECTION('center_axis',(0.,0.419370187957991,0.907815314616403));
#8615=DIRECTION('ref_axis',(0.,-0.907815314616403,0.419370187957991));
#8616=DIRECTION('',(0.,-0.907815314616403,0.419370187957991));
#8617=DIRECTION('',(1.,0.,0.));
#8618=DIRECTION('center_axis',(0.,0.419370187957991,0.907815314616403));
#8619=DIRECTION('ref_axis',(0.,-0.907815314616403,0.419370187957991));
#8620=DIRECTION('',(1.,0.,0.));
#8621=DIRECTION('center_axis',(0.,-0.907815314616403,0.419370187957991));
#8622=DIRECTION('ref_axis',(-0.707106781186549,-0.296539503732572,-0.641922365030256));
#8623=DIRECTION('center_axis',(0.,-0.907815314616401,0.419370187957995));
#8624=DIRECTION('ref_axis',(-1.,0.,0.));
#8625=DIRECTION('center_axis',(0.,1.,0.));
#8626=DIRECTION('ref_axis',(0.707106781186548,0.,0.707106781186548));
#8627=DIRECTION('',(0.,1.,0.));
#8628=DIRECTION('center_axis',(0.,1.,0.));
#8629=DIRECTION('ref_axis',(0.707106781186548,0.,0.707106781186548));
#8630=DIRECTION('',(0.,-1.,0.));
#8631=DIRECTION('center_axis',(1.,0.,0.));
#8632=DIRECTION('ref_axis',(0.,1.,0.));
#8633=DIRECTION('',(0.,1.,0.));
#8634=DIRECTION('',(0.,0.,1.));
#8635=DIRECTION('center_axis',(0.,0.,1.));
#8636=DIRECTION('ref_axis',(0.707106781186548,-0.707106781186547,0.));
#8637=DIRECTION('center_axis',(0.,0.,-1.));
#8638=DIRECTION('ref_axis',(1.,0.,0.));
#8639=DIRECTION('',(0.,0.,-1.));
#8640=DIRECTION('center_axis',(0.,0.,-1.));
#8641=DIRECTION('ref_axis',(0.707106781186548,-0.707106781186547,0.));
#8642=DIRECTION('center_axis',(0.,1.,0.));
#8643=DIRECTION('ref_axis',(0.707106781186548,0.,0.707106781186548));
#8644=DIRECTION('center_axis',(0.,1.,0.));
#8645=DIRECTION('ref_axis',(0.,0.,1.));
#8646=DIRECTION('',(0.,-1.,0.));
#8647=DIRECTION('center_axis',(-0.408248290463862,-0.816496580927727,-0.408248290463863));
#8648=DIRECTION('ref_axis',(0.577350269189627,-0.577350269189623,0.577350269189627));
#8649=DIRECTION('center_axis',(1.,0.,0.));
#8650=DIRECTION('ref_axis',(0.,-0.707106781186546,0.707106781186549));
#8651=DIRECTION('center_axis',(0.,-1.,0.));
#8652=DIRECTION('ref_axis',(1.,0.,0.));
#8653=DIRECTION('',(1.,0.,0.));
#8654=DIRECTION('',(-1.,0.,0.));
#8655=DIRECTION('center_axis',(1.,0.,0.));
#8656=DIRECTION('ref_axis',(0.,-0.707106781186547,0.707106781186548));
#8657=DIRECTION('',(-1.,0.,0.));
#8658=DIRECTION('center_axis',(0.,0.,1.));
#8659=DIRECTION('ref_axis',(1.,0.,0.));
#8660=DIRECTION('center_axis',(-1.,0.,0.));
#8661=DIRECTION('ref_axis',(0.,0.707106781186548,0.707106781186548));
#8662=DIRECTION('',(-1.,0.,0.));
#8663=DIRECTION('center_axis',(-0.707106781186546,0.707106781186549,0.));
#8664=DIRECTION('ref_axis',(0.707106781186549,0.707106781186546,0.));
#8665=DIRECTION('center_axis',(0.,0.,1.));
#8666=DIRECTION('ref_axis',(0.,1.,0.));
#8667=DIRECTION('center_axis',(0.,0.,-1.));
#8668=DIRECTION('ref_axis',(1.,0.,0.));
#8669=DIRECTION('center_axis',(0.,0.,-1.));
#8670=DIRECTION('ref_axis',(1.,0.,0.));
#8671=DIRECTION('center_axis',(0.,0.,-1.));
#8672=DIRECTION('ref_axis',(1.,0.,0.));
#8673=DIRECTION('center_axis',(-1.,0.,0.));
#8674=DIRECTION('ref_axis',(0.,0.707106781186548,0.707106781186548));
#8675=DIRECTION('center_axis',(0.,-1.,0.));
#8676=DIRECTION('ref_axis',(1.,0.,0.));
#8677=DIRECTION('',(0.,0.,-1.));
#8678=DIRECTION('',(1.,0.,0.));
#8679=DIRECTION('center_axis',(0.,1.,0.));
#8680=DIRECTION('ref_axis',(0.707106781186549,0.,0.707106781186546));
#8681=DIRECTION('',(0.,1.,0.));
#8682=DIRECTION('center_axis',(-1.,0.,0.));
#8683=DIRECTION('ref_axis',(0.,0.,1.));
#8684=DIRECTION('center_axis',(1.,0.,0.));
#8685=DIRECTION('ref_axis',(0.,-0.70710678118655,0.707106781186545));
#8686=DIRECTION('',(1.,0.,0.));
#8687=DIRECTION('',(-1.,0.,0.));
#8688=DIRECTION('center_axis',(0.,1.,0.));
#8689=DIRECTION('ref_axis',(0.,0.,1.));
#8690=DIRECTION('center_axis',(0.,1.,0.));
#8691=DIRECTION('ref_axis',(0.,0.,-1.));
#8692=DIRECTION('',(0.,0.,1.));
#8693=DIRECTION('',(-1.,0.,0.));
#8694=DIRECTION('',(1.,0.,0.));
#8695=DIRECTION('center_axis',(0.,0.,-1.));
#8696=DIRECTION('ref_axis',(7.27366154732462E-16,-1.,0.));
#8697=DIRECTION('center_axis',(0.,0.,-1.));
#8698=DIRECTION('ref_axis',(1.,0.,0.));
#8699=DIRECTION('center_axis',(0.,0.,-1.));
#8700=DIRECTION('ref_axis',(1.,0.,0.));
#8701=DIRECTION('',(0.,0.,-1.));
#8702=DIRECTION('center_axis',(0.,0.,-1.));
#8703=DIRECTION('ref_axis',(1.,0.,0.));
#8704=DIRECTION('',(0.,0.,1.));
#8705=DIRECTION('center_axis',(-1.,0.,0.));
#8706=DIRECTION('ref_axis',(0.,0.70710678118654,0.707106781186555));
#8707=DIRECTION('',(1.,0.,0.));
#8708=DIRECTION('center_axis',(-1.,0.,0.));
#8709=DIRECTION('ref_axis',(0.,0.70710678118654,0.707106781186555));
#8710=DIRECTION('center_axis',(1.,0.,0.));
#8711=DIRECTION('ref_axis',(0.,1.,0.));
#8712=DIRECTION('',(1.,0.,0.));
#8713=DIRECTION('center_axis',(-0.408248290463859,-0.81649658092773,0.408248290463858));
#8714=DIRECTION('ref_axis',(-0.577350269189628,0.577350269189622,0.577350269189627));
#8715=DIRECTION('center_axis',(0.,0.,1.));
#8716=DIRECTION('ref_axis',(-0.707106781186552,0.707106781186543,0.));
#8717=DIRECTION('center_axis',(0.,1.,0.));
#8718=DIRECTION('ref_axis',(-0.707106781186547,0.,0.707106781186548));
#8719=DIRECTION('center_axis',(0.,-1.,0.));
#8720=DIRECTION('ref_axis',(-0.707106781186548,0.,0.707106781186548));
#8721=DIRECTION('',(0.,-1.,0.));
#8722=DIRECTION('center_axis',(0.,0.707106781186549,0.707106781186546));
#8723=DIRECTION('ref_axis',(0.,0.707106781186546,-0.707106781186549));
#8724=DIRECTION('',(0.,1.,0.));
#8725=DIRECTION('center_axis',(0.,0.,-1.));
#8726=DIRECTION('ref_axis',(-0.707106781186555,0.70710678118654,0.));
#8727=DIRECTION('center_axis',(0.,0.,-1.));
#8728=DIRECTION('ref_axis',(-0.707106781186548,0.707106781186547,0.));
#8729=DIRECTION('',(0.,0.,1.));
#8730=DIRECTION('center_axis',(0.,0.,1.));
#8731=DIRECTION('ref_axis',(1.,0.,0.));
#8732=DIRECTION('center_axis',(0.,1.,0.));
#8733=DIRECTION('ref_axis',(0.707106781186548,0.,-0.707106781186548));
#8734=DIRECTION('',(0.,1.,0.));
#8735=DIRECTION('center_axis',(0.,1.,0.));
#8736=DIRECTION('ref_axis',(1.,0.,0.));
#8737=DIRECTION('center_axis',(0.,0.,1.));
#8738=DIRECTION('ref_axis',(1.,0.,0.));
#8739=DIRECTION('center_axis',(1.,0.,0.));
#8740=DIRECTION('ref_axis',(0.,0.,-1.));
#8741=DIRECTION('',(0.,0.,1.));
#8742=DIRECTION('',(0.,-1.,0.));
#8743=DIRECTION('',(0.,0.,-1.));
#8744=DIRECTION('',(0.,0.,-1.));
#8745=DIRECTION('',(0.,-1.,0.));
#8746=DIRECTION('',(0.,0.,1.));
#8747=DIRECTION('',(0.,0.,1.));
#8748=DIRECTION('',(0.,-1.,0.));
#8749=DIRECTION('',(0.,0.,-1.));
#8750=DIRECTION('center_axis',(-1.,0.,0.));
#8751=DIRECTION('ref_axis',(0.,-0.419370187957994,-0.907815314616402));
#8752=DIRECTION('center_axis',(0.,0.,-1.));
#8753=DIRECTION('ref_axis',(-0.999578190212456,0.0290420669304279,0.));
#8754=DIRECTION('center_axis',(0.,0.,-1.));
#8755=DIRECTION('ref_axis',(1.,0.,0.));
#8756=DIRECTION('center_axis',(0.,0.,1.));
#8757=DIRECTION('ref_axis',(-0.465855343529235,0.884860892403579,0.));
#8758=DIRECTION('',(0.,0.,1.));
#8759=DIRECTION('center_axis',(0.,0.,1.));
#8760=DIRECTION('ref_axis',(-0.465855343529235,0.884860892403579,0.));
#8761=DIRECTION('',(0.,0.,-1.));
#8762=DIRECTION('center_axis',(0.,0.,1.));
#8763=DIRECTION('ref_axis',(-0.465855343529235,0.884860892403579,0.));
#8764=DIRECTION('center_axis',(0.,0.707106781186549,-0.707106781186546));
#8765=DIRECTION('ref_axis',(0.,0.707106781186546,0.707106781186549));
#8766=DIRECTION('center_axis',(0.,0.,-1.));
#8767=DIRECTION('ref_axis',(-0.999578190212456,-0.0290420669304279,0.));
#8768=DIRECTION('center_axis',(0.,0.,-1.));
#8769=DIRECTION('ref_axis',(1.,0.,0.));
#8770=DIRECTION('center_axis',(0.,0.,-1.));
#8771=DIRECTION('ref_axis',(-0.465855343529233,-0.88486089240358,0.));
#8772=DIRECTION('center_axis',(0.,0.707106781186549,0.707106781186546));
#8773=DIRECTION('ref_axis',(0.,-0.707106781186546,0.707106781186549));
#8774=DIRECTION('center_axis',(0.,0.,1.));
#8775=DIRECTION('ref_axis',(-0.465855343529233,-0.88486089240358,0.));
#8776=DIRECTION('',(0.,0.,1.));
#8777=DIRECTION('center_axis',(0.,0.,1.));
#8778=DIRECTION('ref_axis',(-0.465855343529233,-0.88486089240358,0.));
#8779=DIRECTION('',(0.,0.,-1.));
#8780=DIRECTION('center_axis',(0.,0.,1.));
#8781=DIRECTION('ref_axis',(-0.999578190212456,0.0290420669304279,0.));
#8782=DIRECTION('',(0.,0.,-1.));
#8783=DIRECTION('center_axis',(0.,0.707106781186196,-0.707106781186899));
#8784=DIRECTION('ref_axis',(0.,-0.707106781186899,-0.707106781186196));
#8785=DIRECTION('center_axis',(0.,-1.,0.));
#8786=DIRECTION('ref_axis',(-0.707106781186549,0.,0.707106781186546));
#8787=DIRECTION('center_axis',(0.,0.707106781186196,0.707106781186899));
#8788=DIRECTION('ref_axis',(0.,0.707106781186899,-0.707106781186196));
#8789=DIRECTION('',(0.,1.,0.));
#8790=DIRECTION('center_axis',(0.,0.,-1.));
#8791=DIRECTION('ref_axis',(-0.999578190212456,-0.0290420669304279,0.));
#8792=DIRECTION('',(0.,0.,1.));
#8793=DIRECTION('center_axis',(0.,0.,1.));
#8794=DIRECTION('ref_axis',(1.,0.,0.));
#8795=DIRECTION('center_axis',(0.,0.,1.));
#8796=DIRECTION('ref_axis',(1.,0.,0.));
#8797=DIRECTION('center_axis',(0.,0.,1.));
#8798=DIRECTION('ref_axis',(1.,0.,0.));
#8799=DIRECTION('center_axis',(0.,0.,-1.));
#8800=DIRECTION('ref_axis',(1.,0.,0.));
#8801=DIRECTION('',(0.,0.,-1.));
#8802=DIRECTION('',(0.,0.,1.));
#8803=DIRECTION('center_axis',(0.,0.,-1.));
#8804=DIRECTION('ref_axis',(1.,0.,0.));
#8805=DIRECTION('',(0.,0.,1.));
#8806=DIRECTION('center_axis',(0.,0.,1.));
#8807=DIRECTION('ref_axis',(1.,0.,0.));
#8808=DIRECTION('',(0.,0.,-1.));
#8809=DIRECTION('center_axis',(0.,0.,1.));
#8810=DIRECTION('ref_axis',(1.,0.,0.));
#8811=DIRECTION('',(0.,0.,1.));
#8812=DIRECTION('center_axis',(0.,0.,1.));
#8813=DIRECTION('ref_axis',(1.,0.,0.));
#8814=DIRECTION('',(0.,0.,-1.));
#8815=DIRECTION('center_axis',(0.,0.,-1.));
#8816=DIRECTION('ref_axis',(1.,0.,0.));
#8817=DIRECTION('',(0.,0.,-1.));
#8818=DIRECTION('',(0.,0.,1.));
#8819=DIRECTION('center_axis',(0.,0.,1.));
#8820=DIRECTION('ref_axis',(1.,0.,0.));
#8821=DIRECTION('',(0.,0.,-1.));
#8822=DIRECTION('',(0.,0.,1.));
#8823=DIRECTION('',(0.,0.,1.));
#8824=DIRECTION('center_axis',(0.,0.,1.));
#8825=DIRECTION('ref_axis',(1.,0.,0.));
#8826=DIRECTION('',(0.,0.,-1.));
#8827=DIRECTION('',(0.,0.,-1.));
#8828=DIRECTION('',(0.,0.,1.));
#8829=DIRECTION('center_axis',(0.,0.,-1.));
#8830=DIRECTION('ref_axis',(1.,0.,0.));
#8831=DIRECTION('',(0.,0.,1.));
#8832=DIRECTION('center_axis',(0.,0.,1.));
#8833=DIRECTION('ref_axis',(1.,0.,0.));
#8834=DIRECTION('',(0.,0.,-1.));
#8835=DIRECTION('center_axis',(0.,0.,1.));
#8836=DIRECTION('ref_axis',(1.,0.,0.));
#8837=DIRECTION('center_axis',(0.,0.,-1.));
#8838=DIRECTION('ref_axis',(1.,0.,0.));
#8839=DIRECTION('',(0.,0.,1.));
#8840=DIRECTION('center_axis',(0.,0.,1.));
#8841=DIRECTION('ref_axis',(1.,0.,0.));
#8842=DIRECTION('',(0.,0.,-1.));
#8843=DIRECTION('center_axis',(0.,0.,-1.));
#8844=DIRECTION('ref_axis',(1.,0.,0.));
#8845=DIRECTION('',(0.,0.,-1.));
#8846=DIRECTION('center_axis',(0.,0.,-1.));
#8847=DIRECTION('ref_axis',(1.,0.,0.));
#8848=DIRECTION('',(0.,0.,1.));
#8849=DIRECTION('center_axis',(0.,0.,-1.));
#8850=DIRECTION('ref_axis',(1.,0.,0.));
#8851=DIRECTION('center_axis',(0.,0.,1.));
#8852=DIRECTION('ref_axis',(-0.465855343529233,0.88486089240358,0.));
#8853=DIRECTION('',(0.,0.,-1.));
#8854=DIRECTION('center_axis',(0.,0.,1.));
#8855=DIRECTION('ref_axis',(-0.465855343529233,0.88486089240358,0.));
#8856=DIRECTION('center_axis',(0.,-0.707106781186549,0.707106781186546));
#8857=DIRECTION('ref_axis',(0.,-0.707106781186546,-0.707106781186549));
#8858=DIRECTION('center_axis',(0.,-1.,0.));
#8859=DIRECTION('ref_axis',(-0.707106781186547,0.,0.707106781186548));
#8860=DIRECTION('',(0.,1.,0.));
#8861=DIRECTION('center_axis',(0.,0.,-1.));
#8862=DIRECTION('ref_axis',(1.,0.,0.));
#8863=DIRECTION('center_axis',(0.,0.,-1.));
#8864=DIRECTION('ref_axis',(1.,0.,0.));
#8865=DIRECTION('center_axis',(0.,0.,-1.));
#8866=DIRECTION('ref_axis',(1.,0.,0.));
#8867=DIRECTION('center_axis',(0.,0.,-1.));
#8868=DIRECTION('ref_axis',(1.,0.,0.));
#8869=DIRECTION('',(0.,0.,-1.));
#8870=DIRECTION('center_axis',(0.,0.,1.));
#8871=DIRECTION('ref_axis',(1.,0.,0.));
#8872=DIRECTION('',(0.,0.,1.));
#8873=DIRECTION('center_axis',(0.,0.,-1.));
#8874=DIRECTION('ref_axis',(1.,0.,0.));
#8875=DIRECTION('center_axis',(0.,0.,-1.));
#8876=DIRECTION('ref_axis',(-0.465855343529235,-0.884860892403579,0.));
#8877=DIRECTION('',(0.,0.,1.));
#8878=DIRECTION('center_axis',(0.,0.,-1.));
#8879=DIRECTION('ref_axis',(-0.465855343529235,-0.884860892403579,0.));
#8880=DIRECTION('center_axis',(0.,0.707106781186549,0.707106781186546));
#8881=DIRECTION('ref_axis',(0.,-0.707106781186546,0.707106781186549));
#8882=DIRECTION('center_axis',(0.,0.,1.));
#8883=DIRECTION('ref_axis',(-0.465855343529235,-0.884860892403579,0.));
#8884=DIRECTION('center_axis',(0.,-1.,0.));
#8885=DIRECTION('ref_axis',(-0.707106781186547,0.,0.707106781186548));
#8886=DIRECTION('',(0.,1.,0.));
#8887=DIRECTION('center_axis',(0.,0.,1.));
#8888=DIRECTION('ref_axis',(0.,1.,0.));
#8889=DIRECTION('center_axis',(0.,0.,-1.));
#8890=DIRECTION('ref_axis',(1.,0.,0.));
#8891=DIRECTION('center_axis',(0.,0.,-1.));
#8892=DIRECTION('ref_axis',(1.,0.,0.));
#8893=DIRECTION('center_axis',(0.,0.,-1.));
#8894=DIRECTION('ref_axis',(1.,0.,0.));
#8895=DIRECTION('center_axis',(0.,0.,-1.));
#8896=DIRECTION('ref_axis',(1.,0.,0.));
#8897=DIRECTION('center_axis',(0.,0.,-1.));
#8898=DIRECTION('ref_axis',(1.,0.,0.));
#8899=DIRECTION('center_axis',(0.,0.,-1.));
#8900=DIRECTION('ref_axis',(1.,0.,0.));
#8901=DIRECTION('',(0.,0.,-1.));
#8902=DIRECTION('center_axis',(0.,0.,1.));
#8903=DIRECTION('ref_axis',(1.,0.,0.));
#8904=DIRECTION('',(0.,0.,1.));
#8905=DIRECTION('center_axis',(0.,0.,-1.));
#8906=DIRECTION('ref_axis',(1.,0.,0.));
#8907=DIRECTION('center_axis',(0.,1.,0.));
#8908=DIRECTION('ref_axis',(-1.,0.,0.));
#8909=DIRECTION('center_axis',(0.,1.,0.));
#8910=DIRECTION('ref_axis',(-1.,0.,0.));
#8911=DIRECTION('center_axis',(0.,1.,0.));
#8912=DIRECTION('ref_axis',(-1.,0.,0.));
#8913=DIRECTION('center_axis',(0.,1.,0.));
#8914=DIRECTION('ref_axis',(-1.,0.,0.));
#8915=DIRECTION('center_axis',(0.,1.,0.));
#8916=DIRECTION('ref_axis',(1.49307989451785E-15,0.,1.));
#8917=DIRECTION('center_axis',(0.,-1.,0.));
#8918=DIRECTION('ref_axis',(-1.,0.,0.));
#8919=DIRECTION('center_axis',(0.,1.,0.));
#8920=DIRECTION('ref_axis',(1.96005385927235E-15,0.,1.));
#8921=DIRECTION('center_axis',(0.,1.,0.));
#8922=DIRECTION('ref_axis',(-1.,0.,0.));
#8923=DIRECTION('center_axis',(0.,1.,0.));
#8924=DIRECTION('ref_axis',(1.49307989451785E-15,0.,1.));
#8925=DIRECTION('center_axis',(0.,-1.,0.));
#8926=DIRECTION('ref_axis',(-1.,0.,0.));
#8927=DIRECTION('center_axis',(0.,-1.,0.));
#8928=DIRECTION('ref_axis',(1.,0.,0.));
#8929=DIRECTION('',(0.,0.,1.));
#8930=DIRECTION('',(1.,0.,0.));
#8931=DIRECTION('',(0.,0.,1.));
#8932=DIRECTION('center_axis',(-1.,0.,0.));
#8933=DIRECTION('ref_axis',(0.,-1.,0.));
#8934=DIRECTION('',(0.,-1.,0.));
#8935=DIRECTION('center_axis',(1.,0.,0.));
#8936=DIRECTION('ref_axis',(0.,1.,0.));
#8937=DIRECTION('',(0.,1.,0.));
#8938=DIRECTION('center_axis',(0.,0.,1.));
#8939=DIRECTION('ref_axis',(1.,0.,0.));
#8940=DIRECTION('center_axis',(-1.,0.,0.));
#8941=DIRECTION('ref_axis',(0.,-1.,0.));
#8942=DIRECTION('',(0.,0.,1.));
#8943=DIRECTION('',(0.,-1.,0.));
#8944=DIRECTION('',(0.,0.,1.));
#8945=DIRECTION('center_axis',(0.,1.,0.));
#8946=DIRECTION('ref_axis',(-1.,0.,0.));
#8947=DIRECTION('',(0.,0.,1.));
#8948=DIRECTION('',(-1.,0.,0.));
#8949=DIRECTION('center_axis',(1.,0.,0.));
#8950=DIRECTION('ref_axis',(0.,1.,0.));
#8951=DIRECTION('',(0.,0.,1.));
#8952=DIRECTION('',(0.,1.,0.));
#8953=DIRECTION('center_axis',(0.,-1.,0.));
#8954=DIRECTION('ref_axis',(1.,0.,0.));
#8955=DIRECTION('',(1.,0.,0.));
#8956=DIRECTION('center_axis',(0.,0.,1.));
#8957=DIRECTION('ref_axis',(1.,0.,0.));
#8958=DIRECTION('center_axis',(0.,-1.,0.));
#8959=DIRECTION('ref_axis',(0.,0.,1.));
#8960=DIRECTION('',(1.,0.,0.));
#8961=DIRECTION('center_axis',(0.,-1.,0.));
#8962=DIRECTION('ref_axis',(0.,0.,-1.));
#8963=DIRECTION('center_axis',(0.,1.,0.));
#8964=DIRECTION('ref_axis',(0.,0.,-1.));
#8965=DIRECTION('center_axis',(0.,1.,0.));
#8966=DIRECTION('ref_axis',(0.,0.,-1.));
#8967=DIRECTION('center_axis',(0.,1.,0.));
#8968=DIRECTION('ref_axis',(0.,0.,-1.));
#8969=DIRECTION('',(0.,1.,0.));
#8970=DIRECTION('center_axis',(0.,0.,-1.));
#8971=DIRECTION('ref_axis',(0.,1.,0.));
#8972=DIRECTION('center_axis',(0.,0.,-1.));
#8973=DIRECTION('ref_axis',(1.,0.,0.));
#8974=DIRECTION('center_axis',(0.,0.,-1.));
#8975=DIRECTION('ref_axis',(-1.,0.,0.));
#8976=DIRECTION('center_axis',(0.,0.,-1.));
#8977=DIRECTION('ref_axis',(0.,1.,0.));
#8978=DIRECTION('center_axis',(0.,0.,-1.));
#8979=DIRECTION('ref_axis',(1.,0.,0.));
#8980=DIRECTION('center_axis',(-1.,0.,0.));
#8981=DIRECTION('ref_axis',(0.,1.,0.));
#8982=DIRECTION('',(-1.,0.,0.));
#8983=DIRECTION('center_axis',(0.,0.,1.));
#8984=DIRECTION('ref_axis',(1.,0.,0.));
#8985=DIRECTION('center_axis',(0.,0.,1.));
#8986=DIRECTION('ref_axis',(1.,0.,0.));
#8987=DIRECTION('center_axis',(0.,0.,-1.));
#8988=DIRECTION('ref_axis',(1.,0.,0.));
#8989=DIRECTION('center_axis',(0.,0.,-1.));
#8990=DIRECTION('ref_axis',(1.,0.,0.));
#8991=DIRECTION('',(0.,0.,1.));
#8992=DIRECTION('center_axis',(0.,0.,-1.));
#8993=DIRECTION('ref_axis',(1.,0.,0.));
#8994=DIRECTION('center_axis',(0.,0.,-1.));
#8995=DIRECTION('ref_axis',(1.,0.,0.));
#8996=DIRECTION('center_axis',(0.,0.,-1.));
#8997=DIRECTION('ref_axis',(1.,0.,0.));
#8998=DIRECTION('center_axis',(0.,0.,-1.));
#8999=DIRECTION('ref_axis',(1.,0.,0.));
#9000=DIRECTION('',(0.,0.,-1.));
#9001=DIRECTION('center_axis',(0.,1.,0.));
#9002=DIRECTION('ref_axis',(0.,0.,1.));
#9003=DIRECTION('',(-1.,0.,0.));
#9004=DIRECTION('',(0.,0.,-1.));
#9005=DIRECTION('',(1.,0.,0.));
#9006=DIRECTION('center_axis',(-1.,0.,0.));
#9007=DIRECTION('ref_axis',(0.,0.,1.));
#9008=DIRECTION('',(0.,0.,1.));
#9009=DIRECTION('',(0.,-1.,0.));
#9010=DIRECTION('',(0.,1.,0.));
#9011=DIRECTION('center_axis',(-1.,0.,0.));
#9012=DIRECTION('ref_axis',(0.,0.,1.));
#9013=DIRECTION('',(0.,-1.,0.));
#9014=DIRECTION('',(0.,1.,0.));
#9015=DIRECTION('center_axis',(0.,0.,-1.));
#9016=DIRECTION('ref_axis',(0.,1.,0.));
#9017=DIRECTION('center_axis',(0.,0.,1.));
#9018=DIRECTION('ref_axis',(1.,0.,0.));
#9019=DIRECTION('',(1.,0.,0.));
#9020=DIRECTION('',(1.,0.,0.));
#9021=DIRECTION('center_axis',(0.,0.,1.));
#9022=DIRECTION('ref_axis',(1.,0.,0.));
#9023=DIRECTION('center_axis',(0.,0.,-1.));
#9024=DIRECTION('ref_axis',(0.,1.,0.));
#9025=DIRECTION('',(-1.,0.,0.));
#9026=DIRECTION('center_axis',(0.,0.,1.));
#9027=DIRECTION('ref_axis',(1.,0.,0.));
#9028=DIRECTION('center_axis',(0.,0.,1.));
#9029=DIRECTION('ref_axis',(1.,0.,0.));
#9030=DIRECTION('center_axis',(0.,0.,-1.));
#9031=DIRECTION('ref_axis',(0.,1.,0.));
#9032=DIRECTION('center_axis',(0.,0.,1.));
#9033=DIRECTION('ref_axis',(1.,0.,0.));
#9034=DIRECTION('',(0.,-1.,0.));
#9035=DIRECTION('center_axis',(0.,0.,1.));
#9036=DIRECTION('ref_axis',(1.,0.,0.));
#9037=DIRECTION('center_axis',(0.,0.,1.));
#9038=DIRECTION('ref_axis',(1.,0.,0.));
#9039=DIRECTION('center_axis',(0.,0.,1.));
#9040=DIRECTION('ref_axis',(1.,0.,0.));
#9041=DIRECTION('center_axis',(1.,0.,0.));
#9042=DIRECTION('ref_axis',(0.,0.,-1.));
#9043=DIRECTION('',(0.,-1.,0.));
#9044=DIRECTION('',(0.,1.,0.));
#9045=DIRECTION('center_axis',(1.,0.,0.));
#9046=DIRECTION('ref_axis',(0.,0.,-1.));
#9047=DIRECTION('',(0.,-1.,0.));
#9048=DIRECTION('',(0.,1.,0.));
#9049=DIRECTION('center_axis',(1.,0.,0.));
#9050=DIRECTION('ref_axis',(0.,0.,-1.));
#9051=DIRECTION('',(0.,1.,0.));
#9052=DIRECTION('',(0.,-1.,0.));
#9053=DIRECTION('center_axis',(0.,0.,-1.));
#9054=DIRECTION('ref_axis',(0.,1.,0.));
#9055=DIRECTION('center_axis',(0.,0.,1.));
#9056=DIRECTION('ref_axis',(1.,0.,0.));
#9057=DIRECTION('center_axis',(0.,0.,1.));
#9058=DIRECTION('ref_axis',(1.,0.,0.));
#9059=DIRECTION('center_axis',(0.,1.,0.));
#9060=DIRECTION('ref_axis',(0.,0.,1.));
#9061=DIRECTION('',(1.,0.,0.));
#9062=DIRECTION('',(0.,0.,1.));
#9063=DIRECTION('center_axis',(-1.,0.,0.));
#9064=DIRECTION('ref_axis',(0.,0.,1.));
#9065=DIRECTION('',(0.,0.,-1.));
#9066=DIRECTION('',(0.,1.,0.));
#9067=DIRECTION('center_axis',(0.,-1.,0.));
#9068=DIRECTION('ref_axis',(0.,0.,-1.));
#9069=DIRECTION('',(0.,0.,-1.));
#9070=DIRECTION('',(-1.,0.,0.));
#9071=DIRECTION('',(0.,0.,1.));
#9072=DIRECTION('center_axis',(0.,0.,-1.));
#9073=DIRECTION('ref_axis',(1.,0.,0.));
#9074=DIRECTION('',(0.,0.,-1.));
#9075=DIRECTION('center_axis',(0.,0.,-1.));
#9076=DIRECTION('ref_axis',(1.,0.,0.));
#9077=DIRECTION('center_axis',(0.,0.,-1.));
#9078=DIRECTION('ref_axis',(1.,0.,0.));
#9079=DIRECTION('center_axis',(0.,0.,-1.));
#9080=DIRECTION('ref_axis',(1.,0.,0.));
#9081=DIRECTION('center_axis',(0.,0.,-1.));
#9082=DIRECTION('ref_axis',(0.0540872203093425,0.998536214966292,0.));
#9083=DIRECTION('center_axis',(0.,0.,-1.));
#9084=DIRECTION('ref_axis',(1.,0.,0.));
#9085=DIRECTION('center_axis',(0.,0.,-1.));
#9086=DIRECTION('ref_axis',(1.,0.,0.));
#9087=DIRECTION('center_axis',(0.,0.,-1.));
#9088=DIRECTION('ref_axis',(6.12323399573677E-17,1.,0.));
#9089=DIRECTION('center_axis',(0.,0.,-1.));
#9090=DIRECTION('ref_axis',(1.,0.,0.));
#9091=DIRECTION('center_axis',(0.,0.,-1.));
#9092=DIRECTION('ref_axis',(1.,0.,0.));
#9093=DIRECTION('center_axis',(1.,4.38256058456118E-31,7.40148683083438E-16));
#9094=DIRECTION('ref_axis',(-2.62743462060903E-46,1.,-5.9211894646675E-16));
#9095=DIRECTION('',(4.38256058456118E-31,-1.,0.));
#9096=DIRECTION('',(-7.40148683083438E-16,0.,1.));
#9097=DIRECTION('',(0.,1.,-5.9211894646675E-16));
#9098=DIRECTION('',(-7.40148683083438E-16,0.,1.));
#9099=DIRECTION('center_axis',(0.,0.,-1.));
#9100=DIRECTION('ref_axis',(-1.83697019872103E-16,-1.,0.));
#9101=DIRECTION('center_axis',(0.,0.,-1.));
#9102=DIRECTION('ref_axis',(1.,0.,0.));
#9103=DIRECTION('center_axis',(0.,0.,-1.));
#9104=DIRECTION('ref_axis',(1.,0.,0.));
#9105=DIRECTION('center_axis',(0.,1.,0.));
#9106=DIRECTION('ref_axis',(-1.,0.,0.));
#9107=DIRECTION('',(1.,0.,0.));
#9108=DIRECTION('',(-1.,0.,0.));
#9109=DIRECTION('',(-7.40148683083438E-16,0.,1.));
#9110=DIRECTION('center_axis',(-1.,0.,-7.40148683083438E-16));
#9111=DIRECTION('ref_axis',(0.,-1.,0.));
#9112=DIRECTION('',(0.,1.,0.));
#9113=DIRECTION('',(0.,-1.,0.));
#9114=DIRECTION('',(-7.40148683083438E-16,0.,1.));
#9115=DIRECTION('center_axis',(0.,-1.,0.));
#9116=DIRECTION('ref_axis',(1.,0.,5.9211894646675E-16));
#9117=DIRECTION('',(-1.,0.,0.));
#9118=DIRECTION('',(1.,0.,5.9211894646675E-16));
#9119=DIRECTION('center_axis',(0.,0.,-1.));
#9120=DIRECTION('ref_axis',(1.,0.,0.));
#9121=DIRECTION('center_axis',(0.,0.,-1.));
#9122=DIRECTION('ref_axis',(1.,0.,0.));
#9123=DIRECTION('center_axis',(0.,0.,-1.));
#9124=DIRECTION('ref_axis',(1.,0.,0.));
#9125=DIRECTION('center_axis',(0.,0.,-1.));
#9126=DIRECTION('ref_axis',(0.17695189316207,-0.984219501689719,0.));
#9127=DIRECTION('center_axis',(0.,0.,-1.));
#9128=DIRECTION('ref_axis',(1.,0.,0.));
#9129=DIRECTION('center_axis',(0.,0.,-1.));
#9130=DIRECTION('ref_axis',(1.,0.,0.));
#9131=DIRECTION('center_axis',(0.,0.,-1.));
#9132=DIRECTION('ref_axis',(1.,0.,0.));
#9133=DIRECTION('center_axis',(0.,0.,-1.));
#9134=DIRECTION('ref_axis',(1.,0.,0.));
#9135=DIRECTION('center_axis',(0.,0.,-1.));
#9136=DIRECTION('ref_axis',(1.,0.,0.));
#9137=DIRECTION('center_axis',(0.,0.,-1.));
#9138=DIRECTION('ref_axis',(1.,0.,0.));
#9139=DIRECTION('center_axis',(-7.40148683083438E-16,0.,1.));
#9140=DIRECTION('ref_axis',(1.,0.,7.40148683083438E-16));
#9141=DIRECTION('center_axis',(5.2858584619456E-14,-1.,-3.5527136788005E-14));
#9142=DIRECTION('ref_axis',(0.557827770072937,0.,0.829956733170744));
#9143=DIRECTION('center_axis',(0.,-1.,2.22044604925031E-16));
#9144=DIRECTION('ref_axis',(0.291584693381915,0.,0.956545015451638));
#9145=DIRECTION('center_axis',(0.,-1.,0.));
#9146=DIRECTION('ref_axis',(0.557827770072931,0.,0.829956733170749));
#9147=DIRECTION('',(0.,1.,0.));
#9148=DIRECTION('',(0.,-1.,2.22044604925031E-16));
#9149=DIRECTION('center_axis',(0.,-1.,2.22044604925031E-16));
#9150=DIRECTION('ref_axis',(0.,-2.22044604925031E-16,-1.));
#9151=DIRECTION('center_axis',(0.,-1.,2.22044604925031E-16));
#9152=DIRECTION('ref_axis',(0.,-2.22044604925031E-16,-1.));
#9153=DIRECTION('',(0.,1.,-2.22044604925031E-16));
#9154=DIRECTION('center_axis',(0.,1.,-2.22044604925031E-16));
#9155=DIRECTION('ref_axis',(0.,-2.22044604925031E-16,-1.));
#9156=DIRECTION('',(0.,1.,-2.22044604925031E-16));
#9157=DIRECTION('center_axis',(0.,1.,0.));
#9158=DIRECTION('ref_axis',(0.,0.,-1.));
#9159=DIRECTION('center_axis',(0.,1.,-2.22044604925031E-16));
#9160=DIRECTION('ref_axis',(0.,-2.22044604925031E-16,-1.));
#9161=DIRECTION('',(0.,1.,-2.22044604925031E-16));
#9162=DIRECTION('center_axis',(0.,1.,0.));
#9163=DIRECTION('ref_axis',(0.,0.,-1.));
#9164=DIRECTION('',(0.,-1.,2.22044604925031E-16));
#9165=DIRECTION('center_axis',(0.,1.,-2.22044604925031E-16));
#9166=DIRECTION('ref_axis',(0.,-2.22044604925031E-16,-1.));
#9167=DIRECTION('center_axis',(1.,0.,0.));
#9168=DIRECTION('ref_axis',(0.,0.70710678118654,-0.707106781186555));
#9169=DIRECTION('',(-1.,0.,0.));
#9170=DIRECTION('center_axis',(1.,0.,0.));
#9171=DIRECTION('ref_axis',(0.,0.,-1.));
#9172=DIRECTION('',(1.,0.,0.));
#9173=DIRECTION('center_axis',(0.,1.,0.));
#9174=DIRECTION('ref_axis',(-0.707106781186546,0.,-0.707106781186549));
#9175=DIRECTION('center_axis',(0.,1.,0.));
#9176=DIRECTION('ref_axis',(0.,0.,-1.));
#9177=DIRECTION('',(0.,1.,0.));
#9178=DIRECTION('center_axis',(0.,-1.,0.));
#9179=DIRECTION('ref_axis',(-1.,0.,0.));
#9180=DIRECTION('',(0.,-1.,0.));
#9181=DIRECTION('center_axis',(-0.408248290463858,-0.81649658092773,-0.408248290463861));
#9182=DIRECTION('ref_axis',(-0.577350269189624,0.577350269189624,-0.577350269189629));
#9183=DIRECTION('center_axis',(0.,0.,-1.));
#9184=DIRECTION('ref_axis',(-0.707106781186552,0.707106781186543,0.));
#9185=DIRECTION('center_axis',(-1.,0.,0.));
#9186=DIRECTION('ref_axis',(0.,-0.707106781186552,-0.707106781186543));
#9187=DIRECTION('',(-1.,0.,0.));
#9188=DIRECTION('center_axis',(1.,0.,0.));
#9189=DIRECTION('ref_axis',(0.,-1.,0.));
#9190=DIRECTION('',(1.,0.,0.));
#9191=DIRECTION('center_axis',(0.408248290463858,-0.81649658092773,0.408248290463861));
#9192=DIRECTION('ref_axis',(-0.577350269189624,-0.577350269189624,-0.577350269189629));
#9193=DIRECTION('center_axis',(0.,0.,-1.));
#9194=DIRECTION('ref_axis',(-0.707106781186543,-0.707106781186552,0.));
#9195=DIRECTION('center_axis',(0.,-1.,0.));
#9196=DIRECTION('ref_axis',(0.,0.,-1.));
#9197=DIRECTION('',(0.,0.,-1.));
#9198=DIRECTION('',(-1.,0.,0.));
#9199=DIRECTION('center_axis',(0.,1.,0.));
#9200=DIRECTION('ref_axis',(0.351746086646737,0.,-0.936095449475483));
#9201=DIRECTION('',(0.,0.,-1.));
#9202=DIRECTION('',(1.,0.,0.));
#9203=DIRECTION('center_axis',(0.,0.,-1.));
#9204=DIRECTION('ref_axis',(-0.707106781186554,0.707106781186541,0.));
#9205=DIRECTION('',(0.,0.,1.));
#9206=DIRECTION('center_axis',(0.,0.,1.));
#9207=DIRECTION('ref_axis',(-0.707106781186552,0.707106781186543,0.));
#9208=DIRECTION('center_axis',(1.,0.,0.));
#9209=DIRECTION('ref_axis',(0.,0.,1.));
#9210=DIRECTION('',(0.,0.,-1.));
#9211=DIRECTION('',(0.,-1.,0.));
#9212=DIRECTION('center_axis',(0.,0.,-1.));
#9213=DIRECTION('ref_axis',(-0.707106781186541,-0.707106781186554,0.));
#9214=DIRECTION('',(0.,0.,1.));
#9215=DIRECTION('center_axis',(0.,0.,1.));
#9216=DIRECTION('ref_axis',(-0.707106781186543,-0.707106781186552,0.));
#9217=DIRECTION('center_axis',(0.,1.,0.));
#9218=DIRECTION('ref_axis',(0.,0.,1.));
#9219=DIRECTION('',(1.,0.,0.));
#9220=DIRECTION('center_axis',(1.,0.,0.));
#9221=DIRECTION('ref_axis',(0.,-0.707106781186553,0.707106781186543));
#9222=DIRECTION('center_axis',(1.,0.,0.));
#9223=DIRECTION('ref_axis',(0.,0.,1.));
#9224=DIRECTION('center_axis',(-1.,0.,0.));
#9225=DIRECTION('ref_axis',(0.,-1.,0.));
#9226=DIRECTION('',(-1.,0.,0.));
#9227=DIRECTION('center_axis',(0.,-1.,0.));
#9228=DIRECTION('ref_axis',(-0.707106781186546,0.,0.707106781186549));
#9229=DIRECTION('center_axis',(0.,-1.,0.));
#9230=DIRECTION('ref_axis',(0.,0.,1.));
#9231=DIRECTION('center_axis',(0.,1.,0.));
#9232=DIRECTION('ref_axis',(-1.,0.,0.));
#9233=DIRECTION('',(0.,1.,0.));
#9234=DIRECTION('center_axis',(0.,1.,0.));
#9235=DIRECTION('ref_axis',(0.,0.,1.));
#9236=DIRECTION('center_axis',(1.,0.,0.));
#9237=DIRECTION('ref_axis',(0.,1.,0.));
#9238=DIRECTION('center_axis',(0.,-1.,0.));
#9239=DIRECTION('ref_axis',(0.351746086646737,0.,-0.936095449475483));
#9240=DIRECTION('center_axis',(-1.,0.,0.));
#9241=DIRECTION('ref_axis',(0.,0.70710678118654,0.707106781186555));
#9242=DIRECTION('center_axis',(1.,0.,0.));
#9243=DIRECTION('ref_axis',(0.,1.,0.));
#9244=DIRECTION('',(1.,0.,0.));
#9245=DIRECTION('center_axis',(-0.408248290463858,-0.81649658092773,0.408248290463861));
#9246=DIRECTION('ref_axis',(-0.577350269189624,0.577350269189624,0.577350269189629));
#9247=DIRECTION('center_axis',(0.408248290463858,-0.81649658092773,-0.408248290463861));
#9248=DIRECTION('ref_axis',(-0.577350269189624,-0.577350269189624,0.577350269189629));
#9249=DIRECTION('center_axis',(1.,0.,0.));
#9250=DIRECTION('ref_axis',(0.,-0.707106781186553,0.707106781186543));
#9251=DIRECTION('center_axis',(-1.,0.,0.));
#9252=DIRECTION('ref_axis',(0.,-1.,0.));
#9253=DIRECTION('',(-1.,0.,0.));
#9254=DIRECTION('center_axis',(0.,-1.,0.));
#9255=DIRECTION('ref_axis',(0.,0.,-1.));
#9256=DIRECTION('center_axis',(0.,1.,0.));
#9257=DIRECTION('ref_axis',(0.351746086646737,0.,-0.936095449475483));
#9258=DIRECTION('center_axis',(0.,1.,-2.22044604925031E-16));
#9259=DIRECTION('ref_axis',(0.351746086646735,0.,-0.936095449475483));
#9260=DIRECTION('',(0.,-1.,0.));
#9261=DIRECTION('center_axis',(0.,0.,1.));
#9262=DIRECTION('ref_axis',(0.,-1.,0.));
#9263=DIRECTION('center_axis',(0.,-1.,2.22044604925031E-16));
#9264=DIRECTION('ref_axis',(0.,-2.22044604925031E-16,-1.));
#9265=DIRECTION('center_axis',(0.,1.,0.));
#9266=DIRECTION('ref_axis',(0.,0.,1.));
#9267=DIRECTION('',(-1.,0.,0.));
#9268=DIRECTION('',(0.,0.,-1.));
#9269=DIRECTION('center_axis',(0.,0.,1.));
#9270=DIRECTION('ref_axis',(0.,-1.,0.));
#9271=DIRECTION('center_axis',(0.,0.,1.));
#9272=DIRECTION('ref_axis',(0.,-1.,0.));
#9273=DIRECTION('',(0.,-1.,0.));
#9274=DIRECTION('center_axis',(-1.,0.,0.));
#9275=DIRECTION('ref_axis',(0.,0.,-1.));
#9276=DIRECTION('center_axis',(0.,-1.,0.));
#9277=DIRECTION('ref_axis',(0.557827770072936,0.,0.829956733170745));
#9278=DIRECTION('center_axis',(0.,-1.,2.22044604925031E-16));
#9279=DIRECTION('ref_axis',(0.291584693381915,0.,0.956545015451638));
#9280=DIRECTION('center_axis',(0.,-1.,0.));
#9281=DIRECTION('ref_axis',(0.557827770072929,0.,0.82995673317075));
#9282=DIRECTION('',(0.,1.,0.));
#9283=DIRECTION('',(0.,-1.,2.22044604925031E-16));
#9284=DIRECTION('center_axis',(0.,-1.,2.22044604925031E-16));
#9285=DIRECTION('ref_axis',(0.,-2.22044604925031E-16,-1.));
#9286=DIRECTION('center_axis',(0.,-1.,2.22044604925031E-16));
#9287=DIRECTION('ref_axis',(0.,-2.22044604925031E-16,-1.));
#9288=DIRECTION('',(0.,1.,-2.22044604925031E-16));
#9289=DIRECTION('center_axis',(0.,1.,-2.22044604925031E-16));
#9290=DIRECTION('ref_axis',(0.,-2.22044604925031E-16,-1.));
#9291=DIRECTION('',(0.,1.,-2.22044604925031E-16));
#9292=DIRECTION('center_axis',(0.,1.,0.));
#9293=DIRECTION('ref_axis',(0.,0.,-1.));
#9294=DIRECTION('center_axis',(0.,1.,-2.22044604925031E-16));
#9295=DIRECTION('ref_axis',(0.,-2.22044604925031E-16,-1.));
#9296=DIRECTION('',(0.,1.,-2.22044604925031E-16));
#9297=DIRECTION('center_axis',(0.,1.,0.));
#9298=DIRECTION('ref_axis',(0.,0.,-1.));
#9299=DIRECTION('',(0.,-1.,2.22044604925031E-16));
#9300=DIRECTION('center_axis',(0.,1.,-2.22044604925031E-16));
#9301=DIRECTION('ref_axis',(0.,-2.22044604925031E-16,-1.));
#9302=DIRECTION('center_axis',(1.,0.,0.));
#9303=DIRECTION('ref_axis',(0.,0.70710678118654,-0.707106781186555));
#9304=DIRECTION('',(-1.,0.,0.));
#9305=DIRECTION('center_axis',(1.,0.,0.));
#9306=DIRECTION('ref_axis',(0.,0.,-1.));
#9307=DIRECTION('',(1.,0.,0.));
#9308=DIRECTION('center_axis',(0.,1.,0.));
#9309=DIRECTION('ref_axis',(-0.707106781186546,0.,-0.707106781186549));
#9310=DIRECTION('center_axis',(0.,1.,0.));
#9311=DIRECTION('ref_axis',(0.,0.,-1.));
#9312=DIRECTION('',(0.,1.,0.));
#9313=DIRECTION('center_axis',(0.,-1.,0.));
#9314=DIRECTION('ref_axis',(-1.,0.,0.));
#9315=DIRECTION('',(0.,-1.,0.));
#9316=DIRECTION('center_axis',(-0.408248290463858,-0.816496580927729,-0.408248290463862));
#9317=DIRECTION('ref_axis',(-0.577350269189624,0.577350269189624,-0.577350269189629));
#9318=DIRECTION('center_axis',(0.,0.,-1.));
#9319=DIRECTION('ref_axis',(-0.707106781186552,0.707106781186543,0.));
#9320=DIRECTION('center_axis',(-1.,0.,0.));
#9321=DIRECTION('ref_axis',(0.,-0.707106781186546,-0.707106781186549));
#9322=DIRECTION('',(-1.,0.,0.));
#9323=DIRECTION('center_axis',(1.,0.,0.));
#9324=DIRECTION('ref_axis',(0.,-1.,0.));
#9325=DIRECTION('',(1.,0.,0.));
#9326=DIRECTION('center_axis',(0.408248290463858,-0.81649658092773,0.408248290463861));
#9327=DIRECTION('ref_axis',(-0.577350269189624,-0.577350269189624,-0.577350269189629));
#9328=DIRECTION('center_axis',(0.,0.,-1.));
#9329=DIRECTION('ref_axis',(-0.707106781186548,-0.707106781186548,0.));
#9330=DIRECTION('center_axis',(0.,-1.,0.));
#9331=DIRECTION('ref_axis',(0.,0.,-1.));
#9332=DIRECTION('',(0.,0.,-1.));
#9333=DIRECTION('',(-1.,0.,0.));
#9334=DIRECTION('center_axis',(0.,1.,0.));
#9335=DIRECTION('ref_axis',(0.351746086646737,0.,-0.936095449475483));
#9336=DIRECTION('',(0.,0.,-1.));
#9337=DIRECTION('',(1.,0.,0.));
#9338=DIRECTION('center_axis',(0.,0.,-1.));
#9339=DIRECTION('ref_axis',(-0.707106781186554,0.707106781186541,0.));
#9340=DIRECTION('',(0.,0.,1.));
#9341=DIRECTION('center_axis',(0.,0.,1.));
#9342=DIRECTION('ref_axis',(-0.707106781186552,0.707106781186543,0.));
#9343=DIRECTION('center_axis',(1.,0.,0.));
#9344=DIRECTION('ref_axis',(0.,0.,1.));
#9345=DIRECTION('',(0.,0.,-1.));
#9346=DIRECTION('',(0.,-1.,0.));
#9347=DIRECTION('center_axis',(0.,0.,-1.));
#9348=DIRECTION('ref_axis',(-0.707106781186548,-0.707106781186548,0.));
#9349=DIRECTION('',(0.,0.,1.));
#9350=DIRECTION('center_axis',(0.,0.,1.));
#9351=DIRECTION('ref_axis',(-0.707106781186548,-0.707106781186548,0.));
#9352=DIRECTION('center_axis',(0.,1.,0.));
#9353=DIRECTION('ref_axis',(0.,0.,1.));
#9354=DIRECTION('',(1.,0.,0.));
#9355=DIRECTION('center_axis',(1.,0.,0.));
#9356=DIRECTION('ref_axis',(0.,-0.707106781186546,0.707106781186549));
#9357=DIRECTION('center_axis',(1.,0.,0.));
#9358=DIRECTION('ref_axis',(0.,0.,1.));
#9359=DIRECTION('center_axis',(-1.,0.,0.));
#9360=DIRECTION('ref_axis',(0.,-1.,0.));
#9361=DIRECTION('',(-1.,0.,0.));
#9362=DIRECTION('center_axis',(0.,-1.,0.));
#9363=DIRECTION('ref_axis',(-0.707106781186546,0.,0.707106781186549));
#9364=DIRECTION('center_axis',(0.,-1.,0.));
#9365=DIRECTION('ref_axis',(0.,0.,1.));
#9366=DIRECTION('center_axis',(0.,1.,0.));
#9367=DIRECTION('ref_axis',(-1.,0.,0.));
#9368=DIRECTION('',(0.,1.,0.));
#9369=DIRECTION('center_axis',(0.,1.,0.));
#9370=DIRECTION('ref_axis',(0.,0.,1.));
#9371=DIRECTION('center_axis',(1.,0.,0.));
#9372=DIRECTION('ref_axis',(0.,1.,0.));
#9373=DIRECTION('center_axis',(0.,-1.,0.));
#9374=DIRECTION('ref_axis',(0.351746086646737,0.,-0.936095449475483));
#9375=DIRECTION('center_axis',(-1.,0.,0.));
#9376=DIRECTION('ref_axis',(0.,0.70710678118654,0.707106781186555));
#9377=DIRECTION('center_axis',(1.,0.,0.));
#9378=DIRECTION('ref_axis',(0.,1.,0.));
#9379=DIRECTION('',(1.,0.,0.));
#9380=DIRECTION('center_axis',(-0.408248290463858,-0.81649658092773,0.408248290463861));
#9381=DIRECTION('ref_axis',(-0.577350269189624,0.577350269189624,0.577350269189629));
#9382=DIRECTION('center_axis',(0.408248290463858,-0.81649658092773,-0.408248290463861));
#9383=DIRECTION('ref_axis',(-0.577350269189624,-0.577350269189624,0.577350269189629));
#9384=DIRECTION('center_axis',(1.,0.,0.));
#9385=DIRECTION('ref_axis',(0.,-0.707106781186546,0.707106781186549));
#9386=DIRECTION('center_axis',(-1.,0.,0.));
#9387=DIRECTION('ref_axis',(0.,-1.,0.));
#9388=DIRECTION('',(-1.,0.,0.));
#9389=DIRECTION('center_axis',(0.,-1.,0.));
#9390=DIRECTION('ref_axis',(0.,0.,-1.));
#9391=DIRECTION('center_axis',(0.,1.,0.));
#9392=DIRECTION('ref_axis',(0.351746086646737,0.,-0.936095449475483));
#9393=DIRECTION('center_axis',(0.,1.,-2.22044604925031E-16));
#9394=DIRECTION('ref_axis',(0.351746086646736,0.,-0.936095449475483));
#9395=DIRECTION('',(0.,-1.,0.));
#9396=DIRECTION('center_axis',(0.,0.,1.));
#9397=DIRECTION('ref_axis',(0.,-1.,0.));
#9398=DIRECTION('center_axis',(0.,-1.,2.22044604925031E-16));
#9399=DIRECTION('ref_axis',(0.,-2.22044604925031E-16,-1.));
#9400=DIRECTION('center_axis',(0.,1.,0.));
#9401=DIRECTION('ref_axis',(0.,0.,1.));
#9402=DIRECTION('',(-1.,0.,0.));
#9403=DIRECTION('',(0.,0.,-1.));
#9404=DIRECTION('center_axis',(0.,0.,1.));
#9405=DIRECTION('ref_axis',(0.,-1.,0.));
#9406=DIRECTION('center_axis',(0.,0.,1.));
#9407=DIRECTION('ref_axis',(0.,-1.,0.));
#9408=DIRECTION('',(0.,-1.,0.));
#9409=DIRECTION('center_axis',(-1.,0.,0.));
#9410=DIRECTION('ref_axis',(0.,0.,-1.));
#9411=DIRECTION('',(-3.23957203833468E-15,-1.27435162241614E-15,1.));
#9412=DIRECTION('',(1.,-3.60822483003164E-15,3.23957203833467E-15));
#9413=DIRECTION('',(1.84055430350272E-15,-9.42992964057948E-16,0.999999999999993));
#9414=DIRECTION('',(-1.,-2.12468931337639E-14,1.83360271410745E-15));
#9415=CARTESIAN_POINT('',(0.,0.,0.));
#9416=CARTESIAN_POINT('',(0.,0.,0.));
#9417=CARTESIAN_POINT('Ctrl Pts',(-40.0575008392334,-31.1368498437768,17.0000000000008));
#9418=CARTESIAN_POINT('Ctrl Pts',(-40.0575008392334,-31.1368498437764,17.0106650731201));
#9419=CARTESIAN_POINT('Ctrl Pts',(-40.0575008392334,-31.1251881425446,17.029459969069));
#9420=CARTESIAN_POINT('Ctrl Pts',(-40.0575008392334,-31.1020131651932,17.0648749233569));
#9421=CARTESIAN_POINT('Ctrl Pts',(-40.0575008392334,-31.0579622914213,17.127478857805));
#9422=CARTESIAN_POINT('Ctrl Pts',(-40.0575008392334,-30.9720366716655,17.248957787259));
#9423=CARTESIAN_POINT('Ctrl Pts',(-40.0575008392334,-30.7948922991974,17.4931322444196));
#9424=CARTESIAN_POINT('Ctrl Pts',(-40.0575008392334,-30.5826898730807,17.7647481146567));
#9425=CARTESIAN_POINT('Ctrl Pts',(-40.0575008392334,-30.3533617120102,18.0201258679171));
#9426=CARTESIAN_POINT('Ctrl Pts',(-40.0575008392334,-30.170686893525,18.202041119784));
#9427=CARTESIAN_POINT('Ctrl Pts',(-40.0575008392334,-29.8469177148089,18.4849376284781));
#9428=CARTESIAN_POINT('Ctrl Pts',(-40.0575008392334,-29.2633440714552,18.8585953732164));
#9429=CARTESIAN_POINT('Ctrl Pts',(-40.0575008392334,-28.6638969368795,19.));
#9430=CARTESIAN_POINT('Ctrl Pts',(-40.0575008392334,-28.3200807045766,19.));
#9431=CARTESIAN_POINT('Ctrl Pts',(-40.0575008392334,-31.1346246292645,17.0000000000007));
#9432=CARTESIAN_POINT('Ctrl Pts',(-40.0575008392334,-31.1346246292641,17.0096493287662));
#9433=CARTESIAN_POINT('Ctrl Pts',(-40.0574993969599,-31.1207419076669,17.0266547558389));
#9434=CARTESIAN_POINT('Ctrl Pts',(-40.0574968719349,-31.0931590830442,17.0586955301619));
#9435=CARTESIAN_POINT('Ctrl Pts',(-40.057488849829,-31.0407564546859,17.1153270204469));
#9436=CARTESIAN_POINT('Ctrl Pts',(-40.0574619092316,-30.9387644197514,17.2251403879046));
#9437=CARTESIAN_POINT('Ctrl Pts',(-40.057335641203,-30.7300961183378,17.4453437532858));
#9438=CARTESIAN_POINT('Ctrl Pts',(-40.0571502884311,-30.4875743867042,17.6876673751665));
#9439=CARTESIAN_POINT('Ctrl Pts',(-40.0572868660225,-30.2375163790229,17.911259001933));
#9440=CARTESIAN_POINT('Ctrl Pts',(-40.0573714852479,-30.0446677776209,18.0682424446023));
#9441=CARTESIAN_POINT('Ctrl Pts',(-40.057682946837,-29.7136023567705,18.3083629294652));
#9442=CARTESIAN_POINT('Ctrl Pts',(-40.0581795895151,-29.1512406429213,18.6123614328939));
#9443=CARTESIAN_POINT('Ctrl Pts',(-40.0570768141552,-28.6179782479171,18.7113136827214));
#9444=CARTESIAN_POINT('Ctrl Pts',(-40.0575008392334,-28.3200807045766,18.7008006996581));
#9445=CARTESIAN_POINT('Ctrl Pts',(-40.0574878412841,-31.1307305038682,17.0000000000006));
#9446=CARTESIAN_POINT('Ctrl Pts',(-40.0574878412841,-31.1307305038677,17.0078717761471));
#9447=CARTESIAN_POINT('Ctrl Pts',(-40.0574426843098,-31.1129608867595,17.0217439673763));
#9448=CARTESIAN_POINT('Ctrl Pts',(-40.0572264566677,-31.0776641453516,17.0478769810321));
#9449=CARTESIAN_POINT('Ctrl Pts',(-40.0564837861947,-31.010645322448,17.0940474383938));
#9450=CARTESIAN_POINT('Ctrl Pts',(-40.0536748082874,-30.8805352226339,17.1834139669813));
#9451=CARTESIAN_POINT('Ctrl Pts',(-40.0427536933423,-30.616691933907,17.3615175239215));
#9452=CARTESIAN_POINT('Ctrl Pts',(-40.0195035724931,-30.3211380012093,17.5523220129455));
#9453=CARTESIAN_POINT('Ctrl Pts',(-39.9904367061707,-30.0350299929184,17.7204525258256));
#9454=CARTESIAN_POINT('Ctrl Pts',(-39.9669844967963,-29.8246531617585,17.833992179532));
#9455=CARTESIAN_POINT('Ctrl Pts',(-39.9267342130163,-29.481426272474,17.9999701501013));
#9456=CARTESIAN_POINT('Ctrl Pts',(-39.8644752227018,-28.9573612489945,18.1842278946256));
#9457=CARTESIAN_POINT('Ctrl Pts',(-39.824684704945,-28.5391034577892,18.2101911750879));
#9458=CARTESIAN_POINT('Ctrl Pts',(-39.806252282966,-28.3200807045766,18.1829433051119));
#9459=CARTESIAN_POINT('Ctrl Pts',(-40.0574520974541,-31.1268365303174,17.0000000000004));
#9460=CARTESIAN_POINT('Ctrl Pts',(-40.0574520974541,-31.1268365303168,17.006094292841));
#9461=CARTESIAN_POINT('Ctrl Pts',(-40.0572813778237,-31.1051801439279,17.0168345517938));
#9462=CARTESIAN_POINT('Ctrl Pts',(-40.0564688341904,-31.0621796737132,17.0370688361891));
#9463=CARTESIAN_POINT('Ctrl Pts',(-40.0536769500006,-30.9805994353232,17.0728247321132));
#9464=CARTESIAN_POINT('Ctrl Pts',(-40.0431528547374,-30.822828382957,17.1420878374058));
#9465=CARTESIAN_POINT('Ctrl Pts',(-40.0024001965629,-30.5069309403087,17.2805049359421));
#9466=CARTESIAN_POINT('Ctrl Pts',(-39.918177392926,-30.171871019322,17.430566412615));
#9467=CARTESIAN_POINT('Ctrl Pts',(-39.8188586072281,-29.8710789264255,17.5658045319645));
#9468=CARTESIAN_POINT('Ctrl Pts',(-39.7416091183502,-29.6605394438245,17.6590702495774));
#9469=CARTESIAN_POINT('Ctrl Pts',(-39.6140429284459,-29.3325620315816,17.7989409463895));
#9470=CARTESIAN_POINT('Ctrl Pts',(-39.4321032065663,-28.8692279917164,17.9673760797064));
#9471=CARTESIAN_POINT('Ctrl Pts',(-39.3283159019095,-28.5109629204432,18.0122370741058));
#9472=CARTESIAN_POINT('Ctrl Pts',(-39.2819003144898,-28.3200807045766,18.));
#9473=CARTESIAN_POINT('Ctrl Pts',(-40.0574326010528,-31.1251677333167,17.0000000000004));
#9474=CARTESIAN_POINT('Ctrl Pts',(-40.0574326010528,-31.125167733316,17.00533253656));
#9475=CARTESIAN_POINT('Ctrl Pts',(-40.0571932274813,-31.1018456014285,17.0147299845345));
#9476=CARTESIAN_POINT('Ctrl Pts',(-40.0560554679847,-31.055546724096,17.0324374616784));
#9477=CARTESIAN_POINT('Ctrl Pts',(-40.0521452207009,-30.9677433771818,17.0637394289025));
#9478=CARTESIAN_POINT('Ctrl Pts',(-40.0374254357568,-30.7982630882162,17.1244788936295));
#9479=CARTESIAN_POINT('Ctrl Pts',(-39.9805231665657,-30.4610514005228,17.2465661222098));
#9480=CARTESIAN_POINT('Ctrl Pts',(-39.8643629756343,-30.1132602831086,17.3823740573283));
#9481=CARTESIAN_POINT('Ctrl Pts',(-39.7306518597719,-29.8123439134082,17.5100629339585));
#9482=CARTESIAN_POINT('Ctrl Pts',(-39.6283147347339,-29.6064721230633,17.601020559892));
#9483=CARTESIAN_POINT('Ctrl Pts',(-39.4622024417089,-29.292055643018,17.7424688142391));
#9484=CARTESIAN_POINT('Ctrl Pts',(-39.2342013978882,-28.858623646507,17.9292976866082));
#9485=CARTESIAN_POINT('Ctrl Pts',(-39.1115231221501,-28.5110871157897,18.));
#9486=CARTESIAN_POINT('Ctrl Pts',(-39.0575008392334,-28.3200807045766,18.));
#9487=CARTESIAN_POINT('',(-40.0575008392334,-28.3200807045766,19.));
#9488=CARTESIAN_POINT('',(-39.0575008392334,-28.3200807045766,18.));
#9489=CARTESIAN_POINT('Origin',(-39.0575008392334,-28.3200807045766,19.));
#9490=CARTESIAN_POINT('',(-40.0574326010528,-31.1251677333164,17.0000000000004));
#9491=CARTESIAN_POINT('Ctrl Pts',(-39.0575008392334,-28.3200807045766,18.));
#9492=CARTESIAN_POINT('Ctrl Pts',(-39.1115231221501,-28.5110871157897,18.));
#9493=CARTESIAN_POINT('Ctrl Pts',(-39.2342013978882,-28.858623646507,17.9292976866082));
#9494=CARTESIAN_POINT('Ctrl Pts',(-39.4622024417089,-29.292055643018,17.7424688142391));
#9495=CARTESIAN_POINT('Ctrl Pts',(-39.6283147347339,-29.6064721230633,17.601020559892));
#9496=CARTESIAN_POINT('Ctrl Pts',(-39.7306518597719,-29.8123439134082,17.5100629339585));
#9497=CARTESIAN_POINT('Ctrl Pts',(-39.8643629756343,-30.1132602831086,17.3823740573283));
#9498=CARTESIAN_POINT('Ctrl Pts',(-39.9805231665657,-30.4610514005228,17.2465661222098));
#9499=CARTESIAN_POINT('Ctrl Pts',(-40.0374254357568,-30.7982630882162,17.1244788936295));
#9500=CARTESIAN_POINT('Ctrl Pts',(-40.0521452207009,-30.9677433771818,17.0637394289025));
#9501=CARTESIAN_POINT('Ctrl Pts',(-40.0560554679847,-31.055546724096,17.0324374616784));
#9502=CARTESIAN_POINT('Ctrl Pts',(-40.0571932274813,-31.1018456014285,17.0147299845345));
#9503=CARTESIAN_POINT('Ctrl Pts',(-40.0574326010528,-31.125167733316,17.00533253656));
#9504=CARTESIAN_POINT('Ctrl Pts',(-40.0574326010528,-31.1251677333167,17.0000000000004));
#9505=CARTESIAN_POINT('',(-40.057500735173,-31.132225354552,17.0166608116766));
#9506=CARTESIAN_POINT('Ctrl Pts',(-40.0575006311126,-31.1320108143869,17.016520858213));
#9507=CARTESIAN_POINT('Ctrl Pts',(-40.0575006167014,-31.132010687232,17.0164708583804));
#9508=CARTESIAN_POINT('Ctrl Pts',(-40.0575006015075,-31.1320105600785,17.0164208585484));
#9509=CARTESIAN_POINT('Ctrl Pts',(-40.05750059055,-31.1320104708336,17.0163857650722));
#9510=CARTESIAN_POINT('Ctrl Pts',(-40.0575000606594,-31.1320061550744,17.0146886934046));
#9511=CARTESIAN_POINT('Ctrl Pts',(-40.0574986956508,-31.1318886068137,17.0129602802414));
#9512=CARTESIAN_POINT('Ctrl Pts',(-40.0574960105282,-31.1316068096313,17.0112524188578));
#9513=CARTESIAN_POINT('Ctrl Pts',(-40.0574935295369,-31.1313464355405,17.0096743943684));
#9514=CARTESIAN_POINT('Ctrl Pts',(-40.0574899545941,-31.1309474375487,17.0081141255214));
#9515=CARTESIAN_POINT('Ctrl Pts',(-40.0574846074331,-31.1303485767485,17.0066462053567));
#9516=CARTESIAN_POINT('Ctrl Pts',(-40.0574817058954,-31.1300236160453,17.0058496657123));
#9517=CARTESIAN_POINT('Ctrl Pts',(-40.0574782802027,-31.1296409922746,17.0050828109363));
#9518=CARTESIAN_POINT('Ctrl Pts',(-40.0574742055489,-31.12920040204,17.0043512376459));
#9519=CARTESIAN_POINT('Ctrl Pts',(-40.0574711494994,-31.1288699529613,17.0038025470467));
#9520=CARTESIAN_POINT('Ctrl Pts',(-40.057467730958,-31.1285067802343,17.0032737544579));
#9521=CARTESIAN_POINT('Ctrl Pts',(-40.0574638238388,-31.1281051288591,17.0027691552302));
#9522=CARTESIAN_POINT('Ctrl Pts',(-40.0574576368793,-31.1274691101807,17.0019701176726));
#9523=CARTESIAN_POINT('Ctrl Pts',(-40.0574504390267,-31.1267595866326,17.0012530638772));
#9524=CARTESIAN_POINT('Ctrl Pts',(-40.0574419939721,-31.1259947647152,17.0006272540729));
#9525=CARTESIAN_POINT('Ctrl Pts',(-40.0574393757139,-31.1257576435406,17.0004332314483));
#9526=CARTESIAN_POINT('Ctrl Pts',(-40.0574366335512,-31.1255149181932,17.0002477439594));
#9527=CARTESIAN_POINT('Ctrl Pts',(-40.0574337494033,-31.125266361182,17.0000703788339));
#9528=CARTESIAN_POINT('Ctrl Pts',(-40.0574335494622,-31.1252491301764,17.0000580831459));
#9529=CARTESIAN_POINT('Ctrl Pts',(-40.0574330765286,-31.125208431731,17.0000290415743));
#9530=CARTESIAN_POINT('Ctrl Pts',(-40.0574326010528,-31.1251677333167,17.0000000000027));
#9531=CARTESIAN_POINT('',(-40.0575008392334,-31.1320108142626,17.0176618981861));
#9532=CARTESIAN_POINT('Ctrl Pts',(-40.0575008392334,-31.132225354552,17.0166608116766));
#9533=CARTESIAN_POINT('Ctrl Pts',(-40.0575008392334,-31.1321538411222,17.0169945071797));
#9534=CARTESIAN_POINT('Ctrl Pts',(-40.0575008392334,-31.1320823276924,17.0173282026829));
#9535=CARTESIAN_POINT('Ctrl Pts',(-40.0575008392334,-31.1320108142626,17.0176618981861));
#9536=CARTESIAN_POINT('Ctrl Pts',(-40.0575008392334,-31.1320108142626,17.0176618981861));
#9537=CARTESIAN_POINT('Ctrl Pts',(-40.0575008392334,-31.130015035774,17.0215973095299));
#9538=CARTESIAN_POINT('Ctrl Pts',(-40.0575008392334,-31.1217893140098,17.0346539054154));
#9539=CARTESIAN_POINT('Ctrl Pts',(-40.0575008392334,-31.1020131651932,17.0648749233569));
#9540=CARTESIAN_POINT('Ctrl Pts',(-40.0575008392334,-31.0579622914213,17.127478857805));
#9541=CARTESIAN_POINT('Ctrl Pts',(-40.0575008392334,-30.9720366716655,17.248957787259));
#9542=CARTESIAN_POINT('Ctrl Pts',(-40.0575008392334,-30.7948922991974,17.4931322444196));
#9543=CARTESIAN_POINT('Ctrl Pts',(-40.0575008392334,-30.5826898730807,17.7647481146567));
#9544=CARTESIAN_POINT('Ctrl Pts',(-40.0575008392334,-30.3533617120102,18.0201258679171));
#9545=CARTESIAN_POINT('Ctrl Pts',(-40.0575008392334,-30.170686893525,18.202041119784));
#9546=CARTESIAN_POINT('Ctrl Pts',(-40.0575008392334,-29.8469177148089,18.4849376284781));
#9547=CARTESIAN_POINT('Ctrl Pts',(-40.0575008392334,-29.2633440714552,18.8585953732164));
#9548=CARTESIAN_POINT('Ctrl Pts',(-40.0575008392334,-28.6638969368795,19.));
#9549=CARTESIAN_POINT('Ctrl Pts',(-40.0575008392334,-28.3200807045766,19.));
#9550=CARTESIAN_POINT('Origin',(-39.0575008392334,-26.8408990142031,19.));
#9551=CARTESIAN_POINT('',(-40.0575008392334,-23.8408990142031,19.));
#9552=CARTESIAN_POINT('',(-39.0575008392334,-24.8408990142031,18.));
#9553=CARTESIAN_POINT('Origin',(-39.0575008392334,-24.8408990142031,19.));
#9554=CARTESIAN_POINT('',(-39.0575008392334,-26.8408990142031,18.));
#9555=CARTESIAN_POINT('',(-40.0575008392334,-26.8408990142031,19.));
#9556=CARTESIAN_POINT('Origin',(-38.057569077414,-31.1485319542369,17.));
#9557=CARTESIAN_POINT('',(-38.057569077414,-28.1485319542369,18.));
#9558=CARTESIAN_POINT('Origin',(-38.057569077414,-31.1485319542369,18.));
#9559=CARTESIAN_POINT('',(-38.057569077414,-29.1485319542369,17.));
#9560=CARTESIAN_POINT('Origin',(-38.057569077414,-28.1485319542369,17.));
#9561=CARTESIAN_POINT('Origin',(-38.057569077414,-31.1485319542369,17.));
#9562=CARTESIAN_POINT('Origin',(-30.0575008392334,-26.8408990142031,18.));
#9563=CARTESIAN_POINT('',(-21.0575008392334,-24.8408990142031,18.));
#9564=CARTESIAN_POINT('',(-30.0575008392334,-24.8408990142031,18.));
#9565=CARTESIAN_POINT('',(-21.0575008392334,-28.3201289562569,18.));
#9566=CARTESIAN_POINT('',(-21.0575008392334,-26.8408990142031,18.));
#9567=CARTESIAN_POINT('',(-22.057569077414,-28.1485319542369,18.));
#9568=CARTESIAN_POINT('Origin',(-22.057569077414,-31.1485319542369,18.));
#9569=CARTESIAN_POINT('',(-30.0575349583237,-28.1485319542369,18.));
#9570=CARTESIAN_POINT('Origin',(-30.0575008392334,-24.8408990142031,19.));
#9571=CARTESIAN_POINT('',(-20.0575008392334,-23.8408990142031,19.));
#9572=CARTESIAN_POINT('',(-30.0575008392334,-23.8408990142031,19.));
#9573=CARTESIAN_POINT('Origin',(-21.0575008392334,-24.8408990142031,19.));
#9574=CARTESIAN_POINT('Origin',(-21.0575008392334,-26.8408990142031,19.));
#9575=CARTESIAN_POINT('',(-20.0575008392334,-28.3201289562569,19.));
#9576=CARTESIAN_POINT('',(-20.0575008392334,-26.8408990142031,19.));
#9577=CARTESIAN_POINT('Origin',(-21.0575008392334,-28.3201289562569,19.));
#9578=CARTESIAN_POINT('Ctrl Pts',(-20.0575008392334,-28.3201289562569,19.));
#9579=CARTESIAN_POINT('Ctrl Pts',(-20.0575008392334,-28.6560424110307,19.));
#9580=CARTESIAN_POINT('Ctrl Pts',(-20.0575008392334,-29.4376569646695,18.8203243067425));
#9581=CARTESIAN_POINT('Ctrl Pts',(-20.0575008392334,-30.0662181279952,18.3231523267943));
#9582=CARTESIAN_POINT('Ctrl Pts',(-20.0575008392334,-30.3724719196853,17.9963754827633));
#9583=CARTESIAN_POINT('Ctrl Pts',(-20.0575008392334,-28.3201289562569,18.7008006996581));
#9584=CARTESIAN_POINT('Ctrl Pts',(-20.0579151673709,-28.6111807153605,18.7110732635132));
#9585=CARTESIAN_POINT('Ctrl Pts',(-20.058021801816,-29.3055879160563,18.5868671807488));
#9586=CARTESIAN_POINT('Ctrl Pts',(-20.0572141277341,-29.9292791730924,18.1746161131884));
#9587=CARTESIAN_POINT('Ctrl Pts',(-20.0575008392334,-30.2590389745037,17.8900666356127));
#9588=CARTESIAN_POINT('Ctrl Pts',(-20.3087228530454,-28.3201289562569,18.1829114579086));
#9589=CARTESIAN_POINT('Ctrl Pts',(-20.2907119582648,-28.5341215285518,18.2095362020521));
#9590=CARTESIAN_POINT('Ctrl Pts',(-20.2393300245042,-29.0770094237891,18.1787702608171));
#9591=CARTESIAN_POINT('Ctrl Pts',(-20.1612154919727,-29.6901687895613,17.9152250498789));
#9592=CARTESIAN_POINT('Ctrl Pts',(-20.1221790736852,-30.0606898554719,17.7041747314235));
#9593=CARTESIAN_POINT('Ctrl Pts',(-20.833101363977,-28.3201289562569,18.));
#9594=CARTESIAN_POINT('Ctrl Pts',(-20.7877472449062,-28.5066287527139,18.0119572270207));
#9595=CARTESIAN_POINT('Ctrl Pts',(-20.6555239525501,-28.9718416432524,17.9563612571929));
#9596=CARTESIAN_POINT('Ctrl Pts',(-20.4189345193055,-29.5166036737034,17.7238031592577));
#9597=CARTESIAN_POINT('Ctrl Pts',(-20.2875457258654,-29.8991760728524,17.5528047392072));
#9598=CARTESIAN_POINT('Ctrl Pts',(-21.0575008392334,-28.3201289562569,18.));
#9599=CARTESIAN_POINT('Ctrl Pts',(-21.004713980592,-28.5067500892321,18.));
#9600=CARTESIAN_POINT('Ctrl Pts',(-20.8493536332102,-28.9588721837701,17.9101621533712));
#9601=CARTESIAN_POINT('Ctrl Pts',(-20.5482581238016,-29.461269463084,17.6615761633971));
#9602=CARTESIAN_POINT('Ctrl Pts',(-20.3724904593892,-29.8408990142031,17.4981877413816));
#9603=CARTESIAN_POINT('',(-20.0575008392334,-29.8406797724944,18.4714081573617));
#9604=CARTESIAN_POINT('',(-20.3724904593892,-29.8408990142031,17.4981877413816));
#9605=CARTESIAN_POINT('Ctrl Pts',(-20.0575008392334,-29.8408990142031,18.4712478998306));
#9606=CARTESIAN_POINT('Ctrl Pts',(-20.0575129683208,-29.8408990142031,18.2995405466677));
#9607=CARTESIAN_POINT('Ctrl Pts',(-20.0873009676385,-29.8408990141214,18.1242588418452));
#9608=CARTESIAN_POINT('Ctrl Pts',(-20.2058673929725,-29.8408990141214,17.7549552086043));
#9609=CARTESIAN_POINT('Ctrl Pts',(-20.2970777812234,-29.8408990142031,17.6018805122479));
#9610=CARTESIAN_POINT('Ctrl Pts',(-20.3724904593891,-29.8408990142031,17.4981877413817));
#9611=CARTESIAN_POINT('Ctrl Pts',(-20.3724904593892,-29.8408990142031,17.4981877413816));
#9612=CARTESIAN_POINT('Ctrl Pts',(-20.5482581238016,-29.461269463084,17.6615761633971));
#9613=CARTESIAN_POINT('Ctrl Pts',(-20.8493536332102,-28.9588721837701,17.9101621533712));
#9614=CARTESIAN_POINT('Ctrl Pts',(-21.004713980592,-28.5067500892321,18.));
#9615=CARTESIAN_POINT('Ctrl Pts',(-21.0575008392334,-28.3201289562569,18.));
#9616=CARTESIAN_POINT('Ctrl Pts',(-20.0575008392334,-28.3201289562569,19.));
#9617=CARTESIAN_POINT('Ctrl Pts',(-20.0575008392334,-28.6560424110307,19.));
#9618=CARTESIAN_POINT('Ctrl Pts',(-20.0575008392334,-29.2005657051579,18.8748262811744));
#9619=CARTESIAN_POINT('Ctrl Pts',(-20.0575008392334,-29.6708057990082,18.5955583589914));
#9620=CARTESIAN_POINT('Ctrl Pts',(-20.0575008392334,-29.8404605307857,18.4715684148928));
#9621=CARTESIAN_POINT('Origin',(-20.0575008392334,-26.8408990142031,19.));
#9622=CARTESIAN_POINT('',(-20.0575008392334,-23.8408990142031,20.));
#9623=CARTESIAN_POINT('',(-20.0575008392334,-23.8408990142031,19.));
#9624=CARTESIAN_POINT('',(-20.0575008392334,-29.8408990142031,20.));
#9625=CARTESIAN_POINT('',(-20.0575008392334,-26.8408990142031,20.));
#9626=CARTESIAN_POINT('',(-20.0575008392334,-29.8408990142031,19.));
#9627=CARTESIAN_POINT('Origin',(-30.0575008392334,-23.8408990142031,19.));
#9628=CARTESIAN_POINT('',(-40.0575008392334,-23.8408990142031,20.));
#9629=CARTESIAN_POINT('',(-40.0575008392334,-23.8408990142031,19.));
#9630=CARTESIAN_POINT('',(-30.0575008392334,-23.8408990142031,20.));
#9631=CARTESIAN_POINT('Origin',(-40.0575008392334,-26.8408990142031,19.));
#9632=CARTESIAN_POINT('',(-40.0575008392334,-31.1320108142626,20.));
#9633=CARTESIAN_POINT('',(-40.0575008392334,-31.1320108142626,7.50000000000002));
#9634=CARTESIAN_POINT('',(-40.0575008392334,-26.8408990142031,20.));
#9635=CARTESIAN_POINT('Origin',(-22.057569077414,-31.1485319542369,17.));
#9636=CARTESIAN_POINT('',(-20.5442627323078,-29.8408990142031,17.));
#9637=CARTESIAN_POINT('Ctrl Pts',(-20.3724904593892,-29.8408990142031,17.4981877413816));
#9638=CARTESIAN_POINT('Ctrl Pts',(-20.406936311247,-29.8408990142031,17.4508245405133));
#9639=CARTESIAN_POINT('Ctrl Pts',(-20.4367452120349,-29.8408990142031,17.401063879122));
#9640=CARTESIAN_POINT('Ctrl Pts',(-20.5107433784539,-29.8408990142031,17.2491037843916));
#9641=CARTESIAN_POINT('Ctrl Pts',(-20.5442627323078,-29.8408990142031,17.1151057163053));
#9642=CARTESIAN_POINT('Ctrl Pts',(-20.5442627323078,-29.8408990142031,17.));
#9643=CARTESIAN_POINT('',(-22.057569077414,-29.1485319542369,17.));
#9644=CARTESIAN_POINT('Origin',(-22.057569077414,-31.1485319542369,17.));
#9645=CARTESIAN_POINT('Origin',(-22.057569077414,-28.1485319542369,17.));
#9646=CARTESIAN_POINT('Origin',(-30.0575349583237,-28.1485319542369,17.));
#9647=CARTESIAN_POINT('',(-30.0575349583237,-29.1485319542369,17.));
#9648=CARTESIAN_POINT('Origin',(-38.057569077414,-31.1485319542369,7.50000000000002));
#9649=CARTESIAN_POINT('',(-38.057569077414,-29.1485319542369,7.00000000000002));
#9650=CARTESIAN_POINT('',(-38.057569077414,-29.1485319542369,7.50000000000002));
#9651=CARTESIAN_POINT('',(-40.057569077414,-31.1485319542369,3.00000000000002));
#9652=CARTESIAN_POINT('Origin',(-38.057569077414,-31.1485319542369,3.00000000000002));
#9653=CARTESIAN_POINT('',(-40.057569077414,-31.1485319542369,20.));
#9654=CARTESIAN_POINT('',(-40.057569077414,-31.1485319542369,7.50000000000002));
#9655=CARTESIAN_POINT('Origin',(-38.057569077414,-31.1485319542369,20.));
#9656=CARTESIAN_POINT('Origin',(-30.057569077414,-29.1485319542369,12.5));
#9657=CARTESIAN_POINT('',(-22.057569077414,-29.1485319542369,7.00000000000002));
#9658=CARTESIAN_POINT('',(-22.057569077414,-29.1485319542369,7.50000000000002));
#9659=CARTESIAN_POINT('',(-30.057569077414,-29.1485319542369,7.00000000000002));
#9660=CARTESIAN_POINT('Origin',(-22.057569077414,-31.1485319542369,7.50000000000002));
#9661=CARTESIAN_POINT('',(-20.5442627323078,-29.8408990142031,20.));
#9662=CARTESIAN_POINT('',(-20.5442627323078,-29.8408990142031,7.50000000000002));
#9663=CARTESIAN_POINT('',(-20.057569077414,-31.1485319542369,20.));
#9664=CARTESIAN_POINT('Origin',(-22.057569077414,-31.1485319542369,20.));
#9665=CARTESIAN_POINT('',(-20.057569077414,-31.1485319542369,3.00000000000002));
#9666=CARTESIAN_POINT('',(-20.057569077414,-31.1485319542369,7.50000000000002));
#9667=CARTESIAN_POINT('Origin',(-22.057569077414,-31.1485319542369,3.00000000000002));
#9668=CARTESIAN_POINT('Ctrl Pts',(-40.057569077414,-31.1485319542369,3.00000000000002));
#9669=CARTESIAN_POINT('Ctrl Pts',(-40.057569077414,-30.2509340532112,3.44879895051285));
#9670=CARTESIAN_POINT('Ctrl Pts',(-39.7953606501548,-28.7603577900941,4.19408708207142));
#9671=CARTESIAN_POINT('Ctrl Pts',(-38.9541238684223,-27.4222146022217,4.86315867600761));
#9672=CARTESIAN_POINT('Ctrl Pts',(-38.3567683777559,-27.1485319542369,5.00000000000002));
#9673=CARTESIAN_POINT('Ctrl Pts',(-38.057569077414,-27.1485319542369,5.00000000000002));
#9674=CARTESIAN_POINT('Ctrl Pts',(-40.057569077414,-31.1485319542369,3.00000000000002));
#9675=CARTESIAN_POINT('Ctrl Pts',(-40.057569077414,-30.3364195675946,3.53428446489625));
#9676=CARTESIAN_POINT('Ctrl Pts',(-39.6757771189599,-28.9864102183458,4.41960455908201));
#9677=CARTESIAN_POINT('Ctrl Pts',(-38.706566002293,-27.914822383118,4.96414885869852));
#9678=CARTESIAN_POINT('Ctrl Pts',(-38.2658755912684,-27.7469305549206,5.00000000000002));
#9679=CARTESIAN_POINT('Ctrl Pts',(-38.057569077414,-27.7469305549206,5.00000000000002));
#9680=CARTESIAN_POINT('Ctrl Pts',(-40.057569077414,-31.1485319542369,3.00000000000002));
#9681=CARTESIAN_POINT('Ctrl Pts',(-40.057569077414,-30.4860192177655,3.68388411506719));
#9682=CARTESIAN_POINT('Ctrl Pts',(-39.5877550883324,-29.3874960373829,4.81878581601221));
#9683=CARTESIAN_POINT('Ctrl Pts',(-38.4983435751156,-28.7740221911845,5.49246443443867));
#9684=CARTESIAN_POINT('Ctrl Pts',(-38.18777829004,-28.7830722372739,5.50194946229362));
#9685=CARTESIAN_POINT('Ctrl Pts',(-38.057569077414,-28.7830722372739,5.50194946229362));
#9686=CARTESIAN_POINT('Ctrl Pts',(-40.057569077414,-31.1485319542369,3.00000000000002));
#9687=CARTESIAN_POINT('Ctrl Pts',(-40.057569077414,-30.6356188679365,3.83348376523813));
#9688=CARTESIAN_POINT('Ctrl Pts',(-39.7052102919723,-29.7870737887551,5.21698765921985));
#9689=CARTESIAN_POINT('Ctrl Pts',(-38.7701399359902,-29.2100902637154,6.35642282289491));
#9690=CARTESIAN_POINT('Ctrl Pts',(-38.2895654453899,-29.1485319542369,6.5512010494872));
#9691=CARTESIAN_POINT('Ctrl Pts',(-38.057569077414,-29.1485319542369,6.5512010494872));
#9692=CARTESIAN_POINT('Ctrl Pts',(-40.057569077414,-31.1485319542369,3.00000000000002));
#9693=CARTESIAN_POINT('Ctrl Pts',(-40.057569077414,-30.699733003724,3.89759790102568));
#9694=CARTESIAN_POINT('Ctrl Pts',(-39.7953606501548,-29.9544448721655,5.38817416414283));
#9695=CARTESIAN_POINT('Ctrl Pts',(-38.9541238684223,-29.2853732782293,6.7263173520152));
#9696=CARTESIAN_POINT('Ctrl Pts',(-38.3567683777559,-29.1485319542369,7.00000000000002));
#9697=CARTESIAN_POINT('Ctrl Pts',(-38.057569077414,-29.1485319542369,7.00000000000002));
#9698=CARTESIAN_POINT('',(-38.057569077414,-27.1485319542369,5.00000000000002));
#9699=CARTESIAN_POINT('Origin',(-38.057569077414,-27.1485319542369,7.00000000000002));
#9700=CARTESIAN_POINT('Origin',(-38.057569077414,-31.1485319542369,3.00000000000002));
#9701=CARTESIAN_POINT('Origin',(-30.057569077414,-27.1485319542369,7.00000000000002));
#9702=CARTESIAN_POINT('',(-22.057569077414,-27.1485319542369,5.00000000000002));
#9703=CARTESIAN_POINT('Origin',(-22.057569077414,-27.1485319542369,7.00000000000002));
#9704=CARTESIAN_POINT('',(-30.057569077414,-27.1485319542369,5.00000000000002));
#9705=CARTESIAN_POINT('Ctrl Pts',(-22.0580570430386,-27.1477674485142,5.00000009529724));
#9706=CARTESIAN_POINT('Ctrl Pts',(-21.7585785324804,-27.1476182774083,5.00007471128208));
#9707=CARTESIAN_POINT('Ctrl Pts',(-21.3099668630914,-27.3533520901446,4.89716581849465));
#9708=CARTESIAN_POINT('Ctrl Pts',(-20.6722429095877,-28.1545244550524,4.49655776165035));
#9709=CARTESIAN_POINT('Ctrl Pts',(-20.194056896053,-29.353207972581,3.89733290708303));
#9710=CARTESIAN_POINT('Ctrl Pts',(-20.057569077414,-30.550060532234,3.29912647902279));
#9711=CARTESIAN_POINT('Ctrl Pts',(-20.057569077414,-31.1485319542369,3.00000000000002));
#9712=CARTESIAN_POINT('Ctrl Pts',(-22.0579087241843,-27.7464261888682,4.99975571967089));
#9713=CARTESIAN_POINT('Ctrl Pts',(-21.8494648063542,-27.7463322955592,4.99977885208508));
#9714=CARTESIAN_POINT('Ctrl Pts',(-21.5177511566391,-27.8758155800692,4.96789337340288));
#9715=CARTESIAN_POINT('Ctrl Pts',(-20.8604557005394,-28.4950278801551,4.6754502508078));
#9716=CARTESIAN_POINT('Ctrl Pts',(-20.2506167342558,-29.5231522328091,4.07001372089452));
#9717=CARTESIAN_POINT('Ctrl Pts',(-20.057569077414,-30.6070751489293,3.35614109571809));
#9718=CARTESIAN_POINT('Ctrl Pts',(-20.057569077414,-31.1485319542369,3.00000000000002));
#9719=CARTESIAN_POINT('Ctrl Pts',(-22.0577812604387,-28.7833085711726,5.50172938404225));
#9720=CARTESIAN_POINT('Ctrl Pts',(-21.9275719133095,-28.7833080780074,5.50173967921578));
#9721=CARTESIAN_POINT('Ctrl Pts',(-21.695357147233,-28.7839548745128,5.4875726515901));
#9722=CARTESIAN_POINT('Ctrl Pts',(-21.0107865052327,-29.0935396091565,5.13911207408031));
#9723=CARTESIAN_POINT('Ctrl Pts',(-20.2925508409254,-29.8222303048937,4.36892921785188));
#9724=CARTESIAN_POINT('Ctrl Pts',(-20.057569077414,-30.7068568465187,3.45592279330756));
#9725=CARTESIAN_POINT('Ctrl Pts',(-20.057569077414,-31.1485319542369,3.00000000000002));
#9726=CARTESIAN_POINT('Ctrl Pts',(-22.0579473675601,-29.1487101706943,6.55171283646791));
#9727=CARTESIAN_POINT('Ctrl Pts',(-21.8257847509964,-29.1486742409563,6.5518204845161));
#9728=CARTESIAN_POINT('Ctrl Pts',(-21.4644747857649,-29.1982139192909,6.40336398785113));
#9729=CARTESIAN_POINT('Ctrl Pts',(-20.8130052121143,-29.5190435578282,5.73741753149006));
#9730=CARTESIAN_POINT('Ctrl Pts',(-20.2368782233492,-30.1222823788305,4.66727900589867));
#9731=CARTESIAN_POINT('Ctrl Pts',(-20.057569077414,-30.8066385441082,3.55570449089705));
#9732=CARTESIAN_POINT('Ctrl Pts',(-20.057569077414,-31.1485319542369,3.00000000000002));
#9733=CARTESIAN_POINT('Ctrl Pts',(-22.0580570407329,-29.1485318628834,7.00076607419014));
#9734=CARTESIAN_POINT('Ctrl Pts',(-21.7585799458993,-29.1484572466456,7.00091524554325));
#9735=CARTESIAN_POINT('Ctrl Pts',(-21.3099686241683,-29.2513664887228,6.79518109158643));
#9736=CARTESIAN_POINT('Ctrl Pts',(-20.6722431265236,-29.6519725145676,5.99401040405439));
#9737=CARTESIAN_POINT('Ctrl Pts',(-20.1940560721131,-30.2511984555023,4.79532539994466));
#9738=CARTESIAN_POINT('Ctrl Pts',(-20.057569077414,-30.8494056250024,3.59847157179121));
#9739=CARTESIAN_POINT('Ctrl Pts',(-20.057569077414,-31.1485319542369,3.00000000000002));
#9740=CARTESIAN_POINT('Origin',(-22.057569077414,-31.1485319542369,3.00000000000002));
#9741=CARTESIAN_POINT('Origin',(-38.057569077414,-17.6485319542369,3.00000000000002));
#9742=CARTESIAN_POINT('',(-38.057569077414,-1.14853195423686,5.00000000000002));
#9743=CARTESIAN_POINT('',(-38.057569077414,-17.6485319542369,5.00000000000002));
#9744=CARTESIAN_POINT('',(-40.057569077414,0.851468045763138,3.00000000000002));
#9745=CARTESIAN_POINT('Origin',(-38.057569077414,-1.14853195423686,3.00000000000002));
#9746=CARTESIAN_POINT('',(-40.057569077414,-17.6485319542369,3.00000000000002));
#9747=CARTESIAN_POINT('Origin',(-30.057569077414,-1.14853195423686,3.00000000000002));
#9748=CARTESIAN_POINT('',(-22.057569077414,-1.14853195423686,5.00000000000002));
#9749=CARTESIAN_POINT('',(-30.057569077414,-1.14853195423686,5.00000000000002));
#9750=CARTESIAN_POINT('',(-20.057569077414,0.851468045763138,3.00000000000002));
#9751=CARTESIAN_POINT('Origin',(-22.057569077414,-1.14853195423686,3.00000000000002));
#9752=CARTESIAN_POINT('',(-30.057569077414,0.851468045763138,3.00000000000002));
#9753=CARTESIAN_POINT('Origin',(-22.057569077414,-17.6485319542369,3.00000000000002));
#9754=CARTESIAN_POINT('',(-20.057569077414,-17.6485319542369,3.00000000000002));
#9755=CARTESIAN_POINT('',(-22.057569077414,-17.6485319542369,5.00000000000002));
#9756=CARTESIAN_POINT('Origin',(-40.057569077414,-17.6485319542369,2.50000000000002));
#9757=CARTESIAN_POINT('',(-40.057569077414,0.851468045763138,1.44086681519632E-14));
#9758=CARTESIAN_POINT('',(-40.057569077414,0.851468045763138,2.50000000000002));
#9759=CARTESIAN_POINT('',(-40.057569077414,-36.1485319542369,2.29304802339762E-14));
#9760=CARTESIAN_POINT('',(-40.057569077414,-17.6485319542369,1.86695741929697E-14));
#9761=CARTESIAN_POINT('',(-40.057569077414,-36.1485319542369,20.));
#9762=CARTESIAN_POINT('',(-40.057569077414,-36.1485319542369,2.50000000000002));
#9763=CARTESIAN_POINT('',(-40.057569077414,-32.6485319542369,20.));
#9764=CARTESIAN_POINT('Origin',(-30.057569077414,0.851468045763138,2.50000000000002));
#9765=CARTESIAN_POINT('',(-20.057569077414,0.851468045763138,1.44086681519632E-14));
#9766=CARTESIAN_POINT('',(-20.057569077414,0.851468045763138,2.50000000000002));
#9767=CARTESIAN_POINT('',(-30.057569077414,0.851468045763138,1.44086681519632E-14));
#9768=CARTESIAN_POINT('Origin',(-20.057569077414,-17.6485319542369,2.50000000000002));
#9769=CARTESIAN_POINT('',(-20.057569077414,-36.1485319542369,20.));
#9770=CARTESIAN_POINT('',(-20.057569077414,-32.6485319542369,20.));
#9771=CARTESIAN_POINT('',(-20.057569077414,-36.1485319542369,2.29304802339762E-14));
#9772=CARTESIAN_POINT('',(-20.057569077414,-36.1485319542369,2.50000000000002));
#9773=CARTESIAN_POINT('',(-20.057569077414,-17.6485319542369,1.86695741929697E-14));
#9774=CARTESIAN_POINT('Origin',(-30.0575008392334,-26.8408990142031,20.));
#9775=CARTESIAN_POINT('',(-30.057569077414,-36.1485319542369,20.));
#9776=CARTESIAN_POINT('',(-30.0575008392334,-29.8408990142031,20.));
#9777=CARTESIAN_POINT('Origin',(-30.057569077414,-36.1485319542369,2.50000000000002));
#9778=CARTESIAN_POINT('',(-30.057569077414,-36.1485319542369,2.29304802339762E-14));
#9779=CARTESIAN_POINT('Origin',(-30.057569077414,-17.6485319542369,1.86695741929697E-14));
#9780=CARTESIAN_POINT('Origin',(-30.057569077414,-17.6485319542369,5.00000000000002));
#9781=CARTESIAN_POINT('Origin',(-30.0575008392334,-29.8408990142031,19.));
#9782=CARTESIAN_POINT('Ctrl Pts',(-40.9995002746582,12.0121501452569,17.0000000000007));
#9783=CARTESIAN_POINT('Ctrl Pts',(-40.9995002746582,12.0121501452573,17.0106650731198));
#9784=CARTESIAN_POINT('Ctrl Pts',(-40.9995002746582,12.0238119271742,17.0294600133195));
#9785=CARTESIAN_POINT('Ctrl Pts',(-40.9995002746582,12.0469870259346,17.0648750376495));
#9786=CARTESIAN_POINT('Ctrl Pts',(-40.9995002746582,12.0910382344669,17.1274791648095));
#9787=CARTESIAN_POINT('Ctrl Pts',(-40.9995002746582,12.1769648661806,17.2489587320752));
#9788=CARTESIAN_POINT('Ctrl Pts',(-40.9995002746582,12.3541129668342,17.4931357060697));
#9789=CARTESIAN_POINT('Ctrl Pts',(-40.9995002746582,12.5663201706967,17.7647551371347));
#9790=CARTESIAN_POINT('Ctrl Pts',(-40.9995002746582,12.7956489070229,18.0201333260573));
#9791=CARTESIAN_POINT('Ctrl Pts',(-40.9995002746582,12.9783245406566,18.2020494107755));
#9792=CARTESIAN_POINT('Ctrl Pts',(-40.9995002746582,13.302093987913,18.4849460121552));
#9793=CARTESIAN_POINT('Ctrl Pts',(-40.9995002746582,13.8856666051795,18.8586049659263));
#9794=CARTESIAN_POINT('Ctrl Pts',(-40.9995002746582,14.4851030521533,19.));
#9795=CARTESIAN_POINT('Ctrl Pts',(-40.9995002746582,14.8289192844562,19.));
#9796=CARTESIAN_POINT('Ctrl Pts',(-40.9995002746582,12.0143753597694,17.0000000000007));
#9797=CARTESIAN_POINT('Ctrl Pts',(-40.9995002746582,12.0143753597698,17.009649328766));
#9798=CARTESIAN_POINT('Ctrl Pts',(-40.9994988426864,12.0282581752052,17.0266547853614));
#9799=CARTESIAN_POINT('Ctrl Pts',(-40.9994963351157,12.0558411402516,17.0586956047896));
#9800=CARTESIAN_POINT('Ctrl Pts',(-40.9994883711043,12.1082441551057,17.1153272106109));
#9801=CARTESIAN_POINT('Ctrl Pts',(-40.9994616115723,12.2102373482039,17.225140959722));
#9802=CARTESIAN_POINT('Ctrl Pts',(-40.9993362704693,12.4189098902838,17.445345643973));
#9803=CARTESIAN_POINT('Ctrl Pts',(-40.9991519555465,12.6614368612734,17.6876709883371));
#9804=CARTESIAN_POINT('Ctrl Pts',(-40.9992884788119,12.9114954475698,17.9112628266275));
#9805=CARTESIAN_POINT('Ctrl Pts',(-40.9993727170227,13.1043447087881,18.0682467446264));
#9806=CARTESIAN_POINT('Ctrl Pts',(-40.9996836146954,13.4354103062685,18.308367348963));
#9807=CARTESIAN_POINT('Ctrl Pts',(-41.0001783453092,13.9977696352112,18.6123668497987));
#9808=CARTESIAN_POINT('Ctrl Pts',(-40.99907624958,14.5310217411157,18.7113136827214));
#9809=CARTESIAN_POINT('Ctrl Pts',(-40.9995002746582,14.8289192844562,18.7008006996581));
#9810=CARTESIAN_POINT('Ctrl Pts',(-40.999487276709,12.018269485166,17.0000000000006));
#9811=CARTESIAN_POINT('Ctrl Pts',(-40.999487276709,12.0182694851665,17.007871776147));
#9812=CARTESIAN_POINT('Ctrl Pts',(-40.9994421244709,12.0360392338707,17.0217439927862));
#9813=CARTESIAN_POINT('Ctrl Pts',(-40.9992259052991,12.0713361750376,17.0478770450209));
#9814=CARTESIAN_POINT('Ctrl Pts',(-40.9984832613097,12.1383555569791,17.0940476047609));
#9815=CARTESIAN_POINT('Ctrl Pts',(-40.9956743778633,12.2684673555792,17.1834144584558));
#9816=CARTESIAN_POINT('Ctrl Pts',(-40.9847537094805,12.532317135451,17.3615192197543));
#9817=CARTESIAN_POINT('Ctrl Pts',(-40.9615046208654,12.8278797153322,17.5523249986161));
#9818=CARTESIAN_POINT('Ctrl Pts',(-40.9324380293053,13.1139887954126,17.7204555484826));
#9819=CARTESIAN_POINT('Ctrl Pts',(-40.9089865775346,13.3243672737366,17.8339949577469));
#9820=CARTESIAN_POINT('Ctrl Pts',(-40.8687371457631,13.667594739676,17.9999722354267));
#9821=CARTESIAN_POINT('Ctrl Pts',(-40.8064813457306,14.1916587360984,18.1842264852304));
#9822=CARTESIAN_POINT('Ctrl Pts',(-40.7667008430509,14.6098965312437,18.210171134226));
#9823=CARTESIAN_POINT('Ctrl Pts',(-40.7482684210719,14.8289192844562,18.18292326425));
#9824=CARTESIAN_POINT('Ctrl Pts',(-40.9994515328789,12.0221634587171,17.0000000000004));
#9825=CARTESIAN_POINT('Ctrl Pts',(-40.9994515328789,12.0221634587177,17.0060942928408));
#9826=CARTESIAN_POINT('Ctrl Pts',(-40.9992808065476,12.0438199986397,17.0168345709279));
#9827=CARTESIAN_POINT('Ctrl Pts',(-40.9984682512238,12.0868206996378,17.037068884598));
#9828=CARTESIAN_POINT('Ctrl Pts',(-40.995676330255,12.1684015822418,17.0728248563422));
#9829=CARTESIAN_POINT('Ctrl Pts',(-40.9851521100629,12.3261745629389,17.1420882107949));
#9830=CARTESIAN_POINT('Ctrl Pts',(-40.9443988488135,12.6420793181858,17.2805061915557));
#9831=CARTESIAN_POINT('Ctrl Pts',(-40.8601751241307,12.9771485936707,17.4305688444723));
#9832=CARTESIAN_POINT('Ctrl Pts',(-40.7608561824312,13.2779417340948,17.5658071162248));
#9833=CARTESIAN_POINT('Ctrl Pts',(-40.6836065582225,13.4884825907454,17.6590731626711));
#9834=CARTESIAN_POINT('Ctrl Pts',(-40.5560401837391,13.8164604801994,17.7989439865581));
#9835=CARTESIAN_POINT('Ctrl Pts',(-40.3741014158593,14.2797910997211,17.9673796519952));
#9836=CARTESIAN_POINT('Ctrl Pts',(-40.2703153373343,14.6380370685899,18.0122370741058));
#9837=CARTESIAN_POINT('Ctrl Pts',(-40.2238997499146,14.8289192844562,18.));
#9838=CARTESIAN_POINT('Ctrl Pts',(-40.9994320364776,12.023832255718,17.0000000000004));
#9839=CARTESIAN_POINT('Ctrl Pts',(-40.9994320364776,12.0238322557187,17.0053325365599));
#9840=CARTESIAN_POINT('Ctrl Pts',(-40.9991926614346,12.0471545567075,17.0147300066598));
#9841=CARTESIAN_POINT('Ctrl Pts',(-40.9980548993824,12.0934536888858,17.0324375188248));
#9842=CARTESIAN_POINT('Ctrl Pts',(-40.994144644789,12.1812577510647,17.0637395824048));
#9843=CARTESIAN_POINT('Ctrl Pts',(-40.9794248335684,12.3507401834987,17.1244793660376));
#9844=CARTESIAN_POINT('Ctrl Pts',(-40.9225224433773,12.6879601095464,17.2465678530349));
#9845=CARTESIAN_POINT('Ctrl Pts',(-40.8063621567047,13.0357619738158,17.3823775685674));
#9846=CARTESIAN_POINT('Ctrl Pts',(-40.6726510000911,13.336679572344,17.5100666630286));
#9847=CARTESIAN_POINT('Ctrl Pts',(-40.5703139890666,13.5425531212559,17.6010247053878));
#9848=CARTESIAN_POINT('Ctrl Pts',(-40.4042015067787,13.8569702520504,17.7424730060776));
#9849=CARTESIAN_POINT('Ctrl Pts',(-40.176202080949,14.2903992173129,17.9293024829631));
#9850=CARTESIAN_POINT('Ctrl Pts',(-40.0535225575749,14.6379128732433,18.));
#9851=CARTESIAN_POINT('Ctrl Pts',(-39.9995002746582,14.8289192844562,18.));
#9852=CARTESIAN_POINT('',(-40.9995002746582,14.8289192844562,19.));
#9853=CARTESIAN_POINT('',(-39.9995002746582,14.8289192844562,18.));
#9854=CARTESIAN_POINT('Origin',(-39.9995002746582,14.8289192844562,19.));
#9855=CARTESIAN_POINT('',(-40.9994320364776,12.0238322557182,17.0000000000004));
#9856=CARTESIAN_POINT('Ctrl Pts',(-39.9995002746582,14.8289192844562,18.));
#9857=CARTESIAN_POINT('Ctrl Pts',(-40.0535225575749,14.6379128732433,18.));
#9858=CARTESIAN_POINT('Ctrl Pts',(-40.176202080949,14.2903992173129,17.9293024829631));
#9859=CARTESIAN_POINT('Ctrl Pts',(-40.4042015067787,13.8569702520504,17.7424730060776));
#9860=CARTESIAN_POINT('Ctrl Pts',(-40.5703139890666,13.5425531212559,17.6010247053878));
#9861=CARTESIAN_POINT('Ctrl Pts',(-40.6726510000911,13.336679572344,17.5100666630286));
#9862=CARTESIAN_POINT('Ctrl Pts',(-40.8063621567047,13.0357619738158,17.3823775685674));
#9863=CARTESIAN_POINT('Ctrl Pts',(-40.9225224433773,12.6879601095464,17.2465678530349));
#9864=CARTESIAN_POINT('Ctrl Pts',(-40.9794248335684,12.3507401834987,17.1244793660376));
#9865=CARTESIAN_POINT('Ctrl Pts',(-40.994144644789,12.1812577510647,17.0637395824048));
#9866=CARTESIAN_POINT('Ctrl Pts',(-40.9980548993824,12.0934536888858,17.0324375188248));
#9867=CARTESIAN_POINT('Ctrl Pts',(-40.9991926614346,12.0471545567075,17.0147300066598));
#9868=CARTESIAN_POINT('Ctrl Pts',(-40.9994320364776,12.0238322557187,17.0053325365599));
#9869=CARTESIAN_POINT('Ctrl Pts',(-40.9994320364776,12.023832255718,17.0000000000004));
#9870=CARTESIAN_POINT('',(-40.9995001708677,12.0167746428882,17.016660806708));
#9871=CARTESIAN_POINT('Ctrl Pts',(-40.9995000670772,12.016989174648,17.0165208582145));
#9872=CARTESIAN_POINT('Ctrl Pts',(-40.9995000526861,12.0169893018029,17.0164708583819));
#9873=CARTESIAN_POINT('Ctrl Pts',(-40.9995000375118,12.0169894289565,17.0164208585499));
#9874=CARTESIAN_POINT('Ctrl Pts',(-40.9995000265678,12.016989518202,17.0163857648203));
#9875=CARTESIAN_POINT('Ctrl Pts',(-40.9994994973329,12.0169938339633,17.0146886927291));
#9876=CARTESIAN_POINT('Ctrl Pts',(-40.9994981325551,12.0171113823074,17.0129602790145));
#9877=CARTESIAN_POINT('Ctrl Pts',(-40.9994954473333,12.0173931796988,17.0112524171249));
#9878=CARTESIAN_POINT('Ctrl Pts',(-40.9994929662521,12.0176535538058,17.0096743932396));
#9879=CARTESIAN_POINT('Ctrl Pts',(-40.9994893909519,12.0180525517018,17.0081141250045));
#9880=CARTESIAN_POINT('Ctrl Pts',(-40.9994840434669,12.0186514122893,17.0066462053588));
#9881=CARTESIAN_POINT('Ctrl Pts',(-40.9994811417443,12.0189763738947,17.0058496635014));
#9882=CARTESIAN_POINT('Ctrl Pts',(-40.9994777158773,12.0193589989144,17.0050828066858));
#9883=CARTESIAN_POINT('Ctrl Pts',(-40.9994736410958,12.0197995906941,17.0043512315593));
#9884=CARTESIAN_POINT('Ctrl Pts',(-40.9994705849703,12.0201300387899,17.0038025431393));
#9885=CARTESIAN_POINT('Ctrl Pts',(-40.999467166385,12.0204932102886,17.0032737525918));
#9886=CARTESIAN_POINT('Ctrl Pts',(-40.999463259256,12.020894860176,17.0027691552335));
#9887=CARTESIAN_POINT('Ctrl Pts',(-40.9994570674425,12.0215313739058,17.0019694957375));
#9888=CARTESIAN_POINT('Ctrl Pts',(-40.9994498603488,12.0222417699122,17.0012516860487));
#9889=CARTESIAN_POINT('Ctrl Pts',(-40.9994414093389,12.0230070400987,17.0006257509312));
#9890=CARTESIAN_POINT('Ctrl Pts',(-40.9994387963098,12.0232436595475,17.0004322135047));
#9891=CARTESIAN_POINT('Ctrl Pts',(-40.999436060442,12.0234858068794,17.0002472173609));
#9892=CARTESIAN_POINT('Ctrl Pts',(-40.9994331844413,12.023733661189,17.0000703546531));
#9893=CARTESIAN_POINT('Ctrl Pts',(-40.9994329848883,12.0237508587039,17.0000580829316));
#9894=CARTESIAN_POINT('Ctrl Pts',(-40.9994325119543,12.0237915572258,17.0000290414672));
#9895=CARTESIAN_POINT('Ctrl Pts',(-40.9994320364776,12.0238322557179,17.0000000000027));
#9896=CARTESIAN_POINT('',(-40.9995002746582,12.0169891747712,17.0176618520152));
#9897=CARTESIAN_POINT('Ctrl Pts',(-40.9995002746582,12.0167746428882,17.016660806708));
#9898=CARTESIAN_POINT('Ctrl Pts',(-40.9995002746582,12.0168461535158,17.0169944884771));
#9899=CARTESIAN_POINT('Ctrl Pts',(-40.9995002746582,12.0169176641435,17.0173281702461));
#9900=CARTESIAN_POINT('Ctrl Pts',(-40.9995002746582,12.0169891747712,17.0176618520152));
#9901=CARTESIAN_POINT('Ctrl Pts',(-40.9995002746582,12.0169891747712,17.0176618520152));
#9902=CARTESIAN_POINT('Ctrl Pts',(-40.9995002746582,12.0189849727578,17.0215972932419));
#9903=CARTESIAN_POINT('Ctrl Pts',(-40.9995002746582,12.0272107605158,17.0346539400739));
#9904=CARTESIAN_POINT('Ctrl Pts',(-40.9995002746582,12.0469870259346,17.0648750376495));
#9905=CARTESIAN_POINT('Ctrl Pts',(-40.9995002746582,12.0910382344669,17.1274791648095));
#9906=CARTESIAN_POINT('Ctrl Pts',(-40.9995002746582,12.1769648661806,17.2489587320752));
#9907=CARTESIAN_POINT('Ctrl Pts',(-40.9995002746582,12.3541129668342,17.4931357060697));
#9908=CARTESIAN_POINT('Ctrl Pts',(-40.9995002746582,12.5663201706967,17.7647551371347));
#9909=CARTESIAN_POINT('Ctrl Pts',(-40.9995002746582,12.7956489070229,18.0201333260573));
#9910=CARTESIAN_POINT('Ctrl Pts',(-40.9995002746582,12.9783245406566,18.2020494107755));
#9911=CARTESIAN_POINT('Ctrl Pts',(-40.9995002746582,13.302093987913,18.4849460121552));
#9912=CARTESIAN_POINT('Ctrl Pts',(-40.9995002746582,13.8856666051795,18.8586049659263));
#9913=CARTESIAN_POINT('Ctrl Pts',(-40.9995002746582,14.4851030521533,19.));
#9914=CARTESIAN_POINT('Ctrl Pts',(-40.9995002746582,14.8289192844562,19.));
#9915=CARTESIAN_POINT('Origin',(-39.9995002746582,16.3081009748296,19.));
#9916=CARTESIAN_POINT('',(-40.9995002746582,19.3081009748297,19.));
#9917=CARTESIAN_POINT('',(-39.9995002746582,18.3081009748297,18.));
#9918=CARTESIAN_POINT('Origin',(-39.9995002746582,18.3081009748297,19.));
#9919=CARTESIAN_POINT('',(-39.9995002746582,16.3081009748296,18.));
#9920=CARTESIAN_POINT('',(-40.9995002746582,16.3081009748296,19.));
#9921=CARTESIAN_POINT('Origin',(-38.9995685128388,12.0004680347959,17.));
#9922=CARTESIAN_POINT('',(-38.9995685128388,15.0004680347959,18.));
#9923=CARTESIAN_POINT('Origin',(-38.9995685128388,12.0004680347959,18.));
#9924=CARTESIAN_POINT('',(-38.9995685128388,14.0004680347959,17.));
#9925=CARTESIAN_POINT('Origin',(-38.9995685128388,15.0004680347959,17.));
#9926=CARTESIAN_POINT('Origin',(-38.9995685128388,12.0004680347959,17.));
#9927=CARTESIAN_POINT('Origin',(-30.9995002746582,16.3081009748296,18.));
#9928=CARTESIAN_POINT('',(-21.9995002746582,18.3081009748297,18.));
#9929=CARTESIAN_POINT('',(-30.9995002746582,18.3081009748297,18.));
#9930=CARTESIAN_POINT('',(-21.9995002746582,14.8288710327759,18.));
#9931=CARTESIAN_POINT('',(-21.9995002746582,16.3081009748296,18.));
#9932=CARTESIAN_POINT('',(-22.9995685128388,15.0004680347959,18.));
#9933=CARTESIAN_POINT('Origin',(-22.9995685128388,12.0004680347959,18.));
#9934=CARTESIAN_POINT('',(-30.9995343937485,15.0004680347959,18.));
#9935=CARTESIAN_POINT('Origin',(-30.9995002746582,18.3081009748297,19.));
#9936=CARTESIAN_POINT('',(-20.9995002746582,19.3081009748297,19.));
#9937=CARTESIAN_POINT('',(-30.9995002746582,19.3081009748297,19.));
#9938=CARTESIAN_POINT('Origin',(-21.9995002746582,18.3081009748297,19.));
#9939=CARTESIAN_POINT('Origin',(-21.9995002746582,16.3081009748296,19.));
#9940=CARTESIAN_POINT('',(-20.9995002746582,14.8288710327759,19.));
#9941=CARTESIAN_POINT('',(-20.9995002746582,16.3081009748296,19.));
#9942=CARTESIAN_POINT('Origin',(-21.9995002746582,14.8288710327759,19.));
#9943=CARTESIAN_POINT('Ctrl Pts',(-20.9995002746582,14.8288710327759,19.));
#9944=CARTESIAN_POINT('Ctrl Pts',(-20.9995002746582,14.3809864206261,19.));
#9945=CARTESIAN_POINT('Ctrl Pts',(-20.9995002746582,13.606621279894,18.7584318190915));
#9946=CARTESIAN_POINT('Ctrl Pts',(-20.9995002746582,13.0062184278745,18.2414581315351));
#9947=CARTESIAN_POINT('Ctrl Pts',(-20.9995002746582,12.7765280693475,17.9963754827633));
#9948=CARTESIAN_POINT('Ctrl Pts',(-20.9995002746582,14.8288710327759,18.7008006996581));
#9949=CARTESIAN_POINT('Ctrl Pts',(-21.000052712182,14.4408020156257,18.7144974516418));
#9950=CARTESIAN_POINT('Ctrl Pts',(-20.9993585300983,13.7458381633337,18.5384652197807));
#9951=CARTESIAN_POINT('Ctrl Pts',(-20.9992852410199,13.1372808814799,18.103478757508));
#9952=CARTESIAN_POINT('Ctrl Pts',(-20.9995002746582,12.8899610145291,17.8900666356127));
#9953=CARTESIAN_POINT('Ctrl Pts',(-21.2506950475992,14.8288710327759,18.1828787727051));
#9954=CARTESIAN_POINT('Ctrl Pts',(-21.2266805209148,14.5435475993646,18.2183784320215));
#9955=CARTESIAN_POINT('Ctrl Pts',(-21.1706238816245,13.9873376082849,18.1544039611272));
#9956=CARTESIAN_POINT('Ctrl Pts',(-21.0934528246669,13.3662020168245,17.8624614814103));
#9957=CARTESIAN_POINT('Ctrl Pts',(-21.0641755090699,13.0883111995348,17.7041737323975));
#9958=CARTESIAN_POINT('Ctrl Pts',(-21.7751007994018,14.8288710327759,18.));
#9959=CARTESIAN_POINT('Ctrl Pts',(-21.7146286398597,14.5802046342887,18.0159429695668));
#9960=CARTESIAN_POINT('Ctrl Pts',(-21.5680445890638,14.1095183662282,17.9311069766612));
#9961=CARTESIAN_POINT('Ctrl Pts',(-21.3280867627024,13.5367532339797,17.6810535624861));
#9962=CARTESIAN_POINT('Ctrl Pts',(-21.2295451612902,13.2498239161804,17.5528047392072));
#9963=CARTESIAN_POINT('Ctrl Pts',(-21.9995002746582,14.8288710327759,18.));
#9964=CARTESIAN_POINT('Ctrl Pts',(-21.9291177955606,14.5800428522623,18.));
#9965=CARTESIAN_POINT('Ctrl Pts',(-21.7556819122486,14.1301116623303,17.8792159095458));
#9966=CARTESIAN_POINT('Ctrl Pts',(-21.4463156515942,13.5928231564647,17.6207290657676));
#9967=CARTESIAN_POINT('Ctrl Pts',(-21.314489894814,13.3081009748296,17.4981877413816));
#9968=CARTESIAN_POINT('',(-20.9995002686346,13.3080960363749,18.4723920218106));
#9969=CARTESIAN_POINT('',(-21.314489894814,13.3081009748296,17.4981877413816));
#9970=CARTESIAN_POINT('Ctrl Pts',(-20.9995002565873,13.3081009748296,18.4723785496311));
#9971=CARTESIAN_POINT('Ctrl Pts',(-20.9994201692543,13.3081009748296,18.300306831368));
#9972=CARTESIAN_POINT('Ctrl Pts',(-21.0294411877939,13.3081009748316,18.1245826086246));
#9973=CARTESIAN_POINT('Ctrl Pts',(-21.1491826110622,13.3081009748316,17.7517539654749));
#9974=CARTESIAN_POINT('Ctrl Pts',(-21.2410822671001,13.3081009748296,17.5991235588795));
#9975=CARTESIAN_POINT('Ctrl Pts',(-21.314489894814,13.3081009748296,17.4981877413816));
#9976=CARTESIAN_POINT('Ctrl Pts',(-21.314489894814,13.3081009748296,17.4981877413816));
#9977=CARTESIAN_POINT('Ctrl Pts',(-21.4463156515942,13.5928231564647,17.6207290657676));
#9978=CARTESIAN_POINT('Ctrl Pts',(-21.7556819122486,14.1301116623303,17.8792159095458));
#9979=CARTESIAN_POINT('Ctrl Pts',(-21.9291177955606,14.5800428522623,18.));
#9980=CARTESIAN_POINT('Ctrl Pts',(-21.9995002746582,14.8288710327759,18.));
#9981=CARTESIAN_POINT('Ctrl Pts',(-20.9995002746582,14.8288710327759,19.));
#9982=CARTESIAN_POINT('Ctrl Pts',(-20.9995002746582,14.3809864206261,19.));
#9983=CARTESIAN_POINT('Ctrl Pts',(-20.9995002746582,13.8418379091796,18.8318091578522));
#9984=CARTESIAN_POINT('Ctrl Pts',(-20.9995002746582,13.3870190569224,18.5301132170625));
#9985=CARTESIAN_POINT('Ctrl Pts',(-20.9995002746582,13.3080861706926,18.4724055161059));
#9986=CARTESIAN_POINT('Origin',(-20.9995002746582,16.3081009748296,19.));
#9987=CARTESIAN_POINT('',(-20.9995002746582,19.3081009748297,20.));
#9988=CARTESIAN_POINT('',(-20.9995002746582,19.3081009748297,19.));
#9989=CARTESIAN_POINT('',(-20.9995002746582,13.3081009748296,20.));
#9990=CARTESIAN_POINT('',(-20.9995002746582,16.3081009748296,20.));
#9991=CARTESIAN_POINT('',(-20.9995002746582,13.3081009748296,19.));
#9992=CARTESIAN_POINT('Origin',(-30.9995002746582,19.3081009748297,19.));
#9993=CARTESIAN_POINT('',(-40.9995002746582,19.3081009748297,20.));
#9994=CARTESIAN_POINT('',(-40.9995002746582,19.3081009748297,19.));
#9995=CARTESIAN_POINT('',(-30.9995002746582,19.3081009748297,20.));
#9996=CARTESIAN_POINT('Origin',(-40.9995002746582,16.3081009748296,19.));
#9997=CARTESIAN_POINT('',(-40.9995002746582,12.0169891747712,20.));
#9998=CARTESIAN_POINT('',(-40.9995002746582,12.0169891747712,7.50000000000002));
#9999=CARTESIAN_POINT('',(-40.9995002746582,16.3081009748296,20.));
#10000=CARTESIAN_POINT('Origin',(-22.9995685128388,12.0004680347959,17.));
#10001=CARTESIAN_POINT('',(-21.4862621677326,13.3081009748296,17.));
#10002=CARTESIAN_POINT('Ctrl Pts',(-21.3144898948139,13.3081009748296,17.4981877413816));
#10003=CARTESIAN_POINT('Ctrl Pts',(-21.3489357466718,13.3081009748296,17.4508245405133));
#10004=CARTESIAN_POINT('Ctrl Pts',(-21.3787446474596,13.3081009748296,17.401063879122));
#10005=CARTESIAN_POINT('Ctrl Pts',(-21.4527428138787,13.3081009748296,17.2491037843916));
#10006=CARTESIAN_POINT('Ctrl Pts',(-21.4862621677326,13.3081009748296,17.1151057163053));
#10007=CARTESIAN_POINT('Ctrl Pts',(-21.4862621677326,13.3081009748296,17.));
#10008=CARTESIAN_POINT('',(-22.9995685128388,14.0004680347959,17.));
#10009=CARTESIAN_POINT('Origin',(-22.9995685128388,12.0004680347959,17.));
#10010=CARTESIAN_POINT('Origin',(-22.9995685128388,15.0004680347959,17.));
#10011=CARTESIAN_POINT('Origin',(-30.9995343937485,15.0004680347959,17.));
#10012=CARTESIAN_POINT('',(-30.9995343937485,14.0004680347959,17.));
#10013=CARTESIAN_POINT('Origin',(-38.9995685128388,12.0004680347959,7.50000000000002));
#10014=CARTESIAN_POINT('',(-38.9995685128388,14.0004680347959,7.00000000000001));
#10015=CARTESIAN_POINT('',(-38.9995685128388,14.0004680347959,7.50000000000002));
#10016=CARTESIAN_POINT('',(-40.9995685128388,12.0004680347959,3.00000000000001));
#10017=CARTESIAN_POINT('Origin',(-38.9995685128388,12.0004680347959,3.00000000000001));
#10018=CARTESIAN_POINT('',(-40.9995685128388,12.0004680347959,20.));
#10019=CARTESIAN_POINT('',(-40.9995685128388,12.0004680347959,7.50000000000002));
#10020=CARTESIAN_POINT('Origin',(-38.9995685128388,12.0004680347959,20.));
#10021=CARTESIAN_POINT('Origin',(-30.9995685128388,14.0004680347959,12.5));
#10022=CARTESIAN_POINT('',(-22.9995685128388,14.0004680347959,7.00000000000001));
#10023=CARTESIAN_POINT('',(-22.9995685128388,14.0004680347959,7.50000000000002));
#10024=CARTESIAN_POINT('',(-30.9995685128388,14.0004680347959,7.00000000000001));
#10025=CARTESIAN_POINT('Origin',(-22.9995685128388,12.0004680347959,7.50000000000002));
#10026=CARTESIAN_POINT('',(-21.4862621677326,13.3081009748296,20.));
#10027=CARTESIAN_POINT('',(-21.4862621677326,13.3081009748296,7.50000000000002));
#10028=CARTESIAN_POINT('',(-20.9995685128388,12.0004680347959,20.));
#10029=CARTESIAN_POINT('Origin',(-22.9995685128388,12.0004680347959,20.));
#10030=CARTESIAN_POINT('',(-20.9995685128388,12.0004680347959,3.00000000000001));
#10031=CARTESIAN_POINT('',(-20.9995685128388,12.0004680347959,7.50000000000002));
#10032=CARTESIAN_POINT('Origin',(-22.9995685128388,12.0004680347959,3.00000000000002));
#10033=CARTESIAN_POINT('Ctrl Pts',(-40.9995685128388,12.0004680347959,3.00000000000002));
#10034=CARTESIAN_POINT('Ctrl Pts',(-40.9995685128388,12.8980659358215,3.44879895051284));
#10035=CARTESIAN_POINT('Ctrl Pts',(-40.7374130509108,14.3886846256253,4.1941082954147));
#10036=CARTESIAN_POINT('Ctrl Pts',(-39.8961459295578,15.7268164584452,4.86317421182465));
#10037=CARTESIAN_POINT('Ctrl Pts',(-39.2987678131807,16.0004680347959,5.00000000000001));
#10038=CARTESIAN_POINT('Ctrl Pts',(-38.9995685128388,16.0004680347959,5.00000000000001));
#10039=CARTESIAN_POINT('Ctrl Pts',(-40.9995685128388,12.0004680347959,3.00000000000002));
#10040=CARTESIAN_POINT('Ctrl Pts',(-40.9995685128388,12.8125804214381,3.53428446489624));
#10041=CARTESIAN_POINT('Ctrl Pts',(-40.6179054972305,14.1624930910999,4.41939192287206));
#10042=CARTESIAN_POINT('Ctrl Pts',(-39.6486134634394,15.2340991752833,4.96398718472985));
#10043=CARTESIAN_POINT('Ctrl Pts',(-39.2078750266932,15.4020694341121,5.00000000000001));
#10044=CARTESIAN_POINT('Ctrl Pts',(-38.9995685128388,15.4020694341121,5.00000000000001));
#10045=CARTESIAN_POINT('Ctrl Pts',(-40.9995685128388,12.0004680347959,3.00000000000002));
#10046=CARTESIAN_POINT('Ctrl Pts',(-40.9995685128388,12.6629807712672,3.68388411506718));
#10047=CARTESIAN_POINT('Ctrl Pts',(-40.5297973687153,13.7613906383444,4.81868966255745));
#10048=CARTESIAN_POINT('Ctrl Pts',(-39.4401321566265,14.3748143241353,5.49231134545891));
#10049=CARTESIAN_POINT('Ctrl Pts',(-39.1297777254648,14.3658662421815,5.50187562120379));
#10050=CARTESIAN_POINT('Ctrl Pts',(-38.9995685128388,14.3658662421815,5.50187562120379));
#10051=CARTESIAN_POINT('Ctrl Pts',(-40.9995685128388,12.0004680347959,3.00000000000002));
#10052=CARTESIAN_POINT('Ctrl Pts',(-40.9995685128388,12.5133811210963,3.83348376523813));
#10053=CARTESIAN_POINT('Ctrl Pts',(-40.6472941930468,13.3618656562931,5.21701331497951));
#10054=CARTESIAN_POINT('Ctrl Pts',(-39.7121125400342,13.9388418702435,6.35641830314399));
#10055=CARTESIAN_POINT('Ctrl Pts',(-39.2315648808147,14.0004680347959,6.55120104948719));
#10056=CARTESIAN_POINT('Ctrl Pts',(-38.9995685128388,14.0004680347959,6.55120104948719));
#10057=CARTESIAN_POINT('Ctrl Pts',(-40.9995685128388,12.0004680347959,3.00000000000002));
#10058=CARTESIAN_POINT('Ctrl Pts',(-40.9995685128388,12.4492669853087,3.89759790102567));
#10059=CARTESIAN_POINT('Ctrl Pts',(-40.7374130509108,13.1945763302106,5.38821659082939));
#10060=CARTESIAN_POINT('Ctrl Pts',(-39.8961459295578,13.8636422466205,6.72634842364929));
#10061=CARTESIAN_POINT('Ctrl Pts',(-39.2987678131807,14.0004680347959,7.00000000000001));
#10062=CARTESIAN_POINT('Ctrl Pts',(-38.9995685128388,14.0004680347959,7.00000000000001));
#10063=CARTESIAN_POINT('',(-38.9995685128388,16.0004680347959,5.00000000000001));
#10064=CARTESIAN_POINT('Origin',(-38.9995685128388,16.0004680347959,7.00000000000001));
#10065=CARTESIAN_POINT('Origin',(-38.9995685128388,12.0004680347959,3.00000000000001));
#10066=CARTESIAN_POINT('Origin',(-30.9995685128388,16.0004680347959,7.00000000000001));
#10067=CARTESIAN_POINT('',(-22.9995685128388,16.0004680347959,5.00000000000001));
#10068=CARTESIAN_POINT('Origin',(-22.9995685128388,16.0004680347959,7.00000000000001));
#10069=CARTESIAN_POINT('',(-30.9995685128388,16.0004680347959,5.00000000000001));
#10070=CARTESIAN_POINT('Ctrl Pts',(-23.0000921499887,16.001288642109,5.00000011155977));
#10071=CARTESIAN_POINT('Ctrl Pts',(-22.8502556964517,16.0013667125665,5.00003916284811));
#10072=CARTESIAN_POINT('Ctrl Pts',(-22.4009736619381,15.901150601585,4.94991048470672));
#10073=CARTESIAN_POINT('Ctrl Pts',(-21.7096675352298,15.2354416716348,4.61698357413433));
#10074=CARTESIAN_POINT('Ctrl Pts',(-21.1360810167126,13.7954362786416,3.89713119336073));
#10075=CARTESIAN_POINT('Ctrl Pts',(-20.9995685128388,12.5989448011796,3.29912113464197));
#10076=CARTESIAN_POINT('Ctrl Pts',(-20.9995685128388,12.0004680347959,3.00000000000002));
#10077=CARTESIAN_POINT('Ctrl Pts',(-22.9999330012991,15.4026108651498,4.99973785212453));
#10078=CARTESIAN_POINT('Ctrl Pts',(-22.8956345727624,15.4026599315079,4.9997506772876));
#10079=CARTESIAN_POINT('Ctrl Pts',(-22.5872065695657,15.3396823354252,4.98329650288033));
#10080=CARTESIAN_POINT('Ctrl Pts',(-21.9307648997965,14.8609359186786,4.79676379892886));
#10081=CARTESIAN_POINT('Ctrl Pts',(-21.1900915079749,13.6250364068522,4.06936858078615));
#10082=CARTESIAN_POINT('Ctrl Pts',(-20.9995685128388,12.541928403024,3.35613753279755));
#10083=CARTESIAN_POINT('Ctrl Pts',(-20.9995685128388,12.0004680347959,3.00000000000002));
#10084=CARTESIAN_POINT('Ctrl Pts',(-22.9997962315743,14.3655839584494,5.50160491728531));
#10085=CARTESIAN_POINT('Ctrl Pts',(-22.9346317500614,14.3655840310919,5.50160992483894));
#10086=CARTESIAN_POINT('Ctrl Pts',(-22.748977506748,14.3655096479368,5.49520025465348));
#10087=CARTESIAN_POINT('Ctrl Pts',(-22.1092655584745,14.203219833912,5.29534820956049));
#10088=CARTESIAN_POINT('Ctrl Pts',(-21.2295538395247,13.3253194266683,4.3674505743737));
#10089=CARTESIAN_POINT('Ctrl Pts',(-20.9995685128388,12.4421431465688,3.45592278925273));
#10090=CARTESIAN_POINT('Ctrl Pts',(-20.9995685128388,12.0004680347959,3.00000000000002));
#10091=CARTESIAN_POINT('Ctrl Pts',(-22.9999744652295,14.0002768463799,6.55175029270029));
#10092=CARTESIAN_POINT('Ctrl Pts',(-22.8838115751867,14.000296115536,6.55180650835766));
#10093=CARTESIAN_POINT('Ctrl Pts',(-22.539138414712,13.975568031047,6.47965009861882));
#10094=CARTESIAN_POINT('Ctrl Pts',(-21.874878595298,13.751213761049,5.95302662169741));
#10095=CARTESIAN_POINT('Ctrl Pts',(-21.1770070985152,13.0261996911297,4.66659480426617));
#10096=CARTESIAN_POINT('Ctrl Pts',(-20.9995685128388,12.3423578901137,3.55570804570792));
#10097=CARTESIAN_POINT('Ctrl Pts',(-20.9995685128388,12.0004680347959,3.00000000000002));
#10098=CARTESIAN_POINT('Ctrl Pts',(-23.0000921472691,14.0004681417031,7.00082204737713));
#10099=CARTESIAN_POINT('Ctrl Pts',(-22.8502564722382,14.0005071932564,7.00090011808593));
#10100=CARTESIAN_POINT('Ctrl Pts',(-22.400976015524,13.9503781744237,6.90068368402423));
#10101=CARTESIAN_POINT('Ctrl Pts',(-21.7096681674273,13.6174531790959,6.23497642092665));
#10102=CARTESIAN_POINT('Ctrl Pts',(-21.136080131268,12.8975999066368,4.79496967121425));
#10103=CARTESIAN_POINT('Ctrl Pts',(-20.9995685128388,12.2995890318141,3.59847690400753));
#10104=CARTESIAN_POINT('Ctrl Pts',(-20.9995685128388,12.0004680347959,3.00000000000002));
#10105=CARTESIAN_POINT('Origin',(-22.9995685128388,12.0004680347959,3.00000000000001));
#10106=CARTESIAN_POINT('Origin',(-38.9995685128388,25.5004680347959,3.00000000000001));
#10107=CARTESIAN_POINT('',(-38.9995685128388,42.0004680347959,5.00000000000001));
#10108=CARTESIAN_POINT('',(-38.9995685128388,25.5004680347959,5.00000000000001));
#10109=CARTESIAN_POINT('',(-40.9995685128388,44.0004680347959,3.00000000000001));
#10110=CARTESIAN_POINT('Origin',(-38.9995685128388,42.0004680347959,3.00000000000001));
#10111=CARTESIAN_POINT('',(-40.9995685128388,25.5004680347959,3.00000000000001));
#10112=CARTESIAN_POINT('Origin',(-30.9995685128388,42.0004680347959,3.00000000000001));
#10113=CARTESIAN_POINT('',(-22.9995685128388,42.0004680347959,5.00000000000001));
#10114=CARTESIAN_POINT('',(-30.9995685128388,42.0004680347959,5.00000000000001));
#10115=CARTESIAN_POINT('',(-20.9995685128388,44.0004680347959,3.00000000000001));
#10116=CARTESIAN_POINT('Origin',(-22.9995685128388,42.0004680347959,3.00000000000001));
#10117=CARTESIAN_POINT('',(-30.9995685128388,44.0004680347959,3.00000000000001));
#10118=CARTESIAN_POINT('Origin',(-22.9995685128388,25.5004680347959,3.00000000000001));
#10119=CARTESIAN_POINT('',(-20.9995685128388,25.5004680347959,3.00000000000001));
#10120=CARTESIAN_POINT('',(-22.9995685128388,25.5004680347959,5.00000000000001));
#10121=CARTESIAN_POINT('Origin',(-40.9995685128388,25.5004680347959,2.50000000000001));
#10122=CARTESIAN_POINT('',(-40.9995685128388,44.0004680347959,5.41586165249944E-15));
#10123=CARTESIAN_POINT('',(-40.9995685128388,44.0004680347959,2.50000000000001));
#10124=CARTESIAN_POINT('',(-40.9995685128388,7.00046803479588,1.39376737345124E-14));
#10125=CARTESIAN_POINT('',(-40.9995685128388,25.5004680347959,9.67676769350594E-15));
#10126=CARTESIAN_POINT('',(-40.9995685128388,7.00046803479589,20.));
#10127=CARTESIAN_POINT('',(-40.9995685128388,7.00046803479588,2.50000000000002));
#10128=CARTESIAN_POINT('',(-40.9995685128388,10.5004680347959,20.));
#10129=CARTESIAN_POINT('Origin',(-30.9995685128388,44.0004680347959,2.50000000000001));
#10130=CARTESIAN_POINT('',(-20.9995685128388,44.0004680347959,5.41586165249944E-15));
#10131=CARTESIAN_POINT('',(-20.9995685128388,44.0004680347959,2.50000000000001));
#10132=CARTESIAN_POINT('',(-30.9995685128388,44.0004680347959,5.41586165249944E-15));
#10133=CARTESIAN_POINT('Origin',(-20.9995685128388,25.5004680347959,2.50000000000001));
#10134=CARTESIAN_POINT('',(-20.9995685128388,7.00046803479589,20.));
#10135=CARTESIAN_POINT('',(-20.9995685128388,10.5004680347959,20.));
#10136=CARTESIAN_POINT('',(-20.9995685128388,7.00046803479588,1.39376737345124E-14));
#10137=CARTESIAN_POINT('',(-20.9995685128388,7.00046803479588,2.50000000000002));
#10138=CARTESIAN_POINT('',(-20.9995685128388,25.5004680347959,9.67676769350594E-15));
#10139=CARTESIAN_POINT('Origin',(-30.9995002746582,16.3081009748296,20.));
#10140=CARTESIAN_POINT('',(-30.9995685128388,7.00046803479589,20.));
#10141=CARTESIAN_POINT('',(-30.9995002746582,13.3081009748296,20.));
#10142=CARTESIAN_POINT('Origin',(-30.9995685128388,7.00046803479588,2.50000000000002));
#10143=CARTESIAN_POINT('',(-30.9995685128388,7.00046803479588,1.39376737345124E-14));
#10144=CARTESIAN_POINT('Origin',(-30.9995685128388,25.5004680347959,9.67676769350594E-15));
#10145=CARTESIAN_POINT('Origin',(-30.9995685128388,25.5004680347959,5.00000000000001));
#10146=CARTESIAN_POINT('Origin',(-30.9995002746582,13.3081009748296,19.));
#10147=CARTESIAN_POINT('',(0.,0.,0.));
#10148=CARTESIAN_POINT('Origin',(28.,-26.,10.));
#10149=CARTESIAN_POINT('',(30.,-26.,18.));
#10150=CARTESIAN_POINT('',(30.,-26.,2.00000000000001));
#10151=CARTESIAN_POINT('',(30.,-26.,10.));
#10152=CARTESIAN_POINT('',(28.,-24.,5.32907051820075E-15));
#10153=CARTESIAN_POINT('Origin',(28.,-26.,2.00000000000001));
#10154=CARTESIAN_POINT('',(28.,-24.,20.));
#10155=CARTESIAN_POINT('',(28.,-24.,10.));
#10156=CARTESIAN_POINT('Origin',(28.,-26.,18.));
#10157=CARTESIAN_POINT('Origin',(28.,-59.,10.));
#10158=CARTESIAN_POINT('',(28.,-61.,20.));
#10159=CARTESIAN_POINT('',(28.,-61.,1.47693676995743E-14));
#10160=CARTESIAN_POINT('',(28.,-61.,10.));
#10161=CARTESIAN_POINT('',(30.,-59.,2.00000000000001));
#10162=CARTESIAN_POINT('Origin',(28.,-59.,2.00000000000002));
#10163=CARTESIAN_POINT('',(30.,-59.,18.));
#10164=CARTESIAN_POINT('',(30.,-59.,10.));
#10165=CARTESIAN_POINT('Origin',(28.,-59.,18.));
#10166=CARTESIAN_POINT('Origin',(28.,-42.5,2.00000000000001));
#10167=CARTESIAN_POINT('',(30.,-42.5,2.00000000000001));
#10168=CARTESIAN_POINT('',(28.,-42.5,9.99200722162641E-15));
#10169=CARTESIAN_POINT('Origin',(28.,-42.5,18.));
#10170=CARTESIAN_POINT('',(28.,-42.5,20.));
#10171=CARTESIAN_POINT('',(30.,-42.5,18.));
#10172=CARTESIAN_POINT('Origin',(-16.5,-42.5,1.00492191088875E-14));
#10173=CARTESIAN_POINT('',(-61.,-61.,1.47693676995743E-14));
#10174=CARTESIAN_POINT('',(-16.5,-61.,1.47693676995743E-14));
#10175=CARTESIAN_POINT('',(-61.,-24.,5.32907051820075E-15));
#10176=CARTESIAN_POINT('',(-61.,-42.5,9.99200722162641E-15));
#10177=CARTESIAN_POINT('',(-16.5,-24.,5.32907051820075E-15));
#10178=CARTESIAN_POINT('',(-0.207100849812894,-52.171372728072,1.24344978758018E-14));
#10179=CARTESIAN_POINT('',(26.0085,-52.171372728072,1.24344978758018E-14));
#10180=CARTESIAN_POINT('',(-1.79965021245323,-52.171372728072,1.28785870856518E-14));
#10181=CARTESIAN_POINT('',(26.0085,-32.712457576024,7.105427357601E-15));
#10182=CARTESIAN_POINT('',(26.0085,-42.470957576024,1.02140518265514E-14));
#10183=CARTESIAN_POINT('',(-0.207100849812894,-32.712457576024,7.105427357601E-15));
#10184=CARTESIAN_POINT('',(-1.79965021245323,-32.712457576024,7.54951656745106E-15));
#10185=CARTESIAN_POINT('',(-0.207100849812896,-42.470957576024,1.02140518265514E-14));
#10186=CARTESIAN_POINT('',(-54.7861432737889,-52.750415152048,1.24344978758018E-14));
#10187=CARTESIAN_POINT('',(-35.3272281217409,-52.750415152048,1.24344978758018E-14));
#10188=CARTESIAN_POINT('',(-30.7783428488825,-52.750415152048,1.28785870856518E-14));
#10189=CARTESIAN_POINT('',(-35.3272281217409,-33.2915,7.105427357601E-15));
#10190=CARTESIAN_POINT('',(-35.3272281217409,-42.760478788012,1.02140518265514E-14));
#10191=CARTESIAN_POINT('',(-54.7861432737889,-33.2915,7.105427357601E-15));
#10192=CARTESIAN_POINT('',(-30.7783428488825,-33.2915,7.99360577730113E-15));
#10193=CARTESIAN_POINT('',(-54.7861432737889,-42.760478788012,1.02140518265514E-14));
#10194=CARTESIAN_POINT('',(-3.9915,-59.2585,1.4210854715202E-14));
#10195=CARTESIAN_POINT('',(-3.9915,-29.2415,7.105427357601E-15));
#10196=CARTESIAN_POINT('',(-3.9915,-43.375,9.76996261670138E-15));
#10197=CARTESIAN_POINT('',(-24.0085,-29.2415,7.105427357601E-15));
#10198=CARTESIAN_POINT('',(-15.25,-29.2415,6.21724893790088E-15));
#10199=CARTESIAN_POINT('',(-24.0085,-59.2585,1.4210854715202E-14));
#10200=CARTESIAN_POINT('',(-24.0085,-43.375,9.76996261670138E-15));
#10201=CARTESIAN_POINT('',(-15.25,-59.2585,1.4210854715202E-14));
#10202=CARTESIAN_POINT('Origin',(-16.5,-61.,10.));
#10203=CARTESIAN_POINT('',(19.9726894836711,-61.,20.));
#10204=CARTESIAN_POINT('',(-16.5,-61.,20.));
#10205=CARTESIAN_POINT('',(13.3283171265084,-61.,18.));
#10206=CARTESIAN_POINT('Origin',(16.5,-61.,19.5));
#10207=CARTESIAN_POINT('',(-61.,-61.,18.));
#10208=CARTESIAN_POINT('',(-16.5,-61.,18.));
#10209=CARTESIAN_POINT('',(-61.,-61.,10.));
#10210=CARTESIAN_POINT('Origin',(30.,-42.5,10.));
#10211=CARTESIAN_POINT('Origin',(-61.,-59.,10.));
#10212=CARTESIAN_POINT('',(-63.,-59.,18.));
#10213=CARTESIAN_POINT('Origin',(-61.,-59.,18.));
#10214=CARTESIAN_POINT('',(-63.,-59.,2.00000000000001));
#10215=CARTESIAN_POINT('',(-63.,-59.,10.));
#10216=CARTESIAN_POINT('Origin',(-61.,-59.,2.00000000000002));
#10217=CARTESIAN_POINT('Origin',(-61.,-42.5,2.00000000000001));
#10218=CARTESIAN_POINT('',(-63.,-26.,2.00000000000001));
#10219=CARTESIAN_POINT('',(-63.,-42.5,2.00000000000001));
#10220=CARTESIAN_POINT('Origin',(-61.,-26.,2.00000000000001));
#10221=CARTESIAN_POINT('Origin',(-61.,-26.,10.));
#10222=CARTESIAN_POINT('',(-63.,-26.,18.));
#10223=CARTESIAN_POINT('',(-63.,-26.,10.));
#10224=CARTESIAN_POINT('',(-61.,-24.,20.));
#10225=CARTESIAN_POINT('Origin',(-61.,-26.,18.));
#10226=CARTESIAN_POINT('',(-61.,-24.,10.));
#10227=CARTESIAN_POINT('Origin',(-61.,-42.5,18.));
#10228=CARTESIAN_POINT('',(-61.,-44.0574934203623,20.));
#10229=CARTESIAN_POINT('',(-61.,-42.4425058646679,20.));
#10230=CARTESIAN_POINT('Ctrl Pts',(-61.,-44.0574934203623,20.));
#10231=CARTESIAN_POINT('Ctrl Pts',(-61.0147122100073,-43.7841994877489,
20.));
#10232=CARTESIAN_POINT('Ctrl Pts',(-61.0217191493272,-43.5143223370325,
19.999882066161));
#10233=CARTESIAN_POINT('Ctrl Pts',(-61.0217191493272,-42.9856769479977,
19.999882066161));
#10234=CARTESIAN_POINT('Ctrl Pts',(-61.0147122100073,-42.7157997972812,
20.));
#10235=CARTESIAN_POINT('Ctrl Pts',(-61.,-42.4425058646679,20.));
#10236=CARTESIAN_POINT('',(-61.,-42.5,20.));
#10237=CARTESIAN_POINT('',(-63.,-42.5,18.));
#10238=CARTESIAN_POINT('',(-61.,-59.,20.));
#10239=CARTESIAN_POINT('Origin',(-61.,-59.,18.));
#10240=CARTESIAN_POINT('',(-61.,-42.5,20.));
#10241=CARTESIAN_POINT('Origin',(-61.,-59.,18.));
#10242=CARTESIAN_POINT('Origin',(-61.,-59.,18.));
#10243=CARTESIAN_POINT('Origin',(-16.5,-24.,10.));
#10244=CARTESIAN_POINT('',(-16.5,-24.,20.));
#10245=CARTESIAN_POINT('Origin',(-16.5,-42.5,20.));
#10246=CARTESIAN_POINT('',(-46.,-28.228280493188,20.));
#10247=CARTESIAN_POINT('Origin',(-46.,-43.2499996425151,20.));
#10248=CARTESIAN_POINT('Origin',(-46.,-43.2499996425151,20.));
#10249=CARTESIAN_POINT('',(-24.0085,-59.,20.));
#10250=CARTESIAN_POINT('',(-16.5,-59.,20.));
#10251=CARTESIAN_POINT('',(-24.0085,-29.2415,20.));
#10252=CARTESIAN_POINT('',(-24.0085,-43.375,20.));
#10253=CARTESIAN_POINT('',(-3.9915,-29.2415,20.));
#10254=CARTESIAN_POINT('',(-15.25,-29.2415,20.));
#10255=CARTESIAN_POINT('',(-3.9915,-59.,20.));
#10256=CARTESIAN_POINT('',(-3.9915,-43.375,20.));
#10257=CARTESIAN_POINT('',(5.9915,-59.,20.));
#10258=CARTESIAN_POINT('',(-16.5,-59.,20.));
#10259=CARTESIAN_POINT('',(5.9915,-28.9915,20.));
#10260=CARTESIAN_POINT('',(5.9915,-43.25,20.));
#10261=CARTESIAN_POINT('',(27.0085,-28.9915,20.));
#10262=CARTESIAN_POINT('',(-7.105427357601E-15,-28.9915,20.));
#10263=CARTESIAN_POINT('',(27.0085,-59.0085,20.));
#10264=CARTESIAN_POINT('',(27.0085,-43.25,20.));
#10265=CARTESIAN_POINT('',(19.9726894836711,-59.0085,20.));
#10266=CARTESIAN_POINT('',(-7.105427357601E-15,-59.0085,20.));
#10267=CARTESIAN_POINT('',(19.9726894836711,-45.9915,20.));
#10268=CARTESIAN_POINT('Origin',(-46.,-43.2499996425151,2.99150000000001));
#10269=CARTESIAN_POINT('',(-46.,-28.228280493188,2.9915));
#10270=CARTESIAN_POINT('Origin',(-46.,-43.2499996425151,2.99150000000001));
#10271=CARTESIAN_POINT('',(-46.,-28.228280493188,2.9915));
#10272=CARTESIAN_POINT('Origin',(-63.,-42.5,10.));
#10273=CARTESIAN_POINT('Origin',(-16.5,-59.,18.));
#10274=CARTESIAN_POINT('',(13.0273079157151,-59.0085,19.9999819374185));
#10275=CARTESIAN_POINT('Ctrl Pts',(13.3283171265084,-61.,18.));
#10276=CARTESIAN_POINT('Ctrl Pts',(13.2179699750572,-61.,18.2333241135976));
#10277=CARTESIAN_POINT('Ctrl Pts',(13.1289836358661,-60.9559753252853,18.4950384218347));
#10278=CARTESIAN_POINT('Ctrl Pts',(13.0196061392365,-60.7583203017365,18.9895517556512));
#10279=CARTESIAN_POINT('Ctrl Pts',(12.9977239847828,-60.6042671495103,19.2218506658524));
#10280=CARTESIAN_POINT('Ctrl Pts',(12.9879134345822,-60.2448377948941,19.5857501674471));
#10281=CARTESIAN_POINT('Ctrl Pts',(12.9982936091514,-60.0189998476741,19.7417755433619));
#10282=CARTESIAN_POINT('Ctrl Pts',(13.018666755377,-59.5261208083258,19.9477516842622));
#10283=CARTESIAN_POINT('Ctrl Pts',(13.0271543290934,-59.2594992925443,19.998915180791));
#10284=CARTESIAN_POINT('Ctrl Pts',(13.0273079157151,-59.0085,19.9999819374185));
#10285=CARTESIAN_POINT('',(5.9915,-59.0085,19.9999819374185));
#10286=CARTESIAN_POINT('',(-16.5,-59.0085,19.9999819374185));
#10287=CARTESIAN_POINT('Origin',(5.9915,-59.,18.));
#10288=CARTESIAN_POINT('',(-3.9915,-59.2585,19.9832240796239));
#10289=CARTESIAN_POINT('Origin',(-3.9915,-59.,18.));
#10290=CARTESIAN_POINT('',(-24.0085,-59.2585,19.9832240796239));
#10291=CARTESIAN_POINT('',(-16.5,-59.2585,19.9832240796239));
#10292=CARTESIAN_POINT('Origin',(-24.0085,-59.,18.));
#10293=CARTESIAN_POINT('Origin',(16.5,-45.9915,19.5));
#10294=CARTESIAN_POINT('',(19.6676489704511,-59.0085,17.9915));
#10295=CARTESIAN_POINT('Origin',(16.5,-59.0085,19.5));
#10296=CARTESIAN_POINT('',(19.6676489704511,-52.171372728072,17.9915));
#10297=CARTESIAN_POINT('',(19.6676489704511,-45.9915,17.9915));
#10298=CARTESIAN_POINT('',(13.3323510295489,-52.171372728072,17.9915));
#10299=CARTESIAN_POINT('Origin',(16.5,-52.171372728072,19.5));
#10300=CARTESIAN_POINT('',(13.3323510295489,-59.0085,17.9915));
#10301=CARTESIAN_POINT('',(13.3323510295489,-45.9915,17.9915));
#10302=CARTESIAN_POINT('Origin',(16.5,-59.0085,19.5));
#10303=CARTESIAN_POINT('Origin',(-24.0085,-44.25,10.));
#10304=CARTESIAN_POINT('',(-24.0085,-59.2585,10.));
#10305=CARTESIAN_POINT('',(-24.0085,-29.2415,10.));
#10306=CARTESIAN_POINT('Origin',(-46.,-43.2499996425151,2.99150000000001));
#10307=CARTESIAN_POINT('',(-35.3272281217409,-33.2915,2.9915));
#10308=CARTESIAN_POINT('',(-54.7861432737889,-33.2915,2.99150000000001));
#10309=CARTESIAN_POINT('',(-45.5283428488824,-33.2915,2.9915));
#10310=CARTESIAN_POINT('',(-35.3272281217409,-52.750415152048,2.99150000000001));
#10311=CARTESIAN_POINT('',(-35.3272281217409,-43.1354786092696,2.9915));
#10312=CARTESIAN_POINT('',(-54.7861432737889,-52.750415152048,2.99150000000001));
#10313=CARTESIAN_POINT('',(-45.5283428488824,-52.750415152048,2.99150000000001));
#10314=CARTESIAN_POINT('',(-54.7861432737889,-43.1354786092696,2.99150000000001));
#10315=CARTESIAN_POINT('Origin',(-45.0566856977649,-52.750415152048,5.11161696959041));
#10316=CARTESIAN_POINT('',(-35.3272281217409,-52.750415152048,5.11161696959041));
#10317=CARTESIAN_POINT('',(-54.7861432737889,-52.750415152048,5.11161696959041));
#10318=CARTESIAN_POINT('Origin',(-35.3272281217409,-43.020957576024,5.1116169695904));
#10319=CARTESIAN_POINT('',(-35.3272281217409,-33.2915,5.1116169695904));
#10320=CARTESIAN_POINT('Origin',(12.9006995750936,-32.712457576024,5.1116169695904));
#10321=CARTESIAN_POINT('',(5.9915,-32.712457576024,18.0085));
#10322=CARTESIAN_POINT('',(5.9915,-32.712457576024,17.9915));
#10323=CARTESIAN_POINT('',(5.9915,-32.712457576024,12.0558084847952));
#10324=CARTESIAN_POINT('',(-0.207100849812894,-32.712457576024,18.0085));
#10325=CARTESIAN_POINT('',(12.9006995750936,-32.712457576024,18.0085));
#10326=CARTESIAN_POINT('',(-0.207100849812894,-32.712457576024,5.1116169695904));
#10327=CARTESIAN_POINT('',(26.0085,-32.712457576024,17.9915));
#10328=CARTESIAN_POINT('',(26.0085,-32.712457576024,5.1116169695904));
#10329=CARTESIAN_POINT('',(14.7003497875468,-32.712457576024,17.9915));
#10330=CARTESIAN_POINT('Origin',(26.0085,-42.441915152048,5.1116169695904));
#10331=CARTESIAN_POINT('',(26.0085,-52.171372728072,17.9915));
#10332=CARTESIAN_POINT('',(26.0085,-43.220957576024,17.9915));
#10333=CARTESIAN_POINT('',(26.0085,-52.171372728072,5.11161696959041));
#10334=CARTESIAN_POINT('Origin',(-0.207100849812894,-42.441915152048,5.1116169695904));
#10335=CARTESIAN_POINT('',(-0.207100849812894,-52.171372728072,18.0085));
#10336=CARTESIAN_POINT('',(-0.207100849812894,-42.441915152048,18.0085));
#10337=CARTESIAN_POINT('',(-0.207100849812894,-52.171372728072,5.11161696959041));
#10338=CARTESIAN_POINT('Origin',(12.9006995750936,-52.171372728072,5.11161696959041));
#10339=CARTESIAN_POINT('',(5.9915,-52.171372728072,17.9915));
#10340=CARTESIAN_POINT('',(5.9915,-52.171372728072,18.0085));
#10341=CARTESIAN_POINT('',(5.9915,-52.171372728072,12.0558084847952));
#10342=CARTESIAN_POINT('',(14.7003497875468,-52.171372728072,17.9915));
#10343=CARTESIAN_POINT('',(14.7003497875468,-52.171372728072,17.9915));
#10344=CARTESIAN_POINT('',(12.9006995750936,-52.171372728072,18.0085));
#10345=CARTESIAN_POINT('Origin',(12.9006995750936,-42.441915152048,18.0085));
#10346=CARTESIAN_POINT('',(5.9915,-43.220957576024,18.0085));
#10347=CARTESIAN_POINT('Origin',(16.5,-44.,17.9915));
#10348=CARTESIAN_POINT('',(5.9915,-59.0085,17.9915));
#10349=CARTESIAN_POINT('',(5.9915,-44.,17.9915));
#10350=CARTESIAN_POINT('',(16.5,-59.0085,17.9915));
#10351=CARTESIAN_POINT('Origin',(16.5,-44.,17.9915));
#10352=CARTESIAN_POINT('',(27.0085,-59.0085,17.9915));
#10353=CARTESIAN_POINT('',(16.5,-59.0085,17.9915));
#10354=CARTESIAN_POINT('',(27.0085,-28.9915,17.9915));
#10355=CARTESIAN_POINT('',(27.0085,-44.,17.9915));
#10356=CARTESIAN_POINT('',(5.9915,-28.9915,17.9915));
#10357=CARTESIAN_POINT('',(16.5,-28.9915,17.9915));
#10358=CARTESIAN_POINT('',(5.9915,-44.,17.9915));
#10359=CARTESIAN_POINT('Origin',(-45.0566856977649,-33.2915,5.1116169695904));
#10360=CARTESIAN_POINT('',(-54.7861432737889,-33.2915,5.1116169695904));
#10361=CARTESIAN_POINT('Origin',(-54.7861432737889,-43.020957576024,5.1116169695904));
#10362=CARTESIAN_POINT('Origin',(16.5,-59.0085,19.));
#10363=CARTESIAN_POINT('',(27.0085,-59.0085,19.));
#10364=CARTESIAN_POINT('Origin',(16.5,-59.0085,19.));
#10365=CARTESIAN_POINT('',(5.9915,-59.0085,19.));
#10366=CARTESIAN_POINT('Origin',(5.9915,-44.,19.));
#10367=CARTESIAN_POINT('',(5.9915,-28.9915,19.));
#10368=CARTESIAN_POINT('Origin',(16.5,-28.9915,19.));
#10369=CARTESIAN_POINT('',(27.0085,-28.9915,19.));
#10370=CARTESIAN_POINT('Origin',(27.0085,-44.,19.));
#10371=CARTESIAN_POINT('Origin',(-14.,-59.2585,10.));
#10372=CARTESIAN_POINT('',(-3.9915,-59.2585,10.));
#10373=CARTESIAN_POINT('Origin',(-3.9915,-44.25,10.));
#10374=CARTESIAN_POINT('',(-3.9915,-29.2415,10.));
#10375=CARTESIAN_POINT('Origin',(-14.,-29.2415,10.));
#10376=CARTESIAN_POINT('Origin',(-29.8768943743823,-11.3709917711563,11.));
#10377=CARTESIAN_POINT('',(-29.8768943743823,41.029346950183,10.));
#10378=CARTESIAN_POINT('',(-30.1194299994187,41.2718825752193,10.0298574998547));
#10379=CARTESIAN_POINT('Origin',(-29.8768943743823,41.2718825752193,11.));
#10380=CARTESIAN_POINT('',(-29.8768943743823,229.,10.));
#10381=CARTESIAN_POINT('',(-29.8768943743823,-11.3709917711563,10.));
#10382=CARTESIAN_POINT('',(-30.1194299994187,229.,10.0298574998547));
#10383=CARTESIAN_POINT('Origin',(-29.8768943743823,229.,11.));
#10384=CARTESIAN_POINT('',(-30.1194299994187,-11.3709917711563,10.0298574998547));
#10385=CARTESIAN_POINT('Ctrl Pts',(-30.1194299994187,229.,10.0298574998547));
#10386=CARTESIAN_POINT('Ctrl Pts',(-30.1194299994187,229.149599650171,10.0298574998547));
#10387=CARTESIAN_POINT('Ctrl Pts',(-30.6672952011478,229.448228647431,10.0962654030946));
#10388=CARTESIAN_POINT('Ctrl Pts',(-33.3449076758621,229.868792030943,10.4208244909387));
#10389=CARTESIAN_POINT('Ctrl Pts',(-36.3270850149761,230.,10.7823005320434));
#10390=CARTESIAN_POINT('Ctrl Pts',(-38.1231056256177,230.,11.));
#10391=CARTESIAN_POINT('Ctrl Pts',(-30.0741606255657,229.,10.0185401563914));
#10392=CARTESIAN_POINT('Ctrl Pts',(-30.0741606255657,229.177522256106,10.0185401563914));
#10393=CARTESIAN_POINT('Ctrl Pts',(-30.6274229509831,229.532562847128,10.0599695246103));
#10394=CARTESIAN_POINT('Ctrl Pts',(-33.3280156344954,229.993691077758,10.2682882664221));
#10395=CARTESIAN_POINT('Ctrl Pts',(-36.327258948303,230.067126486582,10.5247708094457));
#10396=CARTESIAN_POINT('Ctrl Pts',(-38.1231056256177,230.,10.7008006996581));
#10397=CARTESIAN_POINT('Ctrl Pts',(-29.9935510048278,229.,10.0042899106121));
#10398=CARTESIAN_POINT('Ctrl Pts',(-29.9935510048278,229.227243776227,10.0042899106121));
#10399=CARTESIAN_POINT('Ctrl Pts',(-30.55300978985,229.680265862618,10.0135585888331));
#10400=CARTESIAN_POINT('Ctrl Pts',(-33.2827522607858,230.270497604863,10.0633770601177));
#10401=CARTESIAN_POINT('Ctrl Pts',(-36.3133668159932,230.354824927094,10.1300035219931));
#10402=CARTESIAN_POINT('Ctrl Pts',(-38.1231056256177,230.251317884647,10.1830264893902));
#10403=CARTESIAN_POINT('Ctrl Pts',(-29.9118913262576,229.,10.));
#10404=CARTESIAN_POINT('Ctrl Pts',(-29.9118913262576,229.277612686397,10.));
#10405=CARTESIAN_POINT('Ctrl Pts',(-30.4748558846463,229.83152465498,10.0002791387392));
#10406=CARTESIAN_POINT('Ctrl Pts',(-33.2248976600292,230.597391949454,10.000250160705));
#10407=CARTESIAN_POINT('Ctrl Pts',(-36.284848077224,230.806430986807,10.0005613512588));
#10408=CARTESIAN_POINT('Ctrl Pts',(-38.1231056256177,230.775600524744,10.));
#10409=CARTESIAN_POINT('Ctrl Pts',(-29.8768943743823,229.,10.));
#10410=CARTESIAN_POINT('Ctrl Pts',(-29.8768943743823,229.299199300342,10.));
#10411=CARTESIAN_POINT('Ctrl Pts',(-30.4413615519215,229.896457294861,10.));
#10412=CARTESIAN_POINT('Ctrl Pts',(-33.2001137985968,230.737584061886,10.));
#10413=CARTESIAN_POINT('Ctrl Pts',(-36.2726601479869,231.,10.));
#10414=CARTESIAN_POINT('Ctrl Pts',(-38.1231056256177,231.,10.));
#10415=CARTESIAN_POINT('',(-30.9816771970749,230.,10.));
#10416=CARTESIAN_POINT('',(-38.1231056256177,230.,11.));
#10417=CARTESIAN_POINT('Ctrl Pts',(-30.981677197075,230.,10.));
#10418=CARTESIAN_POINT('Ctrl Pts',(-31.1982476621666,230.,10.));
#10419=CARTESIAN_POINT('Ctrl Pts',(-31.4241312518047,230.,10.0106120973133));
#10420=CARTESIAN_POINT('Ctrl Pts',(-32.0746204565582,230.,10.0560404546387));
#10421=CARTESIAN_POINT('Ctrl Pts',(-32.5514927239907,230.,10.1108237311498));
#10422=CARTESIAN_POINT('Ctrl Pts',(-33.9980057141288,230.,10.2992371425345));
#10423=CARTESIAN_POINT('Ctrl Pts',(-35.2758663870851,230.,10.5106885313849));
#10424=CARTESIAN_POINT('Ctrl Pts',(-36.8247187540995,230.,10.7740064566249));
#10425=CARTESIAN_POINT('Ctrl Pts',(-37.6471153194248,230.,10.9171415102226));
#10426=CARTESIAN_POINT('Ctrl Pts',(-38.0958630269412,230.,10.9952576722667));
#10427=CARTESIAN_POINT('Ctrl Pts',(-38.1094805937838,230.,10.997628186396));
#10428=CARTESIAN_POINT('Ctrl Pts',(-38.1231056256175,230.,10.9999999999999));
#10429=CARTESIAN_POINT('Origin',(-38.1231056256177,229.,11.));
#10430=CARTESIAN_POINT('Origin',(-38.1231056256177,229.,10.));
#10431=CARTESIAN_POINT('Origin',(-10.,-11.3709917711563,10.));
#10432=CARTESIAN_POINT('',(-25.8768943743823,40.2718825752193,10.));
#10433=CARTESIAN_POINT('Origin',(-25.8768943743823,41.2718825752193,10.));
#10434=CARTESIAN_POINT('',(-12.,40.2718825752193,10.));
#10435=CARTESIAN_POINT('',(-10.,40.2718825752193,10.));
#10436=CARTESIAN_POINT('',(-12.,228.,10.));
#10437=CARTESIAN_POINT('',(-12.,-11.3709917711563,10.));
#10438=CARTESIAN_POINT('',(-11.4641016151378,230.,10.));
#10439=CARTESIAN_POINT('Origin',(-8.,228.,10.));
#10440=CARTESIAN_POINT('',(-38.7149232853274,230.,10.));
#10441=CARTESIAN_POINT('Origin',(-10.933934963199,41.2718825752193,6.26426014720416));
#10442=CARTESIAN_POINT('',(-65.3194299994187,41.2718825752193,18.8298574998547));
#10443=CARTESIAN_POINT('',(-11.1764705882353,41.2718825752193,5.29411764705882));
#10444=CARTESIAN_POINT('',(-65.0768943743824,40.2718825752193,19.8));
#10445=CARTESIAN_POINT('Origin',(-65.0768943743824,41.2718825752193,19.8));
#10446=CARTESIAN_POINT('',(-10.933934963199,40.2718825752193,6.26426014720416));
#10447=CARTESIAN_POINT('Origin',(-30.,-11.3709917711563,10.));
#10448=CARTESIAN_POINT('',(-68.1873109456185,229.,19.5468277364046));
#10449=CARTESIAN_POINT('',(-49.8590291252633,229.,14.9647572813158));
#10450=CARTESIAN_POINT('',(-68.1873109456185,231.433837610763,19.5468277364046));
#10451=CARTESIAN_POINT('',(-68.1873109456185,120.496602249509,19.5468277364046));
#10452=CARTESIAN_POINT('',(-68.6723821956911,231.433837610763,19.6680955489228));
#10453=CARTESIAN_POINT('',(-47.0258101508964,231.433837610763,14.2564525377241));
#10454=CARTESIAN_POINT('',(-68.6723821956911,277.629008228844,19.6680955489228));
#10455=CARTESIAN_POINT('',(-68.6723821956911,134.314504114422,19.6680955489228));
#10456=CARTESIAN_POINT('',(-69.2425356250363,277.629008228844,19.8106339062591));
#10457=CARTESIAN_POINT('',(-38.2352941176471,277.629008228844,12.0588235294118));
#10458=CARTESIAN_POINT('',(-69.2425356250363,-10.3709917711563,19.8106339062591));
#10459=CARTESIAN_POINT('',(-69.2425356250363,-11.3709917711563,19.8106339062591));
#10460=CARTESIAN_POINT('',(-30.1194299994187,-10.3709917711563,10.0298574998547));
#10461=CARTESIAN_POINT('',(-38.2352941176471,-10.3709917711563,12.0588235294118));
#10462=CARTESIAN_POINT('',(-30.1194299994187,-8.99045289190858,10.0298574998547));
#10463=CARTESIAN_POINT('',(-30.1194299994187,-11.3709917711563,10.0298574998547));
#10464=CARTESIAN_POINT('',(-67.6472813674058,-8.99045289190858,19.4118203418514));
#10465=CARTESIAN_POINT('',(-47.1673261462021,-8.99045289190858,14.2918315365505));
#10466=CARTESIAN_POINT('',(-67.6472813674058,40.0718825752193,19.4118203418514));
#10467=CARTESIAN_POINT('',(-67.6472813674058,-7.99045289190858,19.4118203418514));
#10468=CARTESIAN_POINT('',(-66.7231036857159,41.2194261523439,19.180775921429));
#10469=CARTESIAN_POINT('Ctrl Pts',(-66.7231036857158,41.2194261523439,19.180775921429));
#10470=CARTESIAN_POINT('Ctrl Pts',(-66.8743894881695,41.2078603660718,19.2185973720424));
#10471=CARTESIAN_POINT('Ctrl Pts',(-67.1727950547073,41.1070484669837,19.2931987636768));
#10472=CARTESIAN_POINT('Ctrl Pts',(-67.4751759997994,40.7907127924803,19.3687939999498));
#10473=CARTESIAN_POINT('Ctrl Pts',(-67.5924691573133,40.4969241087922,19.3981172893283));
#10474=CARTESIAN_POINT('Ctrl Pts',(-67.6308297856288,40.3056435660821,19.4077074464072));
#10475=CARTESIAN_POINT('Ctrl Pts',(-67.6420982993307,40.2085290180557,19.4105245748327));
#10476=CARTESIAN_POINT('Ctrl Pts',(-67.6465345905133,40.1304660757647,19.4116336476283));
#10477=CARTESIAN_POINT('Ctrl Pts',(-67.6472813674058,40.0913994775441,19.4118203418514));
#10478=CARTESIAN_POINT('Ctrl Pts',(-67.6472813674058,40.0718825752193,19.4118203418514));
#10479=CARTESIAN_POINT('Ctrl Pts',(-65.3194299994187,41.2718825752193,18.8298574998547));
#10480=CARTESIAN_POINT('Ctrl Pts',(-65.7884378859514,41.2718825752193,18.9471094714878));
#10481=CARTESIAN_POINT('Ctrl Pts',(-66.2573967565758,41.2550294060564,19.0643491891439));
#10482=CARTESIAN_POINT('Ctrl Pts',(-66.7231036857159,41.2194261523439,19.180775921429));
#10483=CARTESIAN_POINT('Origin',(-68.4298465706548,134.314504114422,20.6382380490681));
#10484=CARTESIAN_POINT('',(-67.4597040705095,278.629008228844,20.3957024240318));
#10485=CARTESIAN_POINT('Origin',(-68.4298465706548,277.629008228844,20.6382380490681));
#10486=CARTESIAN_POINT('',(-67.4298465706548,231.433837610763,20.6382380490681));
#10487=CARTESIAN_POINT('Origin',(-68.4298465706548,231.433837610763,20.6382380490681));
#10488=CARTESIAN_POINT('',(-67.4298465706548,278.629008228844,20.6382380490681));
#10489=CARTESIAN_POINT('',(-67.4298465706548,134.314504114422,20.6382380490681));
#10490=CARTESIAN_POINT('Origin',(-68.4298465706548,278.629008228844,20.6382380490681));
#10491=CARTESIAN_POINT('Origin',(-68.4298465706548,120.496602249509,18.5766852362593));
#10492=CARTESIAN_POINT('',(-67.4298465706548,229.970142500145,18.5766852362593));
#10493=CARTESIAN_POINT('',(-67.4298465706548,231.433837610763,18.5766852362593));
#10494=CARTESIAN_POINT('',(-67.4298465706548,120.496602249509,18.5766852362593));
#10495=CARTESIAN_POINT('Origin',(-68.4298465706548,231.433837610763,18.5766852362593));
#10496=CARTESIAN_POINT('Origin',(-68.4298465706548,229.,18.5766852362593));
#10497=CARTESIAN_POINT('Origin',(-50.1015647502996,229.,13.9946147811705));
#10498=CARTESIAN_POINT('',(-67.4298465706548,230.,18.3266852362593));
#10499=CARTESIAN_POINT('',(-50.1015647502996,230.,13.9946147811705));
#10500=CARTESIAN_POINT('Origin',(-67.4298465706548,229.,18.3266852362593));
#10501=CARTESIAN_POINT('Origin',(-67.4298465706548,252.364196270175,17.0411806410593));
#10502=CARTESIAN_POINT('',(-67.4298465706548,230.,5.));
#10503=CARTESIAN_POINT('',(-67.4298465706548,230.,5.));
#10504=CARTESIAN_POINT('',(-67.4298465706548,231.433837610763,5.));
#10505=CARTESIAN_POINT('',(-67.4298465706548,255.,5.));
#10506=CARTESIAN_POINT('',(-67.4298465706548,231.433837610763,11.0205903205296));
#10507=CARTESIAN_POINT('Origin',(-67.4298465706548,230.,29.0823612821185));
#10508=CARTESIAN_POINT('',(-8.,230.,12.));
#10509=CARTESIAN_POINT('Ctrl Pts',(-8.,230.,12.));
#10510=CARTESIAN_POINT('Ctrl Pts',(-8.27709822208096,230.,11.722901777919));
#10511=CARTESIAN_POINT('Ctrl Pts',(-8.58155067196299,230.,11.4173180252879));
#10512=CARTESIAN_POINT('Ctrl Pts',(-9.22971292230173,230.,10.8578775365535));
#10513=CARTESIAN_POINT('Ctrl Pts',(-9.57551811363875,230.,10.6064531055631));
#10514=CARTESIAN_POINT('Ctrl Pts',(-10.1450253145856,230.,10.2999378216496));
#10515=CARTESIAN_POINT('Ctrl Pts',(-10.4018829341513,230.,10.1891622617136));
#10516=CARTESIAN_POINT('Ctrl Pts',(-10.9339020518596,230.,10.0389086562628));
#10517=CARTESIAN_POINT('Ctrl Pts',(-11.2092241932622,230.,10.));
#10518=CARTESIAN_POINT('Ctrl Pts',(-11.4641016151378,230.,10.));
#10519=CARTESIAN_POINT('',(-8.,230.,27.0823612821185));
#10520=CARTESIAN_POINT('',(-8.,230.,49.5411806410593));
#10521=CARTESIAN_POINT('',(73.2909669329421,230.,27.0823612821185));
#10522=CARTESIAN_POINT('',(-8.67984657065484,230.,27.0823612821185));
#10523=CARTESIAN_POINT('',(73.2909669329421,230.,18.0823612821185));
#10524=CARTESIAN_POINT('',(73.2909669329421,230.,40.0823612821185));
#10525=CARTESIAN_POINT('',(86.4121416056977,230.,18.0823612821185));
#10526=CARTESIAN_POINT('',(6.21085384933253,230.,18.0823612821185));
#10527=CARTESIAN_POINT('',(86.4121416056977,230.,27.0823612821185));
#10528=CARTESIAN_POINT('',(86.4121416056977,230.,40.0823612821185));
#10529=CARTESIAN_POINT('',(180.570153429345,230.,27.0823612821185));
#10530=CARTESIAN_POINT('',(-8.67984657065484,230.,27.0823612821185));
#10531=CARTESIAN_POINT('',(180.570153429345,230.,5.));
#10532=CARTESIAN_POINT('',(180.570153429345,230.,23.0617709615889));
#10533=CARTESIAN_POINT('',(-67.4298465706548,230.,5.));
#10534=CARTESIAN_POINT('Origin',(-67.4047457423694,-7.99045289190858,20.3819628419968));
#10535=CARTESIAN_POINT('',(-66.4805680606795,-8.00122924859107,20.));
#10536=CARTESIAN_POINT('Origin',(-67.4047457423694,-8.99045289190858,20.3819628419968));
#10537=CARTESIAN_POINT('',(-66.4805680606795,40.0718825752193,20.));
#10538=CARTESIAN_POINT('',(-66.4805680606795,-7.99045289190858,20.));
#10539=CARTESIAN_POINT('Origin',(-67.4047457423694,40.0718825752193,20.3819628419968));
#10540=CARTESIAN_POINT('Ctrl Pts',(-66.4805680606795,40.2631398380734,19.8584864035957));
#10541=CARTESIAN_POINT('Ctrl Pts',(-66.4805680606795,40.2612122070282,19.8647899786974));
#10542=CARTESIAN_POINT('Ctrl Pts',(-66.4805680606795,40.2554663256831,19.8806486268241));
#10543=CARTESIAN_POINT('Ctrl Pts',(-66.4805680606795,40.2374026834318,19.916764580199));
#10544=CARTESIAN_POINT('Ctrl Pts',(-66.4805680606795,40.196534563365,19.9605903611133));
#10545=CARTESIAN_POINT('Ctrl Pts',(-66.4805680606795,40.1479419284484,19.986169511783));
#10546=CARTESIAN_POINT('Ctrl Pts',(-66.4805680606795,40.1181348811164,19.9953150821727));
#10547=CARTESIAN_POINT('Ctrl Pts',(-66.4805680606795,40.0920034172067,19.9993317616945));
#10548=CARTESIAN_POINT('Ctrl Pts',(-66.4805680606795,40.0785898427341,20.));
#10549=CARTESIAN_POINT('Ctrl Pts',(-66.4805680606795,40.0718825752193,20.));
#10550=CARTESIAN_POINT('Ctrl Pts',(-66.5423857633594,40.3322888079009,19.6323613234864));
#10551=CARTESIAN_POINT('Ctrl Pts',(-66.5533193791434,40.3283727151921,19.639730250223));
#10552=CARTESIAN_POINT('Ctrl Pts',(-66.5744898913047,40.3121183616999,19.6568310343135));
#10553=CARTESIAN_POINT('Ctrl Pts',(-66.5899069168512,40.2687769174306,19.6875331709864));
#10554=CARTESIAN_POINT('Ctrl Pts',(-66.5889827690321,40.2105346068486,19.7204043989382));
#10555=CARTESIAN_POINT('Ctrl Pts',(-66.5860369485839,40.15450100486,19.7392033449985));
#10556=CARTESIAN_POINT('Ctrl Pts',(-66.5848128167908,40.1216904759339,19.7459126591768));
#10557=CARTESIAN_POINT('Ctrl Pts',(-66.5842301279236,40.09349150139,19.7488534701827));
#10558=CARTESIAN_POINT('Ctrl Pts',(-66.5841604390556,40.0790775552208,19.7493531999398));
#10559=CARTESIAN_POINT('Ctrl Pts',(-66.5841604390556,40.0718825752193,19.7493531999398));
#10560=CARTESIAN_POINT('Ctrl Pts',(-66.650033456569,40.6097367234782,19.2866140254791));
#10561=CARTESIAN_POINT('Ctrl Pts',(-66.7054254817646,40.6024342332102,19.3017319358387));
#10562=CARTESIAN_POINT('Ctrl Pts',(-66.8129052217414,40.557693338209,19.3317880759072));
#10563=CARTESIAN_POINT('Ctrl Pts',(-66.9145877520732,40.4258842416611,19.3646013014387));
#10564=CARTESIAN_POINT('Ctrl Pts',(-66.9446540310644,40.2945084388991,19.3813873149724));
#10565=CARTESIAN_POINT('Ctrl Pts',(-66.9510123671027,40.1982153673902,19.3885200094007));
#10566=CARTESIAN_POINT('Ctrl Pts',(-66.9523532403948,40.146670092105,19.3908516759709));
#10567=CARTESIAN_POINT('Ctrl Pts',(-66.9527523028563,40.104100228366,19.3918320098848));
#10568=CARTESIAN_POINT('Ctrl Pts',(-66.9528150563022,40.0826194093398,19.3919931821827));
#10569=CARTESIAN_POINT('Ctrl Pts',(-66.9528150563022,40.0718825752193,19.3919931821827));
#10570=CARTESIAN_POINT('Ctrl Pts',(-66.7099503902272,41.0366218023328,19.1774875975568));
#10571=CARTESIAN_POINT('Ctrl Pts',(-66.8325907754092,41.0263367893798,19.2081402230874));
#10572=CARTESIAN_POINT('Ctrl Pts',(-67.0739325175679,40.9423770304687,19.2685447580912));
#10573=CARTESIAN_POINT('Ctrl Pts',(-67.31668317508,40.6813686939282,19.3292276868795));
#10574=CARTESIAN_POINT('Ctrl Pts',(-67.4084945785037,40.436270182049,19.3521596274987));
#10575=CARTESIAN_POINT('Ctrl Pts',(-67.4376698906389,40.273455190224,19.3594263859273));
#10576=CARTESIAN_POINT('Ctrl Pts',(-67.4461067341073,40.1899958593126,19.3615282982095));
#10577=CARTESIAN_POINT('Ctrl Pts',(-67.4493970524749,40.1225665022114,19.3623469032073));
#10578=CARTESIAN_POINT('Ctrl Pts',(-67.4499466572509,40.0887693995933,19.3624866643127));
#10579=CARTESIAN_POINT('Ctrl Pts',(-67.4499466572509,40.0718825752193,19.3624866643127));
#10580=CARTESIAN_POINT('Ctrl Pts',(-66.7231036857158,41.2194261523439,19.180775921429));
#10581=CARTESIAN_POINT('Ctrl Pts',(-66.8743894881695,41.2078603660718,19.2185973720424));
#10582=CARTESIAN_POINT('Ctrl Pts',(-67.1727950547073,41.1070484669837,19.2931987636768));
#10583=CARTESIAN_POINT('Ctrl Pts',(-67.4751759997994,40.7907127924803,19.3687939999498));
#10584=CARTESIAN_POINT('Ctrl Pts',(-67.5924691573133,40.4969241087922,19.3981172893283));
#10585=CARTESIAN_POINT('Ctrl Pts',(-67.6308297856288,40.3056435660821,19.4077074464072));
#10586=CARTESIAN_POINT('Ctrl Pts',(-67.6420982993307,40.2085290180557,19.4105245748327));
#10587=CARTESIAN_POINT('Ctrl Pts',(-67.6465345905133,40.1304660757647,19.4116336476283));
#10588=CARTESIAN_POINT('Ctrl Pts',(-67.6472813674058,40.0913994775441,19.4118203418514));
#10589=CARTESIAN_POINT('Ctrl Pts',(-67.6472813674058,40.0718825752193,19.4118203418514));
#10590=CARTESIAN_POINT('',(-66.4805680606795,40.2631398380734,19.8584864035957));
#10591=CARTESIAN_POINT('Origin',(-66.4805680606795,41.2194261523439,20.1509184215743));
#10592=CARTESIAN_POINT('Origin',(-66.4805680606795,40.0718825752193,19.8));
#10593=CARTESIAN_POINT('Ctrl Pts',(-66.7231036857159,41.2194261523439,19.180775921429));
#10594=CARTESIAN_POINT('Ctrl Pts',(-66.2573967565758,41.2550294060564,19.0643491891439));
#10595=CARTESIAN_POINT('Ctrl Pts',(-65.7884378859514,41.2718825752193,18.9471094714878));
#10596=CARTESIAN_POINT('Ctrl Pts',(-65.3194299994187,41.2718825752193,18.8298574998547));
#10597=CARTESIAN_POINT('Ctrl Pts',(-66.7055659583977,40.9756870189958,19.1763914895994));
#10598=CARTESIAN_POINT('Ctrl Pts',(-66.2449502531625,40.9919800391727,19.06078856172));
#10599=CARTESIAN_POINT('Ctrl Pts',(-65.7813488606368,40.9911303480566,18.9461041483232));
#10600=CARTESIAN_POINT('Ctrl Pts',(-65.3194299994187,40.9726832748774,18.8298574998547));
#10601=CARTESIAN_POINT('Ctrl Pts',(-66.6351989792364,40.5512460919811,19.3280655203057));
#10602=CARTESIAN_POINT('Ctrl Pts',(-66.1768250631536,40.5351006028317,19.2405982470918));
#10603=CARTESIAN_POINT('Ctrl Pts',(-65.7165629303926,40.5026730087193,19.1548135855355));
#10604=CARTESIAN_POINT('Ctrl Pts',(-65.2584861096956,40.454861322122,19.0736330587473));
#10605=CARTESIAN_POINT('Ctrl Pts',(-66.5269313376894,40.315001565444,19.6888925935138));
#10606=CARTESIAN_POINT('Ctrl Pts',(-66.0634095489515,40.3076826991359,19.6509788677683));
#10607=CARTESIAN_POINT('Ctrl Pts',(-65.5970712160108,40.293354901406,19.6147867616405));
#10608=CARTESIAN_POINT('Ctrl Pts',(-65.1313192413715,40.2718825752193,19.5823005320434));
#10609=CARTESIAN_POINT('Ctrl Pts',(-66.4805680606795,40.2631398380734,19.8584864035957));
#10610=CARTESIAN_POINT('Ctrl Pts',(-66.0148611315395,40.2690737136922,19.8390819482149));
#10611=CARTESIAN_POINT('Ctrl Pts',(-65.5459022609151,40.2718825752193,19.8195419952722));
#10612=CARTESIAN_POINT('Ctrl Pts',(-65.0768943743824,40.2718825752193,19.8));
#10613=CARTESIAN_POINT('Ctrl Pts',(-66.4805680606795,40.2631398380734,19.8584864035957));
#10614=CARTESIAN_POINT('Ctrl Pts',(-66.0148611315395,40.2690737136922,19.8390819482149));
#10615=CARTESIAN_POINT('Ctrl Pts',(-65.5459022609151,40.2718825752193,19.8195419952722));
#10616=CARTESIAN_POINT('Ctrl Pts',(-65.0768943743824,40.2718825752193,19.8));
#10617=CARTESIAN_POINT('Origin',(-10.,40.2718825752193,10.));
#10618=CARTESIAN_POINT('',(-12.,40.2718825752193,19.8));
#10619=CARTESIAN_POINT('',(-24.1201420151699,40.2718825752193,19.8));
#10620=CARTESIAN_POINT('',(-12.,40.2718825752193,40.));
#10621=CARTESIAN_POINT('Origin',(-24.1201420151699,40.0718825752193,19.8));
#10622=CARTESIAN_POINT('',(-12.,40.0718825752193,20.));
#10623=CARTESIAN_POINT('',(-24.1201420151699,40.0718825752193,20.));
#10624=CARTESIAN_POINT('Origin',(-12.,40.0718825752193,19.8));
#10625=CARTESIAN_POINT('Origin',(-29.8768943743823,-11.3709917711563,11.));
#10626=CARTESIAN_POINT('',(-29.8768943743823,-10.6135273961926,10.));
#10627=CARTESIAN_POINT('Origin',(-29.8768943743823,-10.3709917711563,11.));
#10628=CARTESIAN_POINT('',(-29.8768943743823,-8.74791726687226,10.));
#10629=CARTESIAN_POINT('',(-29.8768943743823,-11.3709917711563,10.));
#10630=CARTESIAN_POINT('Origin',(-29.8768943743823,-8.99045289190858,11.));
#10631=CARTESIAN_POINT('Origin',(-37.9927584926107,-10.3709917711563,13.0289660295571));
#10632=CARTESIAN_POINT('',(-70.,-11.3411342713016,20.7807764064044));
#10633=CARTESIAN_POINT('Origin',(-69.,-10.3709917711563,20.7807764064044));
#10634=CARTESIAN_POINT('',(-70.,-11.3709917711563,21.0307764064044));
#10635=CARTESIAN_POINT('Origin',(-70.,-10.3709917711563,21.0307764064044));
#10636=CARTESIAN_POINT('',(-25.8768943743824,-11.3709917711563,10.));
#10637=CARTESIAN_POINT('',(-37.9927584926107,-11.3709917711563,13.0289660295571));
#10638=CARTESIAN_POINT('Origin',(-25.8768943743824,-10.3709917711563,10.));
#10639=CARTESIAN_POINT('Origin',(-69.,-11.3709917711563,20.7807764064044));
#10640=CARTESIAN_POINT('',(-70.,278.599150728989,20.7807764064044));
#10641=CARTESIAN_POINT('Origin',(-69.,277.629008228844,20.7807764064044));
#10642=CARTESIAN_POINT('',(-70.,-11.3709917711563,20.7807764064044));
#10643=CARTESIAN_POINT('Origin',(-37.9927584926107,277.629008228844,13.0289660295571));
#10644=CARTESIAN_POINT('',(-70.,278.629008228844,21.0307764064044));
#10645=CARTESIAN_POINT('',(-37.9927584926107,278.629008228844,13.0289660295571));
#10646=CARTESIAN_POINT('Origin',(-70.,277.629008228844,21.0307764064044));
#10647=CARTESIAN_POINT('Origin',(-46.9247905211658,-8.99045289190858,15.2619740366959));
#10648=CARTESIAN_POINT('',(-25.8768943743823,-7.99045289190858,10.));
#10649=CARTESIAN_POINT('',(-65.8768943743823,-7.99045289190858,20.));
#10650=CARTESIAN_POINT('',(-46.9247905211658,-7.99045289190858,15.2619740366959));
#10651=CARTESIAN_POINT('Origin',(-65.8768943743823,-8.99045289190858,20.));
#10652=CARTESIAN_POINT('Origin',(-25.8768943743823,-8.99045289190858,10.));
#10653=CARTESIAN_POINT('Origin',(-40.,278.629008228844,40.));
#10654=CARTESIAN_POINT('',(-67.4298465706548,278.629008228844,25.));
#10655=CARTESIAN_POINT('',(-67.4298465706548,278.629008228844,22.5));
#10656=CARTESIAN_POINT('',(-34.,278.629008228844,25.));
#10657=CARTESIAN_POINT('',(-44.3574616426637,278.629008228844,25.));
#10658=CARTESIAN_POINT('',(-30.,278.629008228844,21.));
#10659=CARTESIAN_POINT('Origin',(-34.,278.629008228844,21.));
#10660=CARTESIAN_POINT('',(-30.,278.629008228844,12.));
#10661=CARTESIAN_POINT('',(-30.,278.629008228844,22.5));
#10662=CARTESIAN_POINT('',(-12.,278.629008228844,12.));
#10663=CARTESIAN_POINT('',(-25.,278.629008228844,12.));
#10664=CARTESIAN_POINT('',(-12.,278.629008228844,28.0823612821185));
#10665=CARTESIAN_POINT('',(-12.,278.629008228844,55.));
#10666=CARTESIAN_POINT('',(-70.2679491924311,278.629008228844,28.0823612821185));
#10667=CARTESIAN_POINT('',(5.0350767146726,278.629008228844,28.0823612821185));
#10668=CARTESIAN_POINT('',(-70.,278.629008228844,27.0823612821185));
#10669=CARTESIAN_POINT('Origin',(-72.,278.629008228844,27.0823612821185));
#10670=CARTESIAN_POINT('',(-70.,278.629008228844,50.));
#10671=CARTESIAN_POINT('Origin',(-67.4298465706548,280.,5.));
#10672=CARTESIAN_POINT('',(-67.4298465706548,231.433837610763,21.));
#10673=CARTESIAN_POINT('',(-67.4298465706548,231.433837610763,5.));
#10674=CARTESIAN_POINT('',(-67.4298465706548,235.433837610763,25.));
#10675=CARTESIAN_POINT('Origin',(-67.4298465706548,235.433837610763,21.));
#10676=CARTESIAN_POINT('',(-67.4298465706548,280.,25.));
#10677=CARTESIAN_POINT('Ctrl Pts',(-9.86754089321308,-5.35799735986957,
18.4526657866232));
#10678=CARTESIAN_POINT('Ctrl Pts',(-9.94012018619568,-5.4614210590029,18.4871403530013));
#10679=CARTESIAN_POINT('Ctrl Pts',(-10.1274132162195,-5.78658342878067,
18.5690284438521));
#10680=CARTESIAN_POINT('Ctrl Pts',(-10.0939895760018,-6.38009613865935,
18.5568742452308));
#10681=CARTESIAN_POINT('Ctrl Pts',(-9.58165420488426,-6.99284896036956,
18.3231974371379));
#10682=CARTESIAN_POINT('Ctrl Pts',(-9.16967441324454,-7.31684333933997,
18.0664889069912));
#10683=CARTESIAN_POINT('Ctrl Pts',(-8.97158879210445,-7.45776194994637,
17.9143444907992));
#10684=CARTESIAN_POINT('Ctrl Pts',(-10.1611638993837,-5.26527269747185,
18.4217575658237));
#10685=CARTESIAN_POINT('Ctrl Pts',(-10.2258861780142,-5.38151207030215,
18.466201330888));
#10686=CARTESIAN_POINT('Ctrl Pts',(-10.3940522481875,-5.75259329747017,
18.57370491438));
#10687=CARTESIAN_POINT('Ctrl Pts',(-10.3635277199727,-6.44517547413027,
18.557637332725));
#10688=CARTESIAN_POINT('Ctrl Pts',(-9.90482321043191,-7.13303959070622,
18.25331063424));
#10689=CARTESIAN_POINT('Ctrl Pts',(-9.54801120045438,-7.45993839403468,
17.9427371259104));
#10690=CARTESIAN_POINT('Ctrl Pts',(-9.38100904362369,-7.59063343804655,
17.7708882439729));
#10691=CARTESIAN_POINT('Ctrl Pts',(-10.6746096827263,-5.06261950550908,
18.4892385243512));
#10692=CARTESIAN_POINT('Ctrl Pts',(-10.7257090814421,-5.21127022927311,
18.5432845118552));
#10693=CARTESIAN_POINT('Ctrl Pts',(-10.8608615317516,-5.68574216229158,
18.6742823853899));
#10694=CARTESIAN_POINT('Ctrl Pts',(-10.8357650263873,-6.57180797945594,
18.6541076748751));
#10695=CARTESIAN_POINT('Ctrl Pts',(-10.4705230939742,-7.45127026587735,
18.2824600471532));
#10696=CARTESIAN_POINT('Ctrl Pts',(-10.2090993054609,-7.86508995315369,
17.9109173741269));
#10697=CARTESIAN_POINT('Ctrl Pts',(-10.0949538233963,-8.02858607410572,
17.7117640196289));
#10698=CARTESIAN_POINT('Ctrl Pts',(-11.0935617218242,-4.82665180908445,
18.7561318202268));
#10699=CARTESIAN_POINT('Ctrl Pts',(-11.1408257295877,-5.01604721110006,
18.805856218082));
#10700=CARTESIAN_POINT('Ctrl Pts',(-11.2643454677578,-5.61361331407986,
18.9251302021834));
#10701=CARTESIAN_POINT('Ctrl Pts',(-11.2416747065993,-6.71033262951857,
18.9071640546783));
#10702=CARTESIAN_POINT('Ctrl Pts',(-10.9057802416906,-7.83204239976817,
18.5679416348286));
#10703=CARTESIAN_POINT('Ctrl Pts',(-10.6510658651325,-8.40984517156789,
18.2107698903964));
#10704=CARTESIAN_POINT('Ctrl Pts',(-10.5338895028811,-8.65626272198445,
18.0073903653026));
#10705=CARTESIAN_POINT('Ctrl Pts',(-11.2450272621421,-4.72554182783056,
18.9000215884816));
#10706=CARTESIAN_POINT('Ctrl Pts',(-11.2934134574638,-4.93238922609721,
18.9459876769858));
#10707=CARTESIAN_POINT('Ctrl Pts',(-11.4182754774796,-5.58271396565278,
19.0551717981202));
#10708=CARTESIAN_POINT('Ctrl Pts',(-11.3959930506679,-6.76973938541011,
19.0389661999585));
#10709=CARTESIAN_POINT('Ctrl Pts',(-11.0544361365895,-7.99524502883054,
18.7273971225012));
#10710=CARTESIAN_POINT('Ctrl Pts',(-10.779782942163,-8.64323378677137,18.3851190823056));
#10711=CARTESIAN_POINT('Ctrl Pts',(-10.647725861403,-8.92507100798416,18.1822598607163));
#10712=CARTESIAN_POINT('',(-9.51694044979317,-7.01737282486069,18.2715262883851));
#10713=CARTESIAN_POINT('',(-9.92717986472117,-7.99045289190858,17.7856617651777));
#10714=CARTESIAN_POINT('Ctrl Pts',(-9.51694044986699,-7.01737282475233,
18.2715262884129));
#10715=CARTESIAN_POINT('Ctrl Pts',(-9.65606720186297,-7.2005631600544,18.1619127022753));
#10716=CARTESIAN_POINT('Ctrl Pts',(-9.76778416010731,-7.4377186771933,18.0491226717084));
#10717=CARTESIAN_POINT('Ctrl Pts',(-9.88029284396526,-7.7943018955734,17.8801187821118));
#10718=CARTESIAN_POINT('Ctrl Pts',(-9.90615356572645,-7.89334100963986,
17.8331637141999));
#10719=CARTESIAN_POINT('Ctrl Pts',(-9.92717986472117,-7.99045289190858,
17.7856617651777));
#10720=CARTESIAN_POINT('',(-9.8675408932111,-5.35799735987083,18.4526657866236));
#10721=CARTESIAN_POINT('Ctrl Pts',(-9.51648490846767,-7.01717151864147,
18.2715959542299));
#10722=CARTESIAN_POINT('Ctrl Pts',(-9.53245237450613,-7.00216911315617,
18.2805616193478));
#10723=CARTESIAN_POINT('Ctrl Pts',(-9.7381667229912,-6.80566007490612,18.3945829937861));
#10724=CARTESIAN_POINT('Ctrl Pts',(-10.0939895760018,-6.38009613865935,
18.5568742452308));
#10725=CARTESIAN_POINT('Ctrl Pts',(-10.1274132162195,-5.78658342878067,
18.5690284438521));
#10726=CARTESIAN_POINT('Ctrl Pts',(-9.94012018619568,-5.4614210590029,18.4871403530013));
#10727=CARTESIAN_POINT('Ctrl Pts',(-9.86754089321308,-5.35799735986957,
18.4526657866232));
#10728=CARTESIAN_POINT('',(-11.2450272621421,-4.72554182783056,18.9000215884816));
#10729=CARTESIAN_POINT('Origin',(-9.86754089321308,-4.72554182783056,20.3500323827224));
#10730=CARTESIAN_POINT('',(-11.0301951307315,-7.99045289190835,18.679600537108));
#10731=CARTESIAN_POINT('Ctrl Pts',(-11.2450272621421,-4.72554182783056,
18.9000215884816));
#10732=CARTESIAN_POINT('Ctrl Pts',(-11.2934134574638,-4.93238922609721,
18.9459876769858));
#10733=CARTESIAN_POINT('Ctrl Pts',(-11.3350341308024,-5.1491641392824,18.9823823840306));
#10734=CARTESIAN_POINT('Ctrl Pts',(-11.3612957512407,-5.37281577605635,
19.0055651488497));
#10735=CARTESIAN_POINT('Ctrl Pts',(-11.4138189921173,-5.82011904960425,
19.0519306784879));
#10736=CARTESIAN_POINT('Ctrl Pts',(-11.4049060213926,-6.29492921750718,
19.0454484392232));
#10737=CARTESIAN_POINT('Ctrl Pts',(-11.3435233836838,-6.73658524202871,
18.9902791400146));
#10738=CARTESIAN_POINT('Ctrl Pts',(-11.2821407459751,-7.17824126655025,
18.935109840806));
#10739=CARTESIAN_POINT('Ctrl Pts',(-11.1682884412823,-7.5867431476904,18.8312534816536));
#10740=CARTESIAN_POINT('Ctrl Pts',(-11.0426989903293,-7.95299127774567,
18.6937557920285));
#10741=CARTESIAN_POINT('Ctrl Pts',(-11.0383090254328,-7.96579343925003,
18.688949576011));
#10742=CARTESIAN_POINT('Ctrl Pts',(-11.0339047195742,-7.97854397326086,
18.6841022555347));
#10743=CARTESIAN_POINT('Ctrl Pts',(-11.0294867990982,-7.9912428839036,18.6792139126498));
#10744=CARTESIAN_POINT('Ctrl Pts',(-11.0301951307314,-7.99045289190858,
18.6796005371078));
#10745=CARTESIAN_POINT('Ctrl Pts',(-10.776494618774,-7.99045289190858,18.3984239194317));
#10746=CARTESIAN_POINT('Ctrl Pts',(-10.4785289945632,-7.99045289190858,
18.1593701192729));
#10747=CARTESIAN_POINT('Ctrl Pts',(-10.0869904637831,-7.99045289190858,
17.8898202119317));
#10748=CARTESIAN_POINT('Ctrl Pts',(-10.0072761308814,-7.99045289190858,
17.8371088546728));
#10749=CARTESIAN_POINT('Ctrl Pts',(-9.92717986472117,-7.99045289190858,
17.7856617651777));
#10750=CARTESIAN_POINT('Ctrl Pts',(-7.99999999999999,7.69209978830308,14.102633403899));
#10751=CARTESIAN_POINT('Ctrl Pts',(-7.99999999999999,5.60656262430807,14.797812458564));
#10752=CARTESIAN_POINT('Ctrl Pts',(-8.28416177879571,0.739316713846253,
16.4202277620513));
#10753=CARTESIAN_POINT('Ctrl Pts',(-9.19552947108429,-3.44279801633541,
17.8142660054451));
#10754=CARTESIAN_POINT('Ctrl Pts',(-9.86754089321401,-5.35799735986692,
18.4526657866223));
#10755=CARTESIAN_POINT('Ctrl Pts',(-8.59839860068376,7.69209978830308,14.102633403899));
#10756=CARTESIAN_POINT('Ctrl Pts',(-8.55559229383226,5.62800922715895,14.7925104261248));
#10757=CARTESIAN_POINT('Ctrl Pts',(-8.73966063140164,0.799153128422913,
16.4016596867215));
#10758=CARTESIAN_POINT('Ctrl Pts',(-9.54855906176509,-3.36011409703557,
17.7863541939075));
#10759=CARTESIAN_POINT('Ctrl Pts',(-10.1611638993845,-5.2652726974699,18.4217575658233));
#10760=CARTESIAN_POINT('Ctrl Pts',(-9.63480050767504,7.85073135751433,14.5785281115327));
#10761=CARTESIAN_POINT('Ctrl Pts',(-9.52387527481347,5.79827656363735,15.1836986659628));
#10762=CARTESIAN_POINT('Ctrl Pts',(-9.53708729351315,0.98928686525966,16.6271964367233));
#10763=CARTESIAN_POINT('Ctrl Pts',(-10.1653712713927,-3.16072711447936,
17.9023960706855));
#10764=CARTESIAN_POINT('Ctrl Pts',(-10.674625356862,-5.06263125152832,18.4891867869173));
#10765=CARTESIAN_POINT('Ctrl Pts',(-10.,8.18263263082538,15.5742319314659));
#10766=CARTESIAN_POINT('Ctrl Pts',(-9.95023500270879,6.10692040658176,16.066981469651));
#10767=CARTESIAN_POINT('Ctrl Pts',(-10.0493462897094,1.2570607065991,17.2405091341466));
#10768=CARTESIAN_POINT('Ctrl Pts',(-10.6372439321782,-2.91542244543365,
18.2780670425853));
#10769=CARTESIAN_POINT('Ctrl Pts',(-11.0935617218247,-4.82665180908624,
18.7561318202274));
#10770=CARTESIAN_POINT('Ctrl Pts',(-10.,8.32455532033676,16.));
#10771=CARTESIAN_POINT('Ctrl Pts',(-10.,6.23901815634174,16.46345270311));
#10772=CARTESIAN_POINT('Ctrl Pts',(-10.1894411858638,1.37177224587993,17.5450629054349));
#10773=CARTESIAN_POINT('Ctrl Pts',(-10.7970196473895,-2.81034248430173,
18.4744217343641));
#10774=CARTESIAN_POINT('Ctrl Pts',(-11.2450272621427,-4.72554182783324,
18.9000215884822));
#10775=CARTESIAN_POINT('',(-8.,7.69209978830308,14.102633403899));
#10776=CARTESIAN_POINT('',(-10.,8.32455532033676,16.));
#10777=CARTESIAN_POINT('Origin',(-8.,8.32455532033676,16.));
#10778=CARTESIAN_POINT('Origin',(-14.,8.32455532033676,16.));
#10779=CARTESIAN_POINT('Origin',(-14.,7.69209978830308,14.102633403899));
#10780=CARTESIAN_POINT('Origin',(-8.,-6.96324826932518,21.0959345298873));
#10781=CARTESIAN_POINT('',(-10.,22.8940872001581,11.1434893733929));
#10782=CARTESIAN_POINT('',(-8.63245553203368,16.8940872001581,11.1434893733929));
#10783=CARTESIAN_POINT('Origin',(-8.,22.894087200158,11.1434893733929));
#10784=CARTESIAN_POINT('',(-10.,-6.96324826932518,21.0959345298873));
#10785=CARTESIAN_POINT('',(-8.,16.2616316681244,11.2461227772919));
#10786=CARTESIAN_POINT('',(-8.,-7.59570380135886,19.1985679337863));
#10787=CARTESIAN_POINT('Origin',(-8.,16.8940872001581,13.1434893733929));
#10788=CARTESIAN_POINT('Origin',(-67.4298465706548,-10.,20.));
#10789=CARTESIAN_POINT('',(-8.,-5.3579973598749,18.452665786625));
#10790=CARTESIAN_POINT('',(-66.9552073156672,-5.3579973598749,18.452665786625));
#10791=CARTESIAN_POINT('',(-8.,-8.63245553203367,19.5441518440112));
#10792=CARTESIAN_POINT('',(-8.,-18.1169462970203,22.7056487656734));
#10793=CARTESIAN_POINT('',(180.570153429345,-8.63245553203368,19.5441518440112));
#10794=CARTESIAN_POINT('',(-67.4298465706548,-8.63245553203368,19.5441518440112));
#10795=CARTESIAN_POINT('',(180.570153429345,16.2616316681244,11.2461227772919));
#10796=CARTESIAN_POINT('',(180.570153429345,1.23306120083664,16.2556462663878));
#10797=CARTESIAN_POINT('',(-67.4298465706548,16.2616316681244,11.2461227772919));
#10798=CARTESIAN_POINT('Origin',(-66.9552073156672,-5.99045289190858,16.5552991905239));
#10799=CARTESIAN_POINT('Origin',(-8.,-5.99045289190858,16.5552991905239));
#10800=CARTESIAN_POINT('Origin',(-8.,-18.749401829054,20.8082821695724));
#10801=CARTESIAN_POINT('',(-10.,-7.99045289190858,17.2219658571906));
#10802=CARTESIAN_POINT('Origin',(-8.,-7.99045289190858,17.2219658571906));
#10803=CARTESIAN_POINT('',(-10.,-8.,17.2251482265544));
#10804=CARTESIAN_POINT('',(-10.,-18.749401829054,20.8082821695724));
#10805=CARTESIAN_POINT('Origin',(-8.,-8.,17.2251482265544));
#10806=CARTESIAN_POINT('Origin',(-10.,-11.3709917711563,70.));
#10807=CARTESIAN_POINT('',(-10.,-7.99045289190857,10.));
#10808=CARTESIAN_POINT('',(-10.,-7.99045289190858,40.));
#10809=CARTESIAN_POINT('',(-10.,-11.3709917711563,10.));
#10810=CARTESIAN_POINT('',(-10.,-11.3709917711563,10.));
#10811=CARTESIAN_POINT('',(-10.,-11.3709917711563,27.0823612821185));
#10812=CARTESIAN_POINT('',(-10.,-11.3709917711563,10.));
#10813=CARTESIAN_POINT('',(-10.,-13.3709917711563,29.0823612821185));
#10814=CARTESIAN_POINT('Origin',(-10.,-13.3709917711563,27.0823612821185));
#10815=CARTESIAN_POINT('',(-10.,-12.,29.0823612821185));
#10816=CARTESIAN_POINT('',(-10.,61.1290082288437,29.0823612821185));
#10817=CARTESIAN_POINT('',(-10.,-10.,27.0823612821185));
#10818=CARTESIAN_POINT('Origin',(-10.,-12.,27.0823612821185));
#10819=CARTESIAN_POINT('',(-10.,-10.,20.8766319432555));
#10820=CARTESIAN_POINT('',(-10.,-10.,49.5411806410593));
#10821=CARTESIAN_POINT('Ctrl Pts',(-10.,-8.,17.2251482265544));
#10822=CARTESIAN_POINT('Ctrl Pts',(-10.,-8.00272957419029,17.2281658843633));
#10823=CARTESIAN_POINT('Ctrl Pts',(-10.,-8.00545908358337,17.2311834705353));
#10824=CARTESIAN_POINT('Ctrl Pts',(-10.,-8.70460988375407,18.0041317939771));
#10825=CARTESIAN_POINT('Ctrl Pts',(-10.,-9.43049716951791,18.8086797074382));
#10826=CARTESIAN_POINT('Ctrl Pts',(-10.,-9.95150570621517,20.2004373812588));
#10827=CARTESIAN_POINT('Ctrl Pts',(-10.,-10.,20.5759220278053));
#10828=CARTESIAN_POINT('Ctrl Pts',(-10.,-10.,20.8766319432555));
#10829=CARTESIAN_POINT('Ctrl Pts',(-10.,-8.,17.2251482265544));
#10830=CARTESIAN_POINT('Ctrl Pts',(-10.,-8.09461512634091,17.5720703564711));
#10831=CARTESIAN_POINT('Ctrl Pts',(-9.86334420261847,-8.28360903434891,
18.2650480191671));
#10832=CARTESIAN_POINT('Ctrl Pts',(-9.19411641380473,-8.54957814435511,
19.2402680891898));
#10833=CARTESIAN_POINT('Ctrl Pts',(-8.44879895051283,-8.63245553203367,
19.5441518440112));
#10834=CARTESIAN_POINT('Ctrl Pts',(-8.,-8.63245553203367,19.5441518440112));
#10835=CARTESIAN_POINT('Ctrl Pts',(-10.,-8.59839860068377,17.2251482265544));
#10836=CARTESIAN_POINT('Ctrl Pts',(-10.0291892142708,-8.67489792889639,
17.5711473123657));
#10837=CARTESIAN_POINT('Ctrl Pts',(-9.94201099036248,-8.82383494384184,
18.2895561196561));
#10838=CARTESIAN_POINT('Ctrl Pts',(-9.28913260619465,-9.02355645920233,
19.3503749058114));
#10839=CARTESIAN_POINT('Ctrl Pts',(-8.48385495911341,-9.08386462261456,
19.6946215408715));
#10840=CARTESIAN_POINT('Ctrl Pts',(-8.,-9.08386462261456,19.6946215408715));
#10841=CARTESIAN_POINT('Ctrl Pts',(-10.5017160753724,-9.63473469418311,
17.2251482265544));
#10842=CARTESIAN_POINT('Ctrl Pts',(-10.5467417792881,-9.65777378564575,
17.6435745599841));
#10843=CARTESIAN_POINT('Ctrl Pts',(-10.454654341371,-9.70096007673287,18.5185627956703));
#10844=CARTESIAN_POINT('Ctrl Pts',(-9.63590437507294,-9.75674267525468,
19.8260375552353));
#10845=CARTESIAN_POINT('Ctrl Pts',(-8.61618046657844,-9.77248546222651,
20.2510521363264));
#10846=CARTESIAN_POINT('Ctrl Pts',(-8.,-9.77248546222651,20.2510521363264));
#10847=CARTESIAN_POINT('Ctrl Pts',(-11.5512010494872,-10.,17.2251482265544));
#10848=CARTESIAN_POINT('Ctrl Pts',(-11.5645729701403,-9.99976031910919,
17.7923794516955));
#10849=CARTESIAN_POINT('Ctrl Pts',(-11.3455155396209,-9.99992114942133,
18.9369435092643));
#10850=CARTESIAN_POINT('Ctrl Pts',(-10.1625494126439,-9.99958826995394,
20.5704643945844));
#10851=CARTESIAN_POINT('Ctrl Pts',(-8.81327966127359,-10.,21.084648219427));
#10852=CARTESIAN_POINT('Ctrl Pts',(-8.,-10.,21.084648219427));
#10853=CARTESIAN_POINT('Ctrl Pts',(-12.,-10.,17.2251482265544));
#10854=CARTESIAN_POINT('Ctrl Pts',(-12.,-10.,17.8559157354938));
#10855=CARTESIAN_POINT('Ctrl Pts',(-11.7266884052369,-10.,19.1158751222138));
#10856=CARTESIAN_POINT('Ctrl Pts',(-10.3882328276095,-10.,20.8890025222552));
#10857=CARTESIAN_POINT('Ctrl Pts',(-8.89759790102565,-10.,21.4415184401123));
#10858=CARTESIAN_POINT('Ctrl Pts',(-8.,-10.,21.4415184401123));
#10859=CARTESIAN_POINT('',(-8.,-10.,21.4415184401123));
#10860=CARTESIAN_POINT('Origin',(-8.,-8.,21.4415184401123));
#10861=CARTESIAN_POINT('Origin',(-8.,-10.,17.2251482265544));
#10862=CARTESIAN_POINT('Origin',(-67.4298465706548,-8.,21.4415184401123));
#10863=CARTESIAN_POINT('',(182.467520025446,-10.,21.4415184401123));
#10864=CARTESIAN_POINT('Origin',(180.570153429345,-8.,21.4415184401123));
#10865=CARTESIAN_POINT('',(-67.4298465706548,-10.,21.4415184401123));
#10866=CARTESIAN_POINT('Origin',(180.570153429345,1.86551673287032,18.1530128624888));
#10867=CARTESIAN_POINT('',(182.570153429345,-10.,22.1081851067789));
#10868=CARTESIAN_POINT('Origin',(180.570153429345,-10.,22.1081851067789));
#10869=CARTESIAN_POINT('',(182.570153429345,22.8940872001581,11.1434893733929));
#10870=CARTESIAN_POINT('',(182.570153429345,1.86551673287032,18.1530128624888));
#10871=CARTESIAN_POINT('',(181.202608961379,16.8940872001581,11.1434893733929));
#10872=CARTESIAN_POINT('Origin',(180.570153429345,22.8940872001581,11.1434893733929));
#10873=CARTESIAN_POINT('Origin',(180.570153429345,16.8940872001581,13.1434893733929));
#10874=CARTESIAN_POINT('Origin',(-67.4298465706548,16.8940872001581,13.1434893733929));
#10875=CARTESIAN_POINT('',(-67.4298465706548,16.8940872001581,11.1434893733929));
#10876=CARTESIAN_POINT('Origin',(-67.4298465706548,-10.,29.0823612821185));
#10877=CARTESIAN_POINT('',(182.570153429345,-10.,27.0823612821185));
#10878=CARTESIAN_POINT('',(-8.67984657065484,-10.,27.0823612821185));
#10879=CARTESIAN_POINT('',(182.570153429345,-10.,50.));
#10880=CARTESIAN_POINT('Origin',(-66.4805680606795,-7.99045289190858,10.));
#10881=CARTESIAN_POINT('',(-38.2402840303397,-7.99045289190858,10.));
#10882=CARTESIAN_POINT('',(-14.,-7.99045289190858,20.));
#10883=CARTESIAN_POINT('Origin',(-14.,-7.99045289190858,16.));
#10884=CARTESIAN_POINT('',(-10.,-7.99045289190858,20.));
#10885=CARTESIAN_POINT('Origin',(154.085611707036,-0.261424618689792,-3.91763871788147));
#10886=CARTESIAN_POINT('',(156.050603932632,40.,-3.54507254476688));
#10887=CARTESIAN_POINT('',(154.085611707036,40.,-5.91763871788147));
#10888=CARTESIAN_POINT('Origin',(154.085611707036,40.,-3.91763871788147));
#10889=CARTESIAN_POINT('',(154.085611707036,230.,-5.91763871788147));
#10890=CARTESIAN_POINT('',(154.085611707036,-0.261424618689792,-5.91763871788147));
#10891=CARTESIAN_POINT('',(156.050603932632,230.,-3.54507254476688));
#10892=CARTESIAN_POINT('Origin',(154.085611707036,230.,-3.91763871788147));
#10893=CARTESIAN_POINT('',(156.050603932632,-0.261424618689792,-3.54507254476688));
#10894=CARTESIAN_POINT('Origin',(50.0701534293452,133.629008228844,-5.91763871788147));
#10895=CARTESIAN_POINT('',(-85.4298465706548,281.629008228844,-5.91763871788147));
#10896=CARTESIAN_POINT('',(-85.4298465706548,-14.3709917711563,-5.91763871788147));
#10897=CARTESIAN_POINT('',(-85.4298465706548,133.629008228844,-5.91763871788147));
#10898=CARTESIAN_POINT('',(57.9227792369972,281.629008228844,-5.91763871788147));
#10899=CARTESIAN_POINT('',(50.0701534293452,281.629008228844,-5.91763871788147));
#10900=CARTESIAN_POINT('',(150.06242275992,281.629008228844,-5.91763871788147));
#10901=CARTESIAN_POINT('',(77.031377213902,281.629008228844,-5.91763871788147));
#10902=CARTESIAN_POINT('',(185.570153429345,281.629008228844,-5.91763871788147));
#10903=CARTESIAN_POINT('',(50.0701534293452,281.629008228844,-5.91763871788147));
#10904=CARTESIAN_POINT('',(185.570153429345,-14.3709917711563,-5.91763871788147));
#10905=CARTESIAN_POINT('',(185.570153429345,133.629008228844,-5.91763871788147));
#10906=CARTESIAN_POINT('',(50.0701534293452,-14.3709917711563,-5.91763871788147));
#10907=CARTESIAN_POINT('',(140.194137349009,71.5822411539267,-5.91763871788147));
#10908=CARTESIAN_POINT('',(16.1941373490086,71.5822411539267,-5.91763871788147));
#10909=CARTESIAN_POINT('',(34.1321453891769,71.5822411539267,-5.91763871788147));
#10910=CARTESIAN_POINT('',(140.194137349009,195.582241153927,-5.91763871788147));
#10911=CARTESIAN_POINT('',(140.194137349009,103.605624691385,-5.91763871788147));
#10912=CARTESIAN_POINT('',(16.1941373490086,195.582241153927,-5.91763871788147));
#10913=CARTESIAN_POINT('',(94.1321453891771,195.582241153927,-5.91763871788147));
#10914=CARTESIAN_POINT('',(16.1941373490086,163.605624691386,-5.91763871788147));
#10915=CARTESIAN_POINT('',(130.,40.,-5.91763871788147));
#10916=CARTESIAN_POINT('',(110.035076714673,40.,-5.91763871788147));
#10917=CARTESIAN_POINT('',(130.,0.,-5.91763871788147));
#10918=CARTESIAN_POINT('',(130.,86.8145041144219,-5.91763871788147));
#10919=CARTESIAN_POINT('',(157.094815447028,0.,-5.91763871788147));
#10920=CARTESIAN_POINT('',(90.0350767146726,0.,-5.91763871788147));
#10921=CARTESIAN_POINT('',(157.094815447028,-0.261424618689787,-5.91763871788147));
#10922=CARTESIAN_POINT('',(157.094815447028,-0.261424618689787,-5.91763871788147));
#10923=CARTESIAN_POINT('',(166.311579697018,-0.261424618689787,-5.91763871788147));
#10924=CARTESIAN_POINT('',(105.886675500684,-0.261424618689787,-5.91763871788147));
#10925=CARTESIAN_POINT('',(166.311579697018,0.,-5.91763871788147));
#10926=CARTESIAN_POINT('',(166.311579697018,-0.261424618689787,-5.91763871788147));
#10927=CARTESIAN_POINT('',(170.,0.,-5.91763871788147));
#10928=CARTESIAN_POINT('',(90.0350767146726,0.,-5.91763871788147));
#10929=CARTESIAN_POINT('',(170.,40.,-5.91763871788147));
#10930=CARTESIAN_POINT('',(170.,66.8145041144219,-5.91763871788147));
#10931=CARTESIAN_POINT('',(169.32078343701,40.,-5.91763871788147));
#10932=CARTESIAN_POINT('',(110.035076714673,40.,-5.91763871788147));
#10933=CARTESIAN_POINT('',(169.32078343701,230.,-5.91763871788147));
#10934=CARTESIAN_POINT('',(169.32078343701,-0.261424618689792,-5.91763871788147));
#10935=CARTESIAN_POINT('',(170.,230.,-5.91763871788147));
#10936=CARTESIAN_POINT('',(90.0350767146726,230.,-5.91763871788147));
#10937=CARTESIAN_POINT('',(170.,270.,-5.91763871788147));
#10938=CARTESIAN_POINT('',(170.,181.814504114422,-5.91763871788147));
#10939=CARTESIAN_POINT('',(166.311579697018,270.,-5.91763871788147));
#10940=CARTESIAN_POINT('',(110.035076714673,270.,-5.91763871788147));
#10941=CARTESIAN_POINT('',(166.311579697018,271.73857538131,-5.91763871788147));
#10942=CARTESIAN_POINT('',(166.311579697018,-0.261424618689787,-5.91763871788147));
#10943=CARTESIAN_POINT('',(157.094815447028,271.73857538131,-5.91763871788147));
#10944=CARTESIAN_POINT('',(105.886675500684,271.73857538131,-5.91763871788147));
#10945=CARTESIAN_POINT('',(157.094815447028,270.,-5.91763871788147));
#10946=CARTESIAN_POINT('',(157.094815447028,-0.261424618689787,-5.91763871788147));
#10947=CARTESIAN_POINT('',(130.,270.,-5.91763871788147));
#10948=CARTESIAN_POINT('',(110.035076714673,270.,-5.91763871788147));
#10949=CARTESIAN_POINT('',(130.,230.,-5.91763871788147));
#10950=CARTESIAN_POINT('',(130.,201.814504114422,-5.91763871788147));
#10951=CARTESIAN_POINT('',(90.0350767146726,230.,-5.91763871788147));
#10952=CARTESIAN_POINT('Origin',(170.,40.,-5.91763871788147));
#10953=CARTESIAN_POINT('',(167.355791211414,40.,-3.54507254476688));
#10954=CARTESIAN_POINT('Origin',(161.703197572023,40.,-2.47333029919049));
#10955=CARTESIAN_POINT('Origin',(169.32078343701,40.,-3.91763871788147));
#10956=CARTESIAN_POINT('',(170.,40.,4.08236128211853));
#10957=CARTESIAN_POINT('',(170.,40.,-5.91763871788147));
#10958=CARTESIAN_POINT('',(130.,40.,4.08236128211853));
#10959=CARTESIAN_POINT('',(130.,40.,4.08236128211853));
#10960=CARTESIAN_POINT('',(130.,40.,-5.91763871788147));
#10961=CARTESIAN_POINT('Origin',(169.32078343701,-0.261424618689792,-3.91763871788147));
#10962=CARTESIAN_POINT('',(167.355791211414,230.,-3.54507254476688));
#10963=CARTESIAN_POINT('Origin',(169.32078343701,230.,-3.91763871788147));
#10964=CARTESIAN_POINT('',(167.355791211414,-0.261424618689792,-3.54507254476688));
#10965=CARTESIAN_POINT('Origin',(-38.7149232853274,265.103165037254,9.));
#10966=CARTESIAN_POINT('',(-12.,264.65104623198,9.89195772653088));
#10967=CARTESIAN_POINT('',(-12.,265.103165037254,10.));
#10968=CARTESIAN_POINT('Origin',(-12.,265.103165037254,9.));
#10969=CARTESIAN_POINT('',(-30.,265.103165037254,10.));
#10970=CARTESIAN_POINT('',(-38.7149232853274,265.103165037254,10.));
#10971=CARTESIAN_POINT('',(-30.,264.65104623198,9.8919577265309));
#10972=CARTESIAN_POINT('Origin',(-30.,265.103165037254,9.));
#10973=CARTESIAN_POINT('',(-38.7149232853274,264.65104623198,9.89195772653088));
#10974=CARTESIAN_POINT('Ctrl Pts',(-12.,264.65104623198,9.89195772653087));
#10975=CARTESIAN_POINT('Ctrl Pts',(-11.3268015742308,264.65104623198,9.89195772653087));
#10976=CARTESIAN_POINT('Ctrl Pts',(-9.75381966857051,265.733974599732,10.4408764311523));
#10977=CARTESIAN_POINT('Ctrl Pts',(-9.,268.798747620603,11.9943598255052));
#10978=CARTESIAN_POINT('Ctrl Pts',(-9.,270.569563994086,12.8919577265309));
#10979=CARTESIAN_POINT('Ctrl Pts',(-12.,264.730751466996,9.93235900851679));
#10980=CARTESIAN_POINT('Ctrl Pts',(-11.371154957426,264.730751466996,9.93235900851679));
#10981=CARTESIAN_POINT('Ctrl Pts',(-9.90104944946059,265.804332745985,10.475522521593));
#10982=CARTESIAN_POINT('Ctrl Pts',(-9.24726457044534,268.83595199155,12.0108696751076));
#10983=CARTESIAN_POINT('Ctrl Pts',(-9.29919930034189,270.569563994086,12.8919577265309));
#10984=CARTESIAN_POINT('Ctrl Pts',(-12.,264.879762255747,9.98423581379896));
#10985=CARTESIAN_POINT('Ctrl Pts',(-11.4487618618789,264.879762255747,9.98423581379896));
#10986=CARTESIAN_POINT('Ctrl Pts',(-10.1597174572703,265.950018650136,10.4921914661072));
#10987=CARTESIAN_POINT('Ctrl Pts',(-9.68236549798533,268.969741946255,11.9013592374152));
#10988=CARTESIAN_POINT('Ctrl Pts',(-9.81697151408447,270.683190288147,12.6677913133166));
#10989=CARTESIAN_POINT('Ctrl Pts',(-12.,265.036145127584,10.));
#10990=CARTESIAN_POINT('Ctrl Pts',(-11.5215324476988,265.036145127584,10.));
#10991=CARTESIAN_POINT('Ctrl Pts',(-10.4028766072573,266.115238967456,10.4167356350998));
#10992=CARTESIAN_POINT('Ctrl Pts',(-9.9395481630107,269.166498764411,11.5682884062209));
#10993=CARTESIAN_POINT('Ctrl Pts',(-9.99999999999999,270.920227576702,12.2001548457844));
#10994=CARTESIAN_POINT('Ctrl Pts',(-12.,265.103165037254,10.));
#10995=CARTESIAN_POINT('Ctrl Pts',(-11.5512010494872,265.103165037254,10.));
#10996=CARTESIAN_POINT('Ctrl Pts',(-10.5025464457137,266.186093405005,10.3659458030809));
#10997=CARTESIAN_POINT('Ctrl Pts',(-9.99999999999999,269.250866425876,11.4016013993162));
#10998=CARTESIAN_POINT('Ctrl Pts',(-9.99999999999999,271.021682799359,12.));
#10999=CARTESIAN_POINT('',(-9.,270.569563994086,12.8919577265309));
#11000=CARTESIAN_POINT('',(-10.,271.021682799359,12.));
#11001=CARTESIAN_POINT('Origin',(-9.,271.021682799359,12.));
#11002=CARTESIAN_POINT('Origin',(-12.,271.021682799359,12.));
#11003=CARTESIAN_POINT('Origin',(-12.,270.569563994086,12.8919577265309));
#11004=CARTESIAN_POINT('Origin',(-9.,162.597561473252,-42.9584164570654));
#11005=CARTESIAN_POINT('',(-9.,274.728392540351,15.));
#11006=CARTESIAN_POINT('',(-10.,275.728392540351,14.3857543037859));
#11007=CARTESIAN_POINT('Origin',(-9.,275.728392540351,14.3857543037859));
#11008=CARTESIAN_POINT('',(-10.,162.597561473252,-42.9584164570654));
#11009=CARTESIAN_POINT('',(-9.,162.145442667979,-42.0664587305345));
#11010=CARTESIAN_POINT('Origin',(-67.4298465706548,255.,5.));
#11011=CARTESIAN_POINT('',(-30.,255.,5.));
#11012=CARTESIAN_POINT('',(-30.,245.625515094615,0.248226693476873));
#11013=CARTESIAN_POINT('',(182.570153429345,255.,5.));
#11014=CARTESIAN_POINT('',(-67.4298465706548,255.,5.));
#11015=CARTESIAN_POINT('',(182.570153429345,272.728392540351,13.9862326614247));
#11016=CARTESIAN_POINT('',(182.570153429345,274.728392540351,15.));
#11017=CARTESIAN_POINT('',(180.570153429345,274.728392540351,15.));
#11018=CARTESIAN_POINT('Origin',(180.570153429345,272.728392540351,13.9862326614248));
#11019=CARTESIAN_POINT('',(-67.4298465706548,274.728392540351,15.));
#11020=CARTESIAN_POINT('Origin',(-9.,275.728392540351,42.5));
#11021=CARTESIAN_POINT('',(-9.,274.728392540351,27.0823612821185));
#11022=CARTESIAN_POINT('',(-10.,275.728392540351,27.0823612821185));
#11023=CARTESIAN_POINT('Origin',(-9.,275.728392540351,27.0823612821185));
#11024=CARTESIAN_POINT('',(-10.,275.728392540351,42.5));
#11025=CARTESIAN_POINT('',(-9.,274.728392540351,42.5));
#11026=CARTESIAN_POINT('Ctrl Pts',(-10.,276.629008228844,28.0774104058437));
#11027=CARTESIAN_POINT('Ctrl Pts',(-10.,275.728392540351,27.987457992441));
#11028=CARTESIAN_POINT('Ctrl Pts',(-10.,275.728392540351,27.0823612821185));
#11029=CARTESIAN_POINT('Ctrl Pts',(-10.,276.529623917337,29.0724595295689));
#11030=CARTESIAN_POINT('Ctrl Pts',(-10.,274.728392540351,28.8925547027635));
#11031=CARTESIAN_POINT('Ctrl Pts',(-10.,274.728392540351,27.0823612821185));
#11032=CARTESIAN_POINT('Ctrl Pts',(-9.,276.529623917337,29.0724595295689));
#11033=CARTESIAN_POINT('Ctrl Pts',(-9.,274.728392540351,28.8925547027635));
#11034=CARTESIAN_POINT('Ctrl Pts',(-9.,274.728392540351,27.0823612821185));
#11035=CARTESIAN_POINT('',(-9.,276.529623917337,29.0724595295689));
#11036=CARTESIAN_POINT('',(-10.,276.629008228844,28.0774104058437));
#11037=CARTESIAN_POINT('Origin',(-9.,276.629008228844,28.0774104058437));
#11038=CARTESIAN_POINT('Origin',(-10.,276.728392540351,27.0823612821185));
#11039=CARTESIAN_POINT('Origin',(-9.,276.728392540351,27.0823612821185));
#11040=CARTESIAN_POINT('Ctrl Pts',(-10.0010977725399,276.695264436515,28.0823612821185));
#11041=CARTESIAN_POINT('Ctrl Pts',(-10.0003647816267,276.673150626796,28.0823612821185));
#11042=CARTESIAN_POINT('Ctrl Pts',(-10.,276.651024640333,28.0807088649532));
#11043=CARTESIAN_POINT('Ctrl Pts',(-10.,276.629008228844,28.0774104058437));
#11044=CARTESIAN_POINT('Ctrl Pts',(-10.0010977725399,276.695264436515,28.3815605824604));
#11045=CARTESIAN_POINT('Ctrl Pts',(-10.0000273041117,276.663229531911,28.3813467348322));
#11046=CARTESIAN_POINT('Ctrl Pts',(-9.99966265760769,276.631198657211,28.3792061875585));
#11047=CARTESIAN_POINT('Ctrl Pts',(-10.,276.599272512376,28.3751284074681));
#11048=CARTESIAN_POINT('Ctrl Pts',(-9.74991383433981,276.703590254029,28.8993299924703));
#11049=CARTESIAN_POINT('Ctrl Pts',(-9.7485662791525,276.651617621778,28.8987757356686));
#11050=CARTESIAN_POINT('Ctrl Pts',(-9.74815794274904,276.599630153767,28.8957774961697));
#11051=CARTESIAN_POINT('Ctrl Pts',(-9.74867811466773,276.547814356043,28.8903344051901));
#11052=CARTESIAN_POINT('Ctrl Pts',(-9.22592296427529,276.720958611234,29.0823612821185));
#11053=CARTESIAN_POINT('Ctrl Pts',(-9.22475001337898,276.657071466515,29.0821123642559));
#11054=CARTESIAN_POINT('Ctrl Pts',(-9.22424453758042,276.593259439398,29.0788125339993));
#11055=CARTESIAN_POINT('Ctrl Pts',(-9.22439947525642,276.529623917337,29.0724595295689));
#11056=CARTESIAN_POINT('Ctrl Pts',(-9.00164665880983,276.728392540351,29.0823612821185));
#11057=CARTESIAN_POINT('Ctrl Pts',(-9.00054717244,276.662051111194,29.0823612821185));
#11058=CARTESIAN_POINT('Ctrl Pts',(-9.,276.595673151804,29.0790564477879));
#11059=CARTESIAN_POINT('Ctrl Pts',(-9.,276.529623917337,29.0724595295689));
#11060=CARTESIAN_POINT('',(-9.00164665880983,276.728392540351,29.0823612821185));
#11061=CARTESIAN_POINT('Ctrl Pts',(-9.,276.529623917337,29.0724595295689));
#11062=CARTESIAN_POINT('Ctrl Pts',(-9.,276.595673151804,29.0790564477879));
#11063=CARTESIAN_POINT('Ctrl Pts',(-9.00054717244,276.662051111194,29.0823612821185));
#11064=CARTESIAN_POINT('Ctrl Pts',(-9.00164665880983,276.728392540351,29.0823612821185));
#11065=CARTESIAN_POINT('',(-10.0010977725399,276.695264436515,28.0823612821185));
#11066=CARTESIAN_POINT('Origin',(-9.00164665880983,276.728392540351,28.0823612821185));
#11067=CARTESIAN_POINT('Ctrl Pts',(-10.0010977725399,276.695264436515,28.0823612821185));
#11068=CARTESIAN_POINT('Ctrl Pts',(-10.0003647816267,276.673150626796,28.0823612821185));
#11069=CARTESIAN_POINT('Ctrl Pts',(-10.,276.651024640333,28.0807088649532));
#11070=CARTESIAN_POINT('Ctrl Pts',(-10.,276.629008228844,28.0774104058437));
#11071=CARTESIAN_POINT('Origin',(-12.,276.629008228844,28.0823612821185));
#11072=CARTESIAN_POINT('',(-12.,279.629008228844,29.0823612821185));
#11073=CARTESIAN_POINT('Origin',(-12.,279.629008228844,28.0823612821185));
#11074=CARTESIAN_POINT('Origin',(-12.,276.629008228844,28.0823612821185));
#11075=CARTESIAN_POINT('Origin',(-12.,276.629008228844,29.0823612821185));
#11076=CARTESIAN_POINT('Origin',(5.0350767146726,279.629008228844,28.0823612821185));
#11077=CARTESIAN_POINT('',(-72.,279.629008228844,29.0823612821185));
#11078=CARTESIAN_POINT('Ctrl Pts',(-70.2679491924311,278.629008228844,28.0823612821185));
#11079=CARTESIAN_POINT('Ctrl Pts',(-70.343516980995,278.629008228844,28.2132485313268));
#11080=CARTESIAN_POINT('Ctrl Pts',(-70.4394131538701,278.655846423,28.3428513242524));
#11081=CARTESIAN_POINT('Ctrl Pts',(-70.6534046736433,278.747077017807,28.5692867192991));
#11082=CARTESIAN_POINT('Ctrl Pts',(-70.7714356837722,278.811022426356,28.6663599261205));
#11083=CARTESIAN_POINT('Ctrl Pts',(-71.0493425508506,278.975056400783,28.853212181948));
#11084=CARTESIAN_POINT('Ctrl Pts',(-71.2370773919174,279.098338629544,28.9419940800754));
#11085=CARTESIAN_POINT('Ctrl Pts',(-71.6218181388617,279.361401303386,29.0565099842376));
#11086=CARTESIAN_POINT('Ctrl Pts',(-71.8189315005805,279.500973465045,29.0823612821185));
#11087=CARTESIAN_POINT('Ctrl Pts',(-72.,279.629008228844,29.0823612821185));
#11088=CARTESIAN_POINT('',(5.0350767146726,279.629008228844,29.0823612821185));
#11089=CARTESIAN_POINT('Origin',(50.0701534293452,133.629008228844,29.0823612821185));
#11090=CARTESIAN_POINT('',(-85.4298465706548,281.629008228844,29.0823612821185));
#11091=CARTESIAN_POINT('',(185.570153429345,281.629008228844,29.0823612821185));
#11092=CARTESIAN_POINT('',(50.0701534293452,281.629008228844,29.0823612821185));
#11093=CARTESIAN_POINT('',(-85.4298465706548,-14.3709917711563,29.0823612821185));
#11094=CARTESIAN_POINT('',(-85.4298465706548,133.629008228844,29.0823612821185));
#11095=CARTESIAN_POINT('',(185.570153429345,-14.3709917711563,29.0823612821185));
#11096=CARTESIAN_POINT('',(50.0701534293452,-14.3709917711563,29.0823612821185));
#11097=CARTESIAN_POINT('',(185.570153429345,133.629008228844,29.0823612821185));
#11098=CARTESIAN_POINT('',(-72.,-13.3709917711563,29.0823612821185));
#11099=CARTESIAN_POINT('',(-72.,61.1290082288437,29.0823612821185));
#11100=CARTESIAN_POINT('',(184.570153429345,276.728392540351,29.0823612821185));
#11101=CARTESIAN_POINT('',(-8.67984657065481,276.728392540351,29.0823612821185));
#11102=CARTESIAN_POINT('',(184.570153429345,228.,29.0823612821185));
#11103=CARTESIAN_POINT('',(184.570153429345,192.996602249509,29.0823612821185));
#11104=CARTESIAN_POINT('',(89.1614570061718,228.,29.0823612821185));
#11105=CARTESIAN_POINT('',(-8.67984657065484,228.,29.0823612821185));
#11106=CARTESIAN_POINT('',(92.0106406300482,224.174865398678,29.0823612821185));
#11107=CARTESIAN_POINT('Origin',(79.8515542693199,218.09175430715,29.0823612821185));
#11108=CARTESIAN_POINT('',(122.430317523927,214.290913222816,29.0823612821185));
#11109=CARTESIAN_POINT('Origin',(79.8515542693199,135.,29.0823612821185));
#11110=CARTESIAN_POINT('',(142.104132527731,199.997049934442,29.0823612821185));
#11111=CARTESIAN_POINT('Origin',(128.691662038172,202.222641326912,29.0823612821185));
#11112=CARTESIAN_POINT('',(160.904526774938,174.120527194856,29.0823612821185));
#11113=CARTESIAN_POINT('Origin',(79.8515542693199,135.,29.0823612821185));
#11114=CARTESIAN_POINT('',(168.419255418014,150.992570563724,29.0823612821185));
#11115=CARTESIAN_POINT('Origin',(158.876508653531,160.676764173337,29.0823612821185));
#11116=CARTESIAN_POINT('',(168.419255418014,119.007429436276,29.0823612821185));
#11117=CARTESIAN_POINT('Origin',(79.8515542693199,135.,29.0823612821185));
#11118=CARTESIAN_POINT('',(160.904526774938,95.8794728051438,29.0823612821185));
#11119=CARTESIAN_POINT('Origin',(158.876508653531,109.323235826663,29.0823612821185));
#11120=CARTESIAN_POINT('',(142.104132527731,70.0029500655577,29.0823612821185));
#11121=CARTESIAN_POINT('Origin',(79.8515542693199,135.,29.0823612821185));
#11122=CARTESIAN_POINT('',(122.430317523927,55.7090867771843,29.0823612821185));
#11123=CARTESIAN_POINT('Origin',(128.691662038172,67.7773586730881,29.0823612821185));
#11124=CARTESIAN_POINT('',(92.0106406300483,45.825134601322,29.0823612821185));
#11125=CARTESIAN_POINT('Origin',(79.8515542693199,135.,29.0823612821185));
#11126=CARTESIAN_POINT('',(84.5431381493103,39.1474987563836,29.0823612821185));
#11127=CARTESIAN_POINT('Origin',(79.8515542693199,51.9082456928502,29.0823612821185));
#11128=CARTESIAN_POINT('',(184.570153429345,39.1474987563836,29.0823612821185));
#11129=CARTESIAN_POINT('',(-8.67984657065484,39.1474987563836,29.0823612821185));
#11130=CARTESIAN_POINT('',(184.570153429345,-12.,29.0823612821185));
#11131=CARTESIAN_POINT('',(184.570153429345,74.314504114422,29.0823612821185));
#11132=CARTESIAN_POINT('',(-8.67984657065484,-12.,29.0823612821185));
#11133=CARTESIAN_POINT('',(5.03507671467258,-13.3709917711563,29.0823612821185));
#11134=CARTESIAN_POINT('Origin',(-8.67984657065481,276.728392540351,27.0823612821185));
#11135=CARTESIAN_POINT('',(180.570153429345,274.728392540351,27.0823612821185));
#11136=CARTESIAN_POINT('',(-8.67984657065481,274.728392540351,27.0823612821185));
#11137=CARTESIAN_POINT('Origin',(184.570153429345,276.728392540351,27.0823612821185));
#11138=CARTESIAN_POINT('Origin',(-67.4298465706548,274.728392540351,15.));
#11139=CARTESIAN_POINT('',(180.570153429345,274.728392540351,16.0205903205296));
#11140=CARTESIAN_POINT('Ctrl Pts',(-10.,42.2718825752193,22.));
#11141=CARTESIAN_POINT('Ctrl Pts',(-10.,41.8230836247065,21.5063211544359));
#11142=CARTESIAN_POINT('Ctrl Pts',(-10.3655280684531,40.774080867827,20.3524181218685));
#11143=CARTESIAN_POINT('Ctrl Pts',(-11.4016013993162,40.2718825752193,19.8));
#11144=CARTESIAN_POINT('Ctrl Pts',(-12.,40.2718825752193,19.8));
#11145=CARTESIAN_POINT('Ctrl Pts',(-10.,42.2718825752193,22.));
#11146=CARTESIAN_POINT('Ctrl Pts',(-10.,41.8156036421979,21.5138011369444));
#11147=CARTESIAN_POINT('Ctrl Pts',(-10.3845311779491,40.7485645387405,20.3764071021393));
#11148=CARTESIAN_POINT('Ctrl Pts',(-11.4174180101357,40.2718825752193,19.8523598775598));
#11149=CARTESIAN_POINT('Ctrl Pts',(-12.,40.2718825752193,19.8523598775598));
#11150=CARTESIAN_POINT('Ctrl Pts',(-10.,42.2718825752193,22.));
#11151=CARTESIAN_POINT('Ctrl Pts',(-10.,41.8006436771808,21.5287611019615));
#11152=CARTESIAN_POINT('Ctrl Pts',(-10.4039290691615,40.6966215341155,20.4247389588962));
#11153=CARTESIAN_POINT('Ctrl Pts',(-11.4353852872426,40.2284162473844,19.9565336721651));
#11154=CARTESIAN_POINT('Ctrl Pts',(-12.,40.2284162473844,19.9565336721651));
#11155=CARTESIAN_POINT('Ctrl Pts',(-10.,42.2718825752193,22.));
#11156=CARTESIAN_POINT('Ctrl Pts',(-10.,41.7856837121637,21.5437210669786));
#11157=CARTESIAN_POINT('Ctrl Pts',(-10.3845311779491,40.6482896773586,20.4766819635212));
#11158=CARTESIAN_POINT('Ctrl Pts',(-11.4174180101357,40.1242424527791,20.));
#11159=CARTESIAN_POINT('Ctrl Pts',(-12.,40.1242424527791,20.));
#11160=CARTESIAN_POINT('Ctrl Pts',(-10.,42.2718825752193,22.));
#11161=CARTESIAN_POINT('Ctrl Pts',(-10.,41.7782037296552,21.5512010494872));
#11162=CARTESIAN_POINT('Ctrl Pts',(-10.3655280684531,40.6243006970878,20.5021982926077));
#11163=CARTESIAN_POINT('Ctrl Pts',(-11.4016013993162,40.0718825752193,20.));
#11164=CARTESIAN_POINT('Ctrl Pts',(-12.,40.0718825752193,20.));
#11165=CARTESIAN_POINT('',(-10.,42.2718825752193,22.));
#11166=CARTESIAN_POINT('Origin',(-12.,42.2718825752193,22.));
#11167=CARTESIAN_POINT('Origin',(-12.,42.2718825752193,22.));
#11168=CARTESIAN_POINT('Origin',(-12.,42.2718825752193,40.));
#11169=CARTESIAN_POINT('',(-10.,42.2718825752193,12.));
#11170=CARTESIAN_POINT('',(-10.,42.2718825752193,40.));
#11171=CARTESIAN_POINT('Origin',(-12.,42.2718825752193,12.));
#11172=CARTESIAN_POINT('Origin',(-12.,2.38486153524956,22.));
#11173=CARTESIAN_POINT('',(-12.,40.,20.));
#11174=CARTESIAN_POINT('',(-12.,2.38486153524956,20.));
#11175=CARTESIAN_POINT('',(-10.,40.,22.));
#11176=CARTESIAN_POINT('Origin',(-12.,40.,22.));
#11177=CARTESIAN_POINT('',(-10.,2.38486153524956,22.));
#11178=CARTESIAN_POINT('Origin',(180.570153429345,232.,23.0617709615889));
#11179=CARTESIAN_POINT('',(182.570153429345,232.,5.));
#11180=CARTESIAN_POINT('Origin',(180.570153429345,232.,5.));
#11181=CARTESIAN_POINT('',(182.570153429345,232.,27.0823612821185));
#11182=CARTESIAN_POINT('Origin',(180.570153429345,232.,27.0823612821185));
#11183=CARTESIAN_POINT('',(182.570153429345,232.,23.0617709615889));
#11184=CARTESIAN_POINT('Ctrl Pts',(182.570153429345,232.,27.0823612821185));
#11185=CARTESIAN_POINT('Ctrl Pts',(182.570153429345,232.,27.2319609322894));
#11186=CARTESIAN_POINT('Ctrl Pts',(182.620269163294,231.899768532101,27.6808383264313));
#11187=CARTESIAN_POINT('Ctrl Pts',(182.952917505423,231.234471847844,28.3719233691088));
#11188=CARTESIAN_POINT('Ctrl Pts',(183.672782398827,229.794742061035,28.9456994288461));
#11189=CARTESIAN_POINT('Ctrl Pts',(184.270954129003,228.598398600684,29.0823612821185));
#11190=CARTESIAN_POINT('Ctrl Pts',(184.570153429345,228.,29.0823612821185));
#11191=CARTESIAN_POINT('Ctrl Pts',(182.570153429345,231.401601399316,27.0823612821185));
#11192=CARTESIAN_POINT('Ctrl Pts',(182.570153429345,231.401601399316,27.1865145390457));
#11193=CARTESIAN_POINT('Ctrl Pts',(182.586128284357,231.338849072435,27.4940917026757));
#11194=CARTESIAN_POINT('Ctrl Pts',(182.772211064926,230.860559197779,28.1503245967516));
#11195=CARTESIAN_POINT('Ctrl Pts',(183.499614386746,229.6248709072,28.8913067194295));
#11196=CARTESIAN_POINT('Ctrl Pts',(184.213963786081,228.541408257762,29.0823612821185));
#11197=CARTESIAN_POINT('Ctrl Pts',(184.570153429345,228.,29.0823612821185));
#11198=CARTESIAN_POINT('Ctrl Pts',(182.067912342096,230.365702640352,27.0823612821185));
#11199=CARTESIAN_POINT('Ctrl Pts',(182.067912342096,230.365702640352,27.1474658884315));
#11200=CARTESIAN_POINT('Ctrl Pts',(182.07447003659,230.365551209441,27.333271429467));
#11201=CARTESIAN_POINT('Ctrl Pts',(182.274606321301,230.203022542631,27.9727083559803));
#11202=CARTESIAN_POINT('Ctrl Pts',(183.202667670399,229.324979734806,28.8522277764324));
#11203=CARTESIAN_POINT('Ctrl Pts',(184.114230685967,228.441675157648,29.0823612821185));
#11204=CARTESIAN_POINT('Ctrl Pts',(184.570153429345,228.,29.0823612821185));
#11205=CARTESIAN_POINT('Ctrl Pts',(181.018952379858,230.,27.0823612821185));
#11206=CARTESIAN_POINT('Ctrl Pts',(181.018952379858,230.,27.1983594661064));
#11207=CARTESIAN_POINT('Ctrl Pts',(181.091160321873,229.975404878224,27.5427137847578));
#11208=CARTESIAN_POINT('Ctrl Pts',(181.617555548417,229.751231186817,28.2067441833756));
#11209=CARTESIAN_POINT('Ctrl Pts',(182.903815454235,229.026172721665,28.9046759737314));
#11210=CARTESIAN_POINT('Ctrl Pts',(184.014497585853,228.341942057534,29.0823612821185));
#11211=CARTESIAN_POINT('Ctrl Pts',(184.570153429345,228.,29.0823612821185));
#11212=CARTESIAN_POINT('Ctrl Pts',(180.570153429345,230.,27.0823612821185));
#11213=CARTESIAN_POINT('Ctrl Pts',(180.570153429345,230.,27.2319609322894));
#11214=CARTESIAN_POINT('Ctrl Pts',(180.670384897244,229.949884266051,27.6808383264313));
#11215=CARTESIAN_POINT('Ctrl Pts',(181.335681581501,229.617235923922,28.3719233691088));
#11216=CARTESIAN_POINT('Ctrl Pts',(182.77541136831,228.897371030518,28.9456994288461));
#11217=CARTESIAN_POINT('Ctrl Pts',(183.971754828661,228.299199300342,29.0823612821185));
#11218=CARTESIAN_POINT('Ctrl Pts',(184.570153429345,228.,29.0823612821185));
#11219=CARTESIAN_POINT('Origin',(184.570153429345,228.,27.0823612821185));
#11220=CARTESIAN_POINT('Origin',(184.570153429345,228.,27.0823612821185));
#11221=CARTESIAN_POINT('Origin',(184.570153429345,192.996602249509,27.0823612821185));
#11222=CARTESIAN_POINT('',(182.570153429345,272.728392540351,27.0823612821185));
#11223=CARTESIAN_POINT('Origin',(184.570153429345,276.728392540351,27.0823612821185));
#11224=CARTESIAN_POINT('',(182.570153429345,192.996602249509,27.0823612821185));
#11225=CARTESIAN_POINT('Origin',(-8.67984657065484,228.,27.0823612821185));
#11226=CARTESIAN_POINT('Ctrl Pts',(86.4121416056981,230.,27.0823612821185));
#11227=CARTESIAN_POINT('Ctrl Pts',(86.4121416056981,230.,27.214150316192));
#11228=CARTESIAN_POINT('Ctrl Pts',(86.435922195105,229.986965964049,27.3415432800593));
#11229=CARTESIAN_POINT('Ctrl Pts',(86.5199909543373,229.94003979955,27.5838538263527));
#11230=CARTESIAN_POINT('Ctrl Pts',(86.5802608744732,229.906111992769,27.6987708292932));
#11231=CARTESIAN_POINT('Ctrl Pts',(86.7963316744327,229.781295025473,28.0203819039746));
#11232=CARTESIAN_POINT('Ctrl Pts',(86.987472088054,229.66650147392,28.2038912575138));
#11233=CARTESIAN_POINT('Ctrl Pts',(87.4701668558602,229.358020238174,28.5809397242711));
#11234=CARTESIAN_POINT('Ctrl Pts',(87.8158235358509,229.119400226174,28.7658417631187));
#11235=CARTESIAN_POINT('Ctrl Pts',(88.507502475772,228.585234238528,29.0174746359871));
#11236=CARTESIAN_POINT('Ctrl Pts',(88.8537554195345,228.289119984745,29.0823612821185));
#11237=CARTESIAN_POINT('Ctrl Pts',(89.161457006172,228.,29.0823612821185));
#11238=CARTESIAN_POINT('Origin',(180.570153429345,272.728392540351,16.0205903205296));
#11239=CARTESIAN_POINT('',(182.570153429345,272.728392540351,16.0205903205296));
#11240=CARTESIAN_POINT('Origin',(180.570153429345,272.728392540351,27.0823612821185));
#11241=CARTESIAN_POINT('Ctrl Pts',(180.570153429345,274.728392540351,27.0823612821185));
#11242=CARTESIAN_POINT('Ctrl Pts',(180.570153429345,274.728392540351,27.2319609322894));
#11243=CARTESIAN_POINT('Ctrl Pts',(180.6703847261,274.778508188728,27.6808378694812));
#11244=CARTESIAN_POINT('Ctrl Pts',(181.335681381222,275.11115651629,28.3719226679455));
#11245=CARTESIAN_POINT('Ctrl Pts',(182.77541121599,275.831021433674,28.9456982095586));
#11246=CARTESIAN_POINT('Ctrl Pts',(183.971754828661,276.429193240009,29.0823612821185));
#11247=CARTESIAN_POINT('Ctrl Pts',(184.570153429345,276.728392540351,29.0823612821185));
#11248=CARTESIAN_POINT('Ctrl Pts',(181.168552030029,274.728392540351,27.0823612821185));
#11249=CARTESIAN_POINT('Ctrl Pts',(181.168552030029,274.728392540351,27.1865145390457));
#11250=CARTESIAN_POINT('Ctrl Pts',(181.231299722732,274.744357997707,27.4940806578658));
#11251=CARTESIAN_POINT('Ctrl Pts',(181.70958665818,274.930434153143,28.150311667603));
#11252=CARTESIAN_POINT('Ctrl Pts',(182.94527435217,275.65783562138,28.8912964414085));
#11253=CARTESIAN_POINT('Ctrl Pts',(184.028745171583,276.372202897087,29.0823612821185));
#11254=CARTESIAN_POINT('Ctrl Pts',(184.570153429345,276.728392540351,29.0823612821185));
#11255=CARTESIAN_POINT('Ctrl Pts',(182.204445331652,274.226144901667,27.0823612821185));
#11256=CARTESIAN_POINT('Ctrl Pts',(182.204445331652,274.226144901667,27.1474658884315));
#11257=CARTESIAN_POINT('Ctrl Pts',(182.204596490533,274.232703469702,27.3332711327351));
#11258=CARTESIAN_POINT('Ctrl Pts',(182.36712696889,274.432842558275,27.9727062237089));
#11259=CARTESIAN_POINT('Ctrl Pts',(183.245170905441,275.360905524472,28.8522244936401));
#11260=CARTESIAN_POINT('Ctrl Pts',(184.128478271697,276.272469796973,29.0823612821185));
#11261=CARTESIAN_POINT('Ctrl Pts',(184.570153429345,276.728392540351,29.0823612821185));
#11262=CARTESIAN_POINT('Ctrl Pts',(182.570153429345,273.177191490864,27.0823612821185));
#11263=CARTESIAN_POINT('Ctrl Pts',(182.570153429345,273.177191490864,27.1983594661064));
#11264=CARTESIAN_POINT('Ctrl Pts',(182.594745782921,273.249399954614,27.5427116054265));
#11265=CARTESIAN_POINT('Ctrl Pts',(182.818917851707,273.775796103425,28.2067408988494));
#11266=CARTESIAN_POINT('Ctrl Pts',(183.543975707541,275.062056284047,28.9046721383143));
#11267=CARTESIAN_POINT('Ctrl Pts',(184.228211371811,276.172736696859,29.0823612821185));
#11268=CARTESIAN_POINT('Ctrl Pts',(184.570153429345,276.728392540351,29.0823612821185));
#11269=CARTESIAN_POINT('Ctrl Pts',(182.570153429345,272.728392540351,27.0823612821185));
#11270=CARTESIAN_POINT('Ctrl Pts',(182.570153429345,272.728392540351,27.2319609322894));
#11271=CARTESIAN_POINT('Ctrl Pts',(182.620269077722,272.828623837106,27.6808378694812));
#11272=CARTESIAN_POINT('Ctrl Pts',(182.952917405284,273.493920492228,28.3719226679455));
#11273=CARTESIAN_POINT('Ctrl Pts',(183.672782322668,274.933650326996,28.9456982095586));
#11274=CARTESIAN_POINT('Ctrl Pts',(184.270954129003,276.129993939667,29.0823612821185));
#11275=CARTESIAN_POINT('Ctrl Pts',(184.570153429345,276.728392540351,29.0823612821185));
#11276=CARTESIAN_POINT('Origin',(182.570153429345,252.364196270175,17.0411806410593));
#11277=CARTESIAN_POINT('',(182.570153429345,255.,5.));
#11278=CARTESIAN_POINT('Origin',(-25.,276.629008228844,12.));
#11279=CARTESIAN_POINT('',(-30.,276.629008228844,10.));
#11280=CARTESIAN_POINT('Origin',(-30.,276.629008228844,12.));
#11281=CARTESIAN_POINT('',(-12.,276.629008228844,10.));
#11282=CARTESIAN_POINT('',(-25.,276.629008228844,10.));
#11283=CARTESIAN_POINT('Origin',(-12.,276.629008228844,12.));
#11284=CARTESIAN_POINT('Origin',(-12.,276.629008228844,55.));
#11285=CARTESIAN_POINT('',(-10.,276.629008228844,12.));
#11286=CARTESIAN_POINT('Origin',(-12.,276.629008228844,12.));
#11287=CARTESIAN_POINT('',(-10.,276.629008228844,55.));
#11288=CARTESIAN_POINT('Origin',(-12.,276.629008228844,12.));
#11289=CARTESIAN_POINT('Origin',(-12.,276.629008228844,12.));
#11290=CARTESIAN_POINT('Origin',(-10.,-11.3709917711563,10.));
#11291=CARTESIAN_POINT('',(-12.,-11.3709917711563,10.));
#11292=CARTESIAN_POINT('',(-30.,-11.3709917711563,10.));
#11293=CARTESIAN_POINT('Origin',(-30.,231.433837610763,5.));
#11294=CARTESIAN_POINT('',(-30.,235.433837610763,21.));
#11295=CARTESIAN_POINT('',(-30.,243.575378208072,21.));
#11296=CARTESIAN_POINT('',(-30.,235.433837610763,5.));
#11297=CARTESIAN_POINT('',(-30.,235.433837610763,5.));
#11298=CARTESIAN_POINT('',(-30.,230.716918805382,5.));
#11299=CARTESIAN_POINT('Origin',(-12.,-11.3709917711563,12.));
#11300=CARTESIAN_POINT('',(-10.,-11.3709917711563,12.));
#11301=CARTESIAN_POINT('Origin',(-10.,-11.3709917711563,70.));
#11302=CARTESIAN_POINT('Origin',(184.570153429345,74.314504114422,27.0823612821185));
#11303=CARTESIAN_POINT('',(182.606267996399,38.7910340966193,27.4607182646946));
#11304=CARTESIAN_POINT('',(182.570153429345,39.6100676689557,27.0823612821185));
#11305=CARTESIAN_POINT('Origin',(184.570153429345,39.6100676689557,27.0823612821185));
#11306=CARTESIAN_POINT('',(182.570153429345,74.314504114422,27.0823612821185));
#11307=CARTESIAN_POINT('Origin',(184.570153429345,-12.,27.0823612821185));
#11308=CARTESIAN_POINT('Ctrl Pts',(182.606267996399,38.7910340966193,27.4607182646946));
#11309=CARTESIAN_POINT('Ctrl Pts',(182.614552596188,38.6979477727607,27.503719994787));
#11310=CARTESIAN_POINT('Ctrl Pts',(182.627748194938,38.6137899063729,27.563988604112));
#11311=CARTESIAN_POINT('Ctrl Pts',(182.670181448934,38.4651321779267,27.7126463325583));
#11312=CARTESIAN_POINT('Ctrl Pts',(182.705324039433,38.3985717373175,27.8145133131099));
#11313=CARTESIAN_POINT('Ctrl Pts',(182.803197857988,38.314952897601,28.0265558725351));
#11314=CARTESIAN_POINT('Ctrl Pts',(182.866381052676,38.2974987563836,28.1363661909077));
#11315=CARTESIAN_POINT('Ctrl Pts',(183.020505127017,38.2974987563836,28.3556655592022));
#11316=CARTESIAN_POINT('Ctrl Pts',(183.126982708932,38.3252995086245,28.4756848990974));
#11317=CARTESIAN_POINT('Ctrl Pts',(183.359235878956,38.4171942039659,28.6816645130434));
#11318=CARTESIAN_POINT('Ctrl Pts',(183.484982855021,38.4808902598993,28.7678343136514));
#11319=CARTESIAN_POINT('Ctrl Pts',(183.895549236598,38.7074731655525,28.9944172193045));
#11320=CARTESIAN_POINT('Ctrl Pts',(184.260117087623,38.9453797899182,29.0823612821185));
#11321=CARTESIAN_POINT('Ctrl Pts',(184.570153429345,39.1474987563836,29.0823612821185));
#11322=CARTESIAN_POINT('Origin',(182.570153429345,15.,20.1129253277557));
#11323=CARTESIAN_POINT('',(182.570153429345,40.,26.9022299356562));
#11324=CARTESIAN_POINT('',(182.570153429345,40.,26.9022299356562));
#11325=CARTESIAN_POINT('',(182.570153429345,40.,11.1434893733929));
#11326=CARTESIAN_POINT('',(182.570153429345,40.,11.1434893733929));
#11327=CARTESIAN_POINT('',(182.570153429345,16.5695318798214,11.1434893733929));
#11328=CARTESIAN_POINT('Origin',(-85.4298465706548,-14.3709917711563,-3.91763871788147));
#11329=CARTESIAN_POINT('',(-87.4298465706548,-14.3709917711563,-3.91763871788147));
#11330=CARTESIAN_POINT('Origin',(-85.4298465706548,-14.3709917711563,-3.91763871788147));
#11331=CARTESIAN_POINT('',(-85.4298465706548,-16.3709917711563,-3.91763871788147));
#11332=CARTESIAN_POINT('Origin',(-85.4298465706548,-14.3709917711563,-3.91763871788147));
#11333=CARTESIAN_POINT('Origin',(-85.4298465706548,-14.3709917711563,-3.91763871788147));
#11334=CARTESIAN_POINT('Origin',(-85.4298465706548,133.629008228844,-3.91763871788147));
#11335=CARTESIAN_POINT('',(-87.4298465706548,281.629008228844,-3.91763871788147));
#11336=CARTESIAN_POINT('',(-87.4298465706548,133.629008228844,-3.91763871788147));
#11337=CARTESIAN_POINT('Origin',(-85.4298465706548,281.629008228844,-3.91763871788147));
#11338=CARTESIAN_POINT('Origin',(-85.4298465706548,281.629008228844,-3.91763871788147));
#11339=CARTESIAN_POINT('',(-85.4298465706548,283.629008228844,-3.91763871788147));
#11340=CARTESIAN_POINT('Origin',(-85.4298465706548,281.629008228844,-3.91763871788147));
#11341=CARTESIAN_POINT('Origin',(-85.4298465706548,281.629008228844,-3.91763871788147));
#11342=CARTESIAN_POINT('Origin',(-87.4298465706548,133.629008228844,6.58236128211853));
#11343=CARTESIAN_POINT('',(-87.4298465706548,-14.3709917711563,27.0823612821185));
#11344=CARTESIAN_POINT('',(-87.4298465706548,-14.3709917711563,6.58236128211853));
#11345=CARTESIAN_POINT('',(-87.4298465706548,281.629008228844,27.0823612821185));
#11346=CARTESIAN_POINT('',(-87.4298465706548,133.629008228844,27.0823612821185));
#11347=CARTESIAN_POINT('',(-87.4298465706548,281.629008228844,6.58236128211853));
#11348=CARTESIAN_POINT('Origin',(-85.4298465706548,-14.3709917711563,6.58236128211853));
#11349=CARTESIAN_POINT('',(-85.4298465706548,-16.3709917711563,27.0823612821185));
#11350=CARTESIAN_POINT('',(-85.4298465706548,-16.3709917711563,6.58236128211853));
#11351=CARTESIAN_POINT('Origin',(-85.4298465706548,-14.3709917711563,27.0823612821185));
#11352=CARTESIAN_POINT('Origin',(50.0701534293452,-14.3709917711563,-3.91763871788147));
#11353=CARTESIAN_POINT('',(185.570153429345,-16.3709917711563,-3.91763871788147));
#11354=CARTESIAN_POINT('Origin',(185.570153429345,-14.3709917711563,-3.91763871788147));
#11355=CARTESIAN_POINT('',(50.0701534293452,-16.3709917711563,-3.91763871788147));
#11356=CARTESIAN_POINT('Origin',(185.570153429345,281.629008228844,-3.91763871788147));
#11357=CARTESIAN_POINT('',(187.570153429345,281.629008228844,-3.91763871788147));
#11358=CARTESIAN_POINT('Origin',(185.570153429345,281.629008228844,-3.91763871788147));
#11359=CARTESIAN_POINT('',(185.570153429345,283.629008228844,-3.91763871788147));
#11360=CARTESIAN_POINT('Origin',(185.570153429345,281.629008228844,-3.91763871788147));
#11361=CARTESIAN_POINT('Origin',(185.570153429345,281.629008228844,-3.91763871788147));
#11362=CARTESIAN_POINT('Origin',(185.570153429345,133.629008228844,-3.91763871788147));
#11363=CARTESIAN_POINT('',(187.570153429345,-14.3709917711563,-3.91763871788147));
#11364=CARTESIAN_POINT('',(187.570153429345,133.629008228844,-3.91763871788147));
#11365=CARTESIAN_POINT('Origin',(185.570153429345,-14.3709917711563,-3.91763871788147));
#11366=CARTESIAN_POINT('Origin',(185.570153429345,-14.3709917711563,-3.91763871788147));
#11367=CARTESIAN_POINT('Origin',(185.570153429345,-14.3709917711563,-3.91763871788147));
#11368=CARTESIAN_POINT('Origin',(187.570153429345,133.629008228844,6.58236128211853));
#11369=CARTESIAN_POINT('',(187.570153429345,281.629008228844,27.0823612821185));
#11370=CARTESIAN_POINT('',(187.570153429345,281.629008228844,6.58236128211853));
#11371=CARTESIAN_POINT('',(187.570153429345,-14.3709917711563,27.0823612821185));
#11372=CARTESIAN_POINT('',(187.570153429345,133.629008228844,27.0823612821185));
#11373=CARTESIAN_POINT('',(187.570153429345,-14.3709917711563,6.58236128211853));
#11374=CARTESIAN_POINT('',(187.570153429345,157.768564680949,14.3447742924855));
#11375=CARTESIAN_POINT('Origin',(187.570153429345,165.900433121789,14.3447742924855));
#11376=CARTESIAN_POINT('Origin',(185.570153429345,281.629008228844,6.58236128211853));
#11377=CARTESIAN_POINT('',(185.570153429345,283.629008228844,27.0823612821185));
#11378=CARTESIAN_POINT('',(185.570153429345,283.629008228844,6.58236128211853));
#11379=CARTESIAN_POINT('Origin',(185.570153429345,281.629008228844,27.0823612821185));
#11380=CARTESIAN_POINT('Origin',(50.0701534293452,281.629008228844,-3.91763871788147));
#11381=CARTESIAN_POINT('',(152.06242275992,283.629008228844,-3.91763871788147));
#11382=CARTESIAN_POINT('Origin',(152.06242275992,281.629008228844,-3.91763871788147));
#11383=CARTESIAN_POINT('',(50.0701534293452,283.629008228844,-3.91763871788147));
#11384=CARTESIAN_POINT('Origin',(16.1941373490086,163.605624691386,-3.91763871788147));
#11385=CARTESIAN_POINT('',(18.1941373490086,193.582241153927,-3.91763871788147));
#11386=CARTESIAN_POINT('Origin',(16.1941373490086,195.582241153927,-3.91763871788147));
#11387=CARTESIAN_POINT('',(18.1941373490086,73.5822411539267,-3.91763871788147));
#11388=CARTESIAN_POINT('',(18.1941373490086,163.605624691386,-3.91763871788147));
#11389=CARTESIAN_POINT('Origin',(16.1941373490086,71.5822411539267,-3.91763871788147));
#11390=CARTESIAN_POINT('Origin',(18.1941373490086,193.582241153927,-5.91763871788147));
#11391=CARTESIAN_POINT('',(18.1941373490085,193.582241153927,30.0823612821185));
#11392=CARTESIAN_POINT('',(18.1941373490086,193.582241153927,-5.91763871788147));
#11393=CARTESIAN_POINT('',(18.1941373490085,73.5822411539267,30.0823612821185));
#11394=CARTESIAN_POINT('',(18.1941373490085,162.338355830091,30.0823612821185));
#11395=CARTESIAN_POINT('',(18.1941373490086,73.5822411539267,-5.91763871788147));
#11396=CARTESIAN_POINT('Origin',(34.1321453891769,71.5822411539267,-3.91763871788147));
#11397=CARTESIAN_POINT('',(138.194137349009,73.5822411539267,-3.91763871788147));
#11398=CARTESIAN_POINT('',(34.1321453891769,73.5822411539267,-3.91763871788147));
#11399=CARTESIAN_POINT('Origin',(140.194137349009,71.5822411539267,-3.91763871788147));
#11400=CARTESIAN_POINT('Origin',(18.1941373490086,73.5822411539267,-5.91763871788147));
#11401=CARTESIAN_POINT('',(18.7170997889429,73.5822411539267,30.0823612821185));
#11402=CARTESIAN_POINT('',(48.6988186745043,73.5822411539267,30.0823612821185));
#11403=CARTESIAN_POINT('',(18.7170997889429,73.5822411539267,20.0823612821185));
#11404=CARTESIAN_POINT('',(18.7170997889429,73.5822411539267,40.0823612821185));
#11405=CARTESIAN_POINT('',(43.3057932119924,73.5822411539267,20.0823612821185));
#11406=CARTESIAN_POINT('',(24.6027919247381,73.5822411539267,20.0823612821185));
#11407=CARTESIAN_POINT('',(43.3057932119924,73.5822411539267,30.0823612821185));
#11408=CARTESIAN_POINT('',(43.3057932119924,73.5822411539267,40.0823612821185));
#11409=CARTESIAN_POINT('',(116.397315326647,73.5822411539267,30.0823612821185));
#11410=CARTESIAN_POINT('',(48.6988186745043,73.5822411539267,30.0823612821185));
#11411=CARTESIAN_POINT('',(116.397315326647,73.5822411539267,20.0823612821185));
#11412=CARTESIAN_POINT('',(116.397315326647,73.5822411539267,40.0823612821185));
#11413=CARTESIAN_POINT('',(138.194137349009,73.5822411539267,20.0823612821185));
#11414=CARTESIAN_POINT('',(73.4428996935904,73.5822411539267,20.0823612821185));
#11415=CARTESIAN_POINT('',(138.194137349009,73.5822411539267,-5.9176387178814));
#11416=CARTESIAN_POINT('Origin',(140.194137349009,103.605624691385,-3.91763871788147));
#11417=CARTESIAN_POINT('',(138.194137349009,193.582241153927,-3.91763871788147));
#11418=CARTESIAN_POINT('',(138.194137349009,103.605624691385,-3.91763871788147));
#11419=CARTESIAN_POINT('Origin',(140.194137349009,195.582241153927,-3.91763871788147));
#11420=CARTESIAN_POINT('Origin',(138.194137349009,73.5822411539267,-5.9176387178814));
#11421=CARTESIAN_POINT('',(138.194137349009,77.5010711660854,20.0823612821185));
#11422=CARTESIAN_POINT('',(138.194137349009,70.6797999135074,20.0823612821185));
#11423=CARTESIAN_POINT('',(138.194137349009,77.5010711660854,30.0823612821185));
#11424=CARTESIAN_POINT('',(138.194137349009,77.5010711660854,40.0823612821185));
#11425=CARTESIAN_POINT('',(138.194137349009,192.498928833915,30.0823612821185));
#11426=CARTESIAN_POINT('',(138.194137349009,102.338355830091,30.0823612821185));
#11427=CARTESIAN_POINT('',(138.194137349009,192.498928833915,20.0823612821185));
#11428=CARTESIAN_POINT('',(138.194137349009,192.498928833915,40.0823612821185));
#11429=CARTESIAN_POINT('',(138.194137349009,193.582241153927,20.0823612821185));
#11430=CARTESIAN_POINT('',(138.194137349009,137.902441240419,20.0823612821185));
#11431=CARTESIAN_POINT('',(138.194137349009,193.582241153927,-5.91763871788147));
#11432=CARTESIAN_POINT('',(138.194137349009,157.768564680949,14.3447742924855));
#11433=CARTESIAN_POINT('Origin',(138.194137349009,165.900433121789,14.3447742924855));
#11434=CARTESIAN_POINT('Origin',(94.1321453891771,195.582241153927,-3.91763871788147));
#11435=CARTESIAN_POINT('',(94.1321453891771,193.582241153927,-3.91763871788147));
#11436=CARTESIAN_POINT('Origin',(138.194137349009,193.582241153927,-5.91763871788147));
#11437=CARTESIAN_POINT('',(118.194466863736,193.582241153927,20.0823612821185));
#11438=CARTESIAN_POINT('',(133.44289969359,193.582241153927,20.0823612821185));
#11439=CARTESIAN_POINT('',(118.194466863736,193.582241153927,30.0823612821185));
#11440=CARTESIAN_POINT('',(118.194466863736,193.582241153927,40.0823612821185));
#11441=CARTESIAN_POINT('',(41.5086416749038,193.582241153927,30.0823612821185));
#11442=CARTESIAN_POINT('',(108.698818674504,193.582241153927,30.0823612821185));
#11443=CARTESIAN_POINT('',(41.5086416749038,193.582241153927,20.0823612821185));
#11444=CARTESIAN_POINT('',(41.5086416749038,193.582241153927,40.0823612821185));
#11445=CARTESIAN_POINT('',(20.5142513260316,193.582241153927,20.0823612821185));
#11446=CARTESIAN_POINT('',(84.6027919247381,193.582241153927,20.0823612821185));
#11447=CARTESIAN_POINT('',(20.5142513260316,193.582241153927,30.0823612821185));
#11448=CARTESIAN_POINT('',(20.5142513260316,193.582241153927,40.0823612821185));
#11449=CARTESIAN_POINT('',(108.698818674504,193.582241153927,30.0823612821185));
#11450=CARTESIAN_POINT('Origin',(55.9227792369972,281.629008228844,10.3323612821185));
#11451=CARTESIAN_POINT('',(57.9227792369972,281.629008228844,14.0823612821185));
#11452=CARTESIAN_POINT('',(57.9227792369972,281.629008228844,-5.91763871788147));
#11453=CARTESIAN_POINT('',(55.9227792369972,283.629008228844,-3.91763871788147));
#11454=CARTESIAN_POINT('Origin',(55.9227792369972,281.629008228844,-3.91763871788147));
#11455=CARTESIAN_POINT('',(55.9227792369972,283.629008228844,16.0823612821185));
#11456=CARTESIAN_POINT('',(55.9227792369972,283.629008228844,10.3323612821185));
#11457=CARTESIAN_POINT('Origin',(55.9227792369972,281.629008228844,16.0823612821185));
#11458=CARTESIAN_POINT('Origin',(100.066288094633,281.629008228844,16.0823612821185));
#11459=CARTESIAN_POINT('',(152.06242275992,283.629008228844,16.0823612821185));
#11460=CARTESIAN_POINT('',(100.066288094633,283.629008228844,16.0823612821185));
#11461=CARTESIAN_POINT('',(150.06242275992,281.629008228844,14.0823612821185));
#11462=CARTESIAN_POINT('Origin',(152.06242275992,281.629008228844,16.0823612821185));
#11463=CARTESIAN_POINT('',(57.9227792369972,281.629008228844,14.0823612821185));
#11464=CARTESIAN_POINT('Origin',(152.06242275992,281.629008228844,0.332361282118531));
#11465=CARTESIAN_POINT('',(152.06242275992,283.629008228844,0.332361282118531));
#11466=CARTESIAN_POINT('',(150.06242275992,281.629008228844,14.0823612821185));
#11467=CARTESIAN_POINT('Origin',(50.0701534293452,281.629008228844,27.0823612821185));
#11468=CARTESIAN_POINT('Origin',(185.570153429345,281.629008228844,27.0823612821185));
#11469=CARTESIAN_POINT('',(-85.4298465706548,283.629008228844,27.0823612821185));
#11470=CARTESIAN_POINT('',(50.0701534293452,283.629008228844,27.0823612821185));
#11471=CARTESIAN_POINT('Origin',(-85.4298465706548,281.629008228844,27.0823612821185));
#11472=CARTESIAN_POINT('Origin',(185.570153429345,281.629008228844,27.0823612821185));
#11473=CARTESIAN_POINT('Origin',(185.570153429345,281.629008228844,27.0823612821185));
#11474=CARTESIAN_POINT('Origin',(50.0701534293452,281.629008228844,-3.91763871788147));
#11475=CARTESIAN_POINT('',(50.0701534293452,283.629008228844,-3.91763871788147));
#11476=CARTESIAN_POINT('Origin',(-85.4298465706548,281.629008228844,6.58236128211853));
#11477=CARTESIAN_POINT('Origin',(-85.4298465706548,281.629008228844,27.0823612821185));
#11478=CARTESIAN_POINT('',(-85.4298465706548,283.629008228844,6.58236128211853));
#11479=CARTESIAN_POINT('Origin',(-85.4298465706548,281.629008228844,27.0823612821185));
#11480=CARTESIAN_POINT('Origin',(-85.4298465706548,281.629008228844,27.0823612821185));
#11481=CARTESIAN_POINT('Origin',(185.570153429345,133.629008228844,27.0823612821185));
#11482=CARTESIAN_POINT('Origin',(185.570153429345,-14.3709917711563,27.0823612821185));
#11483=CARTESIAN_POINT('Origin',(-85.4298465706548,133.629008228844,27.0823612821185));
#11484=CARTESIAN_POINT('Origin',(-85.4298465706548,-14.3709917711563,27.0823612821185));
#11485=CARTESIAN_POINT('Origin',(185.570153429345,-14.3709917711563,6.58236128211853));
#11486=CARTESIAN_POINT('',(185.570153429345,-16.3709917711563,27.0823612821185));
#11487=CARTESIAN_POINT('Origin',(185.570153429345,-14.3709917711563,27.0823612821185));
#11488=CARTESIAN_POINT('',(185.570153429345,-16.3709917711563,6.58236128211853));
#11489=CARTESIAN_POINT('Origin',(50.0701534293452,-14.3709917711563,27.0823612821185));
#11490=CARTESIAN_POINT('Origin',(-85.4298465706548,-14.3709917711563,27.0823612821185));
#11491=CARTESIAN_POINT('',(50.0701534293452,-16.3709917711563,27.0823612821185));
#11492=CARTESIAN_POINT('Origin',(185.570153429345,-14.3709917711563,27.0823612821185));
#11493=CARTESIAN_POINT('Origin',(-85.4298465706548,-14.3709917711563,27.0823612821185));
#11494=CARTESIAN_POINT('Origin',(185.570153429345,-14.3709917711563,27.0823612821185));
#11495=CARTESIAN_POINT('Origin',(50.0701534293452,-16.3709917711563,6.58236128211853));
#11496=CARTESIAN_POINT('Origin',(50.0701534293452,283.629008228844,6.58236128211853));
#11497=CARTESIAN_POINT('Origin',(103.992600998459,281.629008228844,4.08236128211853));
#11498=CARTESIAN_POINT('Origin',(0.826599885109207,109.323235826663,28.2323612821185));
#11499=CARTESIAN_POINT('',(-6.86808480437894,98.1143353806387,28.2323612821185));
#11500=CARTESIAN_POINT('',(-7.3491487625179,97.4135661831281,29.0823612821185));
#11501=CARTESIAN_POINT('Origin',(-7.3491487625179,97.4135661831281,28.2323612821185));
#11502=CARTESIAN_POINT('',(-0.753155362270683,94.9640063791722,29.0823612821185));
#11503=CARTESIAN_POINT('Origin',(0.826599885109207,109.323235826663,29.0823612821185));
#11504=CARTESIAN_POINT('',(-1.20141823629834,95.8794728051437,28.2323612821185));
#11505=CARTESIAN_POINT('Ctrl Pts',(-1.20141823629837,95.8794728051437,28.2323612821185));
#11506=CARTESIAN_POINT('Ctrl Pts',(-1.20141823629837,95.8794728051437,28.3076156861566));
#11507=CARTESIAN_POINT('Ctrl Pts',(-1.19615962885217,95.8685724054776,28.3821512499709));
#11508=CARTESIAN_POINT('Ctrl Pts',(-1.17263240411533,95.8198761197338,28.547518758792));
#11509=CARTESIAN_POINT('Ctrl Pts',(-1.15139672837902,95.7759535478175,28.6335586503312));
#11510=CARTESIAN_POINT('Ctrl Pts',(-1.09203099401484,95.6535715894139,28.7996284884766));
#11511=CARTESIAN_POINT('Ctrl Pts',(-1.05211865044075,95.5715087982888,28.8742418062867));
#11512=CARTESIAN_POINT('Ctrl Pts',(-0.954346331878119,95.3714595421919,
29.0020644622917));
#11513=CARTESIAN_POINT('Ctrl Pts',(-0.89463645657376,95.2498806054226,29.0477101873123));
#11514=CARTESIAN_POINT('Ctrl Pts',(-0.806699909350329,95.0719450029793,
29.07782493284));
#11515=CARTESIAN_POINT('Ctrl Pts',(-0.779954189188695,95.0179606205144,
29.0823612821185));
#11516=CARTESIAN_POINT('Ctrl Pts',(-0.753155362270699,94.9640063791722,
29.0823612821185));
#11517=CARTESIAN_POINT('Origin',(0.826599885109207,109.323235826663,28.2323612821185));
#11518=CARTESIAN_POINT('Origin',(-8.,96.4654666806137,28.2323612821185));
#11519=CARTESIAN_POINT('',(-10.,96.4654666806137,28.2323612821185));
#11520=CARTESIAN_POINT('',(-9.15,96.4654666806137,29.0823612821185));
#11521=CARTESIAN_POINT('Origin',(-9.15,96.4654666806137,28.2323612821185));
#11522=CARTESIAN_POINT('Origin',(-8.,96.4654666806137,29.0823612821185));
#11523=CARTESIAN_POINT('Origin',(-8.,96.4654666806137,28.2323612821185));
#11524=CARTESIAN_POINT('Origin',(-9.15,61.1290082288437,28.2323612821185));
#11525=CARTESIAN_POINT('',(-10.,41.4935697510188,28.2323612821185));
#11526=CARTESIAN_POINT('',(-9.15,41.4935697510188,29.0823612821185));
#11527=CARTESIAN_POINT('Origin',(-9.15,41.4935697510188,28.2323612821185));
#11528=CARTESIAN_POINT('',(-9.15,61.1290082288437,29.0823612821185));
#11529=CARTESIAN_POINT('',(-10.,61.1290082288437,28.2323612821185));
#11530=CARTESIAN_POINT('Ctrl Pts',(-7.99934747688234,39.1487403989582,29.0823603267689));
#11531=CARTESIAN_POINT('Ctrl Pts',(-8.11832486628394,39.1485762003428,29.0823603289652));
#11532=CARTESIAN_POINT('Ctrl Pts',(-8.29651433573371,39.2156558822874,29.0823594296122));
#11533=CARTESIAN_POINT('Ctrl Pts',(-8.68391260637184,39.591783328475,29.0823625339942));
#11534=CARTESIAN_POINT('Ctrl Pts',(-8.90670826216103,40.1128446761156,29.0823598707625));
#11535=CARTESIAN_POINT('Ctrl Pts',(-9.01748753820329,40.6160400837661,29.0823607729807));
#11536=CARTESIAN_POINT('Ctrl Pts',(-7.99905048635307,38.9290380811809,29.0826985667617));
#11537=CARTESIAN_POINT('Ctrl Pts',(-8.17219163426372,38.9287797236002,29.082698197131));
#11538=CARTESIAN_POINT('Ctrl Pts',(-8.42152513215467,39.0343587042492,29.0828495742396));
#11539=CARTESIAN_POINT('Ctrl Pts',(-8.86591437943621,39.5010499600396,29.0822724032137));
#11540=CARTESIAN_POINT('Ctrl Pts',(-9.07638657812595,40.0579257798699,29.0827176530646));
#11541=CARTESIAN_POINT('Ctrl Pts',(-9.17639588553804,40.5810815383884,29.082541414873));
#11542=CARTESIAN_POINT('Ctrl Pts',(-7.99845397026415,38.4908324553461,28.9038808189636));
#11543=CARTESIAN_POINT('Ctrl Pts',(-8.28038558154506,38.4903868804782,28.9038617412137));
#11544=CARTESIAN_POINT('Ctrl Pts',(-8.67210711666635,38.6725138898081,28.9116588744967));
#11545=CARTESIAN_POINT('Ctrl Pts',(-9.23049884400881,39.3213467937415,28.9425850343923));
#11546=CARTESIAN_POINT('Ctrl Pts',(-9.41556719070708,39.9480830628058,28.9688676613474));
#11547=CARTESIAN_POINT('Ctrl Pts',(-9.49381387120308,40.5112523978218,28.9868460872141));
#11548=CARTESIAN_POINT('Ctrl Pts',(-7.99810419878994,38.2325087334573,28.3082808297673));
#11549=CARTESIAN_POINT('Ctrl Pts',(-8.34381997607903,38.2319878559361,28.3082125911207));
#11550=CARTESIAN_POINT('Ctrl Pts',(-8.82385737908118,38.4449014630632,28.3361006588007));
#11551=CARTESIAN_POINT('Ctrl Pts',(-9.49816316442089,39.1769193449927,28.4515736856551));
#11552=CARTESIAN_POINT('Ctrl Pts',(-9.7073121861227,39.8510484523122,28.5573187350751));
#11553=CARTESIAN_POINT('Ctrl Pts',(-9.79032855354155,40.4460216592547,28.6341228950223));
#11554=CARTESIAN_POINT('Ctrl Pts',(-7.99831166177786,38.3851134129526,27.7559947037346));
#11555=CARTESIAN_POINT('Ctrl Pts',(-8.30618250719796,38.3847133112595,27.7559113342728));
#11556=CARTESIAN_POINT('Ctrl Pts',(-8.74371187741395,38.5482412584626,27.7899801787347));
#11557=CARTESIAN_POINT('Ctrl Pts',(-9.4584796854623,39.1769946850469,27.9423299532843));
#11558=CARTESIAN_POINT('Ctrl Pts',(-9.74786374156477,39.8328162292673,28.1005019123705));
#11559=CARTESIAN_POINT('Ctrl Pts',(-9.87444123914915,40.4275175563318,28.2271626911599));
#11560=CARTESIAN_POINT('Ctrl Pts',(-7.99866001481807,38.6424124981949,27.5290885494653));
#11561=CARTESIAN_POINT('Ctrl Pts',(-8.24299530770374,38.6421530314274,27.5290250302894));
#11562=CARTESIAN_POINT('Ctrl Pts',(-8.60078573061703,38.748177807817,27.5549784631441));
#11563=CARTESIAN_POINT('Ctrl Pts',(-9.29642277009605,39.2454415763965,27.6848552134506));
#11564=CARTESIAN_POINT('Ctrl Pts',(-9.65175665250736,39.8598491314931,27.8427018904083));
#11565=CARTESIAN_POINT('Ctrl Pts',(-9.82112938310411,40.4392457639848,27.98369753186));
#11566=CARTESIAN_POINT('Ctrl Pts',(-7.99886387787314,38.7922241309734,27.4601700270567));
#11567=CARTESIAN_POINT('Ctrl Pts',(-8.20601802735689,38.7920385737802,27.460123810004));
#11568=CARTESIAN_POINT('Ctrl Pts',(-8.51623403074006,38.8678438335528,27.4790047758073));
#11569=CARTESIAN_POINT('Ctrl Pts',(-9.19035948032598,39.2928692805371,27.5847980480378));
#11570=CARTESIAN_POINT('Ctrl Pts',(-9.57796545496485,39.8816898531597,27.7313897946489));
#11571=CARTESIAN_POINT('Ctrl Pts',(-9.77070480920907,40.4503386916233,27.8730233267191));
#11572=CARTESIAN_POINT('',(-8.,38.7910340966194,27.4607182646946));
#11573=CARTESIAN_POINT('',(-8.,39.1474987563836,29.0823612821185));
#11574=CARTESIAN_POINT('Origin',(-8.,39.1474987563836,28.2323612821185));
#11575=CARTESIAN_POINT('',(-9.01808121945788,40.6144613599192,29.0823612821185));
#11576=CARTESIAN_POINT('Origin',(-8.,41.8897060782718,29.0823612821185));
#11577=CARTESIAN_POINT('',(-9.7705760338398,40.448689913313,27.8735139861577));
#11578=CARTESIAN_POINT('Origin',(-9.01808121945788,40.6144613599192,28.2323612821185));
#11579=CARTESIAN_POINT('Origin',(-8.,41.8897060782718,28.2323612821185));
#11580=CARTESIAN_POINT('Origin',(-8.67984657065484,39.1474987563836,28.2323612821185));
#11581=CARTESIAN_POINT('',(76.2757492383887,38.7910340966194,27.4607182646946));
#11582=CARTESIAN_POINT('',(83.4273593002511,38.7910340966194,27.4607182646946));
#11583=CARTESIAN_POINT('Ctrl Pts',(76.2757492383887,38.7910340966194,27.4607182646945));
#11584=CARTESIAN_POINT('Ctrl Pts',(76.6359528322996,38.6928411374057,27.5060790325716));
#11585=CARTESIAN_POINT('Ctrl Pts',(77.0035440051818,38.6087231486417,27.5676939930448));
#11586=CARTESIAN_POINT('Ctrl Pts',(77.7915326612186,38.4625949261375,27.7168657740685));
#11587=CARTESIAN_POINT('Ctrl Pts',(78.212559880186,38.4051184063606,27.8079525863651));
#11588=CARTESIAN_POINT('Ctrl Pts',(79.0411193547545,38.3301842525227,27.9804912001083));
#11589=CARTESIAN_POINT('Ctrl Pts',(79.4460598791301,38.3123778765052,28.0740163548517));
#11590=CARTESIAN_POINT('Ctrl Pts',(79.8515542693199,38.3123778765052,28.0740163548517));
#11591=CARTESIAN_POINT('Ctrl Pts',(80.2570486595097,38.3123778765052,28.0740163548517));
#11592=CARTESIAN_POINT('Ctrl Pts',(80.6619891838853,38.3301842525227,27.9804912001083));
#11593=CARTESIAN_POINT('Ctrl Pts',(81.4905486584538,38.4051184063606,27.8079525863651));
#11594=CARTESIAN_POINT('Ctrl Pts',(81.9115758774213,38.4625949261375,27.7168657740685));
#11595=CARTESIAN_POINT('Ctrl Pts',(82.699564533458,38.6087231486417,27.5676939930448));
#11596=CARTESIAN_POINT('Ctrl Pts',(83.0671557063402,38.6928411374057,27.5060790325716));
#11597=CARTESIAN_POINT('Ctrl Pts',(83.4273593002511,38.7910340966194,27.4607182646945));
#11598=CARTESIAN_POINT('',(-8.67984657065484,38.7910340966194,27.4607182646946));
#11599=CARTESIAN_POINT('',(75.1599703893295,39.1474987563836,29.0823612821185));
#11600=CARTESIAN_POINT('Ctrl Pts',(84.5431381493103,39.1474987563836,29.0823612821185));
#11601=CARTESIAN_POINT('Ctrl Pts',(83.8451944131527,38.8908945310981,29.0823612821185));
#11602=CARTESIAN_POINT('Ctrl Pts',(83.0913013527508,38.6813686171445,28.9711870994639));
#11603=CARTESIAN_POINT('Ctrl Pts',(81.9115758774213,38.4625949261375,28.7478567901685));
#11604=CARTESIAN_POINT('Ctrl Pts',(81.4905486584538,38.4051184063606,28.6567699778719));
#11605=CARTESIAN_POINT('Ctrl Pts',(80.6619891838853,38.3301842525227,28.4842313641287));
#11606=CARTESIAN_POINT('Ctrl Pts',(80.2570486595097,38.3123778765052,28.3907062093853));
#11607=CARTESIAN_POINT('Ctrl Pts',(79.4460598791301,38.3123778765052,28.3907062093853));
#11608=CARTESIAN_POINT('Ctrl Pts',(79.0411193547545,38.3301842525227,28.4842313641287));
#11609=CARTESIAN_POINT('Ctrl Pts',(78.212559880186,38.4051184063606,28.6567699778719));
#11610=CARTESIAN_POINT('Ctrl Pts',(77.7915326612186,38.4625949261375,28.7478567901685));
#11611=CARTESIAN_POINT('Ctrl Pts',(76.611807185889,38.6813686171445,28.9711870994639));
#11612=CARTESIAN_POINT('Ctrl Pts',(75.857914125487,38.8908945310981,29.0823612821185));
#11613=CARTESIAN_POINT('Ctrl Pts',(75.1599703893295,39.1474987563837,29.0823612821185));
#11614=CARTESIAN_POINT('',(-8.67984657065484,39.1474987563836,29.0823612821185));
#11615=CARTESIAN_POINT('',(-8.67984657065484,38.7910340966194,27.4607182646946));
#11616=CARTESIAN_POINT('Ctrl Pts',(-9.99999754639157,41.4970671705647,28.2329390818749));
#11617=CARTESIAN_POINT('Ctrl Pts',(-10.0006168493602,41.0749671900665,28.1234362530635));
#11618=CARTESIAN_POINT('Ctrl Pts',(-9.88124932602924,40.7107122558091,27.9840868883728));
#11619=CARTESIAN_POINT('Ctrl Pts',(-9.7694751918389,40.4465362658565,27.8722032306658));
#11620=CARTESIAN_POINT('Ctrl Pts',(-9.99991167360714,41.4970671531994,28.3601227045523));
#11621=CARTESIAN_POINT('Ctrl Pts',(-10.016954017465,41.0749985879691,28.2610707951303));
#11622=CARTESIAN_POINT('Ctrl Pts',(-9.92239692959504,40.7001475682162,28.1308598372941));
#11623=CARTESIAN_POINT('Ctrl Pts',(-9.83679693514713,40.4317179531605,28.0195578866724));
#11624=CARTESIAN_POINT('Ctrl Pts',(-9.94157134612072,41.496996856787,28.6139405699857));
#11625=CARTESIAN_POINT('Ctrl Pts',(-9.98158411007683,41.0834616430897,28.5431848244857));
#11626=CARTESIAN_POINT('Ctrl Pts',(-9.92681431702976,40.698100321225,28.4452050650913));
#11627=CARTESIAN_POINT('Ctrl Pts',(-9.88596703034601,40.4208949004562,28.3537818798827));
#11628=CARTESIAN_POINT('Ctrl Pts',(-9.65710176080884,41.4966549105962,28.9710085021835));
#11629=CARTESIAN_POINT('Ctrl Pts',(-9.69883253022576,41.1244265835536,28.9520134258164));
#11630=CARTESIAN_POINT('Ctrl Pts',(-9.66522563604064,40.7610617878942,28.9244827781347));
#11631=CARTESIAN_POINT('Ctrl Pts',(-9.6486113106813,40.4731395205394,28.8958067006553));
#11632=CARTESIAN_POINT('Ctrl Pts',(-9.34060731517775,41.4962747886975,29.0823586546934));
#11633=CARTESIAN_POINT('Ctrl Pts',(-9.35675885435062,41.1699123219215,29.0826794223442));
#11634=CARTESIAN_POINT('Ctrl Pts',(-9.3012374927244,40.8500212261119,29.0816268079458));
#11635=CARTESIAN_POINT('Ctrl Pts',(-9.25566070127075,40.5596326470597,29.0823673796437));
#11636=CARTESIAN_POINT('Ctrl Pts',(-9.14999842331907,41.4960454960014,29.0823612821185));
#11637=CARTESIAN_POINT('Ctrl Pts',(-9.15037904178036,41.1973496289845,29.0823612821185));
#11638=CARTESIAN_POINT('Ctrl Pts',(-9.08177976061132,40.9037070856153,29.0823612821185));
#11639=CARTESIAN_POINT('Ctrl Pts',(-9.01754871615692,40.6120437458039,29.0823612821185));
#11640=CARTESIAN_POINT('Ctrl Pts',(-9.01808121945789,40.6144613599192,29.0823612821185));
#11641=CARTESIAN_POINT('Ctrl Pts',(-9.08198077573105,40.904523887099,29.0823612821185));
#11642=CARTESIAN_POINT('Ctrl Pts',(-9.15,41.1965522044566,29.0823612821185));
#11643=CARTESIAN_POINT('Ctrl Pts',(-9.15,41.4935697510188,29.0823612821185));
#11644=CARTESIAN_POINT('Ctrl Pts',(-10.,41.4935697510188,28.2323612821185));
#11645=CARTESIAN_POINT('Ctrl Pts',(-10.,41.4411385832429,28.2187319915313));
#11646=CARTESIAN_POINT('Ctrl Pts',(-9.99825201711852,41.3893774324491,28.2045766469796));
#11647=CARTESIAN_POINT('Ctrl Pts',(-9.99491284821223,41.3385122649538,28.1900484091993));
#11648=CARTESIAN_POINT('Ctrl Pts',(-9.99161733392423,41.2883120831283,28.1757101063078));
#11649=CARTESIAN_POINT('Ctrl Pts',(-9.98677269620854,41.2389851084649,28.1610086982737));
#11650=CARTESIAN_POINT('Ctrl Pts',(-9.98057201566855,41.1907159572834,28.1460815410818));
#11651=CARTESIAN_POINT('Ctrl Pts',(-9.97431346723657,41.1419963339306,28.131015076097));
#11652=CARTESIAN_POINT('Ctrl Pts',(-9.96667414520767,41.0943548103265,28.1157187418745));
#11653=CARTESIAN_POINT('Ctrl Pts',(-9.95788546020835,41.0479405310935,28.100321969818));
#11654=CARTESIAN_POINT('Ctrl Pts',(-9.94900631602466,41.0010485242093,28.084766723605));
#11655=CARTESIAN_POINT('Ctrl Pts',(-9.9389548058699,40.9554094105491,28.0691090459469));
#11656=CARTESIAN_POINT('Ctrl Pts',(-9.9279916888401,40.9111303296471,28.053468897633));
#11657=CARTESIAN_POINT('Ctrl Pts',(-9.91682374213797,40.8660239594251,28.0375365362154));
#11658=CARTESIAN_POINT('Ctrl Pts',(-9.90471061145166,40.8223290439018,28.0216224355517));
#11659=CARTESIAN_POINT('Ctrl Pts',(-9.89193865965022,40.780107627744,28.0058382405529));
#11660=CARTESIAN_POINT('Ctrl Pts',(-9.87903879189576,40.7374633480513,27.9898959608402));
#11661=CARTESIAN_POINT('Ctrl Pts',(-9.86546761850188,40.6963220934149,27.9740862124183));
#11662=CARTESIAN_POINT('Ctrl Pts',(-9.85151886161951,40.6566962300302,27.9585081144545));
#11663=CARTESIAN_POINT('Ctrl Pts',(-9.8373099325269,40.6163312650505,27.9426394538111));
#11664=CARTESIAN_POINT('Ctrl Pts',(-9.8227099113777,40.5775385187647,27.9270111642165));
#11665=CARTESIAN_POINT('Ctrl Pts',(-9.80801646238835,40.540280551289,27.9117114847877));
#11666=CARTESIAN_POINT('Ctrl Pts',(-9.79554707099592,40.508662094705,27.8987276243534));
#11667=CARTESIAN_POINT('Ctrl Pts',(-9.78301032151215,40.4781479412403,27.8859801162934));
#11668=CARTESIAN_POINT('Ctrl Pts',(-9.77057603383981,40.448689913313,27.8735139861577));
#11669=CARTESIAN_POINT('Origin',(79.8515542693199,51.9082456928502,40.0823612821185));
#11670=CARTESIAN_POINT('',(67.6924679085915,45.8251346013219,40.0823612821185));
#11671=CARTESIAN_POINT('',(66.2556864529749,51.9082456928502,40.0823612821185));
#11672=CARTESIAN_POINT('Origin',(79.8515542693199,51.9082456928502,40.0823612821185));
#11673=CARTESIAN_POINT('',(67.6924679085916,45.825134601322,29.0823612821185));
#11674=CARTESIAN_POINT('',(67.6924679085915,45.8251346013219,40.0823612821185));
#11675=CARTESIAN_POINT('Origin',(79.8515542693199,51.9082456928502,29.0823612821185));
#11676=CARTESIAN_POINT('',(92.0106406300484,45.8251346013219,40.0823612821185));
#11677=CARTESIAN_POINT('',(92.0106406300484,45.8251346013219,40.0823612821185));
#11678=CARTESIAN_POINT('',(88.7490033119045,62.1884705062547,40.0823612821185));
#11679=CARTESIAN_POINT('Origin',(79.8515542693199,51.9082456928502,40.0823612821185));
#11680=CARTESIAN_POINT('',(88.7490033119045,62.1884705062547,30.0823612821185));
#11681=CARTESIAN_POINT('',(88.7490033119045,62.1884705062547,40.0823612821185));
#11682=CARTESIAN_POINT('',(70.9541052267354,62.1884705062547,30.0823612821185));
#11683=CARTESIAN_POINT('Origin',(79.8515542693199,51.9082456928502,30.0823612821185));
#11684=CARTESIAN_POINT('',(70.9541052267354,62.1884705062547,40.0823612821185));
#11685=CARTESIAN_POINT('',(70.9541052267354,62.1884705062547,40.0823612821185));
#11686=CARTESIAN_POINT('Origin',(79.8515542693199,51.9082456928502,40.0823612821185));
#11687=CARTESIAN_POINT('',(66.2556864529749,51.9082456928502,20.0823612821185));
#11688=CARTESIAN_POINT('',(66.2556864529749,51.9082456928502,40.0823612821185));
#11689=CARTESIAN_POINT('',(89.1614570061718,42.,20.0823612821185));
#11690=CARTESIAN_POINT('Origin',(79.8515542693199,51.9082456928502,20.0823612821185));
#11691=CARTESIAN_POINT('',(86.4121416056977,40.,18.0823612821185));
#11692=CARTESIAN_POINT('Ctrl Pts',(89.1614570061718,42.,20.0823612821185));
#11693=CARTESIAN_POINT('Ctrl Pts',(88.8878572789003,41.7429225184066,20.0823612821185));
#11694=CARTESIAN_POINT('Ctrl Pts',(88.5802083999667,41.4768920977297,20.0306964991148));
#11695=CARTESIAN_POINT('Ctrl Pts',(87.9621247455981,40.9894001939192,19.8283109303355));
#11696=CARTESIAN_POINT('Ctrl Pts',(87.6516765472489,40.7676174678516,19.6784058747163));
#11697=CARTESIAN_POINT('Ctrl Pts',(87.1109257058086,40.4081541124317,19.3189425192964));
#11698=CARTESIAN_POINT('Ctrl Pts',(86.8084429170748,40.2251182496711,19.0568381459528));
#11699=CARTESIAN_POINT('Ctrl Pts',(86.5632899186282,40.0843362336309,18.6656285864064));
#11700=CARTESIAN_POINT('Ctrl Pts',(86.5078565028583,40.0531560918075,18.5555239375772));
#11701=CARTESIAN_POINT('Ctrl Pts',(86.4319615503061,40.0108615712214,18.3219700086972));
#11702=CARTESIAN_POINT('Ctrl Pts',(86.4121416056977,40.,18.1982670356189));
#11703=CARTESIAN_POINT('Ctrl Pts',(86.4121416056977,40.,18.0823612821185));
#11704=CARTESIAN_POINT('',(86.4121416056977,40.,26.9022299356562));
#11705=CARTESIAN_POINT('',(86.4121416056977,40.,40.0823612821185));
#11706=CARTESIAN_POINT('Origin',(79.8515542693199,51.9082456928502,21.4011515179929));
#11707=CARTESIAN_POINT('',(73.2909669329421,40.,26.9022299356562));
#11708=CARTESIAN_POINT('Origin',(79.8515542693199,51.9082456928502,21.4011515179929));
#11709=CARTESIAN_POINT('',(73.2909669329421,40.,18.0823612821185));
#11710=CARTESIAN_POINT('',(73.2909669329421,40.,40.0823612821185));
#11711=CARTESIAN_POINT('',(70.5416515324681,42.,20.0823612821185));
#11712=CARTESIAN_POINT('Ctrl Pts',(73.2909669329421,40.,18.0823612821185));
#11713=CARTESIAN_POINT('Ctrl Pts',(73.2909669329421,40.,18.1982670356189));
#11714=CARTESIAN_POINT('Ctrl Pts',(73.2711469883338,40.0108615712214,18.3219700086972));
#11715=CARTESIAN_POINT('Ctrl Pts',(73.1952520357816,40.0531560918075,18.5555239375772));
#11716=CARTESIAN_POINT('Ctrl Pts',(73.1398186200116,40.0843362336309,18.6656285864064));
#11717=CARTESIAN_POINT('Ctrl Pts',(72.894665621565,40.2251182496711,19.0568381459528));
#11718=CARTESIAN_POINT('Ctrl Pts',(72.5921828328312,40.4081541124317,19.3189425192964));
#11719=CARTESIAN_POINT('Ctrl Pts',(72.051431991391,40.7676174678516,19.6784058747163));
#11720=CARTESIAN_POINT('Ctrl Pts',(71.7409837930417,40.9894001939192,19.8283109303355));
#11721=CARTESIAN_POINT('Ctrl Pts',(71.1229001386732,41.4768920977297,20.0306964991148));
#11722=CARTESIAN_POINT('Ctrl Pts',(70.8152512597396,41.7429225184066,20.0823612821185));
#11723=CARTESIAN_POINT('Ctrl Pts',(70.5416515324681,42.,20.0823612821185));
#11724=CARTESIAN_POINT('Origin',(79.8515542693199,51.9082456928502,20.0823612821185));
#11725=CARTESIAN_POINT('Origin',(-67.4298465706548,40.,26.9022299356562));
#11726=CARTESIAN_POINT('',(-8.,40.,26.9022299356562));
#11727=CARTESIAN_POINT('',(-8.,10.6279564131373,40.470804117441));
#11728=CARTESIAN_POINT('',(-67.4298465706548,40.,26.9022299356562));
#11729=CARTESIAN_POINT('Origin',(-67.4298465706548,40.,26.9022299356562));
#11730=CARTESIAN_POINT('',(-67.4298465706548,40.,26.9022299356562));
#11731=CARTESIAN_POINT('Origin',(-8.,11.4666967890533,42.2864347466738));
#11732=CARTESIAN_POINT('Origin',(-8.,40.838740375916,28.717860564889));
#11733=CARTESIAN_POINT('Origin',(-14.,4.0751309748734,16.));
#11734=CARTESIAN_POINT('',(-10.,40.,16.));
#11735=CARTESIAN_POINT('',(-10.,4.0751309748734,16.));
#11736=CARTESIAN_POINT('',(-14.,40.,20.));
#11737=CARTESIAN_POINT('Origin',(-14.,40.,16.));
#11738=CARTESIAN_POINT('',(-14.,4.0751309748734,20.));
#11739=CARTESIAN_POINT('Origin',(-10.,-7.99045289190857,10.));
#11740=CARTESIAN_POINT('',(-10.,40.,11.1434893733929));
#11741=CARTESIAN_POINT('',(-10.,2.59927005433258,11.1434893733929));
#11742=CARTESIAN_POINT('',(-10.,40.,40.5717446866964));
#11743=CARTESIAN_POINT('Origin',(-34.,235.433837610763,5.));
#11744=CARTESIAN_POINT('',(-34.,231.433837610763,21.));
#11745=CARTESIAN_POINT('Origin',(-34.,235.433837610763,21.));
#11746=CARTESIAN_POINT('',(-34.,231.433837610763,5.));
#11747=CARTESIAN_POINT('',(-34.,231.433837610763,5.));
#11748=CARTESIAN_POINT('Origin',(-34.,235.433837610763,5.));
#11749=CARTESIAN_POINT('Origin',(-34.,243.575378208072,21.));
#11750=CARTESIAN_POINT('',(-34.,235.433837610763,25.));
#11751=CARTESIAN_POINT('Origin',(-34.,235.433837610763,21.));
#11752=CARTESIAN_POINT('',(-34.,243.575378208072,25.));
#11753=CARTESIAN_POINT('Origin',(-34.,235.433837610763,21.));
#11754=CARTESIAN_POINT('Origin',(-34.,235.433837610763,21.));
#11755=CARTESIAN_POINT('Origin',(-67.4298465706548,231.433837610763,5.));
#11756=CARTESIAN_POINT('',(-58.0723849279911,231.433837610763,21.));
#11757=CARTESIAN_POINT('',(-67.4298465706548,231.433837610763,5.));
#11758=CARTESIAN_POINT('Origin',(-58.0723849279911,235.433837610763,21.));
#11759=CARTESIAN_POINT('',(-58.0723849279911,235.433837610763,25.));
#11760=CARTESIAN_POINT('Origin',(-48.7149232853274,255.716918805382,25.));
#11761=CARTESIAN_POINT('Origin',(5.03507671467258,-13.3709917711563,27.0823612821185));
#11762=CARTESIAN_POINT('',(-70.,-11.3709917711563,27.0823612821185));
#11763=CARTESIAN_POINT('',(5.03507671467258,-11.3709917711563,27.0823612821185));
#11764=CARTESIAN_POINT('Origin',(-72.,-13.3709917711563,27.0823612821185));
#11765=CARTESIAN_POINT('Origin',(50.0701534293452,133.629008228844,29.0823612821185));
#11766=CARTESIAN_POINT('',(37.2727910147125,55.7090867771843,29.0823612821185));
#11767=CARTESIAN_POINT('Origin',(79.8515542693199,135.,29.0823612821185));
#11768=CARTESIAN_POINT('',(17.5989760109087,70.0029500655577,29.0823612821185));
#11769=CARTESIAN_POINT('Origin',(31.0114465004677,67.7773586730881,29.0823612821185));
#11770=CARTESIAN_POINT('Origin',(79.8515542693199,135.,29.0823612821185));
#11771=CARTESIAN_POINT('Origin',(-8.67984657065484,-12.,27.0823612821185));
#11772=CARTESIAN_POINT('Origin',(-40.,-11.3709917711563,40.));
#11773=CARTESIAN_POINT('',(-70.,-11.3709917711563,50.));
#11774=CARTESIAN_POINT('',(-30.,-11.3709917711563,10.));
#11775=CARTESIAN_POINT('Origin',(-72.,61.1290082288437,27.0823612821185));
#11776=CARTESIAN_POINT('',(-70.,61.1290082288437,27.0823612821185));
#11777=CARTESIAN_POINT('Origin',(-70.,-11.3709917711563,20.));
#11778=CARTESIAN_POINT('Origin',(6.21085384933253,42.,18.0823612821185));
#11779=CARTESIAN_POINT('',(6.21085384933253,40.,18.0823612821185));
#11780=CARTESIAN_POINT('',(6.21085384933253,42.,20.0823612821185));
#11781=CARTESIAN_POINT('Origin',(-67.4298465706548,40.,11.1434893733929));
#11782=CARTESIAN_POINT('',(-10.,40.,24.9022299356562));
#11783=CARTESIAN_POINT('Origin',(-8.,40.,24.9022299356562));
#11784=CARTESIAN_POINT('',(-10.,40.,40.5717446866964));
#11785=CARTESIAN_POINT('',(-52.8350653004973,40.,20.));
#11786=CARTESIAN_POINT('',(-67.4298465706548,40.,11.1434893733929));
#11787=CARTESIAN_POINT('Origin',(79.8515542693199,218.09175430715,40.0823612821185));
#11788=CARTESIAN_POINT('',(89.1614570061718,228.,20.0823612821185));
#11789=CARTESIAN_POINT('Ctrl Pts',(86.4121416056981,230.,18.0823612821185));
#11790=CARTESIAN_POINT('Ctrl Pts',(86.4121416056981,230.,18.1982670356189));
#11791=CARTESIAN_POINT('Ctrl Pts',(86.4319615503064,229.989138428779,18.3219700086972));
#11792=CARTESIAN_POINT('Ctrl Pts',(86.5078565028586,229.946843908192,18.5555239375772));
#11793=CARTESIAN_POINT('Ctrl Pts',(86.5632899186286,229.915663766369,18.6656285864064));
#11794=CARTESIAN_POINT('Ctrl Pts',(86.8084429170751,229.774881750329,19.0568381459528));
#11795=CARTESIAN_POINT('Ctrl Pts',(87.1109257058089,229.591845887568,19.3189425192964));
#11796=CARTESIAN_POINT('Ctrl Pts',(87.6516765472492,229.232382532148,19.6784058747163));
#11797=CARTESIAN_POINT('Ctrl Pts',(87.9621247455984,229.010599806081,19.8283109303355));
#11798=CARTESIAN_POINT('Ctrl Pts',(88.5802083999669,228.52310790227,20.0306964991149));
#11799=CARTESIAN_POINT('Ctrl Pts',(88.8878572789005,228.257077481593,20.0823612821185));
#11800=CARTESIAN_POINT('Ctrl Pts',(89.161457006172,228.,20.0823612821185));
#11801=CARTESIAN_POINT('',(70.5416515324681,228.,20.0823612821185));
#11802=CARTESIAN_POINT('Origin',(79.8515542693199,218.09175430715,20.0823612821185));
#11803=CARTESIAN_POINT('Ctrl Pts',(70.5416515324679,228.,20.0823612821185));
#11804=CARTESIAN_POINT('Ctrl Pts',(70.8152512597393,228.257077481593,20.0823612821185));
#11805=CARTESIAN_POINT('Ctrl Pts',(71.1229001386729,228.52310790227,20.0306964991149));
#11806=CARTESIAN_POINT('Ctrl Pts',(71.7409837930414,229.010599806081,19.8283109303355));
#11807=CARTESIAN_POINT('Ctrl Pts',(72.0514319913907,229.232382532148,19.6784058747163));
#11808=CARTESIAN_POINT('Ctrl Pts',(72.5921828328309,229.591845887568,19.3189425192964));
#11809=CARTESIAN_POINT('Ctrl Pts',(72.8946656215647,229.774881750329,19.0568381459528));
#11810=CARTESIAN_POINT('Ctrl Pts',(73.1398186200112,229.915663766369,18.6656285864064));
#11811=CARTESIAN_POINT('Ctrl Pts',(73.1952520357812,229.946843908192,18.5555239375772));
#11812=CARTESIAN_POINT('Ctrl Pts',(73.2711469883334,229.989138428779,18.3219700086972));
#11813=CARTESIAN_POINT('Ctrl Pts',(73.2909669329417,230.,18.1982670356189));
#11814=CARTESIAN_POINT('Ctrl Pts',(73.2909669329417,230.,18.0823612821185));
#11815=CARTESIAN_POINT('',(70.5416515324681,228.,29.0823612821185));
#11816=CARTESIAN_POINT('Ctrl Pts',(70.5416515324679,228.,29.0823612821185));
#11817=CARTESIAN_POINT('Ctrl Pts',(70.8493531191054,228.289119984745,29.0823612821185));
#11818=CARTESIAN_POINT('Ctrl Pts',(71.1956060628678,228.585234238528,29.0174746359871));
#11819=CARTESIAN_POINT('Ctrl Pts',(71.8872850027889,229.119400226174,28.7658417631187));
#11820=CARTESIAN_POINT('Ctrl Pts',(72.2329416827797,229.358020238174,28.5809397242711));
#11821=CARTESIAN_POINT('Ctrl Pts',(72.7156364505858,229.66650147392,28.2038912575138));
#11822=CARTESIAN_POINT('Ctrl Pts',(72.9067768642071,229.781295025473,28.0203819039747));
#11823=CARTESIAN_POINT('Ctrl Pts',(73.1228476641667,229.906111992769,27.6987708292932));
#11824=CARTESIAN_POINT('Ctrl Pts',(73.1831175843025,229.94003979955,27.5838538263528));
#11825=CARTESIAN_POINT('Ctrl Pts',(73.2671863435349,229.986965964049,27.3415432800594));
#11826=CARTESIAN_POINT('Ctrl Pts',(73.2909669329417,230.,27.214150316192));
#11827=CARTESIAN_POINT('Ctrl Pts',(73.2909669329417,230.,27.0823612821185));
#11828=CARTESIAN_POINT('',(67.6924679085915,224.174865398678,29.0823612821185));
#11829=CARTESIAN_POINT('Origin',(79.8515542693199,218.09175430715,29.0823612821185));
#11830=CARTESIAN_POINT('',(67.6924679085915,224.174865398678,40.0823612821185));
#11831=CARTESIAN_POINT('',(67.6924679085915,224.174865398678,40.0823612821185));
#11832=CARTESIAN_POINT('',(92.0106406300483,224.174865398678,40.0823612821185));
#11833=CARTESIAN_POINT('Origin',(79.8515542693199,218.09175430715,40.0823612821185));
#11834=CARTESIAN_POINT('',(92.0106406300483,224.174865398678,40.0823612821185));
#11835=CARTESIAN_POINT('',(88.4061152115348,207.524488399383,29.0286815034331));
#11836=CARTESIAN_POINT('',(80.4061152115348,204.507201173502,37.0286815034331));
#11837=CARTESIAN_POINT('Ctrl Pts',(88.4061152115348,207.524488399383,29.0286815034331));
#11838=CARTESIAN_POINT('Ctrl Pts',(88.4061152115348,207.524488399383,30.0705106585147));
#11839=CARTESIAN_POINT('Ctrl Pts',(88.1921262025741,207.342966054717,31.1492310293913));
#11840=CARTESIAN_POINT('Ctrl Pts',(87.3735162466983,206.755015519164,33.0998065155484));
#11841=CARTESIAN_POINT('Ctrl Pts',(86.7690496079679,206.36148495285,33.9755907435096));
#11842=CARTESIAN_POINT('Ctrl Pts',(85.3866679193486,205.649249336193,35.365623745344));
#11843=CARTESIAN_POINT('Ctrl Pts',(84.5061889879769,205.276676020951,35.9807078537788));
#11844=CARTESIAN_POINT('Ctrl Pts',(82.5383294052571,204.724888661224,36.812956814527));
#11845=CARTESIAN_POINT('Ctrl Pts',(81.4491906170971,204.54978254324,37.0286815034331));
#11846=CARTESIAN_POINT('Ctrl Pts',(80.4061152115348,204.507201173502,37.0286815034331));
#11847=CARTESIAN_POINT('Ctrl Pts',(80.4061152115348,204.507201173502,37.0286815034331));
#11848=CARTESIAN_POINT('Ctrl Pts',(79.384960305267,204.465514662257,37.0286815034331));
#11849=CARTESIAN_POINT('Ctrl Pts',(78.3062984173955,204.547124942085,36.8210611927922));
#11850=CARTESIAN_POINT('Ctrl Pts',(76.3439072625904,204.918250140489,36.0021221795541));
#11851=CARTESIAN_POINT('Ctrl Pts',(75.4588643436405,205.20315836899,35.3918710315023));
#11852=CARTESIAN_POINT('Ctrl Pts',(74.0575248743167,205.768818743822,33.9970459743596));
#11853=CARTESIAN_POINT('Ctrl Pts',(73.443784010911,206.091088358101,33.1106291833894));
#11854=CARTESIAN_POINT('Ctrl Pts',(72.6178571787583,206.570072259327,31.1451301699326));
#11855=CARTESIAN_POINT('Ctrl Pts',(72.4061152115348,206.715768243677,30.0631927619467));
#11856=CARTESIAN_POINT('Ctrl Pts',(72.4061152115348,206.715768243677,27.9941702449195));
#11857=CARTESIAN_POINT('Ctrl Pts',(72.6178571787583,206.570072259327,26.9122328369336));
#11858=CARTESIAN_POINT('Ctrl Pts',(73.443784010911,206.091088358101,24.9467338234768));
#11859=CARTESIAN_POINT('Ctrl Pts',(74.0575248743167,205.768818743822,24.0603170325067));
#11860=CARTESIAN_POINT('Ctrl Pts',(75.4588643436405,205.20315836899,22.6654919753639));
#11861=CARTESIAN_POINT('Ctrl Pts',(76.3439072625904,204.918250140489,22.0552408273121));
#11862=CARTESIAN_POINT('Ctrl Pts',(78.3062984173955,204.547124942085,21.236301814074));
#11863=CARTESIAN_POINT('Ctrl Pts',(79.384960305267,204.465514662257,21.0286815034331));
#11864=CARTESIAN_POINT('Ctrl Pts',(81.4491906170971,204.54978254324,21.0286815034331));
#11865=CARTESIAN_POINT('Ctrl Pts',(82.5383294052571,204.724888661224,21.2444061923392));
#11866=CARTESIAN_POINT('Ctrl Pts',(84.5061889879769,205.276676020951,22.0766551530874));
#11867=CARTESIAN_POINT('Ctrl Pts',(85.3866679193486,205.649249336193,22.6917392615222));
#11868=CARTESIAN_POINT('Ctrl Pts',(86.7690496079679,206.36148495285,24.0817722633566));
#11869=CARTESIAN_POINT('Ctrl Pts',(87.3735162466983,206.755015519164,24.9575564913178));
#11870=CARTESIAN_POINT('Ctrl Pts',(88.1921262025741,207.342966054717,26.9081319774749));
#11871=CARTESIAN_POINT('Ctrl Pts',(88.4061152115348,207.524488399383,27.9868523483515));
#11872=CARTESIAN_POINT('Ctrl Pts',(88.4061152115348,207.524488399383,29.0286815034331));
#11873=CARTESIAN_POINT('Origin',(6.21085384933253,228.,18.0823612821185));
#11874=CARTESIAN_POINT('',(6.21085384933253,228.,20.0823612821185));
#11875=CARTESIAN_POINT('Origin',(-8.67984657065484,228.,27.0823612821185));
#11876=CARTESIAN_POINT('',(-8.,228.,29.0823612821185));
#11877=CARTESIAN_POINT('Origin',(-8.,228.,27.0823612821185));
#11878=CARTESIAN_POINT('',(-8.67984657065484,228.,29.0823612821185));
#11879=CARTESIAN_POINT('Origin',(-8.,228.,27.0823612821185));
#11880=CARTESIAN_POINT('',(-10.,228.,27.0823612821185));
#11881=CARTESIAN_POINT('Origin',(-8.,228.,27.0823612821185));
#11882=CARTESIAN_POINT('Origin',(-8.,228.,27.0823612821185));
#11883=CARTESIAN_POINT('Origin',(-8.,61.1290082288437,27.0823612821185));
#11884=CARTESIAN_POINT('',(-10.,173.534533319386,27.0823612821185));
#11885=CARTESIAN_POINT('',(-10.,61.1290082288437,27.0823612821185));
#11886=CARTESIAN_POINT('',(-8.,171.534533319386,29.0823612821185));
#11887=CARTESIAN_POINT('Origin',(-8.,173.534533319386,27.0823612821185));
#11888=CARTESIAN_POINT('',(-8.,61.1290082288437,29.0823612821185));
#11889=CARTESIAN_POINT('Origin',(-8.,228.,49.5411806410593));
#11890=CARTESIAN_POINT('',(-10.,228.,12.));
#11891=CARTESIAN_POINT('Origin',(-8.,228.,12.));
#11892=CARTESIAN_POINT('',(-10.,228.,49.5411806410593));
#11893=CARTESIAN_POINT('Origin',(-38.2402840303397,16.1407148416554,20.));
#11894=CARTESIAN_POINT('Origin',(-12.,-11.3709917711563,12.));
#11895=CARTESIAN_POINT('',(-10.,-11.3709917711563,12.));
#11896=CARTESIAN_POINT('Origin',(-12.,228.,12.));
#11897=CARTESIAN_POINT('Origin',(-8.,228.,12.));
#11898=CARTESIAN_POINT('Origin',(-10.,-11.3709917711563,70.));
#11899=CARTESIAN_POINT('',(-10.,96.4654666806137,18.0823612821185));
#11900=CARTESIAN_POINT('',(-10.,96.4654666806137,40.0823612821185));
#11901=CARTESIAN_POINT('',(-10.,122.181004972712,18.0823612821185));
#11902=CARTESIAN_POINT('',(-10.,48.9761220277534,18.0823612821185));
#11903=CARTESIAN_POINT('',(-9.99999999999856,122.181009095367,27.4960386681104));
#11904=CARTESIAN_POINT('',(-10.,122.181004972712,40.0823612821185));
#11905=CARTESIAN_POINT('',(-10.,129.890752260387,29.0823612821185));
#11906=CARTESIAN_POINT('Ctrl Pts',(-9.99999999999999,129.890752260387,29.0823612821185));
#11907=CARTESIAN_POINT('Ctrl Pts',(-9.99999999999999,129.890752260387,29.0250864578339));
#11908=CARTESIAN_POINT('Ctrl Pts',(-9.99999999999999,129.80947520044,28.9336443020873));
#11909=CARTESIAN_POINT('Ctrl Pts',(-9.99999999999999,129.613979930717,28.8196014557711));
#11910=CARTESIAN_POINT('Ctrl Pts',(-9.99999999999999,129.240958016594,28.6751092988713));
#11911=CARTESIAN_POINT('Ctrl Pts',(-9.99999999999999,128.471208010567,28.4665475202673));
#11912=CARTESIAN_POINT('Ctrl Pts',(-9.99999999999999,127.356471368196,28.2396374394078));
#11913=CARTESIAN_POINT('Ctrl Pts',(-9.99999999999999,126.011497397408,28.0082870846104));
#11914=CARTESIAN_POINT('Ctrl Pts',(-9.99999999999999,124.288519895462,27.7501441689069));
#11915=CARTESIAN_POINT('Ctrl Pts',(-9.99999999999999,123.009208262811,27.5879323344533));
#11916=CARTESIAN_POINT('Ctrl Pts',(-9.99999999999999,122.181013191473,27.4960388903242));
#11917=CARTESIAN_POINT('',(-10.,129.890752260387,42.0823612821185));
#11918=CARTESIAN_POINT('',(-10.,129.890752260387,26.5823612821185));
#11919=CARTESIAN_POINT('',(-10.,140.109247739613,42.0823612821185));
#11920=CARTESIAN_POINT('',(-10.,21.8145041144219,42.0823612821185));
#11921=CARTESIAN_POINT('',(-10.,140.109247739613,29.0823612821185));
#11922=CARTESIAN_POINT('',(-10.,140.109247739613,26.5823612821185));
#11923=CARTESIAN_POINT('',(-10.,147.818947631628,27.4952575974146));
#11924=CARTESIAN_POINT('Ctrl Pts',(-10.,147.818900235967,27.4952587278509));
#11925=CARTESIAN_POINT('Ctrl Pts',(-9.99999999999999,146.535552906088,27.6366808706945));
#11926=CARTESIAN_POINT('Ctrl Pts',(-9.99999999999999,144.80338558277,27.8699873927984));
#11927=CARTESIAN_POINT('Ctrl Pts',(-9.99999999999999,142.641910427736,28.2383797089609));
#11928=CARTESIAN_POINT('Ctrl Pts',(-9.99999999999999,141.527930695041,28.4670666815311));
#11929=CARTESIAN_POINT('Ctrl Pts',(-9.99999999999999,140.759326397841,28.6749151019492));
#11930=CARTESIAN_POINT('Ctrl Pts',(-9.99999999999999,140.386341065618,28.8195569837633));
#11931=CARTESIAN_POINT('Ctrl Pts',(-9.99999999999999,140.189964272175,28.9337931517941));
#11932=CARTESIAN_POINT('Ctrl Pts',(-9.99999999999999,140.109247739613,29.025504768489));
#11933=CARTESIAN_POINT('Ctrl Pts',(-9.99999999999999,140.109247739613,29.0823612821185));
#11934=CARTESIAN_POINT('',(-10.,147.818995027288,18.0823612821185));
#11935=CARTESIAN_POINT('',(-10.,147.818995027288,40.0823612821185));
#11936=CARTESIAN_POINT('',(-10.,173.534533319386,18.0823612821185));
#11937=CARTESIAN_POINT('',(-10.,74.6528862010904,18.0823612821185));
#11938=CARTESIAN_POINT('',(-10.,173.534533319386,40.0823612821185));
#11939=CARTESIAN_POINT('Origin',(-10.,40.,26.9022299356562));
#11940=CARTESIAN_POINT('Ctrl Pts',(-9.99662607231949,140.225365766345,29.0823620397497));
#11941=CARTESIAN_POINT('Ctrl Pts',(-9.99664877185016,140.224979330127,29.0823612821185));
#11942=CARTESIAN_POINT('Ctrl Pts',(-9.99185701682925,140.307404234587,29.0823612821185));
#11943=CARTESIAN_POINT('Ctrl Pts',(-9.97985840453274,140.507741919489,29.0823612821185));
#11944=CARTESIAN_POINT('Ctrl Pts',(-9.95613121599602,140.88762502986,29.0823612821185));
#11945=CARTESIAN_POINT('Ctrl Pts',(-9.90293986648376,141.669610009933,29.0823612821185));
#11946=CARTESIAN_POINT('Ctrl Pts',(-9.81318214908067,142.800220979857,29.0823612821185));
#11947=CARTESIAN_POINT('Ctrl Pts',(-9.55635713568971,145.515697993427,29.0823612821185));
#11948=CARTESIAN_POINT('Ctrl Pts',(-9.25437895464852,147.783629508415,29.0823612821185));
#11949=CARTESIAN_POINT('Ctrl Pts',(-8.96074221923514,149.5731256918,29.0823612821185));
#11950=CARTESIAN_POINT('Ctrl Pts',(-9.99775039952239,140.206038308477,29.0824952442495));
#11951=CARTESIAN_POINT('Ctrl Pts',(-9.99776553880275,140.205648969531,29.0729677529824));
#11952=CARTESIAN_POINT('Ctrl Pts',(-9.99456951138589,140.287845282079,29.0576713496962));
#11953=CARTESIAN_POINT('Ctrl Pts',(-9.98656091111519,140.487643300644,29.0388272890147));
#11954=CARTESIAN_POINT('Ctrl Pts',(-9.97070724408146,140.866552444584,29.0153442731686));
#11955=CARTESIAN_POINT('Ctrl Pts',(-9.93504895404523,141.646739031669,28.9828082214105));
#11956=CARTESIAN_POINT('Ctrl Pts',(-9.87459018070203,142.77550802468,28.9499988305223));
#11957=CARTESIAN_POINT('Ctrl Pts',(-9.69965714191228,145.488944350484,28.8951127828323));
#11958=CARTESIAN_POINT('Ctrl Pts',(-9.48926316903356,147.761734098182,28.8861683845003));
#11959=CARTESIAN_POINT('Ctrl Pts',(-9.27347990055152,149.55773175522,28.9117671332317));
#11960=CARTESIAN_POINT('Ctrl Pts',(-9.99943761470406,140.167339655247,29.0827634153628));
#11961=CARTESIAN_POINT('Ctrl Pts',(-9.99944139475206,140.16695270323,29.0541634562279));
#11962=CARTESIAN_POINT('Ctrl Pts',(-9.99864339793006,140.248645079448,29.0082160800518));
#11963=CARTESIAN_POINT('Ctrl Pts',(-9.99663936284604,140.447241141253,28.9513573492659));
#11964=CARTESIAN_POINT('Ctrl Pts',(-9.99266963031,140.823940565174,28.8799787188167));
#11965=CARTESIAN_POINT('Ctrl Pts',(-9.98370448338112,141.599889210956,28.779276320856));
#11966=CARTESIAN_POINT('Ctrl Pts',(-9.96841928606179,142.723608129918,28.6730232084265));
#11967=CARTESIAN_POINT('Ctrl Pts',(-9.92312306193865,145.42873723189,28.4769395665109));
#11968=CARTESIAN_POINT('Ctrl Pts',(-9.86743459621931,147.704825007412,28.3956924219082));
#11969=CARTESIAN_POINT('Ctrl Pts',(-9.80447567731416,149.511553301426,28.4000218768525));
#11970=CARTESIAN_POINT('Ctrl Pts',(-10.0000000902765,140.128608323439,29.0830318117195));
#11971=CARTESIAN_POINT('Ctrl Pts',(-10.0000000972121,140.128223983058,29.0353434500137));
#11972=CARTESIAN_POINT('Ctrl Pts',(-9.99999863164963,140.209364988307,28.9586835218085));
#11973=CARTESIAN_POINT('Ctrl Pts',(-9.99999733406931,140.406635586004,28.8634778981345));
#11974=CARTESIAN_POINT('Ctrl Pts',(-9.99999082191721,140.780858480732,28.7432486340174));
#11975=CARTESIAN_POINT('Ctrl Pts',(-9.99996210061587,141.551909585391,28.5710990580529));
#11976=CARTESIAN_POINT('Ctrl Pts',(-9.99989330617748,142.669133794276,28.3831924725244));
#11977=CARTESIAN_POINT('Ctrl Pts',(-9.99998491876133,145.361548038863,28.0126386171093));
#11978=CARTESIAN_POINT('Ctrl Pts',(-9.9994600911327,147.633383955367,27.7979344109627));
#11979=CARTESIAN_POINT('Ctrl Pts',(-10.000031404494,149.447514051907,27.6903449719099));
#11980=CARTESIAN_POINT('Ctrl Pts',(-9.99999999997825,140.109241103836,29.0831660206846));
#11981=CARTESIAN_POINT('Ctrl Pts',(-9.99999999997477,140.108858069142,29.0259326891734));
#11982=CARTESIAN_POINT('Ctrl Pts',(-10.0000000007118,140.189723416527,28.9339158276804));
#11983=CARTESIAN_POINT('Ctrl Pts',(-10.0000000014145,140.386331285012,28.8195358168092));
#11984=CARTESIAN_POINT('Ctrl Pts',(-10.0000000047058,140.759316020812,28.6748821697399));
#11985=CARTESIAN_POINT('Ctrl Pts',(-10.0000000188911,141.527919138814,28.4670165448569));
#11986=CARTESIAN_POINT('Ctrl Pts',(-10.0000000526289,142.641897307887,28.2383099188553));
#11987=CARTESIAN_POINT('Ctrl Pts',(-10.0000000102411,145.327949679135,27.7804684009295));
#11988=CARTESIAN_POINT('Ctrl Pts',(-10.0000002652669,147.597661849839,27.4992182337481));
#11989=CARTESIAN_POINT('Ctrl Pts',(-9.99999999243441,149.41546297111,27.3351579265988));
#11990=CARTESIAN_POINT('',(-8.96074221923514,149.5731256918,29.0823612821185));
#11991=CARTESIAN_POINT('Ctrl Pts',(-8.9607422192354,149.573125691799,29.0823612821184));
#11992=CARTESIAN_POINT('Ctrl Pts',(-9.13587743012906,149.477203652133,28.9947052349175));
#11993=CARTESIAN_POINT('Ctrl Pts',(-9.28878392279673,149.359369198966,28.88658166675));
#11994=CARTESIAN_POINT('Ctrl Pts',(-9.55210570365926,149.094537195349,28.6453975542744));
#11995=CARTESIAN_POINT('Ctrl Pts',(-9.66196446200882,148.945653792921,28.5107517010702));
#11996=CARTESIAN_POINT('Ctrl Pts',(-9.90348420671548,148.511078552206,28.1172023794215));
#11997=CARTESIAN_POINT('Ctrl Pts',(-9.98583903161106,148.205615467355,27.8387945236286));
#11998=CARTESIAN_POINT('Ctrl Pts',(-10.0000546349226,147.858610815559,27.5287876272138));
#11999=CARTESIAN_POINT('Ctrl Pts',(-9.99999387489958,147.826688018428,27.4993735558164));
#12000=CARTESIAN_POINT('Ctrl Pts',(-9.99999936950098,147.820596013961,27.4956861634265));
#12001=CARTESIAN_POINT('Ctrl Pts',(-9.99999953362897,147.820378201374,27.4955663021274));
#12002=CARTESIAN_POINT('Ctrl Pts',(-9.99999982236086,147.819882439887,27.4953475902415));
#12003=CARTESIAN_POINT('Ctrl Pts',(-9.99999991220123,147.819633105607,27.4952756237638));
#12004=CARTESIAN_POINT('Ctrl Pts',(-9.99999997483141,147.81932115822,27.4952407374591));
#12005=CARTESIAN_POINT('Ctrl Pts',(-9.99999998573159,147.819245691201,27.4952367830185));
#12006=CARTESIAN_POINT('Ctrl Pts',(-9.99999999665431,147.819120701173,27.4952382298147));
#12007=CARTESIAN_POINT('Ctrl Pts',(-9.99999999912527,147.819071767963,27.4952408173653));
#12008=CARTESIAN_POINT('Ctrl Pts',(-10.0000000001585,147.818997570059,27.4952478221827));
#12009=CARTESIAN_POINT('Ctrl Pts',(-10.0000000000297,147.81897233806,27.4952507488226));
#12010=CARTESIAN_POINT('Ctrl Pts',(-9.99999999942731,147.818947165591,27.4952542055826));
#12011=CARTESIAN_POINT('',(-9.99662623339364,140.225367006422,29.0823612821185));
#12012=CARTESIAN_POINT('Origin',(-8.,140.109247739613,29.0823612821185));
#12013=CARTESIAN_POINT('Origin',(79.8515542693199,135.,29.0823612821185));
#12014=CARTESIAN_POINT('Origin',(-8.,147.818995027288,40.0823612821185));
#12015=CARTESIAN_POINT('',(-8.96074221923513,149.5731256918,40.0823612821185));
#12016=CARTESIAN_POINT('',(-8.96074221923523,149.573125691799,40.0823612821185));
#12017=CARTESIAN_POINT('',(-6.86808480437894,149.467863727313,40.0823612821185));
#12018=CARTESIAN_POINT('Origin',(-8.,147.818995027288,40.0823612821185));
#12019=CARTESIAN_POINT('',(-6.86808480437894,149.467863727313,20.0823612821185));
#12020=CARTESIAN_POINT('',(-6.86808480437894,149.467863727313,40.0823612821185));
#12021=CARTESIAN_POINT('',(-8.,149.818995027288,20.0823612821185));
#12022=CARTESIAN_POINT('Origin',(-8.,147.818995027288,20.0823612821185));
#12023=CARTESIAN_POINT('Origin',(-8.,147.818995027288,18.0823612821185));
#12024=CARTESIAN_POINT('Ctrl Pts',(-8.96074221923514,120.4268743082,29.0823612821185));
#12025=CARTESIAN_POINT('Ctrl Pts',(-9.18074712985545,121.767639615806,29.0823612821185));
#12026=CARTESIAN_POINT('Ctrl Pts',(-9.43523550456926,123.573372692586,29.0823612821185));
#12027=CARTESIAN_POINT('Ctrl Pts',(-9.68437321195169,125.838456892933,29.0823612821185));
#12028=CARTESIAN_POINT('Ctrl Pts',(-9.81309487157717,127.198122603906,29.0823612821185));
#12029=CARTESIAN_POINT('Ctrl Pts',(-9.90287229600011,128.329516372772,29.0823612821185));
#12030=CARTESIAN_POINT('Ctrl Pts',(-9.95615263676913,129.112663650373,29.0823612821185));
#12031=CARTESIAN_POINT('Ctrl Pts',(-9.97987785686563,129.492585213905,29.0823612821185));
#12032=CARTESIAN_POINT('Ctrl Pts',(-9.99180848001209,129.691788827325,29.0823612821185));
#12033=CARTESIAN_POINT('Ctrl Pts',(-9.99662623339362,129.774632993578,29.0823612821185));
#12034=CARTESIAN_POINT('Ctrl Pts',(-9.99662623195102,129.774636923204,29.0823620291371));
#12035=CARTESIAN_POINT('Ctrl Pts',(-9.27347990055152,120.44226824478,28.9117671332317));
#12036=CARTESIAN_POINT('Ctrl Pts',(-9.43515374094794,121.787904728086,28.8925874811398));
#12037=CARTESIAN_POINT('Ctrl Pts',(-9.61517728920813,123.598317911173,28.8922576476406));
#12038=CARTESIAN_POINT('Ctrl Pts',(-9.78685438536489,125.8641468984,28.9222978525497));
#12039=CARTESIAN_POINT('Ctrl Pts',(-9.87448530032637,127.222877133749,28.9502298258691));
#12040=CARTESIAN_POINT('Ctrl Pts',(-9.93501580613004,128.352381008428,28.9827253640199));
#12041=CARTESIAN_POINT('Ctrl Pts',(-9.97071634003269,129.133738035983,29.015373340293));
#12042=CARTESIAN_POINT('Ctrl Pts',(-9.9865739961503,129.512682795302,29.0388342551582));
#12043=CARTESIAN_POINT('Ctrl Pts',(-9.99453664114531,129.711350139606,29.0576248374664));
#12044=CARTESIAN_POINT('Ctrl Pts',(-9.99775050598066,129.793964429285,29.0728262188009));
#12045=CARTESIAN_POINT('Ctrl Pts',(-9.99775050598066,129.793964429285,29.0823612821185));
#12046=CARTESIAN_POINT('Ctrl Pts',(-9.80443821083011,120.488442724773,28.4000659141396));
#12047=CARTESIAN_POINT('Ctrl Pts',(-9.85161884292246,121.842118405091,28.3968208280431));
#12048=CARTESIAN_POINT('Ctrl Pts',(-9.90051710737546,123.657323116612,28.4461994822886));
#12049=CARTESIAN_POINT('Ctrl Pts',(-9.94579352065999,125.920157783717,28.5744189320845));
#12050=CARTESIAN_POINT('Ctrl Pts',(-9.96835363388265,127.274808690325,28.6737380178009));
#12051=CARTESIAN_POINT('Ctrl Pts',(-9.98369649904875,128.399226357525,28.7790250373725));
#12052=CARTESIAN_POINT('Ctrl Pts',(-9.9926710612181,129.176346068943,28.8800895368868));
#12053=CARTESIAN_POINT('Ctrl Pts',(-9.99664208014685,129.553079616633,28.9513859510843));
#12054=CARTESIAN_POINT('Ctrl Pts',(-9.99863496356429,129.750552100321,29.0080801505033));
#12055=CARTESIAN_POINT('Ctrl Pts',(-9.99943750608296,129.832659963292,29.0537399809973));
#12056=CARTESIAN_POINT('Ctrl Pts',(-9.99943750608296,129.832659963292,29.0823612821185));
#12057=CARTESIAN_POINT('Ctrl Pts',(-10.000000047263,120.552475680263,27.6904587590292));
#12058=CARTESIAN_POINT('Ctrl Pts',(-9.99957962787648,121.911696855625,27.7710558173447));
#12059=CARTESIAN_POINT('Ctrl Pts',(-9.99994727363654,123.726065243265,27.9294228335555));
#12060=CARTESIAN_POINT('Ctrl Pts',(-9.99982297703765,125.981053270121,28.1969560061891));
#12061=CARTESIAN_POINT('Ctrl Pts',(-9.99989694962981,127.329252403433,28.3843128668525));
#12062=CARTESIAN_POINT('Ctrl Pts',(-9.99996229955475,128.447214859024,28.5706972501701));
#12063=CARTESIAN_POINT('Ctrl Pts',(-9.99998590448479,129.219420998646,28.7434326431455));
#12064=CARTESIAN_POINT('Ctrl Pts',(-9.9999966314865,129.59367990253,28.8635287860535));
#12065=CARTESIAN_POINT('Ctrl Pts',(-9.9999980367117,129.789834215848,28.9584557878908));
#12066=CARTESIAN_POINT('Ctrl Pts',(-10.0000000001359,129.871388169061,29.0346376284687));
#12067=CARTESIAN_POINT('Ctrl Pts',(-10.0000000001359,129.871388169061,29.0823612821185));
#12068=CARTESIAN_POINT('Ctrl Pts',(-9.99999999999997,120.584521613082,27.3353287631241));
#12069=CARTESIAN_POINT('Ctrl Pts',(-10.0000000003048,121.946492839842,27.4582292496125));
#12070=CARTESIAN_POINT('Ctrl Pts',(-10.0000000000382,123.76044128815,27.6710252712506));
#12071=CARTESIAN_POINT('Ctrl Pts',(-10.0000000001283,126.011497419481,28.008286947819));
#12072=CARTESIAN_POINT('Ctrl Pts',(-10.0000000000747,127.356471387931,28.2396373345132));
#12073=CARTESIAN_POINT('Ctrl Pts',(-10.0000000000273,128.471208027963,28.4665474447552));
#12074=CARTESIAN_POINT('Ctrl Pts',(-10.0000000000102,129.240958032209,28.6751092493346));
#12075=CARTESIAN_POINT('Ctrl Pts',(-10.0000000000024,129.613979945435,28.8196014239223));
#12076=CARTESIAN_POINT('Ctrl Pts',(-10.0000000000014,129.80947521468,28.9336442840981));
#12077=CARTESIAN_POINT('Ctrl Pts',(-9.99999999999999,129.890752274427,29.025086450909));
#12078=CARTESIAN_POINT('Ctrl Pts',(-9.99999999999999,129.890752274427,29.0823612821185));
#12079=CARTESIAN_POINT('',(-9.99662623339365,129.774632993578,29.0823612821185));
#12080=CARTESIAN_POINT('Origin',(-8.,129.890752260387,29.0823612821185));
#12081=CARTESIAN_POINT('',(-8.96074221923515,120.4268743082,29.0823612821185));
#12082=CARTESIAN_POINT('Ctrl Pts',(-9.9999999999957,122.181009120811,27.4960384444064));
#12083=CARTESIAN_POINT('Ctrl Pts',(-10.0000000000684,122.180974092236,27.4960344603992));
#12084=CARTESIAN_POINT('Ctrl Pts',(-9.99999999945029,122.180946331031,27.4960322099325));
#12085=CARTESIAN_POINT('Ctrl Pts',(-9.99999999577805,122.180868077803,27.4960284394066));
#12086=CARTESIAN_POINT('Ctrl Pts',(-9.99999999237359,122.180825084555,27.4960282189777));
#12087=CARTESIAN_POINT('Ctrl Pts',(-9.9999999767582,122.180685003281,27.496033375897));
#12088=CARTESIAN_POINT('Ctrl Pts',(-9.99999995906505,122.18058934584,27.4960460599471));
#12089=CARTESIAN_POINT('Ctrl Pts',(-9.99999985008993,122.180162433042,27.4961368909776));
#12090=CARTESIAN_POINT('Ctrl Pts',(-9.99999968653463,122.179788024125,27.4963103349499));
#12091=CARTESIAN_POINT('Ctrl Pts',(-9.99999487138507,122.174101404988,27.4999456792508));
#12092=CARTESIAN_POINT('Ctrl Pts',(-10.0000411393764,122.145534358094,27.5260891793853));
#12093=CARTESIAN_POINT('Ctrl Pts',(-9.98738495218243,121.799800101965,27.8342731127714));
#12094=CARTESIAN_POINT('Ctrl Pts',(-9.90475905158426,121.490954432548,28.1155704294168));
#12095=CARTESIAN_POINT('Ctrl Pts',(-9.66157285370546,121.053785340126,28.5113115436826));
#12096=CARTESIAN_POINT('Ctrl Pts',(-9.55174378008635,120.905043619999,28.6458063251266));
#12097=CARTESIAN_POINT('Ctrl Pts',(-9.28855468051283,120.640453742522,28.8867449743013));
#12098=CARTESIAN_POINT('Ctrl Pts',(-9.13574481641586,120.522723714969,28.9947716087428));
#12099=CARTESIAN_POINT('Ctrl Pts',(-8.96074221923539,120.426874308201,29.0823612821184));
#12100=CARTESIAN_POINT('Origin',(79.8515542693199,135.,29.0823612821185));
#12101=CARTESIAN_POINT('Origin',(-8.,122.181004972712,40.0823612821185));
#12102=CARTESIAN_POINT('',(-8.,120.181004972712,20.0823612821185));
#12103=CARTESIAN_POINT('Origin',(-8.,122.181004972712,18.0823612821185));
#12104=CARTESIAN_POINT('',(-6.86808480437895,120.532136272687,20.0823612821185));
#12105=CARTESIAN_POINT('Origin',(-8.,122.181004972712,20.0823612821185));
#12106=CARTESIAN_POINT('',(-6.86808480437895,120.532136272687,40.0823612821185));
#12107=CARTESIAN_POINT('',(-6.86808480437894,120.532136272687,40.0823612821185));
#12108=CARTESIAN_POINT('',(-8.96074221923513,120.4268743082,40.0823612821185));
#12109=CARTESIAN_POINT('Origin',(-8.,122.181004972712,40.0823612821185));
#12110=CARTESIAN_POINT('',(-8.96074221923523,120.426874308201,40.0823612821185));
#12111=CARTESIAN_POINT('Origin',(-8.,140.109247739613,26.5823612821185));
#12112=CARTESIAN_POINT('',(-9.99662623339364,140.225367006422,42.1984805489278));
#12113=CARTESIAN_POINT('',(-9.99662623339364,140.225367006422,26.5823612821185));
#12114=CARTESIAN_POINT('Origin',(-8.,140.109247739613,42.0823612821185));
#12115=CARTESIAN_POINT('Origin',(-8.,21.8145041144219,42.0823612821185));
#12116=CARTESIAN_POINT('',(-9.99662623339364,129.774632993578,42.1984805489278));
#12117=CARTESIAN_POINT('Origin',(-8.,129.890752260387,42.0823612821185));
#12118=CARTESIAN_POINT('',(-8.,115.452508793588,44.0823612821185));
#12119=CARTESIAN_POINT('Ctrl Pts',(-9.99662623339364,129.774632993578,42.1984805489278));
#12120=CARTESIAN_POINT('Ctrl Pts',(-9.99181517564489,129.691908701775,42.2812048407311));
#12121=CARTESIAN_POINT('Ctrl Pts',(-9.98418221667688,129.563809117336,42.3373322215998));
#12122=CARTESIAN_POINT('Ctrl Pts',(-9.95190763965297,129.040889868255,42.5507380821109));
#12123=CARTESIAN_POINT('Ctrl Pts',(-9.91929733217212,128.563781024119,42.655298392327));
#12124=CARTESIAN_POINT('Ctrl Pts',(-9.8454811629877,127.605907206892,42.8608837388191));
#12125=CARTESIAN_POINT('Ctrl Pts',(-9.80413359564963,127.122612602603,42.9498881904861));
#12126=CARTESIAN_POINT('Ctrl Pts',(-9.60022583006862,124.925728301173,43.330806425843));
#12127=CARTESIAN_POINT('Ctrl Pts',(-9.36487039403212,122.989543871064,43.5873066364281));
#12128=CARTESIAN_POINT('Ctrl Pts',(-8.75922142555881,119.127005611582,43.9668456651096));
#12129=CARTESIAN_POINT('Ctrl Pts',(-8.38881253190554,117.199934326952,44.0823612821185));
#12130=CARTESIAN_POINT('Ctrl Pts',(-8.00000000000001,115.452508793588,44.0823612821185));
#12131=CARTESIAN_POINT('',(-8.,154.547491206412,44.0823612821185));
#12132=CARTESIAN_POINT('',(-8.,21.8145041144219,44.0823612821185));
#12133=CARTESIAN_POINT('Ctrl Pts',(-8.00000000000001,154.547491206412,44.0823612821185));
#12134=CARTESIAN_POINT('Ctrl Pts',(-8.38881253190555,152.800065673048,44.0823612821185));
#12135=CARTESIAN_POINT('Ctrl Pts',(-8.75922142555881,150.872994388418,43.9668456651096));
#12136=CARTESIAN_POINT('Ctrl Pts',(-9.36487039403212,147.010456128936,43.5873066364281));
#12137=CARTESIAN_POINT('Ctrl Pts',(-9.60022583006862,145.074271698827,43.330806425843));
#12138=CARTESIAN_POINT('Ctrl Pts',(-9.80413359564963,142.877387397397,42.9498881904861));
#12139=CARTESIAN_POINT('Ctrl Pts',(-9.8454811629877,142.394092793108,42.8608837388191));
#12140=CARTESIAN_POINT('Ctrl Pts',(-9.91929733217212,141.436218975881,42.655298392327));
#12141=CARTESIAN_POINT('Ctrl Pts',(-9.95190763965297,140.959110131745,42.5507380821109));
#12142=CARTESIAN_POINT('Ctrl Pts',(-9.98418221667688,140.436190882664,42.3373322215998));
#12143=CARTESIAN_POINT('Ctrl Pts',(-9.99181517564489,140.308091298225,42.2812048407311));
#12144=CARTESIAN_POINT('Ctrl Pts',(-9.99662623339364,140.225367006422,42.1984805489278));
#12145=CARTESIAN_POINT('Origin',(-8.,129.890752260387,26.5823612821185));
#12146=CARTESIAN_POINT('',(-9.99662623339364,129.774632993578,26.5823612821185));
#12147=CARTESIAN_POINT('Origin',(139.85155426932,55.,44.0823612821185));
#12148=CARTESIAN_POINT('Origin',(79.8515542693199,135.,44.0823612821185));
#12149=CARTESIAN_POINT('Origin',(79.8515542693199,135.,26.5823612821185));
#12150=CARTESIAN_POINT('',(-1.20141823629834,95.8794728051437,40.0823612821185));
#12151=CARTESIAN_POINT('Origin',(79.8515542693199,135.,40.0823612821185));
#12152=CARTESIAN_POINT('',(-1.20141823629834,95.8794728051437,40.0823612821185));
#12153=CARTESIAN_POINT('',(17.5989760109087,70.0029500655577,30.0823612821185));
#12154=CARTESIAN_POINT('',(17.5989760109087,70.0029500655577,40.0823612821185));
#12155=CARTESIAN_POINT('',(10.,78.2482567125885,30.0823612821185));
#12156=CARTESIAN_POINT('Origin',(79.8515542693199,135.,30.0823612821185));
#12157=CARTESIAN_POINT('',(10.,78.2482567125885,40.0823612821185));
#12158=CARTESIAN_POINT('',(10.,78.2482567125885,26.5823612821185));
#12159=CARTESIAN_POINT('',(37.2727910147125,55.7090867771842,40.0823612821185));
#12160=CARTESIAN_POINT('Origin',(79.8515542693199,135.,40.0823612821185));
#12161=CARTESIAN_POINT('',(37.2727910147125,55.7090867771842,40.0823612821185));
#12162=CARTESIAN_POINT('Origin',(79.8515542693199,135.,40.0823612821185));
#12163=CARTESIAN_POINT('',(122.430317523927,55.7090867771842,40.0823612821185));
#12164=CARTESIAN_POINT('',(122.430317523927,55.7090867771842,40.0823612821185));
#12165=CARTESIAN_POINT('',(148.407,76.6891874463426,40.0823612821185));
#12166=CARTESIAN_POINT('Origin',(79.8515542693199,135.,40.0823612821185));
#12167=CARTESIAN_POINT('',(148.407,76.6891874463426,30.0823612821185));
#12168=CARTESIAN_POINT('',(148.407,76.6891874463426,26.5823612821185));
#12169=CARTESIAN_POINT('',(142.104132527731,70.0029500655577,30.0823612821185));
#12170=CARTESIAN_POINT('Origin',(79.8515542693199,135.,30.0823612821185));
#12171=CARTESIAN_POINT('',(142.104132527731,70.0029500655577,40.0823612821185));
#12172=CARTESIAN_POINT('',(160.904526774938,95.8794728051437,40.0823612821185));
#12173=CARTESIAN_POINT('',(160.904526774938,95.8794728051437,40.0823612821185));
#12174=CARTESIAN_POINT('',(168.419255418014,119.007429436276,40.0823612821185));
#12175=CARTESIAN_POINT('Origin',(79.8515542693199,135.,40.0823612821185));
#12176=CARTESIAN_POINT('',(168.419255418014,119.007429436276,40.0823612821185));
#12177=CARTESIAN_POINT('',(168.419255418014,150.992570563724,30.0823612821185));
#12178=CARTESIAN_POINT('',(168.419255418014,150.992570563724,40.0823612821185));
#12179=CARTESIAN_POINT('',(168.419255418014,150.992570563724,40.0823612821185));
#12180=CARTESIAN_POINT('',(168.419255418014,150.992570563724,40.0823612821185));
#12181=CARTESIAN_POINT('',(160.904526774938,174.120527194856,40.0823612821185));
#12182=CARTESIAN_POINT('Origin',(79.8515542693199,135.,40.0823612821185));
#12183=CARTESIAN_POINT('',(160.904526774938,174.120527194856,30.0823612821185));
#12184=CARTESIAN_POINT('',(160.904526774938,174.120527194856,40.0823612821185));
#12185=CARTESIAN_POINT('',(160.904526774938,174.120527194856,40.0823612821185));
#12186=CARTESIAN_POINT('',(142.104132527731,199.997049934442,30.0823612821185));
#12187=CARTESIAN_POINT('',(142.104132527731,199.997049934442,40.0823612821185));
#12188=CARTESIAN_POINT('',(148.407,193.310812553657,30.0823612821185));
#12189=CARTESIAN_POINT('Origin',(79.8515542693199,135.,30.0823612821185));
#12190=CARTESIAN_POINT('',(148.407,193.310812553657,40.0823612821185));
#12191=CARTESIAN_POINT('',(148.407,193.310812553657,26.5823612821185));
#12192=CARTESIAN_POINT('',(122.430317523927,214.290913222816,40.0823612821185));
#12193=CARTESIAN_POINT('Origin',(79.8515542693199,135.,40.0823612821185));
#12194=CARTESIAN_POINT('',(122.430317523927,214.290913222816,40.0823612821185));
#12195=CARTESIAN_POINT('Origin',(79.8515542693199,135.,40.0823612821185));
#12196=CARTESIAN_POINT('',(37.2727910147124,214.290913222816,29.0823612821185));
#12197=CARTESIAN_POINT('Origin',(79.8515542693199,135.,29.0823612821185));
#12198=CARTESIAN_POINT('',(37.2727910147125,214.290913222816,40.0823612821185));
#12199=CARTESIAN_POINT('',(37.2727910147125,214.290913222816,40.0823612821185));
#12200=CARTESIAN_POINT('',(10.,191.751743287412,40.0823612821185));
#12201=CARTESIAN_POINT('Origin',(79.8515542693199,135.,40.0823612821185));
#12202=CARTESIAN_POINT('',(10.,191.751743287412,30.0823612821185));
#12203=CARTESIAN_POINT('',(10.,191.751743287412,26.5823612821185));
#12204=CARTESIAN_POINT('',(17.5989760109086,199.997049934442,30.0823612821185));
#12205=CARTESIAN_POINT('Origin',(79.8515542693199,135.,30.0823612821185));
#12206=CARTESIAN_POINT('',(17.5989760109087,199.997049934442,29.0823612821185));
#12207=CARTESIAN_POINT('',(17.5989760109086,199.997049934442,40.0823612821185));
#12208=CARTESIAN_POINT('',(-1.20141823629836,174.120527194856,29.0823612821185));
#12209=CARTESIAN_POINT('Origin',(79.8515542693199,135.,29.0823612821185));
#12210=CARTESIAN_POINT('',(-1.20141823629833,174.120527194856,40.0823612821185));
#12211=CARTESIAN_POINT('',(-1.20141823629833,174.120527194856,40.0823612821185));
#12212=CARTESIAN_POINT('Origin',(79.8515542693199,135.,40.0823612821185));
#12213=CARTESIAN_POINT('Origin',(-8.,96.4654666806137,40.0823612821185));
#12214=CARTESIAN_POINT('',(-6.86808480437895,98.1143353806387,20.0823612821185));
#12215=CARTESIAN_POINT('',(-6.86808480437894,98.1143353806387,40.0823612821185));
#12216=CARTESIAN_POINT('',(-8.,98.4654666806137,20.0823612821185));
#12217=CARTESIAN_POINT('Origin',(-8.,96.4654666806137,20.0823612821185));
#12218=CARTESIAN_POINT('Origin',(-8.,96.4654666806137,18.0823612821185));
#12219=CARTESIAN_POINT('Origin',(-8.,48.9761220277534,18.0823612821185));
#12220=CARTESIAN_POINT('',(-8.,48.9761220277534,20.0823612821185));
#12221=CARTESIAN_POINT('Origin',(0.826599885109207,109.323235826663,20.0823612821185));
#12222=CARTESIAN_POINT('Origin',(0.826599885109207,109.323235826663,20.0823612821185));
#12223=CARTESIAN_POINT('Origin',(0.826599885109207,109.323235826663,40.0823612821185));
#12224=CARTESIAN_POINT('',(10.,99.2884786292193,40.0823612821185));
#12225=CARTESIAN_POINT('Origin',(0.826599885109207,109.323235826663,40.0823612821185));
#12226=CARTESIAN_POINT('',(10.,99.2884786292193,30.0823612821185));
#12227=CARTESIAN_POINT('',(10.,99.2884786292193,40.0823612821185));
#12228=CARTESIAN_POINT('',(10.,119.357993024107,30.0823612821185));
#12229=CARTESIAN_POINT('Origin',(0.826599885109207,109.323235826663,30.0823612821185));
#12230=CARTESIAN_POINT('',(10.,119.357993024107,40.0823612821185));
#12231=CARTESIAN_POINT('',(10.,119.357993024107,40.0823612821185));
#12232=CARTESIAN_POINT('Origin',(0.826599885109207,109.323235826663,40.0823612821185));
#12233=CARTESIAN_POINT('Origin',(-8.,173.534533319386,40.0823612821185));
#12234=CARTESIAN_POINT('',(-6.86808480437894,171.885664619361,20.0823612821185));
#12235=CARTESIAN_POINT('',(-6.86808480437894,171.885664619361,29.0823612821185));
#12236=CARTESIAN_POINT('',(-6.86808480437894,171.885664619361,40.0823612821185));
#12237=CARTESIAN_POINT('Origin',(-8.,173.534533319386,29.0823612821185));
#12238=CARTESIAN_POINT('',(-8.,171.534533319386,20.0823612821185));
#12239=CARTESIAN_POINT('Origin',(-8.,173.534533319386,18.0823612821185));
#12240=CARTESIAN_POINT('Origin',(-8.,173.534533319386,20.0823612821185));
#12241=CARTESIAN_POINT('Origin',(-8.,74.6528862010904,18.0823612821185));
#12242=CARTESIAN_POINT('',(-8.,74.6528862010904,20.0823612821185));
#12243=CARTESIAN_POINT('Origin',(50.0701534293452,133.629008228844,29.0823612821185));
#12244=CARTESIAN_POINT('Origin',(0.826599885109212,160.676764173337,29.0823612821185));
#12245=CARTESIAN_POINT('Origin',(31.0114465004677,202.222641326912,29.0823612821185));
#12246=CARTESIAN_POINT('Origin',(0.826599885109212,160.676764173337,20.0823612821185));
#12247=CARTESIAN_POINT('Origin',(0.826599885109212,160.676764173337,20.0823612821185));
#12248=CARTESIAN_POINT('Origin',(0.826599885109212,160.676764173337,40.0823612821185));
#12249=CARTESIAN_POINT('',(10.,150.642006975893,40.0823612821185));
#12250=CARTESIAN_POINT('Origin',(0.826599885109212,160.676764173337,40.0823612821185));
#12251=CARTESIAN_POINT('',(10.,150.642006975893,30.0823612821185));
#12252=CARTESIAN_POINT('',(10.,150.642006975893,40.0823612821185));
#12253=CARTESIAN_POINT('',(10.,170.711521370781,30.0823612821185));
#12254=CARTESIAN_POINT('Origin',(0.826599885109212,160.676764173337,30.0823612821185));
#12255=CARTESIAN_POINT('',(10.,170.711521370781,40.0823612821185));
#12256=CARTESIAN_POINT('',(10.,170.711521370781,40.0823612821185));
#12257=CARTESIAN_POINT('Origin',(0.826599885109212,160.676764173337,40.0823612821185));
#12258=CARTESIAN_POINT('Ctrl Pts',(-10.,40.838740375916,28.717860564889));
#12259=CARTESIAN_POINT('Ctrl Pts',(-10.,42.2986123013351,28.0434648437546));
#12260=CARTESIAN_POINT('Ctrl Pts',(-10.,41.9533639264696,26.4728473897054));
#12261=CARTESIAN_POINT('Ctrl Pts',(-10.,41.6081155516042,24.9022299356562));
#12262=CARTESIAN_POINT('Ctrl Pts',(-10.,40.,24.9022299356562));
#12263=CARTESIAN_POINT('Ctrl Pts',(-10.,40.,26.9022299356562));
#12264=CARTESIAN_POINT('Ctrl Pts',(-10.,40.,26.9022299356562));
#12265=CARTESIAN_POINT('Ctrl Pts',(-10.,40.,26.9022299356562));
#12266=CARTESIAN_POINT('Ctrl Pts',(-10.,40.,26.9022299356562));
#12267=CARTESIAN_POINT('Ctrl Pts',(-10.,40.,26.9022299356562));
#12268=CARTESIAN_POINT('Ctrl Pts',(-8.,40.,26.9022299356562));
#12269=CARTESIAN_POINT('Ctrl Pts',(-8.,40.,26.9022299356562));
#12270=CARTESIAN_POINT('Ctrl Pts',(-8.,40.,26.9022299356562));
#12271=CARTESIAN_POINT('Ctrl Pts',(-8.,40.,26.9022299356562));
#12272=CARTESIAN_POINT('Ctrl Pts',(-8.,40.,26.9022299356562));
#12273=CARTESIAN_POINT('Origin',(161.703197572023,-0.261424618689792,-2.47333029919049));
#12274=CARTESIAN_POINT('Origin',(161.703197572023,-0.261424618689792,-2.47333029919049));
#12275=CARTESIAN_POINT('Origin',(161.703197572023,271.73857538131,-2.47333029919049));
#12276=CARTESIAN_POINT('Origin',(161.703197572023,271.73857538131,-2.47333029919049));
#12277=CARTESIAN_POINT('Origin',(161.703197572023,-0.261424618689792,-2.47333029919049));
#12278=CARTESIAN_POINT('Origin',(161.703197572023,230.,-2.47333029919049));
#12279=CARTESIAN_POINT('Origin',(161.703197572023,-0.261424618689792,-2.47333029919049));
#12280=CARTESIAN_POINT('Origin',(161.703197572023,270.,-2.47333029919049));
#12281=CARTESIAN_POINT('Origin',(161.703197572023,-0.261424618689792,-2.47333029919049));
#12282=CARTESIAN_POINT('Origin',(161.703197572023,0.,-2.47333029919049));
#12283=CARTESIAN_POINT('Origin',(130.,0.,-5.91763871788147));
#12284=CARTESIAN_POINT('',(130.,0.,4.08236128211853));
#12285=CARTESIAN_POINT('',(130.,0.,-5.91763871788147));
#12286=CARTESIAN_POINT('',(170.,0.,4.08236128211853));
#12287=CARTESIAN_POINT('',(170.,0.,4.08236128211853));
#12288=CARTESIAN_POINT('',(170.,0.,-5.91763871788147));
#12289=CARTESIAN_POINT('Origin',(130.,40.,-5.91763871788147));
#12290=CARTESIAN_POINT('',(130.,0.,4.08236128211853));
#12291=CARTESIAN_POINT('Origin',(170.,0.,-5.91763871788147));
#12292=CARTESIAN_POINT('',(170.,40.,4.08236128211853));
#12293=CARTESIAN_POINT('Origin',(150.,20.,4.08236128211853));
#12294=CARTESIAN_POINT('Origin',(130.,270.,-5.91763871788147));
#12295=CARTESIAN_POINT('',(130.,270.,4.08236128211853));
#12296=CARTESIAN_POINT('',(130.,270.,-5.91763871788147));
#12297=CARTESIAN_POINT('',(130.,230.,4.08236128211853));
#12298=CARTESIAN_POINT('',(130.,270.,4.08236128211853));
#12299=CARTESIAN_POINT('',(130.,230.,-5.91763871788147));
#12300=CARTESIAN_POINT('Origin',(170.,270.,-5.91763871788147));
#12301=CARTESIAN_POINT('',(170.,270.,4.08236128211853));
#12302=CARTESIAN_POINT('',(170.,270.,-5.91763871788147));
#12303=CARTESIAN_POINT('',(170.,270.,4.08236128211853));
#12304=CARTESIAN_POINT('Origin',(170.,230.,-5.91763871788147));
#12305=CARTESIAN_POINT('',(170.,230.,4.08236128211853));
#12306=CARTESIAN_POINT('',(170.,230.,-5.91763871788147));
#12307=CARTESIAN_POINT('',(170.,230.,4.08236128211853));
#12308=CARTESIAN_POINT('Origin',(130.,230.,-5.91763871788147));
#12309=CARTESIAN_POINT('',(130.,230.,4.08236128211853));
#12310=CARTESIAN_POINT('Origin',(150.,250.,4.08236128211853));
#12311=CARTESIAN_POINT('Origin',(80.4061152115348,200.000470506255,29.0286815034331));
#12312=CARTESIAN_POINT('',(72.4758088540231,200.000470506255,30.0823612821185));
#12313=CARTESIAN_POINT('',(88.3364215690464,200.000470506255,30.0823612821185));
#12314=CARTESIAN_POINT('',(79.2035,200.000470506255,30.0823612821185));
#12315=CARTESIAN_POINT('Origin',(80.4061152115348,200.000470506255,29.0286815034331));
#12316=CARTESIAN_POINT('Origin',(80.4061152115348,212.500470506255,29.0286815034331));
#12317=CARTESIAN_POINT('',(80.4061152115348,200.000470506255,37.0286815034331));
#12318=CARTESIAN_POINT('Origin',(80.4061152115348,200.000470506255,29.0286815034331));
#12319=CARTESIAN_POINT('Origin',(80.4061152115348,200.000470506255,29.0286815034331));
#12320=CARTESIAN_POINT('',(80.4061152115348,212.500470506255,37.0286815034331));
#12321=CARTESIAN_POINT('Origin',(-67.4298465706548,230.,5.));
#12322=CARTESIAN_POINT('Origin',(79.8515542693199,218.09175430715,20.0823612821185));
#12323=CARTESIAN_POINT('Origin',(-10.,-11.3709917711563,10.));
#12324=CARTESIAN_POINT('Origin',(-67.4298465706548,16.5695318798214,11.1434893733929));
#12325=CARTESIAN_POINT('Origin',(79.8515542693199,51.9082456928502,20.0823612821185));
#12326=CARTESIAN_POINT('Origin',(187.570153429345,165.900433121789,14.3447742924855));
#12327=CARTESIAN_POINT('',(187.570153429345,157.768564680949,14.3447742924855));
#12328=CARTESIAN_POINT('Origin',(158.876508653531,160.676764173337,20.0823612821185));
#12329=CARTESIAN_POINT('Origin',(158.876508653531,160.676764173337,30.0823612821185));
#12330=CARTESIAN_POINT('Origin',(158.876508653531,160.676764173337,40.0823612821185));
#12331=CARTESIAN_POINT('',(148.407,152.002837136915,30.0823612821185));
#12332=CARTESIAN_POINT('Origin',(158.876508653531,160.676764173337,30.0823612821185));
#12333=CARTESIAN_POINT('',(148.407,152.002837136915,40.0823612821185));
#12334=CARTESIAN_POINT('',(148.407,152.002837136915,40.0823612821185));
#12335=CARTESIAN_POINT('Origin',(158.876508653531,160.676764173337,40.0823612821185));
#12336=CARTESIAN_POINT('Origin',(158.876508653531,160.676764173337,40.0823612821185));
#12337=CARTESIAN_POINT('',(148.407,169.350691209759,30.0823612821185));
#12338=CARTESIAN_POINT('Origin',(158.876508653531,160.676764173337,30.0823612821185));
#12339=CARTESIAN_POINT('',(148.407,169.350691209759,40.0823612821185));
#12340=CARTESIAN_POINT('Origin',(158.876508653531,160.676764173337,40.0823612821185));
#12341=CARTESIAN_POINT('',(148.407,169.350691209759,40.0823612821185));
#12342=CARTESIAN_POINT('Origin',(79.2035,62.1884705062547,35.0823612821185));
#12343=CARTESIAN_POINT('',(43.4054753344731,62.1884705062547,30.0823612821185));
#12344=CARTESIAN_POINT('',(79.2035,62.1884705062547,30.0823612821185));
#12345=CARTESIAN_POINT('',(43.4054753344731,62.1884705062547,40.0823612821185));
#12346=CARTESIAN_POINT('',(43.4054753344731,62.1884705062547,40.0823612821185));
#12347=CARTESIAN_POINT('',(79.2035,62.1884705062547,40.0823612821185));
#12348=CARTESIAN_POINT('Origin',(148.407,131.094470506255,35.0823612821185));
#12349=CARTESIAN_POINT('',(148.407,100.649308790241,30.0823612821185));
#12350=CARTESIAN_POINT('',(148.407,100.649308790241,40.0823612821185));
#12351=CARTESIAN_POINT('',(148.407,100.649308790241,40.0823612821185));
#12352=CARTESIAN_POINT('',(148.407,131.094470506255,30.0823612821185));
#12353=CARTESIAN_POINT('',(148.407,131.094470506255,40.0823612821185));
#12354=CARTESIAN_POINT('Origin',(148.407,131.094470506255,35.0823612821185));
#12355=CARTESIAN_POINT('',(148.407,131.094470506255,30.0823612821185));
#12356=CARTESIAN_POINT('',(148.407,131.094470506255,40.0823612821185));
#12357=CARTESIAN_POINT('Origin',(79.2035,131.094470506255,30.0823612821185));
#12358=CARTESIAN_POINT('',(115.278624405952,200.000470506255,30.0823612821185));
#12359=CARTESIAN_POINT('Origin',(128.691662038172,202.222641326912,30.0823612821185));
#12360=CARTESIAN_POINT('',(79.2035,200.000470506255,30.0823612821185));
#12361=CARTESIAN_POINT('',(44.4244841326876,200.000470506255,30.0823612821185));
#12362=CARTESIAN_POINT('',(79.2035,200.000470506255,30.0823612821185));
#12363=CARTESIAN_POINT('Origin',(31.0114465004677,202.222641326912,30.0823612821185));
#12364=CARTESIAN_POINT('Origin',(79.2035,131.094470506255,30.0823612821185));
#12365=CARTESIAN_POINT('',(116.297633204167,62.1884705062547,30.0823612821185));
#12366=CARTESIAN_POINT('',(79.2035,62.1884705062547,30.0823612821185));
#12367=CARTESIAN_POINT('Origin',(128.691662038172,67.7773586730881,30.0823612821185));
#12368=CARTESIAN_POINT('Origin',(31.0114465004677,67.7773586730881,30.0823612821185));
#12369=CARTESIAN_POINT('Origin',(79.2035,131.094470506255,30.0823612821185));
#12370=CARTESIAN_POINT('',(148.407,117.997162863085,30.0823612821185));
#12371=CARTESIAN_POINT('',(145.280640837186,109.323235826663,30.0823612821185));
#12372=CARTESIAN_POINT('Origin',(158.876508653531,109.323235826663,30.0823612821185));
#12373=CARTESIAN_POINT('',(148.407,131.094470506255,30.0823612821185));
#12374=CARTESIAN_POINT('Origin',(128.691662038172,202.222641326912,30.0823612821185));
#12375=CARTESIAN_POINT('Origin',(128.691662038172,67.7773586730881,30.0823612821185));
#12376=CARTESIAN_POINT('Origin',(158.876508653531,109.323235826663,30.0823612821185));
#12377=CARTESIAN_POINT('Origin',(10.,131.094470506255,35.0823612821185));
#12378=CARTESIAN_POINT('',(10.,131.094470506255,40.0823612821185));
#12379=CARTESIAN_POINT('',(10.,131.094470506255,30.0823612821185));
#12380=CARTESIAN_POINT('Origin',(10.,131.094470506255,35.0823612821185));
#12381=CARTESIAN_POINT('',(10.,131.094470506255,40.0823612821185));
#12382=CARTESIAN_POINT('',(10.,131.094470506255,30.0823612821185));
#12383=CARTESIAN_POINT('Origin',(10.,131.094470506255,35.0823612821185));
#12384=CARTESIAN_POINT('',(10.,131.094470506255,30.0823612821185));
#12385=CARTESIAN_POINT('',(10.,131.094470506255,40.0823612821185));
#12386=CARTESIAN_POINT('Origin',(79.2035,131.094470506255,30.0823612821185));
#12387=CARTESIAN_POINT('Origin',(31.0114465004677,67.7773586730881,30.0823612821185));
#12388=CARTESIAN_POINT('Origin',(31.0114465004677,202.222641326912,30.0823612821185));
#12389=CARTESIAN_POINT('Origin',(79.2035,62.1884705062547,35.0823612821185));
#12390=CARTESIAN_POINT('',(116.297633204167,62.1884705062547,40.0823612821185));
#12391=CARTESIAN_POINT('',(79.2035,62.1884705062547,40.0823612821185));
#12392=CARTESIAN_POINT('',(116.297633204167,62.1884705062547,40.0823612821185));
#12393=CARTESIAN_POINT('Origin',(148.407,131.094470506255,35.0823612821185));
#12394=CARTESIAN_POINT('',(148.407,117.997162863085,40.0823612821185));
#12395=CARTESIAN_POINT('',(148.407,117.997162863085,40.0823612821185));
#12396=CARTESIAN_POINT('',(148.407,131.094470506255,40.0823612821185));
#12397=CARTESIAN_POINT('Origin',(79.2035,200.000470506255,35.0823612821185));
#12398=CARTESIAN_POINT('',(115.278624405952,200.000470506255,40.0823612821185));
#12399=CARTESIAN_POINT('',(115.278624405952,200.000470506255,40.0823612821185));
#12400=CARTESIAN_POINT('',(44.4244841326876,200.000470506255,40.0823612821185));
#12401=CARTESIAN_POINT('',(79.2035,200.000470506255,40.0823612821185));
#12402=CARTESIAN_POINT('',(44.4244841326876,200.000470506255,40.0823612821185));
#12403=CARTESIAN_POINT('Origin',(158.876508653531,109.323235826663,40.0823612821185));
#12404=CARTESIAN_POINT('',(145.280640837186,109.323235826663,20.0823612821185));
#12405=CARTESIAN_POINT('',(145.280640837186,109.323235826663,40.0823612821185));
#12406=CARTESIAN_POINT('Origin',(158.876508653531,109.323235826663,20.0823612821185));
#12407=CARTESIAN_POINT('Origin',(158.876508653531,109.323235826663,40.0823612821185));
#12408=CARTESIAN_POINT('Origin',(158.876508653531,109.323235826663,40.0823612821185));
#12409=CARTESIAN_POINT('Origin',(128.691662038172,202.222641326912,40.0823612821185));
#12410=CARTESIAN_POINT('Origin',(128.691662038172,202.222641326912,40.0823612821185));
#12411=CARTESIAN_POINT('Origin',(128.691662038172,202.222641326912,20.0823612821185));
#12412=CARTESIAN_POINT('Origin',(31.0114465004677,202.222641326912,40.0823612821185));
#12413=CARTESIAN_POINT('Origin',(31.0114465004677,202.222641326912,40.0823612821185));
#12414=CARTESIAN_POINT('Origin',(31.0114465004677,202.222641326912,20.0823612821185));
#12415=CARTESIAN_POINT('Origin',(138.194137349009,73.5822411539267,-5.9176387178814));
#12416=CARTESIAN_POINT('',(138.194137349009,193.582241153927,40.0823612821185));
#12417=CARTESIAN_POINT('',(138.194137349009,73.5822411539267,40.0823612821185));
#12418=CARTESIAN_POINT('',(138.194137349009,102.338355830091,40.0823612821185));
#12419=CARTESIAN_POINT('',(138.194137349009,73.5822411539267,42.0823612821186));
#12420=CARTESIAN_POINT('',(138.194137349009,73.5822411539267,-5.9176387178814));
#12421=CARTESIAN_POINT('',(138.194137349009,193.582241153927,42.0823612821185));
#12422=CARTESIAN_POINT('',(138.194137349009,193.582241153927,42.0823612821185));
#12423=CARTESIAN_POINT('',(138.194137349009,193.582241153927,-5.91763871788147));
#12424=CARTESIAN_POINT('Origin',(31.0114465004677,67.7773586730881,40.0823612821185));
#12425=CARTESIAN_POINT('Origin',(31.0114465004677,67.7773586730881,40.0823612821185));
#12426=CARTESIAN_POINT('Origin',(31.0114465004677,67.7773586730881,20.0823612821185));
#12427=CARTESIAN_POINT('Origin',(138.194137349009,193.582241153927,-5.91763871788147));
#12428=CARTESIAN_POINT('',(18.1941373490085,193.582241153927,40.0823612821185));
#12429=CARTESIAN_POINT('',(108.698818674504,193.582241153927,40.0823612821185));
#12430=CARTESIAN_POINT('',(18.1941373490085,193.582241153927,42.0823612821185));
#12431=CARTESIAN_POINT('',(18.1941373490085,193.582241153927,42.0823612821185));
#12432=CARTESIAN_POINT('',(18.1941373490086,193.582241153927,-5.91763871788147));
#12433=CARTESIAN_POINT('Origin',(18.1941373490086,193.582241153927,-5.91763871788147));
#12434=CARTESIAN_POINT('',(18.1941373490085,73.5822411539267,40.0823612821185));
#12435=CARTESIAN_POINT('',(18.1941373490085,162.338355830091,40.0823612821185));
#12436=CARTESIAN_POINT('',(18.1941373490085,73.5822411539267,42.0823612821185));
#12437=CARTESIAN_POINT('',(18.1941373490085,73.5822411539267,42.0823612821185));
#12438=CARTESIAN_POINT('',(18.1941373490086,73.5822411539267,-5.91763871788147));
#12439=CARTESIAN_POINT('Origin',(18.1941373490086,73.5822411539267,-5.91763871788147));
#12440=CARTESIAN_POINT('',(48.6988186745043,73.5822411539267,40.0823612821185));
#12441=CARTESIAN_POINT('',(138.194137349009,73.5822411539267,42.0823612821186));
#12442=CARTESIAN_POINT('Origin',(79.8515542693199,218.09175430715,40.0823612821185));
#12443=CARTESIAN_POINT('Origin',(128.691662038172,67.7773586730881,20.0823612821185));
#12444=CARTESIAN_POINT('Origin',(128.691662038172,67.7773586730881,20.0823612821185));
#12445=CARTESIAN_POINT('Origin',(128.691662038172,67.7773586730881,40.0823612821185));
#12446=CARTESIAN_POINT('Origin',(128.691662038172,67.7773586730881,40.0823612821185));
#12447=CARTESIAN_POINT('Origin',(0.826599885109207,109.323235826663,40.0823612821185));
#12448=CARTESIAN_POINT('Origin',(158.876508653531,109.323235826663,20.0823612821185));
#12449=CARTESIAN_POINT('Origin',(31.0114465004677,202.222641326912,20.0823612821185));
#12450=CARTESIAN_POINT('Origin',(128.691662038172,202.222641326912,20.0823612821185));
#12451=CARTESIAN_POINT('Origin',(31.0114465004677,67.7773586730881,20.0823612821185));
#12452=CARTESIAN_POINT('Origin',(78.1941373490085,133.582241153927,42.0823612821185));
#12453=CARTESIAN_POINT('Ctrl Pts',(-102.857413039813,230.199646157274,-4.57151847134912));
#12454=CARTESIAN_POINT('Ctrl Pts',(-102.730880708177,230.199646157833,-4.81192317066468));
#12455=CARTESIAN_POINT('Ctrl Pts',(-102.370981791689,230.111801595182,-5.27660291185286));
#12456=CARTESIAN_POINT('Ctrl Pts',(-101.550437393104,229.746933976668,-5.90884443289692));
#12457=CARTESIAN_POINT('Ctrl Pts',(-100.724344467278,229.256327400146,-6.31183619197733));
#12458=CARTESIAN_POINT('Ctrl Pts',(-100.143467677147,228.694518129456,-6.52869100321665));
#12459=CARTESIAN_POINT('Ctrl Pts',(-100.012750950636,228.365349759575,-6.57151847599884));
#12460=CARTESIAN_POINT('Ctrl Pts',(-100.012750950636,228.199646157274,-6.57151847599884));
#12461=CARTESIAN_POINT('Ctrl Pts',(-102.278718039116,230.19964615692,-4.41922604954493));
#12462=CARTESIAN_POINT('Ctrl Pts',(-102.174648547159,230.218521398476,-4.62030422853597));
#12463=CARTESIAN_POINT('Ctrl Pts',(-101.883540970361,230.19617222058,-5.03820435605402));
#12464=CARTESIAN_POINT('Ctrl Pts',(-101.184635825785,229.916953469561,-5.72444459440753));
#12465=CARTESIAN_POINT('Ctrl Pts',(-100.441382561744,229.413924938741,-6.22960526953082));
#12466=CARTESIAN_POINT('Ctrl Pts',(-99.9085532633538,228.778363022351,-6.51407962029829));
#12467=CARTESIAN_POINT('Ctrl Pts',(-99.7873162039837,228.393130067455,-6.57151847599884));
#12468=CARTESIAN_POINT('Ctrl Pts',(-99.7873162039837,228.199646157274,-6.57151847599884));
#12469=CARTESIAN_POINT('Ctrl Pts',(-101.276911953594,230.701866651384,-4.15558548684027));
#12470=CARTESIAN_POINT('Ctrl Pts',(-101.209969352982,230.730982578425,-4.35142091920424));
#12471=CARTESIAN_POINT('Ctrl Pts',(-101.034444321935,230.72341537336,-4.78744325808458));
#12472=CARTESIAN_POINT('Ctrl Pts',(-100.541225148489,230.387051686181,-5.59076800053415));
#12473=CARTESIAN_POINT('Ctrl Pts',(-99.9446964955597,229.750998256765,-6.21368775655412));
#12474=CARTESIAN_POINT('Ctrl Pts',(-99.4961238000224,228.938739905304,-6.56704587990645));
#12475=CARTESIAN_POINT('Ctrl Pts',(-99.3928916085216,228.447345033569,-6.63890420203676));
#12476=CARTESIAN_POINT('Ctrl Pts',(-99.3928916085216,228.199646157274,-6.63890420203676));
#12477=CARTESIAN_POINT('Ctrl Pts',(-100.923267472313,231.750847206592,-4.06251854162991));
#12478=CARTESIAN_POINT('Ctrl Pts',(-100.846564258624,231.759494176381,-4.35459159091644));
#12479=CARTESIAN_POINT('Ctrl Pts',(-100.635061101591,231.634037852075,-4.94054524477785));
#12480=CARTESIAN_POINT('Ctrl Pts',(-100.115516854145,231.021803065662,-5.81679868508824));
#12481=CARTESIAN_POINT('Ctrl Pts',(-99.5463686954632,230.144272419641,-6.41900593126968));
#12482=CARTESIAN_POINT('Ctrl Pts',(-99.1320896602008,229.114082988917,-6.75094262450212));
#12483=CARTESIAN_POINT('Ctrl Pts',(-99.0374212248968,228.505942868353,-6.81728968814067));
#12484=CARTESIAN_POINT('Ctrl Pts',(-99.0374212248968,228.199646157274,-6.81728968814067));
#12485=CARTESIAN_POINT('Ctrl Pts',(-100.92326747257,232.199646157274,-4.06251854065409));
#12486=CARTESIAN_POINT('Ctrl Pts',(-100.833142084291,232.199646158392,-4.40498542781029));
#12487=CARTESIAN_POINT('Ctrl Pts',(-100.576796301593,232.02395703309,-5.0669418077909));
#12488=CARTESIAN_POINT('Ctrl Pts',(-99.9923458171449,231.294221796062,-5.9675971870714));
#12489=CARTESIAN_POINT('Ctrl Pts',(-99.4039432742353,230.313008643017,-6.54167636969457));
#12490=CARTESIAN_POINT('Ctrl Pts',(-98.9902012244671,229.189390101637,-6.8505954231966));
#12491=CARTESIAN_POINT('Ctrl Pts',(-98.8970954104905,228.531053361875,-6.91160500965735));
#12492=CARTESIAN_POINT('Ctrl Pts',(-98.8970954104905,228.199646157274,-6.91160500965735));
#12493=CARTESIAN_POINT('',(-98.8970954104905,228.199646157274,-6.91160500965735));
#12494=CARTESIAN_POINT('',(-100.012750950636,228.199646157274,-6.57151847599884));
#12495=CARTESIAN_POINT('Origin',(-100.012750950636,228.199646157274,-8.57151847599884));
#12496=CARTESIAN_POINT('',(-102.857413041387,230.199646157274,-4.57151847217797));
#12497=CARTESIAN_POINT('Ctrl Pts',(-100.012750950636,228.199646157274,-6.57151847599884));
#12498=CARTESIAN_POINT('Ctrl Pts',(-100.012750950636,228.255353707179,-6.57151847599884));
#12499=CARTESIAN_POINT('Ctrl Pts',(-100.02001958598,228.31092907884,-6.56909885539502));
#12500=CARTESIAN_POINT('Ctrl Pts',(-100.033685637851,228.365978220109,-6.56444786785805));
#12501=CARTESIAN_POINT('Ctrl Pts',(-100.047301851016,228.420826602741,-6.55981384200101));
#12502=CARTESIAN_POINT('Ctrl Pts',(-100.067268084365,228.475152345107,-6.55296334497122));
#12503=CARTESIAN_POINT('Ctrl Pts',(-100.092731528265,228.52851515801,-6.544088165526));
#12504=CARTESIAN_POINT('Ctrl Pts',(-100.111203771667,228.567226766401,-6.53764974048051));
#12505=CARTESIAN_POINT('Ctrl Pts',(-100.132569177711,228.60543043474,-6.53014589819431));
#12506=CARTESIAN_POINT('Ctrl Pts',(-100.156508519737,228.642943780621,-6.5216571648337));
#12507=CARTESIAN_POINT('Ctrl Pts',(-100.165002257778,228.656253608961,-6.51864534114251));
#12508=CARTESIAN_POINT('Ctrl Pts',(-100.173804616792,228.669480340171,-6.51550875215001));
#12509=CARTESIAN_POINT('Ctrl Pts',(-100.182899669043,228.682617372031,-6.51225053106553));
#12510=CARTESIAN_POINT('Ctrl Pts',(-100.230917579105,228.751975171949,-6.49504854446206));
#12511=CARTESIAN_POINT('Ctrl Pts',(-100.287091657455,228.818836443135,-6.47445647342295));
#12512=CARTESIAN_POINT('Ctrl Pts',(-100.348934150777,228.883382247162,-6.45089421957277));
#12513=CARTESIAN_POINT('Ctrl Pts',(-100.41653031809,228.95393323458,-6.42513979138035));
#12514=CARTESIAN_POINT('Ctrl Pts',(-100.49089915135,229.021717183197,-6.3958351872385));
#12515=CARTESIAN_POINT('Ctrl Pts',(-100.568823713632,229.086920013575,-6.36353897099162));
#12516=CARTESIAN_POINT('Ctrl Pts',(-100.576314849005,229.093188168503,-6.36043423327034));
#12517=CARTESIAN_POINT('Ctrl Pts',(-100.583838863091,229.09943244007,-6.35730186616424));
#12518=CARTESIAN_POINT('Ctrl Pts',(-100.591392908189,229.105652976102,-6.35414237837852));
#12519=CARTESIAN_POINT('Ctrl Pts',(-100.666748718857,229.1677062905,-6.32262472654099));
#12520=CARTESIAN_POINT('Ctrl Pts',(-100.745090820589,229.227398918119,-6.28840624567364));
#12521=CARTESIAN_POINT('Ctrl Pts',(-100.825558608351,229.28470453269,-6.2515704229989));
#12522=CARTESIAN_POINT('Ctrl Pts',(-100.934071375995,229.361982546808,-6.20189642079168));
#12523=CARTESIAN_POINT('Ctrl Pts',(-101.04590499616,229.434860209612,-6.14750704611922));
#12524=CARTESIAN_POINT('Ctrl Pts',(-101.158665788673,229.503418298426,-6.08855610018295));
#12525=CARTESIAN_POINT('Ctrl Pts',(-101.291656100091,229.58427584987,-6.01902923287626));
#12526=CARTESIAN_POINT('Ctrl Pts',(-101.425937159434,229.65912475223,-5.94315707327496));
#12527=CARTESIAN_POINT('Ctrl Pts',(-101.557636018976,229.728048534989,-5.86118033278992));
#12528=CARTESIAN_POINT('Ctrl Pts',(-101.57845163479,229.738942258651,-5.84822352859615));
#12529=CARTESIAN_POINT('Ctrl Pts',(-101.599202811408,229.749687887453,-5.83511420474799));
#12530=CARTESIAN_POINT('Ctrl Pts',(-101.619874315685,229.760285673579,-5.82185328830243));
#12531=CARTESIAN_POINT('Ctrl Pts',(-101.703863438166,229.803344889063,-5.76797367118902));
#12532=CARTESIAN_POINT('Ctrl Pts',(-101.786537321306,229.843963769144,-5.71159175742594));
#12533=CARTESIAN_POINT('Ctrl Pts',(-101.867229460513,229.881818384556,-5.6527781623953));
#12534=CARTESIAN_POINT('Ctrl Pts',(-101.993105876786,229.94087002669,-5.56103137462362));
#12535=CARTESIAN_POINT('Ctrl Pts',(-102.114121643279,229.993214518122,-5.46332896998346));
#12536=CARTESIAN_POINT('Ctrl Pts',(-102.227513708788,230.037552904509,-5.36002747162344));
#12537=CARTESIAN_POINT('Ctrl Pts',(-102.265172656754,230.052278246872,-5.32571972941894));
#12538=CARTESIAN_POINT('Ctrl Pts',(-102.301990901123,230.066120769788,-5.29079467466289));
#12539=CARTESIAN_POINT('Ctrl Pts',(-102.337867981118,230.079033736602,-5.25526611262059));
#12540=CARTESIAN_POINT('Ctrl Pts',(-102.433817676528,230.113568186808,-5.16024849394126));
#12541=CARTESIAN_POINT('Ctrl Pts',(-102.523033018668,230.141451727005,-5.06091369736757));
#12542=CARTESIAN_POINT('Ctrl Pts',(-102.603640885666,230.161668183636,-4.95852879291229));
#12543=CARTESIAN_POINT('Ctrl Pts',(-102.612141725196,230.163800194568,-4.94773136487583));
#12544=CARTESIAN_POINT('Ctrl Pts',(-102.620546872305,230.165846965748,-4.93690002146584));
#12545=CARTESIAN_POINT('Ctrl Pts',(-102.628854157572,230.167807327942,-4.92603625241282));
#12546=CARTESIAN_POINT('Ctrl Pts',(-102.6868352845,230.181489777208,-4.85021201475518));
#12547=CARTESIAN_POINT('Ctrl Pts',(-102.740123835926,230.190978636904,-4.77270575654061));
#12548=CARTESIAN_POINT('Ctrl Pts',(-102.787919059834,230.195849080909,-4.69406985941022));
#12549=CARTESIAN_POINT('Ctrl Pts',(-102.812581043357,230.198362194145,-4.65349431564789));
#12550=CARTESIAN_POINT('Ctrl Pts',(-102.835780981854,230.19964615737,-4.61261823076966));
#12551=CARTESIAN_POINT('Ctrl Pts',(-102.857413039813,230.199646157274,-4.57151847134911));
#12552=CARTESIAN_POINT('',(-99.3942487654412,230.199671557085,-6.52966747457104));
#12553=CARTESIAN_POINT('Ctrl Pts',(-102.857413037365,230.199646157274,-4.57151847599884));
#12554=CARTESIAN_POINT('Ctrl Pts',(-102.854199494071,230.199646157274,-4.57353533413551));
#12555=CARTESIAN_POINT('Ctrl Pts',(-102.85098425214,230.199646157274,-4.57554947176019));
#12556=CARTESIAN_POINT('Ctrl Pts',(-102.105790349571,230.199646157274,-5.04149431584715));
#12557=CARTESIAN_POINT('Ctrl Pts',(-101.249661565214,230.199646157274,-5.37823627691849));
#12558=CARTESIAN_POINT('Ctrl Pts',(-100.088387702763,230.199646157274,-6.01491904095933));
#12559=CARTESIAN_POINT('Ctrl Pts',(-99.715451817962,230.199646157274,-6.24882293612002));
#12560=CARTESIAN_POINT('Ctrl Pts',(-99.3939418951956,230.199646157274,-6.52989980127682));
#12561=CARTESIAN_POINT('Ctrl Pts',(-99.3944576609399,230.199688847475,-6.52950932302726));
#12562=CARTESIAN_POINT('Ctrl Pts',(-99.3656879548803,230.138116093403,-6.55472670056681));
#12563=CARTESIAN_POINT('Ctrl Pts',(-99.2225855823017,229.820487118089,-6.67708645568616));
#12564=CARTESIAN_POINT('Ctrl Pts',(-98.9902012244671,229.189390101637,-6.8505954231966));
#12565=CARTESIAN_POINT('Ctrl Pts',(-98.8970954104905,228.531053361875,-6.91160500965735));
#12566=CARTESIAN_POINT('Ctrl Pts',(-98.8970954104905,228.199646157274,-6.91160500965735));
#12567=CARTESIAN_POINT('Origin',(-100.012750950636,208.699646157274,-8.57151847599884));
#12568=CARTESIAN_POINT('',(-98.8970954104905,192.199646157274,-6.91160500965735));
#12569=CARTESIAN_POINT('',(-100.012750950636,192.199646157274,-6.57151847599884));
#12570=CARTESIAN_POINT('Origin',(-100.012750950636,192.199646157274,-8.57151847599884));
#12571=CARTESIAN_POINT('',(-100.012750950636,208.699646157274,-6.57151847599884));
#12572=CARTESIAN_POINT('',(-98.8970954104905,208.699646157274,-6.91160500965735));
#12573=CARTESIAN_POINT('Ctrl Pts',(-100.012750950636,192.199646157274,-6.57151847599884));
#12574=CARTESIAN_POINT('Ctrl Pts',(-100.012750950636,192.066566542714,-6.57151847599884));
#12575=CARTESIAN_POINT('Ctrl Pts',(-100.095711463117,191.801241989469,-6.5441792111239));
#12576=CARTESIAN_POINT('Ctrl Pts',(-100.501500083923,191.326205719707,-6.39838762452535));
#12577=CARTESIAN_POINT('Ctrl Pts',(-101.208232538599,190.842583486641,-6.09069253827892));
#12578=CARTESIAN_POINT('Ctrl Pts',(-102.055396121741,190.412675262624,-5.55679262111085));
#12579=CARTESIAN_POINT('Ctrl Pts',(-102.628988350717,190.212465559189,-4.97659430325189));
#12580=CARTESIAN_POINT('Ctrl Pts',(-102.926854084743,190.189941802785,-4.46231433577077));
#12581=CARTESIAN_POINT('Ctrl Pts',(-103.058607862226,190.24972364955,-4.07060574242094));
#12582=CARTESIAN_POINT('Ctrl Pts',(-103.098866119667,190.387722291166,-3.69369548324557));
#12583=CARTESIAN_POINT('Ctrl Pts',(-103.052191962351,190.667805657702,-3.23794006209356));
#12584=CARTESIAN_POINT('Ctrl Pts',(-102.942848159009,190.970936823778,-2.97151306354656));
#12585=CARTESIAN_POINT('Ctrl Pts',(-102.876442150109,191.199646158088,-2.83946766796027));
#12586=CARTESIAN_POINT('Ctrl Pts',(-99.7873162039837,192.199646157274,-6.57151847599884));
#12587=CARTESIAN_POINT('Ctrl Pts',(-99.7873162039837,192.044255629246,-6.57151847599884));
#12588=CARTESIAN_POINT('Ctrl Pts',(-99.8639938164909,191.734451973545,-6.53477801619629));
#12589=CARTESIAN_POINT('Ctrl Pts',(-100.237018879961,191.191090191678,-6.34174564438377));
#12590=CARTESIAN_POINT('Ctrl Pts',(-100.878368779176,190.672052101375,-5.94757613449526));
#12591=CARTESIAN_POINT('Ctrl Pts',(-101.618831478073,190.287725608564,-5.32572476618692));
#12592=CARTESIAN_POINT('Ctrl Pts',(-102.090913867367,190.180052214445,-4.75763277387898));
#12593=CARTESIAN_POINT('Ctrl Pts',(-102.333076899499,190.20722113534,-4.32439884689522));
#12594=CARTESIAN_POINT('Ctrl Pts',(-102.447025764449,190.27570384868,-4.00866038983986));
#12595=CARTESIAN_POINT('Ctrl Pts',(-102.495141291246,190.394897148535,-3.69775154551977));
#12596=CARTESIAN_POINT('Ctrl Pts',(-102.48367322614,190.632411479796,-3.29144268589087));
#12597=CARTESIAN_POINT('Ctrl Pts',(-102.410873304527,190.914438525585,-3.01460745206754));
#12598=CARTESIAN_POINT('Ctrl Pts',(-102.363147837554,191.143757818184,-2.87173481601301));
#12599=CARTESIAN_POINT('Ctrl Pts',(-99.3928938960092,192.199646157274,-6.63892242578944));
#12600=CARTESIAN_POINT('Ctrl Pts',(-99.3928938960092,192.00071476935,-6.63892242578945));
#12601=CARTESIAN_POINT('Ctrl Pts',(-99.4584391375308,191.604237661294,-6.59319716589728));
#12602=CARTESIAN_POINT('Ctrl Pts',(-99.7741186637852,190.909064157386,-6.35307040522092));
#12603=CARTESIAN_POINT('Ctrl Pts',(-100.30135813685,190.246903689884,-5.86602998359039));
#12604=CARTESIAN_POINT('Ctrl Pts',(-100.859391144249,189.766980780467,-5.11697577557301));
#12605=CARTESIAN_POINT('Ctrl Pts',(-101.161088365776,189.654690090711,-4.48934450212776));
#12606=CARTESIAN_POINT('Ctrl Pts',(-101.311310965917,189.703326832989,-4.06395552233889));
#12607=CARTESIAN_POINT('Ctrl Pts',(-101.395249067988,189.792184640091,-3.76982056813528));
#12608=CARTESIAN_POINT('Ctrl Pts',(-101.455183118574,189.936412988441,-3.47723765334105));
#12609=CARTESIAN_POINT('Ctrl Pts',(-101.50031280895,190.22301961971,-3.07090326771639));
#12610=CARTESIAN_POINT('Ctrl Pts',(-101.487202682071,190.572719271706,-2.76792094974645));
#12611=CARTESIAN_POINT('Ctrl Pts',(-101.470455342481,190.861526358852,-2.60736439898003));
#12612=CARTESIAN_POINT('Ctrl Pts',(-99.0374212248968,192.199646157274,-6.81728968814067));
#12613=CARTESIAN_POINT('Ctrl Pts',(-99.0374212248968,191.953653557891,-6.81728968814067));
#12614=CARTESIAN_POINT('Ctrl Pts',(-99.0973440347464,191.463270253177,-6.77494782931065));
#12615=CARTESIAN_POINT('Ctrl Pts',(-99.387836835914,190.589675034974,-6.55074926711689));
#12616=CARTESIAN_POINT('Ctrl Pts',(-99.8825601968727,189.713944614858,-6.08592037228413));
#12617=CARTESIAN_POINT('Ctrl Pts',(-100.440552376629,188.96773285342,-5.31851823336967));
#12618=CARTESIAN_POINT('Ctrl Pts',(-100.785830334302,188.653299622599,-4.55588362967428));
#12619=CARTESIAN_POINT('Ctrl Pts',(-100.963188698905,188.636091527239,-3.92846457958515));
#12620=CARTESIAN_POINT('Ctrl Pts',(-101.049564574306,188.746454335747,-3.46221467773713));
#12621=CARTESIAN_POINT('Ctrl Pts',(-101.091251752637,188.983107634296,-3.01126036969416));
#12622=CARTESIAN_POINT('Ctrl Pts',(-101.09440323275,189.461598859861,-2.44846656523044));
#12623=CARTESIAN_POINT('Ctrl Pts',(-101.049348074284,189.99115369038,-2.09668066873735));
#12624=CARTESIAN_POINT('Ctrl Pts',(-101.018123006948,190.398123478589,-1.91846668082571));
#12625=CARTESIAN_POINT('Ctrl Pts',(-98.8970954104905,192.199646157274,-6.91160500965735));
#12626=CARTESIAN_POINT('Ctrl Pts',(-98.8970954104905,191.933486928153,-6.91160500965735));
#12627=CARTESIAN_POINT('Ctrl Pts',(-98.9561858287461,191.402837821664,-6.87265904493398));
#12628=CARTESIAN_POINT('Ctrl Pts',(-99.2452175452772,190.45276528214,-6.66497262708062));
#12629=CARTESIAN_POINT('Ctrl Pts',(-99.7486030125625,189.485520816007,-6.22664767469799));
#12630=CARTESIAN_POINT('Ctrl Pts',(-100.3520135866,188.625704367973,-5.46608416156345));
#12631=CARTESIAN_POINT('Ctrl Pts',(-100.760567050226,188.225284961103,-4.63956657510978));
#12632=CARTESIAN_POINT('Ctrl Pts',(-100.97272835783,188.180237448296,-3.90695252849809));
#12633=CARTESIAN_POINT('Ctrl Pts',(-101.06657283378,188.299801141826,-3.34894670324271));
#12634=CARTESIAN_POINT('Ctrl Pts',(-101.095247647848,188.575798425057,-2.81202174476845));
#12635=CARTESIAN_POINT('Ctrl Pts',(-101.06200297041,189.135965158129,-2.16277844448817));
#12636=CARTESIAN_POINT('Ctrl Pts',(-100.984120482948,189.742227490283,-1.78324166710196));
#12637=CARTESIAN_POINT('Ctrl Pts',(-100.936821367704,190.199646158901,-1.59513729260974));
#12638=CARTESIAN_POINT('',(-102.857413038184,190.199646157274,-4.57151847522085));
#12639=CARTESIAN_POINT('',(-100.936821367592,190.199646158628,-1.59513729216513));
#12640=CARTESIAN_POINT('Ctrl Pts',(-102.857413037365,190.199646157274,-4.57151847599884));
#12641=CARTESIAN_POINT('Ctrl Pts',(-102.856290674794,190.199646157274,-4.56944264160885));
#12642=CARTESIAN_POINT('Ctrl Pts',(-102.855166500581,190.199646157274,-4.56736777358366));
#12643=CARTESIAN_POINT('Ctrl Pts',(-102.440755462973,190.199646157274,-3.80408109022383));
#12644=CARTESIAN_POINT('Ctrl Pts',(-101.872891260016,190.199646157274,-3.3371504591032));
#12645=CARTESIAN_POINT('Ctrl Pts',(-101.233941752972,190.199646157274,-2.36795842856834));
#12646=CARTESIAN_POINT('Ctrl Pts',(-101.041844036684,190.199646157274,-2.01280310655908));
#12647=CARTESIAN_POINT('Ctrl Pts',(-100.936821367872,190.199646157274,-1.59513729327882));
#12648=CARTESIAN_POINT('Ctrl Pts',(-102.857413384586,190.199692950905,-4.57151865278037));
#12649=CARTESIAN_POINT('Ctrl Pts',(-102.811714113464,190.199701794108,-4.65834294682714));
#12650=CARTESIAN_POINT('Ctrl Pts',(-102.75925720506,190.205351307188,-4.74428837639435));
#12651=CARTESIAN_POINT('Ctrl Pts',(-102.700690743428,190.216248932655,-4.82843769487004));
#12652=CARTESIAN_POINT('Ctrl Pts',(-102.697121111841,190.216913143997,-4.83356660409298));
#12653=CARTESIAN_POINT('Ctrl Pts',(-102.693528772444,190.217596861703,-4.8386888465942));
#12654=CARTESIAN_POINT('Ctrl Pts',(-102.689913867444,190.218300000941,-4.84380421641844));
#12655=CARTESIAN_POINT('Ctrl Pts',(-102.67035508335,190.22210440204,-4.87148140681539));
#12656=CARTESIAN_POINT('Ctrl Pts',(-102.65013573777,190.22647732571,-4.89895740258485));
#12657=CARTESIAN_POINT('Ctrl Pts',(-102.629295082026,190.231400347478,-4.92622033174881));
#12658=CARTESIAN_POINT('Ctrl Pts',(-102.562125589366,190.247267260621,-5.01408882988746));
#12659=CARTESIAN_POINT('Ctrl Pts',(-102.488479942918,190.268815518165,-5.099570531052));
#12660=CARTESIAN_POINT('Ctrl Pts',(-102.409595320856,190.295379197442,-5.18225466945782));
#12661=CARTESIAN_POINT('Ctrl Pts',(-102.32382639344,190.324261103955,-5.27215469914595));
#12662=CARTESIAN_POINT('Ctrl Pts',(-102.231863404486,190.359072117886,-5.35874855916756));
#12663=CARTESIAN_POINT('Ctrl Pts',(-102.135251828274,190.398997450686,-5.44149526124524));
#12664=CARTESIAN_POINT('Ctrl Pts',(-102.100341235951,190.413424469387,-5.47139578140584));
#12665=CARTESIAN_POINT('Ctrl Pts',(-102.06482332822,190.428519637709,-5.50079377098292));
#12666=CARTESIAN_POINT('Ctrl Pts',(-102.028770124015,190.444245594256,-5.52966292812579));
#12667=CARTESIAN_POINT('Ctrl Pts',(-101.976025989353,190.467251925816,-5.57189714129714));
#12668=CARTESIAN_POINT('Ctrl Pts',(-101.922136201982,190.491608193271,-5.6129996186672));
#12669=CARTESIAN_POINT('Ctrl Pts',(-101.867317793211,190.517266889577,-5.65297325548278));
#12670=CARTESIAN_POINT('Ctrl Pts',(-101.732160940116,190.58052937247,-5.75152976377709));
#12671=CARTESIAN_POINT('Ctrl Pts',(-101.591805868989,190.651558393097,-5.84299539014924));
#12672=CARTESIAN_POINT('Ctrl Pts',(-101.449533104173,190.729515393439,-5.92739496810995));
#12673=CARTESIAN_POINT('Ctrl Pts',(-101.369437858996,190.773402816754,-5.97490936693669));
#12674=CARTESIAN_POINT('Ctrl Pts',(-101.28873415146,190.819486554601,-6.02018348936356));
#12675=CARTESIAN_POINT('Ctrl Pts',(-101.208006301137,190.867622240711,-6.06321730185172));
#12676=CARTESIAN_POINT('Ctrl Pts',(-101.090073883351,190.937941936108,-6.12608385327034));
#12677=CARTESIAN_POINT('Ctrl Pts',(-100.972087441203,191.012639166838,-6.1841700074045));
#12678=CARTESIAN_POINT('Ctrl Pts',(-100.857854238176,191.092073008148,-6.23705627553266));
#12679=CARTESIAN_POINT('Ctrl Pts',(-100.847125357319,191.099533502968,-6.24202339940449));
#12680=CARTESIAN_POINT('Ctrl Pts',(-100.836429614982,191.107035802379,-6.24694464356983));
#12681=CARTESIAN_POINT('Ctrl Pts',(-100.825770187068,191.114580218589,-6.25181965326469));
#12682=CARTESIAN_POINT('Ctrl Pts',(-100.717549004167,191.191175853284,-6.30131380249033));
#12683=CARTESIAN_POINT('Ctrl Pts',(-100.613103876555,191.272032220837,-6.34599294001427));
#12684=CARTESIAN_POINT('Ctrl Pts',(-100.515893045176,191.357464574612,-6.38550698561879));
#12685=CARTESIAN_POINT('Ctrl Pts',(-100.480642202457,191.388444275364,-6.39983567088004));
#12686=CARTESIAN_POINT('Ctrl Pts',(-100.446342317986,191.420025571563,-6.41348479600438));
#12687=CARTESIAN_POINT('Ctrl Pts',(-100.413157324503,191.452222765919,-6.42643647887554));
#12688=CARTESIAN_POINT('Ctrl Pts',(-100.323985545504,191.538740218487,-6.46123909540365));
#12689=CARTESIAN_POINT('Ctrl Pts',(-100.242865045107,191.629708256767,-6.49100679918942));
#12690=CARTESIAN_POINT('Ctrl Pts',(-100.17765533572,191.724939767373,-6.51431240010845));
#12691=CARTESIAN_POINT('Ctrl Pts',(-100.170505030038,191.735381991665,-6.51686788106741));
#12692=CARTESIAN_POINT('Ctrl Pts',(-100.163546011789,191.745875427718,-6.51934565595626));
#12693=CARTESIAN_POINT('Ctrl Pts',(-100.1567886349,191.756419790484,-6.52174383930812));
#12694=CARTESIAN_POINT('Ctrl Pts',(-100.145823191961,191.773530514089,-6.52563545925679));
#12695=CARTESIAN_POINT('Ctrl Pts',(-100.135387664652,191.790773260592,-6.52931702019816));
#12696=CARTESIAN_POINT('Ctrl Pts',(-100.125525330501,191.808147106405,-6.53278070712871));
#12697=CARTESIAN_POINT('Ctrl Pts',(-100.080360981695,191.887710262593,-6.54864258752088));
#12698=CARTESIAN_POINT('Ctrl Pts',(-100.047214424119,191.970020390309,-6.55993603360058));
#12699=CARTESIAN_POINT('Ctrl Pts',(-100.028948577702,192.053450977761,-6.56609549067543));
#12700=CARTESIAN_POINT('Ctrl Pts',(-100.018339420956,192.101909075975,-6.56967302242956));
#12701=CARTESIAN_POINT('Ctrl Pts',(-100.012750950636,192.150745760735,-6.57151847599884));
#12702=CARTESIAN_POINT('Ctrl Pts',(-100.012750950636,192.199646157274,-6.57151847599884));
#12703=CARTESIAN_POINT('Ctrl Pts',(-98.8970954104905,192.199646157274,-6.91160500965735));
#12704=CARTESIAN_POINT('Ctrl Pts',(-98.8970954104905,191.933486928153,-6.91160500965735));
#12705=CARTESIAN_POINT('Ctrl Pts',(-98.9561858287461,191.402837821664,-6.87265904493398));
#12706=CARTESIAN_POINT('Ctrl Pts',(-99.2452175452772,190.45276528214,-6.66497262708062));
#12707=CARTESIAN_POINT('Ctrl Pts',(-99.7486030125625,189.485520816007,-6.22664767469799));
#12708=CARTESIAN_POINT('Ctrl Pts',(-100.3520135866,188.625704367973,-5.46608416156345));
#12709=CARTESIAN_POINT('Ctrl Pts',(-100.760567050226,188.225284961103,-4.63956657510978));
#12710=CARTESIAN_POINT('Ctrl Pts',(-100.97272835783,188.180237448296,-3.90695252849809));
#12711=CARTESIAN_POINT('Ctrl Pts',(-101.06657283378,188.299801141826,-3.34894670324271));
#12712=CARTESIAN_POINT('Ctrl Pts',(-101.095247647848,188.575798425057,-2.81202174476845));
#12713=CARTESIAN_POINT('Ctrl Pts',(-101.06200297041,189.135965158129,-2.16277844448817));
#12714=CARTESIAN_POINT('Ctrl Pts',(-100.984120482948,189.742227490283,-1.78324166710196));
#12715=CARTESIAN_POINT('Ctrl Pts',(-100.936821367704,190.199646158901,-1.59513729260974));
#12716=CARTESIAN_POINT('Origin',(-96.1352901208594,208.699646157274,-2.80248922372898));
#12717=CARTESIAN_POINT('',(-96.1352901208594,187.199646157274,2.14851077627103));
#12718=CARTESIAN_POINT('Origin',(-96.1352901208594,187.199646157274,-2.80248922372897));
#12719=CARTESIAN_POINT('',(-96.1352901208594,230.199646157274,2.14851077627101));
#12720=CARTESIAN_POINT('',(-96.1352901208594,208.699646157274,2.14851077627102));
#12721=CARTESIAN_POINT('',(-96.7252141472743,230.199646157274,2.11323967878979));
#12722=CARTESIAN_POINT('Origin',(-96.1352901208594,230.199646157274,-2.80248922372898));
#12723=CARTESIAN_POINT('',(-99.3957009763816,228.199646157274,0.923382761886312));
#12724=CARTESIAN_POINT('Ctrl Pts',(-99.3957009763816,228.199646157274,0.923382761886314));
#12725=CARTESIAN_POINT('Ctrl Pts',(-99.3944871424654,228.201557336633,0.924444955459382));
#12726=CARTESIAN_POINT('Ctrl Pts',(-99.3932727872963,228.203468519425,0.925506557768606));
#12727=CARTESIAN_POINT('Ctrl Pts',(-99.2252854394284,228.467736748821,1.07221812968823));
#12728=CARTESIAN_POINT('Ctrl Pts',(-98.779541005706,229.216130685107,1.44521509529168));
#12729=CARTESIAN_POINT('Ctrl Pts',(-97.9078465398604,229.863567508355,1.82596113320375));
#12730=CARTESIAN_POINT('Ctrl Pts',(-97.6776134436379,229.992568929709,1.9093960974127));
#12731=CARTESIAN_POINT('Ctrl Pts',(-97.2019616301319,230.157141411557,2.03777878395125));
#12732=CARTESIAN_POINT('Ctrl Pts',(-96.9669408205303,230.199646157274,2.08423068028582));
#12733=CARTESIAN_POINT('Ctrl Pts',(-96.7252141472743,230.199646157274,2.11323967878978));
#12734=CARTESIAN_POINT('',(-99.3957009763816,192.199646157274,0.92338276188632));
#12735=CARTESIAN_POINT('',(-99.3957009763816,208.699646157274,0.923382761886316));
#12736=CARTESIAN_POINT('',(-100.712772620705,190.310143211319,-0.915943448082799));
#12737=CARTESIAN_POINT('Ctrl Pts',(-99.3957009763816,192.199646157274,0.923382761886322));
#12738=CARTESIAN_POINT('Ctrl Pts',(-99.3967242227886,192.198035057612,0.922487346341699));
#12739=CARTESIAN_POINT('Ctrl Pts',(-99.3977471016129,192.196423955929,0.921591508148985));
#12740=CARTESIAN_POINT('Ctrl Pts',(-99.6860682392112,191.74213717832,0.668869644149082));
#12741=CARTESIAN_POINT('Ctrl Pts',(-100.048077790968,191.110865893384,0.297110164954476));
#12742=CARTESIAN_POINT('Ctrl Pts',(-100.496640040607,190.5247802236,-0.44764064104138));
#12743=CARTESIAN_POINT('Ctrl Pts',(-100.611299437132,190.395568304229,-0.669730645826856));
#12744=CARTESIAN_POINT('Ctrl Pts',(-100.712772620704,190.310143211319,-0.915943448081739));
#12745=CARTESIAN_POINT('',(-100.930820541807,190.199646157274,-1.57151847599884));
#12746=CARTESIAN_POINT('Ctrl Pts',(-100.712772620705,190.310143211319,-0.915943448082837));
#12747=CARTESIAN_POINT('Ctrl Pts',(-100.799728355774,190.236939617168,-1.12693136084946));
#12748=CARTESIAN_POINT('Ctrl Pts',(-100.874574911221,190.199646157274,-1.35240065129278));
#12749=CARTESIAN_POINT('Ctrl Pts',(-100.930820541807,190.199646157274,-1.57151847599884));
#12750=CARTESIAN_POINT('Origin',(-96.1352901208594,190.199646157274,-2.80248922372897));
#12751=CARTESIAN_POINT('',(-92.9248665513698,230.199646157274,-6.57151847599884));
#12752=CARTESIAN_POINT('Origin',(-96.1352901208594,230.199646157274,-2.80248922372898));
#12753=CARTESIAN_POINT('',(-92.9248665513698,190.199646157274,-6.57151847599884));
#12754=CARTESIAN_POINT('',(-92.9248665513698,208.699646157274,-6.57151847599884));
#12755=CARTESIAN_POINT('',(-92.5571435217812,190.199646157274,-6.22436998078431));
#12756=CARTESIAN_POINT('Origin',(-96.1352901208594,190.199646157274,-2.80248922372897));
#12757=CARTESIAN_POINT('',(-92.5571435217812,230.199646157274,-6.22436998078432));
#12758=CARTESIAN_POINT('',(-92.5571435217812,208.699646157274,-6.22436998078431));
#12759=CARTESIAN_POINT('Origin',(-96.1352901208594,230.199646157274,-2.80248922372898));
#12760=CARTESIAN_POINT('Origin',(-112.637143521781,228.199646157274,-4.57151847599884));
#12761=CARTESIAN_POINT('',(-130.717143521781,228.199646157274,-6.57151847599884));
#12762=CARTESIAN_POINT('',(-112.637143521781,228.199646157274,-6.57151847599884));
#12763=CARTESIAN_POINT('',(-130.717143521781,230.199646157274,-4.57151847599884));
#12764=CARTESIAN_POINT('Origin',(-130.717143521781,228.199646157274,-4.57151847599884));
#12765=CARTESIAN_POINT('',(-112.637143521781,230.199646157274,-4.57151847599884));
#12766=CARTESIAN_POINT('Origin',(-130.717143521781,210.199646157274,-4.57151847599884));
#12767=CARTESIAN_POINT('',(-130.717143521781,192.199646157274,-6.57151847599884));
#12768=CARTESIAN_POINT('',(-132.717143521781,192.199646157274,-4.57151847599884));
#12769=CARTESIAN_POINT('Origin',(-130.717143521781,192.199646157274,-4.57151847599884));
#12770=CARTESIAN_POINT('',(-132.717143521781,228.199646157274,-4.57151847599884));
#12771=CARTESIAN_POINT('',(-132.717143521781,210.199646157274,-4.57151847599884));
#12772=CARTESIAN_POINT('Origin',(-130.717143521781,228.199646157274,-4.57151847599884));
#12773=CARTESIAN_POINT('',(-130.717143521781,210.199646157274,-6.57151847599884));
#12774=CARTESIAN_POINT('Origin',(-130.717143521781,228.199646157274,-4.57151847599884));
#12775=CARTESIAN_POINT('Origin',(-130.717143521781,228.199646157274,-4.57151847599884));
#12776=CARTESIAN_POINT('Origin',(-112.637143521781,192.199646157274,-4.57151847599884));
#12777=CARTESIAN_POINT('',(-130.717143521781,190.199646157274,-4.57151847599884));
#12778=CARTESIAN_POINT('',(-112.637143521781,190.199646157274,-4.57151847599884));
#12779=CARTESIAN_POINT('Origin',(-130.717143521781,192.199646157274,-4.57151847599884));
#12780=CARTESIAN_POINT('',(-112.637143521781,192.199646157274,-6.57151847599884));
#12781=CARTESIAN_POINT('Origin',(-130.717143521781,192.199646157274,-4.57151847599884));
#12782=CARTESIAN_POINT('Origin',(-130.717143521781,192.199646157274,-4.57151847599884));
#12783=CARTESIAN_POINT('Origin',(-112.637143521781,230.199646157274,-3.07151847599884));
#12784=CARTESIAN_POINT('',(-130.717143521781,230.199646157274,-1.57151847599884));
#12785=CARTESIAN_POINT('',(-130.717143521781,230.199646157274,-3.07151847599884));
#12786=CARTESIAN_POINT('',(-100.712772620705,230.199646157274,-1.57151847599885));
#12787=CARTESIAN_POINT('',(-112.637143521781,230.199646157274,-1.57151847599884));
#12788=CARTESIAN_POINT('Origin',(-100.712772620705,230.199646157274,2.42848152400116));
#12789=CARTESIAN_POINT('',(-92.5571435217812,230.199646157274,-6.57151847599884));
#12790=CARTESIAN_POINT('',(-92.5571435217812,230.199646157274,-3.07151847599884));
#12791=CARTESIAN_POINT('',(-112.637143521781,230.199646157274,-6.57151847599884));
#12792=CARTESIAN_POINT('Origin',(-130.717143521781,228.199646157274,-3.07151847599884));
#12793=CARTESIAN_POINT('',(-132.717143521781,228.199646157274,-1.57151847599884));
#12794=CARTESIAN_POINT('',(-132.717143521781,228.199646157274,-3.07151847599884));
#12795=CARTESIAN_POINT('Origin',(-130.717143521781,228.199646157274,-1.57151847599884));
#12796=CARTESIAN_POINT('Origin',(-132.717143521781,210.199646157274,-3.07151847599884));
#12797=CARTESIAN_POINT('',(-132.717143521781,192.199646157274,-1.57151847599884));
#12798=CARTESIAN_POINT('',(-132.717143521781,192.199646157274,-3.07151847599884));
#12799=CARTESIAN_POINT('',(-132.717143521781,210.199646157274,-1.57151847599884));
#12800=CARTESIAN_POINT('Origin',(-130.717143521781,192.199646157274,-3.07151847599884));
#12801=CARTESIAN_POINT('',(-130.717143521781,190.199646157274,-1.57151847599884));
#12802=CARTESIAN_POINT('',(-130.717143521781,190.199646157274,-3.07151847599884));
#12803=CARTESIAN_POINT('Origin',(-130.717143521781,192.199646157274,-1.57151847599884));
#12804=CARTESIAN_POINT('Origin',(-112.637143521781,190.199646157274,-3.07151847599884));
#12805=CARTESIAN_POINT('',(-112.637143521781,190.199646157274,-1.57151847599884));
#12806=CARTESIAN_POINT('Origin',(-112.637143521781,192.199646157274,-1.57151847599884));
#12807=CARTESIAN_POINT('',(-130.717143521781,192.199646157274,0.428481524001159));
#12808=CARTESIAN_POINT('Origin',(-130.717143521781,192.199646157274,-1.57151847599884));
#12809=CARTESIAN_POINT('',(-100.930820541807,192.199646157274,0.428481524001159));
#12810=CARTESIAN_POINT('Origin',(-100.930820541807,192.199646157274,-1.57151847599884));
#12811=CARTESIAN_POINT('',(-112.637143521781,192.199646157274,0.428481524001159));
#12812=CARTESIAN_POINT('Origin',(-130.717143521781,210.199646157274,-1.57151847599884));
#12813=CARTESIAN_POINT('',(-130.717143521781,228.199646157274,0.428481524001159));
#12814=CARTESIAN_POINT('Origin',(-130.717143521781,228.199646157274,-1.57151847599884));
#12815=CARTESIAN_POINT('Origin',(-130.717143521781,192.199646157274,-1.57151847599884));
#12816=CARTESIAN_POINT('',(-130.717143521781,210.199646157274,0.428481524001159));
#12817=CARTESIAN_POINT('Origin',(-100.712772620705,228.199646157274,2.42848152400116));
#12818=CARTESIAN_POINT('',(-100.712772620705,228.199646157274,0.428481524001159));
#12819=CARTESIAN_POINT('Origin',(-100.712772620705,228.199646157274,-1.57151847599885));
#12820=CARTESIAN_POINT('Origin',(-100.712772620705,228.199646157274,2.42848152400116));
#12821=CARTESIAN_POINT('Origin',(-112.637143521781,228.199646157274,-1.57151847599884));
#12822=CARTESIAN_POINT('Origin',(-130.717143521781,228.199646157274,-1.57151847599884));
#12823=CARTESIAN_POINT('',(-112.637143521781,228.199646157274,0.428481524001159));
#12824=CARTESIAN_POINT('Origin',(-130.717143521781,228.199646157274,-1.57151847599884));
#12825=CARTESIAN_POINT('Origin',(-130.717143521781,192.199646157274,-1.57151847599884));
#12826=CARTESIAN_POINT('Origin',(-112.637143521781,192.199646157274,-1.57151847599884));
#12827=CARTESIAN_POINT('',(-100.712772620705,192.199646157274,0.428481524001159));
#12828=CARTESIAN_POINT('Origin',(-100.712772620705,192.199646157274,-1.57151847599884));
#12829=CARTESIAN_POINT('',(-112.637143521781,192.199646157274,0.428481524001159));
#12830=CARTESIAN_POINT('Origin',(-100.712772620705,192.199646157274,2.42848152400116));
#12831=CARTESIAN_POINT('Origin',(-100.712772620705,192.199646157274,2.42848152400116));
#12832=CARTESIAN_POINT('Origin',(-100.712772620705,208.699646157274,2.42848152400116));
#12833=CARTESIAN_POINT('',(-100.712772620705,208.699646157274,0.428481524001159));
#12834=CARTESIAN_POINT('Origin',(-112.637143521781,210.199646157274,-6.57151847599884));
#12835=CARTESIAN_POINT('Origin',(-96.1352901208594,187.199646157274,-2.80248922372897));
#12836=CARTESIAN_POINT('Origin',(-112.637143521781,190.199646157274,-3.07151847599884));
#12837=CARTESIAN_POINT('',(-92.5571435217812,190.199646157274,-6.57151847599884));
#12838=CARTESIAN_POINT('',(-112.637143521781,190.199646157274,-6.57151847599884));
#12839=CARTESIAN_POINT('',(-92.5571435217812,190.199646157274,-3.07151847599884));
#12840=CARTESIAN_POINT('Origin',(-112.637143521781,210.199646157274,0.428481524001159));
#12841=CARTESIAN_POINT('Origin',(-112.637143521781,210.199646157274,-6.57151847599884));
#12842=CARTESIAN_POINT('',(-92.5571435217812,210.199646157274,-6.57151847599884));
#12843=CARTESIAN_POINT('Origin',(-92.5571435217812,210.199646157274,-3.07151847599884));
#12844=CARTESIAN_POINT('Ctrl Pts',(-109.636977765646,173.344069733048,-3.66843828026848));
#12845=CARTESIAN_POINT('Ctrl Pts',(-109.510445434011,173.344069733607,-3.90884297958403));
#12846=CARTESIAN_POINT('Ctrl Pts',(-109.1505476916,173.256225559648,-4.37352404104089));
#12847=CARTESIAN_POINT('Ctrl Pts',(-108.330003042398,172.891357727679,-5.00576552074422));
#12848=CARTESIAN_POINT('Ctrl Pts',(-107.503909435488,172.400750806984,-5.40875693195448));
#12849=CARTESIAN_POINT('Ctrl Pts',(-106.923031781154,171.83894177792,-5.62561152798315));
#12850=CARTESIAN_POINT('Ctrl Pts',(-106.79231567647,171.509773335349,-5.6684382849182));
#12851=CARTESIAN_POINT('Ctrl Pts',(-106.79231567647,171.344069733048,-5.6684382849182));
#12852=CARTESIAN_POINT('Ctrl Pts',(-109.05828276495,173.344069732694,-3.51614585846429));
#12853=CARTESIAN_POINT('Ctrl Pts',(-108.954213272992,173.362944974249,-3.71722403745532));
#12854=CARTESIAN_POINT('Ctrl Pts',(-108.663100594083,173.340581234584,-4.13513063679845));
#12855=CARTESIAN_POINT('Ctrl Pts',(-107.964194173497,173.061359404923,-4.82137021482889));
#12856=CARTESIAN_POINT('Ctrl Pts',(-107.220942355964,172.558335526509,-5.32652847081785));
#12857=CARTESIAN_POINT('Ctrl Pts',(-106.688114099694,171.922778449553,-5.61100133594977));
#12858=CARTESIAN_POINT('Ctrl Pts',(-106.566880929817,171.537553643229,-5.6684382849182));
#12859=CARTESIAN_POINT('Ctrl Pts',(-106.566880929817,171.344069733048,-5.6684382849182));
#12860=CARTESIAN_POINT('Ctrl Pts',(-108.056464390627,173.846274972387,-3.25250206177427));
#12861=CARTESIAN_POINT('Ctrl Pts',(-107.989521790015,173.875390899428,-3.44833749413823));
#12862=CARTESIAN_POINT('Ctrl Pts',(-107.814002176122,173.867830124148,-3.88435352767566));
#12863=CARTESIAN_POINT('Ctrl Pts',(-107.320783606434,173.531467525818,-4.68767928594529));
#12864=CARTESIAN_POINT('Ctrl Pts',(-106.724259465999,172.895419882359,-5.31060312453532));
#12865=CARTESIAN_POINT('Ctrl Pts',(-106.275686632775,172.083162456689,-5.66396318330936));
#12866=CARTESIAN_POINT('Ctrl Pts',(-106.17245622089,171.591768609343,-5.73582359022215));
#12867=CARTESIAN_POINT('Ctrl Pts',(-106.17245622089,171.344069733048,-5.73582359022215));
#12868=CARTESIAN_POINT('Ctrl Pts',(-107.702832198146,174.895270782366,-3.15943835054927));
#12869=CARTESIAN_POINT('Ctrl Pts',(-107.626128984457,174.903917752155,-3.45151139983579));
#12870=CARTESIAN_POINT('Ctrl Pts',(-107.414623380238,174.778464057374,-4.03746373367852));
#12871=CARTESIAN_POINT('Ctrl Pts',(-106.895078375162,174.16622946806,-4.91371722422508));
#12872=CARTESIAN_POINT('Ctrl Pts',(-106.325930822784,173.288697585129,-5.51592511643056));
#12873=CARTESIAN_POINT('Ctrl Pts',(-105.911652126896,172.258507965057,-5.84786227884085));
#12874=CARTESIAN_POINT('Ctrl Pts',(-105.81698595073,171.650366444128,-5.91420949706003));
#12875=CARTESIAN_POINT('Ctrl Pts',(-105.81698595073,171.344069733048,-5.91420949706003));
#12876=CARTESIAN_POINT('Ctrl Pts',(-107.702832198403,175.344069733048,-3.15943834957346));
#12877=CARTESIAN_POINT('Ctrl Pts',(-107.612706810124,175.344069734166,-3.50190523672964));
#12878=CARTESIAN_POINT('Ctrl Pts',(-107.356361863688,175.168381386248,-4.16386349749017));
#12879=CARTESIAN_POINT('Ctrl Pts',(-106.771911200733,174.438645722311,-5.06451881787878));
#12880=CARTESIAN_POINT('Ctrl Pts',(-106.183508172707,173.45743188092,-5.63859750494612));
#12881=CARTESIAN_POINT('Ctrl Pts',(-105.769765507392,172.333813822792,-5.94751625187099));
#12882=CARTESIAN_POINT('Ctrl Pts',(-105.676660136324,171.67547693765,-6.00852481857671));
#12883=CARTESIAN_POINT('Ctrl Pts',(-105.676660136324,171.344069733048,-6.00852481857671));
#12884=CARTESIAN_POINT('',(-105.676660136324,171.344069733048,-6.0085248185767));
#12885=CARTESIAN_POINT('',(-106.79231567647,171.344069733048,-5.6684382849182));
#12886=CARTESIAN_POINT('Origin',(-106.79231567647,171.344069733048,-7.6684382849182));
#12887=CARTESIAN_POINT('',(-109.636977767221,173.344069733048,-3.66843828109733));
#12888=CARTESIAN_POINT('Ctrl Pts',(-106.79231567647,171.344069733048,-5.6684382849182));
#12889=CARTESIAN_POINT('Ctrl Pts',(-106.79231567647,171.39978145117,-5.6684382849182));
#12890=CARTESIAN_POINT('Ctrl Pts',(-106.799585397899,171.455360985411,-5.66601834243313));
#12891=CARTESIAN_POINT('Ctrl Pts',(-106.813253425406,171.510414179923,-5.66136673325372));
#12892=CARTESIAN_POINT('Ctrl Pts',(-106.826871871199,171.565267665162,-5.65673199810851));
#12893=CARTESIAN_POINT('Ctrl Pts',(-106.846841466308,171.61959838087,-5.64988040812778));
#12894=CARTESIAN_POINT('Ctrl Pts',(-106.872309157088,171.672965912162,-5.64100378710654));
#12895=CARTESIAN_POINT('Ctrl Pts',(-106.890778428852,171.711668260456,-5.63456642584729));
#12896=CARTESIAN_POINT('Ctrl Pts',(-106.912139433897,171.749862866866,-5.62706416243424));
#12897=CARTESIAN_POINT('Ctrl Pts',(-106.936073166285,171.787367483225,-5.61857745734547));
#12898=CARTESIAN_POINT('Ctrl Pts',(-106.94456685602,171.800677257472,-5.61556566467023));
#12899=CARTESIAN_POINT('Ctrl Pts',(-106.953369164964,171.813903934897,-5.61242910691013));
#12900=CARTESIAN_POINT('Ctrl Pts',(-106.962464165958,171.827040913299,-5.60917091691532));
#12901=CARTESIAN_POINT('Ctrl Pts',(-107.010480098118,171.896395964948,-5.59196970606903));
#12902=CARTESIAN_POINT('Ctrl Pts',(-107.066651584715,171.963254674332,-5.57137864767548));
#12903=CARTESIAN_POINT('Ctrl Pts',(-107.128491149159,172.027798086527,-5.54781761054768));
#12904=CARTESIAN_POINT('Ctrl Pts',(-107.196082360069,172.098344627818,-5.52206518094929));
#12905=CARTESIAN_POINT('Ctrl Pts',(-107.270445482289,172.166124477103,-5.49276300362217));
#12906=CARTESIAN_POINT('Ctrl Pts',(-107.348364201638,172.231323522904,-5.46046955947378));
#12907=CARTESIAN_POINT('Ctrl Pts',(-107.355863273025,172.237598424531,-5.45736156636217));
#12908=CARTESIAN_POINT('Ctrl Pts',(-107.363395296552,172.243849391498,-5.45422588434009));
#12909=CARTESIAN_POINT('Ctrl Pts',(-107.37095741538,172.250076572107,-5.45106302377384));
#12910=CARTESIAN_POINT('Ctrl Pts',(-107.446313382373,172.31212997633,-5.41954534706501));
#12911=CARTESIAN_POINT('Ctrl Pts',(-107.524655657738,172.371822677821,-5.38532684333675));
#12912=CARTESIAN_POINT('Ctrl Pts',(-107.605123663329,172.429128339096,-5.34849101616504));
#12913=CARTESIAN_POINT('Ctrl Pts',(-107.713621835631,172.506395812861,-5.2988238236706));
#12914=CARTESIAN_POINT('Ctrl Pts',(-107.825439851193,172.579264206843,-5.24444250723835));
#12915=CARTESIAN_POINT('Ctrl Pts',(-107.938185061084,172.6478142204,-5.18550080364982));
#12916=CARTESIAN_POINT('Ctrl Pts',(-108.071162334099,172.728665494497,-5.11598204522376));
#12917=CARTESIAN_POINT('Ctrl Pts',(-108.205430484864,172.80350929396,-5.04011913075677));
#12918=CARTESIAN_POINT('Ctrl Pts',(-108.337117827617,172.872429039631,-4.95815277803975));
#12919=CARTESIAN_POINT('Ctrl Pts',(-108.357961312698,172.883337663502,-4.9451791359698));
#12920=CARTESIAN_POINT('Ctrl Pts',(-108.378740209639,172.894097796503,-4.93205256759965));
#12921=CARTESIAN_POINT('Ctrl Pts',(-108.399439225213,172.904709691574,-4.91877400413852));
#12922=CARTESIAN_POINT('Ctrl Pts',(-108.483428441339,172.947768973567,-4.86489433375624));
#12923=CARTESIAN_POINT('Ctrl Pts',(-108.566102466342,172.988387889226,-4.80851238198248));
#12924=CARTESIAN_POINT('Ctrl Pts',(-108.646794850593,173.026242499944,-4.74969878844374));
#12925=CARTESIAN_POINT('Ctrl Pts',(-108.772644876769,173.085281575241,-4.65797151634636));
#12926=CARTESIAN_POINT('Ctrl Pts',(-108.893636194711,173.137616372908,-4.56029107743984));
#12927=CARTESIAN_POINT('Ctrl Pts',(-109.007007470578,173.181948713039,-4.45701374786095));
#12928=CARTESIAN_POINT('Ctrl Pts',(-109.044691422606,173.196684524787,-4.42268496481044));
#12929=CARTESIAN_POINT('Ctrl Pts',(-109.081533649757,173.210536422928,-4.38773806589488));
#12930=CARTESIAN_POINT('Ctrl Pts',(-109.117433499003,173.223457580162,-4.35218688274239));
#12931=CARTESIAN_POINT('Ctrl Pts',(-109.213366693475,173.25798607863,-4.25718540951409));
#12932=CARTESIAN_POINT('Ctrl Pts',(-109.302567717868,173.285865921695,-4.15786816722703));
#12933=CARTESIAN_POINT('Ctrl Pts',(-109.383164526583,173.306081482074,-4.05550170056884));
#12934=CARTESIAN_POINT('Ctrl Pts',(-109.391679526268,173.308217242696,-4.04468675087882));
#12935=CARTESIAN_POINT('Ctrl Pts',(-109.400098524501,173.310267487144,-4.03383777325224));
#12936=CARTESIAN_POINT('Ctrl Pts',(-109.408419341377,173.312231040497,-4.02295626486974));
#12937=CARTESIAN_POINT('Ctrl Pts',(-109.466408267722,173.325915316028,-3.94712152442208));
#12938=CARTESIAN_POINT('Ctrl Pts',(-109.519703340989,173.335404857281,-3.86960433272336));
#12939=CARTESIAN_POINT('Ctrl Pts',(-109.56750353893,173.340274680002,-3.79095729839416));
#12940=CARTESIAN_POINT('Ctrl Pts',(-109.592158140222,173.342786459089,-3.7503923769568));
#12941=CARTESIAN_POINT('Ctrl Pts',(-109.615351464175,173.344069733144,-3.70952710266934));
#12942=CARTESIAN_POINT('Ctrl Pts',(-109.636977765646,173.344069733048,-3.66843828026848));
#12943=CARTESIAN_POINT('',(-106.173813682453,173.34409506513,-5.62658797539999));
#12944=CARTESIAN_POINT('Ctrl Pts',(-109.636977763199,173.344069733048,-3.6684382849182));
#12945=CARTESIAN_POINT('Ctrl Pts',(-109.633764216545,173.344069733048,-3.67045514516305));
#12946=CARTESIAN_POINT('Ctrl Pts',(-109.630548981332,173.344069733048,-3.67246927858983));
#12947=CARTESIAN_POINT('Ctrl Pts',(-108.885354844813,173.344069733048,-4.1384142683502));
#12948=CARTESIAN_POINT('Ctrl Pts',(-108.029226342107,173.344069733048,-4.47515605784374));
#12949=CARTESIAN_POINT('Ctrl Pts',(-106.867952428596,173.344069733048,-5.11183884987875));
#12950=CARTESIAN_POINT('Ctrl Pts',(-106.495016543796,173.344069733048,-5.34574274503939));
#12951=CARTESIAN_POINT('Ctrl Pts',(-106.173506621029,173.344069733048,-5.62681961019618));
#12952=CARTESIAN_POINT('Ctrl Pts',(-106.174022489827,173.344112291409,-5.62643045950963));
#12953=CARTESIAN_POINT('Ctrl Pts',(-106.145252751507,173.282539534351,-5.65164781432814));
#12954=CARTESIAN_POINT('Ctrl Pts',(-106.002150210957,172.964910567819,-5.77400745655415));
#12955=CARTESIAN_POINT('Ctrl Pts',(-105.769765507392,172.333813822792,-5.94751625187099));
#12956=CARTESIAN_POINT('Ctrl Pts',(-105.676660136324,171.67547693765,-6.00852481857671));
#12957=CARTESIAN_POINT('Ctrl Pts',(-105.676660136324,171.344069733048,-6.00852481857671));
#12958=CARTESIAN_POINT('Origin',(-106.79231567647,151.844069733048,-7.6684382849182));
#12959=CARTESIAN_POINT('',(-105.676660136324,135.344069733048,-6.0085248185767));
#12960=CARTESIAN_POINT('',(-106.79231567647,135.344069733048,-5.6684382849182));
#12961=CARTESIAN_POINT('Origin',(-106.79231567647,135.344069733048,-7.6684382849182));
#12962=CARTESIAN_POINT('',(-106.79231567647,151.844069733048,-5.6684382849182));
#12963=CARTESIAN_POINT('',(-105.676660136324,151.844069733048,-6.0085248185767));
#12964=CARTESIAN_POINT('Ctrl Pts',(-106.79231567647,135.344069733048,-5.6684382849182));
#12965=CARTESIAN_POINT('Ctrl Pts',(-106.79231567647,135.210990118488,-5.6684382849182));
#12966=CARTESIAN_POINT('Ctrl Pts',(-106.875274096152,134.945665108427,-5.641099451123));
#12967=CARTESIAN_POINT('Ctrl Pts',(-107.281061980791,134.470628638976,-5.49530811848866));
#12968=CARTESIAN_POINT('Ctrl Pts',(-107.987790401596,133.987005234711,-5.18761408840044));
#12969=CARTESIAN_POINT('Ctrl Pts',(-108.83495451242,133.557096826937,-4.65371453885143));
#12970=CARTESIAN_POINT('Ctrl Pts',(-109.408547740059,133.35688693197,-4.07351834381376));
#12971=CARTESIAN_POINT('Ctrl Pts',(-109.706413634542,133.334363310509,-3.55923801532252));
#12972=CARTESIAN_POINT('Ctrl Pts',(-109.838167965099,133.394145282946,-3.16752930843067));
#12973=CARTESIAN_POINT('Ctrl Pts',(-109.878427033128,133.532144276429,-2.79061836940083));
#12974=CARTESIAN_POINT('Ctrl Pts',(-109.831752935166,133.81222766383,-2.33486286815959));
#12975=CARTESIAN_POINT('Ctrl Pts',(-109.722412884843,134.115360399552,-2.06843287246594));
#12976=CARTESIAN_POINT('Ctrl Pts',(-109.656006875943,134.344069733862,-1.93638747687964));
#12977=CARTESIAN_POINT('Ctrl Pts',(-106.566880929817,135.344069733048,-5.6684382849182));
#12978=CARTESIAN_POINT('Ctrl Pts',(-106.566880929817,135.188679205021,-5.6684382849182));
#12979=CARTESIAN_POINT('Ctrl Pts',(-106.643558913831,134.878867011909,-5.63170576669297));
#12980=CARTESIAN_POINT('Ctrl Pts',(-107.016587522902,134.335491046908,-5.4386855128094));
#12981=CARTESIAN_POINT('Ctrl Pts',(-107.657945381186,133.816413831238,-5.04454684876431));
#12982=CARTESIAN_POINT('Ctrl Pts',(-108.398413618579,133.432073434919,-4.42269812578099));
#12983=CARTESIAN_POINT('Ctrl Pts',(-108.870520907849,133.32433641614,-3.85460885037137));
#12984=CARTESIAN_POINT('Ctrl Pts',(-109.112684027574,133.351507008075,-3.42136782811571));
#12985=CARTESIAN_POINT('Ctrl Pts',(-109.226634321381,133.419989708756,-3.10561878360916));
#12986=CARTESIAN_POINT('Ctrl Pts',(-109.274744039405,133.539203635147,-2.79469626892884));
#12987=CARTESIAN_POINT('Ctrl Pts',(-109.263275580917,133.77671959256,-2.38838562050367));
#12988=CARTESIAN_POINT('Ctrl Pts',(-109.190438030361,134.058862101359,-2.11152726098692));
#12989=CARTESIAN_POINT('Ctrl Pts',(-109.142712563388,134.288181393958,-1.96865462493237));
#12990=CARTESIAN_POINT('Ctrl Pts',(-106.172458427927,135.344069733048,-5.73584139518955));
#12991=CARTESIAN_POINT('Ctrl Pts',(-106.172458427927,135.145138345125,-5.73584139518955));
#12992=CARTESIAN_POINT('Ctrl Pts',(-106.238001045727,134.748661610012,-5.69011594232505));
#12993=CARTESIAN_POINT('Ctrl Pts',(-106.553678518434,134.053489655978,-5.4499876028506));
#12994=CARTESIAN_POINT('Ctrl Pts',(-107.080910708968,133.391332444045,-4.96294402966538));
#12995=CARTESIAN_POINT('Ctrl Pts',(-107.638943305497,132.911410469676,-4.2138882401609));
#12996=CARTESIAN_POINT('Ctrl Pts',(-107.940637684224,132.799124028457,-3.58625434717349));
#12997=CARTESIAN_POINT('Ctrl Pts',(-108.090859603906,132.8477616023,-3.16086780920492));
#12998=CARTESIAN_POINT('Ctrl Pts',(-108.174797341988,132.936620004055,-2.86673562965512));
#12999=CARTESIAN_POINT('Ctrl Pts',(-108.234731838721,133.080848184369,-2.57415780147341));
#13000=CARTESIAN_POINT('Ctrl Pts',(-108.279861845551,133.367454325121,-2.16782385686012));
#13001=CARTESIAN_POINT('Ctrl Pts',(-108.266756185123,133.717151578478,-1.86485870318111));
#13002=CARTESIAN_POINT('Ctrl Pts',(-108.250008845533,134.005958665623,-1.70430215241469));
#13003=CARTESIAN_POINT('Ctrl Pts',(-105.81698595073,135.344069733048,-5.91420949706002));
#13004=CARTESIAN_POINT('Ctrl Pts',(-105.81698595073,135.098077133667,-5.91420949706002));
#13005=CARTESIAN_POINT('Ctrl Pts',(-105.876908574332,134.60769435604,-5.8718683879414));
#13006=CARTESIAN_POINT('Ctrl Pts',(-106.167403320809,133.734101178119,-5.64767021906119));
#13007=CARTESIAN_POINT('Ctrl Pts',(-106.662130584226,132.858375139156,-5.18284312018603));
#13008=CARTESIAN_POINT('Ctrl Pts',(-107.220126069135,132.112165242084,-4.41544132624692));
#13009=CARTESIAN_POINT('Ctrl Pts',(-107.565418381925,131.797741106476,-3.65280959210304));
#13010=CARTESIAN_POINT('Ctrl Pts',(-107.742776609271,131.780533185363,-3.02539070137519));
#13011=CARTESIAN_POINT('Ctrl Pts',(-107.829153309373,131.890896138607,-2.55914104281698));
#13012=CARTESIAN_POINT('Ctrl Pts',(-107.87083728969,132.127546815715,-2.1081860169016));
#13013=CARTESIAN_POINT('Ctrl Pts',(-107.873988642914,132.606037632569,-1.54539211952269));
#13014=CARTESIAN_POINT('Ctrl Pts',(-107.828912800118,133.135577266154,-1.19360047765673));
#13015=CARTESIAN_POINT('Ctrl Pts',(-107.797687732781,133.542547054363,-1.01538648974508));
#13016=CARTESIAN_POINT('Ctrl Pts',(-105.676660136324,135.344069733048,-6.0085248185767));
#13017=CARTESIAN_POINT('Ctrl Pts',(-105.676660136324,135.077910503929,-6.0085248185767));
#13018=CARTESIAN_POINT('Ctrl Pts',(-105.735749063938,134.547260483806,-5.96957946794516));
#13019=CARTESIAN_POINT('Ctrl Pts',(-106.024780256119,133.597187544906,-5.76189341187474));
#13020=CARTESIAN_POINT('Ctrl Pts',(-106.528162850193,132.629940736375,-5.32356996403504));
#13021=CARTESIAN_POINT('Ctrl Pts',(-107.131573800083,131.770123920827,-4.56300697458972));
#13022=CARTESIAN_POINT('Ctrl Pts',(-107.540127975028,131.369704130892,-3.73649241218677));
#13023=CARTESIAN_POINT('Ctrl Pts',(-107.752289396922,131.32465688797,-3.00387785130055));
#13024=CARTESIAN_POINT('Ctrl Pts',(-107.84613426681,131.444220832844,-2.44587186429966));
#13025=CARTESIAN_POINT('Ctrl Pts',(-107.874809658236,131.720218819811,-1.9089459373433));
#13026=CARTESIAN_POINT('Ctrl Pts',(-107.841565023075,132.280385594612,-1.25970252297267));
#13027=CARTESIAN_POINT('Ctrl Pts',(-107.763685208782,132.886651066057,-0.880161476021336));
#13028=CARTESIAN_POINT('Ctrl Pts',(-107.716386093537,133.344069734675,-0.692057101529106));
#13029=CARTESIAN_POINT('',(-109.636977764018,133.344069733048,-3.66843828414021));
#13030=CARTESIAN_POINT('',(-107.716386093426,133.344069734402,-0.692057101084496));
#13031=CARTESIAN_POINT('Ctrl Pts',(-109.636977763199,133.344069733048,-3.6684382849182));
#13032=CARTESIAN_POINT('Ctrl Pts',(-109.635855397697,133.344069733048,-3.66636244510841));
#13033=CARTESIAN_POINT('Ctrl Pts',(-109.634731229367,133.344069733048,-3.66428758791063));
#13034=CARTESIAN_POINT('Ctrl Pts',(-109.220319836641,133.344069733048,-2.90100025323319));
#13035=CARTESIAN_POINT('Ctrl Pts',(-108.652456050381,133.344069733048,-2.43407036590711));
#13036=CARTESIAN_POINT('Ctrl Pts',(-108.013506478805,133.344069733048,-1.46487823748668));
#13037=CARTESIAN_POINT('Ctrl Pts',(-107.821408762518,133.344069733048,-1.10972291547762));
#13038=CARTESIAN_POINT('Ctrl Pts',(-107.716386093706,133.344069733048,-0.692057102198197));
#13039=CARTESIAN_POINT('Ctrl Pts',(-109.636978085625,133.344114406199,-3.66843844896688));
#13040=CARTESIAN_POINT('Ctrl Pts',(-109.591264154775,133.34412305462,-3.75529067958912));
#13041=CARTESIAN_POINT('Ctrl Pts',(-109.538788253891,133.34977599372,-3.84126352301871));
#13042=CARTESIAN_POINT('Ctrl Pts',(-109.480198836304,133.36068032227,-3.92543871752934));
#13043=CARTESIAN_POINT('Ctrl Pts',(-109.476646713216,133.361341423179,-3.93054203932648));
#13044=CARTESIAN_POINT('Ctrl Pts',(-109.473072107574,133.362021836483,-3.93563875915277));
#13045=CARTESIAN_POINT('Ctrl Pts',(-109.469475159421,133.362721478615,-3.94072867407816));
#13046=CARTESIAN_POINT('Ctrl Pts',(-109.449917248722,133.36652568645,-3.96840438619777));
#13047=CARTESIAN_POINT('Ctrl Pts',(-109.429698819591,133.370898359228,-3.99587891180064));
#13048=CARTESIAN_POINT('Ctrl Pts',(-109.408859111353,133.375821074851,-4.02314037912333));
#13049=CARTESIAN_POINT('Ctrl Pts',(-109.341660640239,133.391694567885,-4.11104606875535));
#13050=CARTESIAN_POINT('Ctrl Pts',(-109.267980986797,133.413254266837,-4.19656306294239));
#13051=CARTESIAN_POINT('Ctrl Pts',(-109.189058600374,133.439833451734,-4.27928003464328));
#13052=CARTESIAN_POINT('Ctrl Pts',(-109.103219622078,133.468741980467,-4.36924614768645));
#13053=CARTESIAN_POINT('Ctrl Pts',(-109.011177947907,133.50358843316,-4.4559009434259));
#13054=CARTESIAN_POINT('Ctrl Pts',(-108.914482291624,133.543556132964,-4.53870205880841));
#13055=CARTESIAN_POINT('Ctrl Pts',(-108.879678179268,133.557941891002,-4.56850504514509));
#13056=CARTESIAN_POINT('Ctrl Pts',(-108.84427080109,133.572991472396,-4.59780858384732));
#13057=CARTESIAN_POINT('Ctrl Pts',(-108.808331486756,133.588667863314,-4.62658661564764));
#13058=CARTESIAN_POINT('Ctrl Pts',(-108.755588466293,133.611673872813,-4.66882004019289));
#13059=CARTESIAN_POINT('Ctrl Pts',(-108.70169980653,133.63602976124,-4.7099217547119));
#13060=CARTESIAN_POINT('Ctrl Pts',(-108.646882509271,133.661688004435,-4.74989463071109));
#13061=CARTESIAN_POINT('Ctrl Pts',(-108.511955766724,133.724842945429,-4.84828346450135));
#13062=CARTESIAN_POINT('Ctrl Pts',(-108.371847703997,133.795737793084,-4.9396051479849));
#13063=CARTESIAN_POINT('Ctrl Pts',(-108.229822973937,133.873538395317,-5.02388479137207));
#13064=CARTESIAN_POINT('Ctrl Pts',(-108.149487993544,133.917545589361,-5.07155679536835));
#13065=CARTESIAN_POINT('Ctrl Pts',(-108.068539087459,133.963762877337,-5.11697490017317));
#13066=CARTESIAN_POINT('Ctrl Pts',(-107.987566015071,134.012044624227,-5.16013911137652));
#13067=CARTESIAN_POINT('Ctrl Pts',(-107.869597049484,134.082385881751,-5.22302467562546));
#13068=CARTESIAN_POINT('Ctrl Pts',(-107.751574289609,134.157107451079,-5.281126984867));
#13069=CARTESIAN_POINT('Ctrl Pts',(-107.637308574878,134.236568853323,-5.33402620602067));
#13070=CARTESIAN_POINT('Ctrl Pts',(-107.62661573369,134.244004750931,-5.33897644828821));
#13071=CARTESIAN_POINT('Ctrl Pts',(-107.615955823352,134.251482177313,-5.34388111633081));
#13072=CARTESIAN_POINT('Ctrl Pts',(-107.605331988108,134.259001441614,-5.34873985889456));
#13073=CARTESIAN_POINT('Ctrl Pts',(-107.496939281438,134.335718878489,-5.39831256454859));
#13074=CARTESIAN_POINT('Ctrl Pts',(-107.392335147537,134.416710818133,-5.44305509308018));
#13075=CARTESIAN_POINT('Ctrl Pts',(-107.294993684838,134.50229369949,-5.48261547124183));
#13076=CARTESIAN_POINT('Ctrl Pts',(-107.259905359162,134.533143451796,-5.4968756579528));
#13077=CARTESIAN_POINT('Ctrl Pts',(-107.225760402919,134.564589608628,-5.51046212515113));
#13078=CARTESIAN_POINT('Ctrl Pts',(-107.192720586195,134.59664627413,-5.52335722185863));
#13079=CARTESIAN_POINT('Ctrl Pts',(-107.103415841384,134.683293617123,-5.55821193459442));
#13080=CARTESIAN_POINT('Ctrl Pts',(-107.022186273047,134.774404732151,-5.58801657984172));
#13081=CARTESIAN_POINT('Ctrl Pts',(-106.956926787275,134.869791677839,-5.61133754267883));
#13082=CARTESIAN_POINT('Ctrl Pts',(-106.949879439769,134.880092478494,-5.61385596474952));
#13083=CARTESIAN_POINT('Ctrl Pts',(-106.943018318688,134.890443094944,-5.61629876594898));
#13084=CARTESIAN_POINT('Ctrl Pts',(-106.936353359014,134.900843253905,-5.61866413716817));
#13085=CARTESIAN_POINT('Ctrl Pts',(-106.925387884509,134.91795403679,-5.62255574627969));
#13086=CARTESIAN_POINT('Ctrl Pts',(-106.914952323961,134.935196838213,-5.6262372928728));
#13087=CARTESIAN_POINT('Ctrl Pts',(-106.905089961056,134.952570737935,-5.62970096260353));
#13088=CARTESIAN_POINT('Ctrl Pts',(-106.859900773128,135.032177666533,-5.64557144150351));
#13089=CARTESIAN_POINT('Ctrl Pts',(-106.826742622455,135.114534570131,-5.65686843728681));
#13090=CARTESIAN_POINT('Ctrl Pts',(-106.808483138657,135.198012312237,-5.66302554381025));
#13091=CARTESIAN_POINT('Ctrl Pts',(-106.797893554553,135.24642521266,-5.66659635655013));
#13092=CARTESIAN_POINT('Ctrl Pts',(-106.79231567647,135.295215691234,-5.6684382849182));
#13093=CARTESIAN_POINT('Ctrl Pts',(-106.79231567647,135.344069733048,-5.6684382849182));
#13094=CARTESIAN_POINT('Ctrl Pts',(-105.676660136324,135.344069733048,-6.0085248185767));
#13095=CARTESIAN_POINT('Ctrl Pts',(-105.676660136324,135.077910503929,-6.0085248185767));
#13096=CARTESIAN_POINT('Ctrl Pts',(-105.735749063938,134.547260483806,-5.96957946794516));
#13097=CARTESIAN_POINT('Ctrl Pts',(-106.024780256119,133.597187544906,-5.76189341187474));
#13098=CARTESIAN_POINT('Ctrl Pts',(-106.528162850193,132.629940736375,-5.32356996403504));
#13099=CARTESIAN_POINT('Ctrl Pts',(-107.131573800083,131.770123920827,-4.56300697458972));
#13100=CARTESIAN_POINT('Ctrl Pts',(-107.540127975028,131.369704130892,-3.73649241218677));
#13101=CARTESIAN_POINT('Ctrl Pts',(-107.752289396922,131.32465688797,-3.00387785130055));
#13102=CARTESIAN_POINT('Ctrl Pts',(-107.84613426681,131.444220832844,-2.44587186429966));
#13103=CARTESIAN_POINT('Ctrl Pts',(-107.874809658236,131.720218819811,-1.9089459373433));
#13104=CARTESIAN_POINT('Ctrl Pts',(-107.841565023075,132.280385594612,-1.25970252297267));
#13105=CARTESIAN_POINT('Ctrl Pts',(-107.763685208782,132.886651066057,-0.880161476021336));
#13106=CARTESIAN_POINT('Ctrl Pts',(-107.716386093537,133.344069734675,-0.692057101529106));
#13107=CARTESIAN_POINT('Origin',(-102.914854846693,151.844069733048,-1.89940903264833));
#13108=CARTESIAN_POINT('',(-102.914854846693,130.344069733048,3.05159096735167));
#13109=CARTESIAN_POINT('Origin',(-102.914854846693,130.344069733048,-1.89940903264833));
#13110=CARTESIAN_POINT('',(-102.914854846693,173.344069733048,3.05159096735166));
#13111=CARTESIAN_POINT('',(-102.914854846693,151.844069733048,3.05159096735167));
#13112=CARTESIAN_POINT('',(-103.504778873108,173.344069733048,3.01631986987043));
#13113=CARTESIAN_POINT('Origin',(-102.914854846693,173.344069733048,-1.89940903264834));
#13114=CARTESIAN_POINT('',(-106.175265702215,171.344069733048,1.82646295296696));
#13115=CARTESIAN_POINT('Ctrl Pts',(-106.175265702215,171.344069733048,1.82646295296696));
#13116=CARTESIAN_POINT('Ctrl Pts',(-106.174051868298,171.345980912408,1.82752514654071));
#13117=CARTESIAN_POINT('Ctrl Pts',(-106.172837513131,171.347892095198,1.82858674884858));
#13118=CARTESIAN_POINT('Ctrl Pts',(-106.004850183933,171.612160295224,1.97529830446243));
#13119=CARTESIAN_POINT('Ctrl Pts',(-105.559105743742,172.360554251817,2.3482952810425));
#13120=CARTESIAN_POINT('Ctrl Pts',(-104.687411265694,173.007991084129,2.7290413242844));
#13121=CARTESIAN_POINT('Ctrl Pts',(-104.457178169472,173.136992505483,2.81247628849336));
#13122=CARTESIAN_POINT('Ctrl Pts',(-103.981526355965,173.301564987331,2.9408589750319));
#13123=CARTESIAN_POINT('Ctrl Pts',(-103.746505546364,173.344069733048,2.98731087136647));
#13124=CARTESIAN_POINT('Ctrl Pts',(-103.504778873108,173.344069733048,3.01631986987044));
#13125=CARTESIAN_POINT('',(-106.175265702215,135.344069733048,1.82646295296697));
#13126=CARTESIAN_POINT('',(-106.175265702215,151.844069733048,1.82646295296697));
#13127=CARTESIAN_POINT('',(-107.492337346538,133.454566787093,-0.0128632570021488));
#13128=CARTESIAN_POINT('Ctrl Pts',(-106.175265702215,135.344069733048,1.82646295296697));
#13129=CARTESIAN_POINT('Ctrl Pts',(-106.176288948624,135.342458633383,1.82556753742093));
#13130=CARTESIAN_POINT('Ctrl Pts',(-106.177311827445,135.340847531706,1.82467169923093));
#13131=CARTESIAN_POINT('Ctrl Pts',(-106.465632587914,134.88656134828,1.57195016579612));
#13132=CARTESIAN_POINT('Ctrl Pts',(-106.827642351756,134.255289684805,1.20019063006233));
#13133=CARTESIAN_POINT('Ctrl Pts',(-107.27620476644,133.669203799374,0.45543955003922));
#13134=CARTESIAN_POINT('Ctrl Pts',(-107.390864162966,133.539991880003,0.233349545253758));
#13135=CARTESIAN_POINT('Ctrl Pts',(-107.492337346538,133.454566787093,-0.012863257001085));
#13136=CARTESIAN_POINT('',(-107.710385267641,133.344069733048,-0.66843828491819));
#13137=CARTESIAN_POINT('Ctrl Pts',(-107.492337346539,133.454566787093,-0.0128632570021767));
#13138=CARTESIAN_POINT('Ctrl Pts',(-107.579293081608,133.381363192942,-0.223851169768802));
#13139=CARTESIAN_POINT('Ctrl Pts',(-107.654139637055,133.344069733048,-0.449320460212122));
#13140=CARTESIAN_POINT('Ctrl Pts',(-107.71038526764,133.344069733048,-0.66843828491819));
#13141=CARTESIAN_POINT('Origin',(-102.914854846693,133.344069733048,-1.89940903264833));
#13142=CARTESIAN_POINT('',(-99.7044312772037,173.344069733048,-5.6684382849182));
#13143=CARTESIAN_POINT('Origin',(-102.914854846693,173.344069733048,-1.89940903264834));
#13144=CARTESIAN_POINT('',(-99.7044312772037,133.344069733048,-5.6684382849182));
#13145=CARTESIAN_POINT('',(-99.7044312772037,151.844069733048,-5.6684382849182));
#13146=CARTESIAN_POINT('',(-99.3367082476151,133.344069733048,-5.32128978970366));
#13147=CARTESIAN_POINT('Origin',(-102.914854846693,133.344069733048,-1.89940903264833));
#13148=CARTESIAN_POINT('',(-99.3367082476151,173.344069733048,-5.32128978970367));
#13149=CARTESIAN_POINT('',(-99.3367082476151,151.844069733048,-5.32128978970367));
#13150=CARTESIAN_POINT('Origin',(-102.914854846693,173.344069733048,-1.89940903264834));
#13151=CARTESIAN_POINT('Origin',(-119.416708247615,171.344069733048,-3.6684382849182));
#13152=CARTESIAN_POINT('',(-137.496708247615,171.344069733048,-5.6684382849182));
#13153=CARTESIAN_POINT('',(-119.416708247615,171.344069733048,-5.6684382849182));
#13154=CARTESIAN_POINT('',(-137.496708247615,173.344069733048,-3.6684382849182));
#13155=CARTESIAN_POINT('Origin',(-137.496708247615,171.344069733048,-3.6684382849182));
#13156=CARTESIAN_POINT('',(-119.416708247615,173.344069733048,-3.6684382849182));
#13157=CARTESIAN_POINT('Origin',(-137.496708247615,153.344069733048,-3.6684382849182));
#13158=CARTESIAN_POINT('',(-137.496708247615,135.344069733048,-5.6684382849182));
#13159=CARTESIAN_POINT('',(-139.496708247615,135.344069733048,-3.6684382849182));
#13160=CARTESIAN_POINT('Origin',(-137.496708247615,135.344069733048,-3.6684382849182));
#13161=CARTESIAN_POINT('',(-139.496708247615,171.344069733048,-3.6684382849182));
#13162=CARTESIAN_POINT('',(-139.496708247615,153.344069733048,-3.6684382849182));
#13163=CARTESIAN_POINT('Origin',(-137.496708247615,171.344069733048,-3.6684382849182));
#13164=CARTESIAN_POINT('',(-137.496708247615,153.344069733048,-5.6684382849182));
#13165=CARTESIAN_POINT('Origin',(-137.496708247615,171.344069733048,-3.6684382849182));
#13166=CARTESIAN_POINT('Origin',(-137.496708247615,171.344069733048,-3.6684382849182));
#13167=CARTESIAN_POINT('Origin',(-119.416708247615,135.344069733048,-3.6684382849182));
#13168=CARTESIAN_POINT('',(-137.496708247615,133.344069733048,-3.6684382849182));
#13169=CARTESIAN_POINT('',(-119.416708247615,133.344069733048,-3.6684382849182));
#13170=CARTESIAN_POINT('Origin',(-137.496708247615,135.344069733048,-3.6684382849182));
#13171=CARTESIAN_POINT('',(-119.416708247615,135.344069733048,-5.6684382849182));
#13172=CARTESIAN_POINT('Origin',(-137.496708247615,135.344069733048,-3.6684382849182));
#13173=CARTESIAN_POINT('Origin',(-137.496708247615,135.344069733048,-3.6684382849182));
#13174=CARTESIAN_POINT('Origin',(-119.416708247615,173.344069733048,-2.16843828491819));
#13175=CARTESIAN_POINT('',(-137.496708247615,173.344069733048,-0.66843828491819));
#13176=CARTESIAN_POINT('',(-137.496708247615,173.344069733048,-2.16843828491819));
#13177=CARTESIAN_POINT('',(-107.492337346538,173.344069733048,-0.668438284918196));
#13178=CARTESIAN_POINT('',(-119.416708247615,173.344069733048,-0.66843828491819));
#13179=CARTESIAN_POINT('Origin',(-107.492337346538,173.344069733048,3.3315617150818));
#13180=CARTESIAN_POINT('',(-99.3367082476151,173.344069733048,-5.6684382849182));
#13181=CARTESIAN_POINT('',(-99.3367082476151,173.344069733048,-2.16843828491819));
#13182=CARTESIAN_POINT('',(-119.416708247615,173.344069733048,-5.6684382849182));
#13183=CARTESIAN_POINT('Origin',(-137.496708247615,171.344069733048,-2.16843828491819));
#13184=CARTESIAN_POINT('',(-139.496708247615,171.344069733048,-0.66843828491819));
#13185=CARTESIAN_POINT('',(-139.496708247615,171.344069733048,-2.16843828491819));
#13186=CARTESIAN_POINT('Origin',(-137.496708247615,171.344069733048,-0.66843828491819));
#13187=CARTESIAN_POINT('Origin',(-139.496708247615,153.344069733048,-2.16843828491819));
#13188=CARTESIAN_POINT('',(-139.496708247615,135.344069733048,-0.66843828491819));
#13189=CARTESIAN_POINT('',(-139.496708247615,135.344069733048,-2.16843828491819));
#13190=CARTESIAN_POINT('',(-139.496708247615,153.344069733048,-0.66843828491819));
#13191=CARTESIAN_POINT('Origin',(-137.496708247615,135.344069733048,-2.16843828491819));
#13192=CARTESIAN_POINT('',(-137.496708247615,133.344069733048,-0.66843828491819));
#13193=CARTESIAN_POINT('',(-137.496708247615,133.344069733048,-2.16843828491819));
#13194=CARTESIAN_POINT('Origin',(-137.496708247615,135.344069733048,-0.66843828491819));
#13195=CARTESIAN_POINT('Origin',(-119.416708247615,133.344069733048,-2.16843828491819));
#13196=CARTESIAN_POINT('',(-119.416708247615,133.344069733048,-0.66843828491819));
#13197=CARTESIAN_POINT('Origin',(-119.416708247615,135.344069733048,-0.66843828491819));
#13198=CARTESIAN_POINT('',(-137.496708247615,135.344069733048,1.33156171508181));
#13199=CARTESIAN_POINT('Origin',(-137.496708247615,135.344069733048,-0.66843828491819));
#13200=CARTESIAN_POINT('',(-107.710385267641,135.344069733048,1.33156171508181));
#13201=CARTESIAN_POINT('Origin',(-107.710385267641,135.344069733048,-0.66843828491819));
#13202=CARTESIAN_POINT('',(-119.416708247615,135.344069733048,1.33156171508181));
#13203=CARTESIAN_POINT('Origin',(-137.496708247615,153.344069733048,-0.66843828491819));
#13204=CARTESIAN_POINT('',(-137.496708247615,171.344069733048,1.33156171508181));
#13205=CARTESIAN_POINT('Origin',(-137.496708247615,171.344069733048,-0.66843828491819));
#13206=CARTESIAN_POINT('Origin',(-137.496708247615,135.344069733048,-0.66843828491819));
#13207=CARTESIAN_POINT('',(-137.496708247615,153.344069733048,1.33156171508181));
#13208=CARTESIAN_POINT('Origin',(-107.492337346538,171.344069733048,3.3315617150818));
#13209=CARTESIAN_POINT('',(-107.492337346538,171.344069733048,1.33156171508181));
#13210=CARTESIAN_POINT('Origin',(-107.492337346538,171.344069733048,-0.668438284918196));
#13211=CARTESIAN_POINT('Origin',(-107.492337346538,171.344069733048,3.3315617150818));
#13212=CARTESIAN_POINT('Origin',(-119.416708247615,171.344069733048,-0.66843828491819));
#13213=CARTESIAN_POINT('Origin',(-137.496708247615,171.344069733048,-0.66843828491819));
#13214=CARTESIAN_POINT('',(-119.416708247615,171.344069733048,1.33156171508181));
#13215=CARTESIAN_POINT('Origin',(-137.496708247615,171.344069733048,-0.66843828491819));
#13216=CARTESIAN_POINT('Origin',(-137.496708247615,135.344069733048,-0.66843828491819));
#13217=CARTESIAN_POINT('Origin',(-119.416708247615,135.344069733048,-0.66843828491819));
#13218=CARTESIAN_POINT('',(-107.492337346538,135.344069733048,1.33156171508181));
#13219=CARTESIAN_POINT('Origin',(-107.492337346538,135.344069733048,-0.66843828491819));
#13220=CARTESIAN_POINT('',(-119.416708247615,135.344069733048,1.33156171508181));
#13221=CARTESIAN_POINT('Origin',(-107.492337346538,135.344069733048,3.33156171508181));
#13222=CARTESIAN_POINT('Origin',(-107.492337346538,135.344069733048,3.33156171508181));
#13223=CARTESIAN_POINT('Origin',(-107.492337346538,151.844069733048,3.33156171508181));
#13224=CARTESIAN_POINT('',(-107.492337346538,151.844069733048,1.33156171508181));
#13225=CARTESIAN_POINT('Origin',(-119.416708247615,153.344069733048,-5.6684382849182));
#13226=CARTESIAN_POINT('Origin',(-102.914854846693,130.344069733048,-1.89940903264833));
#13227=CARTESIAN_POINT('Origin',(-119.416708247615,133.344069733048,-2.16843828491819));
#13228=CARTESIAN_POINT('',(-99.3367082476151,133.344069733048,-5.6684382849182));
#13229=CARTESIAN_POINT('',(-119.416708247615,133.344069733048,-5.6684382849182));
#13230=CARTESIAN_POINT('',(-99.3367082476151,133.344069733048,-2.16843828491819));
#13231=CARTESIAN_POINT('Origin',(-119.416708247615,153.344069733048,1.33156171508181));
#13232=CARTESIAN_POINT('Origin',(-119.416708247615,153.344069733048,-5.6684382849182));
#13233=CARTESIAN_POINT('',(-99.3367082476151,153.344069733048,-5.6684382849182));
#13234=CARTESIAN_POINT('Origin',(-99.3367082476151,153.344069733048,-2.16843828491819));
#13235=CARTESIAN_POINT('',(-91.4737420381356,42.5217294839175,-6.94704005605722));
#13236=CARTESIAN_POINT('',(-15.6010738197507,293.062047256224,-6.59610631827125));
#13237=UNCERTAINTY_MEASURE_WITH_UNIT(LENGTH_MEASURE(0.01),#13245,
'DISTANCE_ACCURACY_VALUE',
'Maximum model space distance between geometric entities at asserted c
onnectivities');
#13238=UNCERTAINTY_MEASURE_WITH_UNIT(LENGTH_MEASURE(0.01),#13245,
'DISTANCE_ACCURACY_VALUE',
'Maximum model space distance between geometric entities at asserted c
onnectivities');
#13239=UNCERTAINTY_MEASURE_WITH_UNIT(LENGTH_MEASURE(0.01),#13245,
'DISTANCE_ACCURACY_VALUE',
'Maximum model space distance between geometric entities at asserted c
onnectivities');
#13240=UNCERTAINTY_MEASURE_WITH_UNIT(LENGTH_MEASURE(0.01),#13245,
'DISTANCE_ACCURACY_VALUE',
'Maximum model space distance between geometric entities at asserted c
onnectivities');
#13241=(
GEOMETRIC_REPRESENTATION_CONTEXT(3)
GLOBAL_UNCERTAINTY_ASSIGNED_CONTEXT((#13237))
GLOBAL_UNIT_ASSIGNED_CONTEXT((#13245,#13247,#13248))
REPRESENTATION_CONTEXT('','3D')
);
#13242=(
GEOMETRIC_REPRESENTATION_CONTEXT(3)
GLOBAL_UNCERTAINTY_ASSIGNED_CONTEXT((#13238))
GLOBAL_UNIT_ASSIGNED_CONTEXT((#13245,#13247,#13248))
REPRESENTATION_CONTEXT('','3D')
);
#13243=(
GEOMETRIC_REPRESENTATION_CONTEXT(3)
GLOBAL_UNCERTAINTY_ASSIGNED_CONTEXT((#13239))
GLOBAL_UNIT_ASSIGNED_CONTEXT((#13245,#13247,#13248))
REPRESENTATION_CONTEXT('','3D')
);
#13244=(
GEOMETRIC_REPRESENTATION_CONTEXT(3)
GLOBAL_UNCERTAINTY_ASSIGNED_CONTEXT((#13240))
GLOBAL_UNIT_ASSIGNED_CONTEXT((#13245,#13247,#13248))
REPRESENTATION_CONTEXT('','3D')
);
#13245=(
LENGTH_UNIT()
NAMED_UNIT(*)
SI_UNIT(.MILLI.,.METRE.)
);
#13246=(
LENGTH_UNIT()
NAMED_UNIT(*)
SI_UNIT($,.METRE.)
);
#13247=(
NAMED_UNIT(*)
PLANE_ANGLE_UNIT()
SI_UNIT($,.RADIAN.)
);
#13248=(
NAMED_UNIT(*)
SI_UNIT($,.STERADIAN.)
SOLID_ANGLE_UNIT()
);
#13249=SHAPE_DEFINITION_REPRESENTATION(#13252,#13257);
#13250=SHAPE_DEFINITION_REPRESENTATION(#13253,#13258);
#13251=SHAPE_DEFINITION_REPRESENTATION(#13254,#13259);
#13252=PRODUCT_DEFINITION_SHAPE('',$,#13261);
#13253=PRODUCT_DEFINITION_SHAPE('',$,#13262);
#13254=PRODUCT_DEFINITION_SHAPE('',$,#13263);
#13255=PRODUCT_DEFINITION_SHAPE($,$,#17);
#13256=PRODUCT_DEFINITION_SHAPE($,$,#18);
#13257=SHAPE_REPRESENTATION('',(#6725,#7432,#7433),#13241);
#13258=SHAPE_REPRESENTATION('',(#6726),#13242);
#13259=SHAPE_REPRESENTATION('',(#6817),#13243);
#13260=PRODUCT_DEFINITION_CONTEXT('part definition',#13271,'design');
#13261=PRODUCT_DEFINITION('Laptop Cooler','Laptop Cooler v2 v7',#13264,
#13260);
#13262=PRODUCT_DEFINITION('Laptop Hooks.f3d','Laptop Hooks.f3d v1',#13265,
#13260);
#13263=PRODUCT_DEFINITION('LuoT Switch,LED,andPMW Holder.f3d',
'LuoT Switch,LED,andPMW Holder.f3d v2',#13266,#13260);
#13264=PRODUCT_DEFINITION_FORMATION('',$,#13273);
#13265=PRODUCT_DEFINITION_FORMATION('',$,#13274);
#13266=PRODUCT_DEFINITION_FORMATION('',$,#13275);
#13267=PRODUCT_RELATED_PRODUCT_CATEGORY('Laptop Cooler v2 v7',
'Laptop Cooler v2 v7',(#13273));
#13268=PRODUCT_RELATED_PRODUCT_CATEGORY('Laptop Hooks.f3d v1',
'Laptop Hooks.f3d v1',(#13274));
#13269=PRODUCT_RELATED_PRODUCT_CATEGORY(
'LuoT Switch,LED,andPMW Holder.f3d v2',
'LuoT Switch,LED,andPMW Holder.f3d v2',(#13275));
#13270=APPLICATION_PROTOCOL_DEFINITION('international standard',
'automotive_design',2009,#13271);
#13271=APPLICATION_CONTEXT(
'Core Data for Automotive Mechanical Design Process');
#13272=PRODUCT_CONTEXT('part definition',#13271,'mechanical');
#13273=PRODUCT('Laptop Cooler','Laptop Cooler v2 v7',$,(#13272));
#13274=PRODUCT('Laptop Hooks.f3d','Laptop Hooks.f3d v1',$,(#13272));
#13275=PRODUCT('LuoT Switch,LED,andPMW Holder.f3d',
'LuoT Switch,LED,andPMW Holder.f3d v2',$,(#13272));
#13276=PRESENTATION_STYLE_ASSIGNMENT((#13279));
#13277=PRESENTATION_STYLE_ASSIGNMENT((#13280));
#13278=PRESENTATION_STYLE_ASSIGNMENT((#13281));
#13279=SURFACE_STYLE_USAGE(.BOTH.,#13282);
#13280=SURFACE_STYLE_USAGE(.BOTH.,#13283);
#13281=SURFACE_STYLE_USAGE(.BOTH.,#13284);
#13282=SURFACE_SIDE_STYLE('',(#13285));
#13283=SURFACE_SIDE_STYLE('',(#13286));
#13284=SURFACE_SIDE_STYLE('',(#13287));
#13285=SURFACE_STYLE_FILL_AREA(#13288);
#13286=SURFACE_STYLE_FILL_AREA(#13289);
#13287=SURFACE_STYLE_FILL_AREA(#13290);
#13288=FILL_AREA_STYLE('Steel - Satin',(#13291));
#13289=FILL_AREA_STYLE('Opaque(160,160,160)',(#13292));
#13290=FILL_AREA_STYLE('Opaque(233,29,45)',(#13293));
#13291=FILL_AREA_STYLE_COLOUR('Steel - Satin',#13294);
#13292=FILL_AREA_STYLE_COLOUR('Opaque(160,160,160)',#13295);
#13293=FILL_AREA_STYLE_COLOUR('Opaque(233,29,45)',#13296);
#13294=COLOUR_RGB('Steel - Satin',0.627450980392157,0.627450980392157,0.627450980392157);
#13295=COLOUR_RGB('Opaque(160,160,160)',0.627450980392157,0.627450980392157,
0.627450980392157);
#13296=COLOUR_RGB('Opaque(233,29,45)',0.913725490196078,0.113725490196078,
0.176470588235294);
ENDSEC;
END-ISO-10303-21;
