ISO-10303-21;
HEADER;
/* Generated by software containing ST-Developer
 * from STEP Tools, Inc. (www.steptools.com) 
 */

FILE_DESCRIPTION(
/* description */ (''),
/* implementation_level */ '2;1');

FILE_NAME(
/* name */ 'Laptop Cooler v2 v3.step',
/* time_stamp */ '2025-08-05T20:55:09-07:00',
/* author */ (''),
/* organization */ (''),
/* preprocessor_version */ 'ST-DEVELOPER v20.1',
/* originating_system */ 'Autodesk Translation Framework v14.10.0.0',
/* authorisation */ '');

FILE_SCHEMA (('AUTOMOTIVE_DESIGN { 1 0 10303 214 3 1 1 }'));
ENDSEC;

DATA;
#10=MECHANICAL_DESIGN_GEOMETRIC_PRESENTATION_REPRESENTATION('',(#41,#42,
#43,#44,#45,#46),#9192);
#11=ITEM_DEFINED_TRANSFORMATION($,$,#4995,#5443);
#12=ITEM_DEFINED_TRANSFORMATION($,$,#5086,#5444);
#13=(
REPRESENTATION_RELATIONSHIP($,$,#9206,#9205)
REPRESENTATION_RELATIONSHIP_WITH_TRANSFORMATION(#11)
SHAPE_REPRESENTATION_RELATIONSHIP()
);
#14=(
REPRESENTATION_RELATIONSHIP($,$,#9207,#9205)
REPRESENTATION_RELATIONSHIP_WITH_TRANSFORMATION(#12)
SHAPE_REPRESENTATION_RELATIONSHIP()
);
#15=CONTEXT_DEPENDENT_SHAPE_REPRESENTATION(#13,#9203);
#16=CONTEXT_DEPENDENT_SHAPE_REPRESENTATION(#14,#9204);
#17=NEXT_ASSEMBLY_USAGE_OCCURRENCE('Laptop Hooks.f3d v1:1',
'Laptop Hooks.f3d v1:1','Laptop Hooks.f3d v1:1',#9209,#9210,
'Laptop Hooks.f3d v1:1');
#18=NEXT_ASSEMBLY_USAGE_OCCURRENCE(
'LuoT Switch,LED,andPMW Holder.f3d v1:1',
'LuoT Switch,LED,andPMW Holder.f3d v1:1',
'LuoT Switch,LED,andPMW Holder.f3d v1:1',#9209,#9211,
'LuoT Switch,LED,andPMW Holder.f3d v1:1');
#19=(
BOUNDED_SURFACE()
B_SPLINE_SURFACE(2,2,((#8681,#8682,#8683,#8684,#8685),(#8686,#8687,#8688,
#8689,#8690),(#8691,#8692,#8693,#8694,#8695)),.UNSPECIFIED.,.F.,.F.,.F.)
B_SPLINE_SURFACE_WITH_KNOTS((3,3),(3,2,3),(1.5707963267949,3.14159265358979),
(0.432751442098471,1.78717204784414,3.1415926535898),.UNSPECIFIED.)
GEOMETRIC_REPRESENTATION_ITEM()
RATIONAL_B_SPLINE_SURFACE(((1.,0.779323832875462,1.,0.779323832875462,1.),
(0.707106781186547,0.55106516696653,0.707106781186547,0.55106516696653,
0.707106781186547),(1.,0.779323832875462,1.,0.779323832875462,1.)))
REPRESENTATION_ITEM('')
SURFACE()
);
#20=SPHERICAL_SURFACE('',#5175,4.);
#21=SPHERICAL_SURFACE('',#5211,2.);
#22=FACE_BOUND('',#1617,.T.);
#23=FACE_BOUND('',#1642,.T.);
#24=FACE_BOUND('',#1643,.T.);
#25=FACE_BOUND('',#1644,.T.);
#26=FACE_BOUND('',#1647,.T.);
#27=FACE_BOUND('',#1648,.T.);
#28=FACE_BOUND('',#1657,.T.);
#29=FACE_BOUND('',#1682,.T.);
#30=FACE_BOUND('',#1721,.T.);
#31=FACE_BOUND('',#1722,.T.);
#32=FACE_BOUND('',#1791,.T.);
#33=FACE_BOUND('',#1797,.T.);
#34=FACE_BOUND('',#1802,.T.);
#35=SHAPE_REPRESENTATION_RELATIONSHIP('SRR','None',#9206,#38);
#36=SHAPE_REPRESENTATION_RELATIONSHIP('SRR','None',#9207,#39);
#37=SHAPE_REPRESENTATION_RELATIONSHIP('SRR','None',#9205,#40);
#38=ADVANCED_BREP_SHAPE_REPRESENTATION('',(#47,#48),#9190);
#39=ADVANCED_BREP_SHAPE_REPRESENTATION('',(#49),#9191);
#40=ADVANCED_BREP_SHAPE_REPRESENTATION('',(#50,#51,#52),#9189);
#41=STYLED_ITEM('',(#9226),#47);
#42=STYLED_ITEM('',(#9226),#48);
#43=STYLED_ITEM('',(#9226),#49);
#44=STYLED_ITEM('',(#9225),#50);
#45=STYLED_ITEM('',(#9225),#51);
#46=STYLED_ITEM('',(#9225),#52);
#47=MANIFOLD_SOLID_BREP('Body1',#4965);
#48=MANIFOLD_SOLID_BREP('Body2',#4966);
#49=MANIFOLD_SOLID_BREP('Body1',#4967);
#50=MANIFOLD_SOLID_BREP('Body1',#4968);
#51=MANIFOLD_SOLID_BREP('Body2',#4969);
#52=MANIFOLD_SOLID_BREP('Body3',#4970);
#53=PLANE('',#5003);
#54=PLANE('',#5009);
#55=PLANE('',#5010);
#56=PLANE('',#5011);
#57=PLANE('',#5019);
#58=PLANE('',#5033);
#59=PLANE('',#5034);
#60=PLANE('',#5035);
#61=PLANE('',#5036);
#62=PLANE('',#5037);
#63=PLANE('',#5038);
#64=PLANE('',#5039);
#65=PLANE('',#5040);
#66=PLANE('',#5048);
#67=PLANE('',#5054);
#68=PLANE('',#5055);
#69=PLANE('',#5056);
#70=PLANE('',#5064);
#71=PLANE('',#5078);
#72=PLANE('',#5079);
#73=PLANE('',#5080);
#74=PLANE('',#5081);
#75=PLANE('',#5082);
#76=PLANE('',#5083);
#77=PLANE('',#5084);
#78=PLANE('',#5085);
#79=PLANE('',#5090);
#80=PLANE('',#5091);
#81=PLANE('',#5092);
#82=PLANE('',#5093);
#83=PLANE('',#5094);
#84=PLANE('',#5095);
#85=PLANE('',#5096);
#86=PLANE('',#5098);
#87=PLANE('',#5099);
#88=PLANE('',#5100);
#89=PLANE('',#5101);
#90=PLANE('',#5102);
#91=PLANE('',#5107);
#92=PLANE('',#5108);
#93=PLANE('',#5109);
#94=PLANE('',#5110);
#95=PLANE('',#5111);
#96=PLANE('',#5112);
#97=PLANE('',#5113);
#98=PLANE('',#5114);
#99=PLANE('',#5115);
#100=PLANE('',#5116);
#101=PLANE('',#5117);
#102=PLANE('',#5118);
#103=PLANE('',#5119);
#104=PLANE('',#5120);
#105=PLANE('',#5121);
#106=PLANE('',#5138);
#107=PLANE('',#5160);
#108=PLANE('',#5161);
#109=PLANE('',#5168);
#110=PLANE('',#5177);
#111=PLANE('',#5180);
#112=PLANE('',#5181);
#113=PLANE('',#5185);
#114=PLANE('',#5192);
#115=PLANE('',#5193);
#116=PLANE('',#5196);
#117=PLANE('',#5198);
#118=PLANE('',#5207);
#119=PLANE('',#5220);
#120=PLANE('',#5226);
#121=PLANE('',#5229);
#122=PLANE('',#5247);
#123=PLANE('',#5270);
#124=PLANE('',#5281);
#125=PLANE('',#5284);
#126=PLANE('',#5290);
#127=PLANE('',#5292);
#128=PLANE('',#5301);
#129=PLANE('',#5302);
#130=PLANE('',#5303);
#131=PLANE('',#5304);
#132=PLANE('',#5305);
#133=PLANE('',#5306);
#134=PLANE('',#5307);
#135=PLANE('',#5308);
#136=PLANE('',#5309);
#137=PLANE('',#5310);
#138=PLANE('',#5311);
#139=PLANE('',#5312);
#140=PLANE('',#5317);
#141=PLANE('',#5318);
#142=PLANE('',#5319);
#143=PLANE('',#5320);
#144=PLANE('',#5321);
#145=PLANE('',#5322);
#146=PLANE('',#5323);
#147=PLANE('',#5324);
#148=PLANE('',#5325);
#149=PLANE('',#5326);
#150=PLANE('',#5327);
#151=PLANE('',#5328);
#152=PLANE('',#5329);
#153=PLANE('',#5330);
#154=PLANE('',#5331);
#155=PLANE('',#5332);
#156=PLANE('',#5333);
#157=PLANE('',#5334);
#158=PLANE('',#5335);
#159=PLANE('',#5336);
#160=PLANE('',#5337);
#161=PLANE('',#5338);
#162=PLANE('',#5339);
#163=PLANE('',#5340);
#164=PLANE('',#5352);
#165=PLANE('',#5353);
#166=PLANE('',#5354);
#167=PLANE('',#5355);
#168=PLANE('',#5358);
#169=PLANE('',#5361);
#170=PLANE('',#5366);
#171=PLANE('',#5367);
#172=PLANE('',#5368);
#173=PLANE('',#5369);
#174=PLANE('',#5372);
#175=PLANE('',#5373);
#176=PLANE('',#5374);
#177=PLANE('',#5385);
#178=PLANE('',#5389);
#179=PLANE('',#5390);
#180=PLANE('',#5391);
#181=PLANE('',#5392);
#182=PLANE('',#5393);
#183=PLANE('',#5394);
#184=PLANE('',#5395);
#185=PLANE('',#5396);
#186=PLANE('',#5400);
#187=PLANE('',#5401);
#188=PLANE('',#5402);
#189=PLANE('',#5403);
#190=PLANE('',#5404);
#191=PLANE('',#5405);
#192=PLANE('',#5406);
#193=PLANE('',#5407);
#194=PLANE('',#5408);
#195=PLANE('',#5409);
#196=PLANE('',#5410);
#197=PLANE('',#5418);
#198=PLANE('',#5419);
#199=PLANE('',#5420);
#200=PLANE('',#5421);
#201=PLANE('',#5422);
#202=PLANE('',#5423);
#203=PLANE('',#5424);
#204=PLANE('',#5425);
#205=PLANE('',#5426);
#206=PLANE('',#5434);
#207=PLANE('',#5435);
#208=PLANE('',#5436);
#209=PLANE('',#5437);
#210=PLANE('',#5438);
#211=PLANE('',#5439);
#212=PLANE('',#5440);
#213=PLANE('',#5441);
#214=PLANE('',#5442);
#215=TOROIDAL_SURFACE('',#4999,3.,1.);
#216=TOROIDAL_SURFACE('',#5012,3.,1.);
#217=TOROIDAL_SURFACE('',#5044,3.,1.);
#218=TOROIDAL_SURFACE('',#5057,3.,1.);
#219=TOROIDAL_SURFACE('',#5122,14.445867816345,0.85);
#220=TOROIDAL_SURFACE('',#5126,1.15,0.85);
#221=TOROIDAL_SURFACE('',#5224,4.,2.);
#222=LINE('',#6976,#712);
#223=LINE('',#6977,#713);
#224=LINE('',#6986,#714);
#225=LINE('',#6988,#715);
#226=LINE('',#6991,#716);
#227=LINE('',#6994,#717);
#228=LINE('',#6998,#718);
#229=LINE('',#7045,#719);
#230=LINE('',#7047,#720);
#231=LINE('',#7048,#721);
#232=LINE('',#7051,#722);
#233=LINE('',#7052,#723);
#234=LINE('',#7055,#724);
#235=LINE('',#7056,#725);
#236=LINE('',#7069,#726);
#237=LINE('',#7072,#727);
#238=LINE('',#7076,#728);
#239=LINE('',#7080,#729);
#240=LINE('',#7081,#730);
#241=LINE('',#7084,#731);
#242=LINE('',#7088,#732);
#243=LINE('',#7126,#733);
#244=LINE('',#7165,#734);
#245=LINE('',#7168,#735);
#246=LINE('',#7171,#736);
#247=LINE('',#7174,#737);
#248=LINE('',#7176,#738);
#249=LINE('',#7177,#739);
#250=LINE('',#7180,#740);
#251=LINE('',#7182,#741);
#252=LINE('',#7184,#742);
#253=LINE('',#7185,#743);
#254=LINE('',#7188,#744);
#255=LINE('',#7189,#745);
#256=LINE('',#7192,#746);
#257=LINE('',#7194,#747);
#258=LINE('',#7195,#748);
#259=LINE('',#7197,#749);
#260=LINE('',#7198,#750);
#261=LINE('',#7200,#751);
#262=LINE('',#7341,#752);
#263=LINE('',#7342,#753);
#264=LINE('',#7351,#754);
#265=LINE('',#7353,#755);
#266=LINE('',#7356,#756);
#267=LINE('',#7359,#757);
#268=LINE('',#7363,#758);
#269=LINE('',#7410,#759);
#270=LINE('',#7412,#760);
#271=LINE('',#7413,#761);
#272=LINE('',#7416,#762);
#273=LINE('',#7417,#763);
#274=LINE('',#7420,#764);
#275=LINE('',#7421,#765);
#276=LINE('',#7434,#766);
#277=LINE('',#7437,#767);
#278=LINE('',#7441,#768);
#279=LINE('',#7445,#769);
#280=LINE('',#7446,#770);
#281=LINE('',#7449,#771);
#282=LINE('',#7453,#772);
#283=LINE('',#7491,#773);
#284=LINE('',#7530,#774);
#285=LINE('',#7533,#775);
#286=LINE('',#7536,#776);
#287=LINE('',#7539,#777);
#288=LINE('',#7541,#778);
#289=LINE('',#7542,#779);
#290=LINE('',#7545,#780);
#291=LINE('',#7547,#781);
#292=LINE('',#7549,#782);
#293=LINE('',#7550,#783);
#294=LINE('',#7553,#784);
#295=LINE('',#7554,#785);
#296=LINE('',#7557,#786);
#297=LINE('',#7559,#787);
#298=LINE('',#7560,#788);
#299=LINE('',#7562,#789);
#300=LINE('',#7563,#790);
#301=LINE('',#7565,#791);
#302=LINE('',#7574,#792);
#303=LINE('',#7579,#793);
#304=LINE('',#7581,#794);
#305=LINE('',#7583,#795);
#306=LINE('',#7584,#796);
#307=LINE('',#7587,#797);
#308=LINE('',#7589,#798);
#309=LINE('',#7590,#799);
#310=LINE('',#7593,#800);
#311=LINE('',#7594,#801);
#312=LINE('',#7598,#802);
#313=LINE('',#7600,#803);
#314=LINE('',#7602,#804);
#315=LINE('',#7604,#805);
#316=LINE('',#7606,#806);
#317=LINE('',#7607,#807);
#318=LINE('',#7610,#808);
#319=LINE('',#7612,#809);
#320=LINE('',#7613,#810);
#321=LINE('',#7616,#811);
#322=LINE('',#7618,#812);
#323=LINE('',#7619,#813);
#324=LINE('',#7623,#814);
#325=LINE('',#7625,#815);
#326=LINE('',#7628,#816);
#327=LINE('',#7629,#817);
#328=LINE('',#7630,#818);
#329=LINE('',#7632,#819);
#330=LINE('',#7635,#820);
#331=LINE('',#7637,#821);
#332=LINE('',#7638,#822);
#333=LINE('',#7641,#823);
#334=LINE('',#7643,#824);
#335=LINE('',#7645,#825);
#336=LINE('',#7647,#826);
#337=LINE('',#7648,#827);
#338=LINE('',#7651,#828);
#339=LINE('',#7652,#829);
#340=LINE('',#7654,#830);
#341=LINE('',#7659,#831);
#342=LINE('',#7663,#832);
#343=LINE('',#7667,#833);
#344=LINE('',#7668,#834);
#345=LINE('',#7671,#835);
#346=LINE('',#7672,#836);
#347=LINE('',#7675,#837);
#348=LINE('',#7676,#838);
#349=LINE('',#7679,#839);
#350=LINE('',#7680,#840);
#351=LINE('',#7682,#841);
#352=LINE('',#7686,#842);
#353=LINE('',#7688,#843);
#354=LINE('',#7690,#844);
#355=LINE('',#7691,#845);
#356=LINE('',#7694,#846);
#357=LINE('',#7696,#847);
#358=LINE('',#7697,#848);
#359=LINE('',#7700,#849);
#360=LINE('',#7702,#850);
#361=LINE('',#7703,#851);
#362=LINE('',#7705,#852);
#363=LINE('',#7706,#853);
#364=LINE('',#7709,#854);
#365=LINE('',#7711,#855);
#366=LINE('',#7713,#856);
#367=LINE('',#7715,#857);
#368=LINE('',#7716,#858);
#369=LINE('',#7720,#859);
#370=LINE('',#7722,#860);
#371=LINE('',#7724,#861);
#372=LINE('',#7725,#862);
#373=LINE('',#7727,#863);
#374=LINE('',#7728,#864);
#375=LINE('',#7730,#865);
#376=LINE('',#7732,#866);
#377=LINE('',#7764,#867);
#378=LINE('',#7765,#868);
#379=LINE('',#7835,#869);
#380=LINE('',#7839,#870);
#381=LINE('',#7855,#871);
#382=LINE('',#7856,#872);
#383=LINE('',#7913,#873);
#384=LINE('',#7915,#874);
#385=LINE('',#7917,#875);
#386=LINE('',#7918,#876);
#387=LINE('',#7920,#877);
#388=LINE('',#7922,#878);
#389=LINE('',#7924,#879);
#390=LINE('',#7926,#880);
#391=LINE('',#7928,#881);
#392=LINE('',#7930,#882);
#393=LINE('',#7932,#883);
#394=LINE('',#7934,#884);
#395=LINE('',#7936,#885);
#396=LINE('',#7938,#886);
#397=LINE('',#7965,#887);
#398=LINE('',#7968,#888);
#399=LINE('',#7972,#889);
#400=LINE('',#7976,#890);
#401=LINE('',#7979,#891);
#402=LINE('',#7996,#892);
#403=LINE('',#8001,#893);
#404=LINE('',#8018,#894);
#405=LINE('',#8019,#895);
#406=LINE('',#8022,#896);
#407=LINE('',#8023,#897);
#408=LINE('',#8031,#898);
#409=LINE('',#8036,#899);
#410=LINE('',#8039,#900);
#411=LINE('',#8041,#901);
#412=LINE('',#8042,#902);
#413=LINE('',#8048,#903);
#414=LINE('',#8051,#904);
#415=LINE('',#8056,#905);
#416=LINE('',#8059,#906);
#417=LINE('',#8064,#907);
#418=LINE('',#8066,#908);
#419=LINE('',#8068,#909);
#420=LINE('',#8069,#910);
#421=LINE('',#8072,#911);
#422=LINE('',#8076,#912);
#423=LINE('',#8077,#913);
#424=LINE('',#8080,#914);
#425=LINE('',#8081,#915);
#426=LINE('',#8086,#916);
#427=LINE('',#8099,#917);
#428=LINE('',#8102,#918);
#429=LINE('',#8104,#919);
#430=LINE('',#8106,#920);
#431=LINE('',#8107,#921);
#432=LINE('',#8110,#922);
#433=LINE('',#8112,#923);
#434=LINE('',#8114,#924);
#435=LINE('',#8115,#925);
#436=LINE('',#8118,#926);
#437=LINE('',#8122,#927);
#438=LINE('',#8123,#928);
#439=LINE('',#8125,#929);
#440=LINE('',#8126,#930);
#441=LINE('',#8131,#931);
#442=LINE('',#8134,#932);
#443=LINE('',#8136,#933);
#444=LINE('',#8137,#934);
#445=LINE('',#8154,#935);
#446=LINE('',#8157,#936);
#447=LINE('',#8187,#937);
#448=LINE('',#8204,#938);
#449=LINE('',#8207,#939);
#450=LINE('',#8248,#940);
#451=LINE('',#8250,#941);
#452=LINE('',#8252,#942);
#453=LINE('',#8254,#943);
#454=LINE('',#8256,#944);
#455=LINE('',#8269,#945);
#456=LINE('',#8270,#946);
#457=LINE('',#8271,#947);
#458=LINE('',#8273,#948);
#459=LINE('',#8277,#949);
#460=LINE('',#8284,#950);
#461=LINE('',#8287,#951);
#462=LINE('',#8291,#952);
#463=LINE('',#8294,#953);
#464=LINE('',#8297,#954);
#465=LINE('',#8300,#955);
#466=LINE('',#8302,#956);
#467=LINE('',#8303,#957);
#468=LINE('',#8308,#958);
#469=LINE('',#8311,#959);
#470=LINE('',#8316,#960);
#471=LINE('',#8318,#961);
#472=LINE('',#8320,#962);
#473=LINE('',#8334,#963);
#474=LINE('',#8336,#964);
#475=LINE('',#8338,#965);
#476=LINE('',#8351,#966);
#477=LINE('',#8353,#967);
#478=LINE('',#8354,#968);
#479=LINE('',#8355,#969);
#480=LINE('',#8358,#970);
#481=LINE('',#8361,#971);
#482=LINE('',#8362,#972);
#483=LINE('',#8439,#973);
#484=LINE('',#8443,#974);
#485=LINE('',#8530,#975);
#486=LINE('',#8533,#976);
#487=LINE('',#8536,#977);
#488=LINE('',#8555,#978);
#489=LINE('',#8569,#979);
#490=LINE('',#8575,#980);
#491=LINE('',#8577,#981);
#492=LINE('',#8581,#982);
#493=LINE('',#8584,#983);
#494=LINE('',#8587,#984);
#495=LINE('',#8591,#985);
#496=LINE('',#8594,#986);
#497=LINE('',#8596,#987);
#498=LINE('',#8599,#988);
#499=LINE('',#8601,#989);
#500=LINE('',#8603,#990);
#501=LINE('',#8607,#991);
#502=LINE('',#8608,#992);
#503=LINE('',#8610,#993);
#504=LINE('',#8614,#994);
#505=LINE('',#8617,#995);
#506=LINE('',#8622,#996);
#507=LINE('',#8626,#997);
#508=LINE('',#8630,#998);
#509=LINE('',#8634,#999);
#510=LINE('',#8638,#1000);
#511=LINE('',#8643,#1001);
#512=LINE('',#8650,#1002);
#513=LINE('',#8654,#1003);
#514=LINE('',#8659,#1004);
#515=LINE('',#8665,#1005);
#516=LINE('',#8675,#1006);
#517=LINE('',#8679,#1007);
#518=LINE('',#8699,#1008);
#519=LINE('',#8704,#1009);
#520=LINE('',#8711,#1010);
#521=LINE('',#8714,#1011);
#522=LINE('',#8717,#1012);
#523=LINE('',#8720,#1013);
#524=LINE('',#8723,#1014);
#525=LINE('',#8726,#1015);
#526=LINE('',#8730,#1016);
#527=LINE('',#8732,#1017);
#528=LINE('',#8734,#1018);
#529=LINE('',#8735,#1019);
#530=LINE('',#8738,#1020);
#531=LINE('',#8740,#1021);
#532=LINE('',#8742,#1022);
#533=LINE('',#8743,#1023);
#534=LINE('',#8745,#1024);
#535=LINE('',#8747,#1025);
#536=LINE('',#8748,#1026);
#537=LINE('',#8750,#1027);
#538=LINE('',#8752,#1028);
#539=LINE('',#8753,#1029);
#540=LINE('',#8755,#1030);
#541=LINE('',#8757,#1031);
#542=LINE('',#8758,#1032);
#543=LINE('',#8760,#1033);
#544=LINE('',#8762,#1034);
#545=LINE('',#8763,#1035);
#546=LINE('',#8766,#1036);
#547=LINE('',#8768,#1037);
#548=LINE('',#8769,#1038);
#549=LINE('',#8772,#1039);
#550=LINE('',#8774,#1040);
#551=LINE('',#8775,#1041);
#552=LINE('',#8777,#1042);
#553=LINE('',#8779,#1043);
#554=LINE('',#8783,#1044);
#555=LINE('',#8785,#1045);
#556=LINE('',#8786,#1046);
#557=LINE('',#8789,#1047);
#558=LINE('',#8790,#1048);
#559=LINE('',#8793,#1049);
#560=LINE('',#8794,#1050);
#561=LINE('',#8796,#1051);
#562=LINE('',#8801,#1052);
#563=LINE('',#8807,#1053);
#564=LINE('',#8810,#1054);
#565=LINE('',#8812,#1055);
#566=LINE('',#8814,#1056);
#567=LINE('',#8815,#1057);
#568=LINE('',#8817,#1058);
#569=LINE('',#8819,#1059);
#570=LINE('',#8820,#1060);
#571=LINE('',#8822,#1061);
#572=LINE('',#8824,#1062);
#573=LINE('',#8826,#1063);
#574=LINE('',#8828,#1064);
#575=LINE('',#8830,#1065);
#576=LINE('',#8832,#1066);
#577=LINE('',#8834,#1067);
#578=LINE('',#8836,#1068);
#579=LINE('',#8838,#1069);
#580=LINE('',#8839,#1070);
#581=LINE('',#8842,#1071);
#582=LINE('',#8844,#1072);
#583=LINE('',#8845,#1073);
#584=LINE('',#8847,#1074);
#585=LINE('',#8849,#1075);
#586=LINE('',#8850,#1076);
#587=LINE('',#8855,#1077);
#588=LINE('',#8856,#1078);
#589=LINE('',#8859,#1079);
#590=LINE('',#8861,#1080);
#591=LINE('',#8862,#1081);
#592=LINE('',#8863,#1082);
#593=LINE('',#8864,#1083);
#594=LINE('',#8866,#1084);
#595=LINE('',#8867,#1085);
#596=LINE('',#8872,#1086);
#597=LINE('',#8873,#1087);
#598=LINE('',#8876,#1088);
#599=LINE('',#8878,#1089);
#600=LINE('',#8879,#1090);
#601=LINE('',#8882,#1091);
#602=LINE('',#8883,#1092);
#603=LINE('',#8885,#1093);
#604=LINE('',#8887,#1094);
#605=LINE('',#8890,#1095);
#606=LINE('',#8894,#1096);
#607=LINE('',#8900,#1097);
#608=LINE('',#8908,#1098);
#609=LINE('',#8915,#1099);
#610=LINE('',#8918,#1100);
#611=LINE('',#8920,#1101);
#612=LINE('',#8921,#1102);
#613=LINE('',#8925,#1103);
#614=LINE('',#8926,#1104);
#615=LINE('',#8927,#1105);
#616=LINE('',#8929,#1106);
#617=LINE('',#8930,#1107);
#618=LINE('',#8935,#1108);
#619=LINE('',#8937,#1109);
#620=LINE('',#8940,#1110);
#621=LINE('',#8943,#1111);
#622=LINE('',#8947,#1112);
#623=LINE('',#8953,#1113);
#624=LINE('',#8957,#1114);
#625=LINE('',#8961,#1115);
#626=LINE('',#8962,#1116);
#627=LINE('',#8964,#1117);
#628=LINE('',#8965,#1118);
#629=LINE('',#8967,#1119);
#630=LINE('',#8968,#1120);
#631=LINE('',#8973,#1121);
#632=LINE('',#8975,#1122);
#633=LINE('',#8977,#1123);
#634=LINE('',#8981,#1124);
#635=LINE('',#8982,#1125);
#636=LINE('',#8985,#1126);
#637=LINE('',#8986,#1127);
#638=LINE('',#8989,#1128);
#639=LINE('',#8991,#1129);
#640=LINE('',#8992,#1130);
#641=LINE('',#8995,#1131);
#642=LINE('',#9002,#1132);
#643=LINE('',#9005,#1133);
#644=LINE('',#9009,#1134);
#645=LINE('',#9012,#1135);
#646=LINE('',#9016,#1136);
#647=LINE('',#9018,#1137);
#648=LINE('',#9020,#1138);
#649=LINE('',#9021,#1139);
#650=LINE('',#9025,#1140);
#651=LINE('',#9028,#1141);
#652=LINE('',#9031,#1142);
#653=LINE('',#9033,#1143);
#654=LINE('',#9034,#1144);
#655=LINE('',#9036,#1145);
#656=LINE('',#9037,#1146);
#657=LINE('',#9039,#1147);
#658=LINE('',#9040,#1148);
#659=LINE('',#9043,#1149);
#660=LINE('',#9045,#1150);
#661=LINE('',#9046,#1151);
#662=LINE('',#9048,#1152);
#663=LINE('',#9050,#1153);
#664=LINE('',#9051,#1154);
#665=LINE('',#9053,#1155);
#666=LINE('',#9055,#1156);
#667=LINE('',#9057,#1157);
#668=LINE('',#9058,#1158);
#669=LINE('',#9063,#1159);
#670=LINE('',#9065,#1160);
#671=LINE('',#9071,#1161);
#672=LINE('',#9076,#1162);
#673=LINE('',#9077,#1163);
#674=LINE('',#9079,#1164);
#675=LINE('',#9081,#1165);
#676=LINE('',#9087,#1166);
#677=LINE('',#9091,#1167);
#678=LINE('',#9095,#1168);
#679=LINE('',#9099,#1169);
#680=LINE('',#9103,#1170);
#681=LINE('',#9108,#1171);
#682=LINE('',#9110,#1172);
#683=LINE('',#9111,#1173);
#684=LINE('',#9114,#1174);
#685=LINE('',#9115,#1175);
#686=LINE('',#9118,#1176);
#687=LINE('',#9119,#1177);
#688=LINE('',#9122,#1178);
#689=LINE('',#9123,#1179);
#690=LINE('',#9126,#1180);
#691=LINE('',#9127,#1181);
#692=LINE('',#9129,#1182);
#693=LINE('',#9131,#1183);
#694=LINE('',#9137,#1184);
#695=LINE('',#9141,#1185);
#696=LINE('',#9145,#1186);
#697=LINE('',#9149,#1187);
#698=LINE('',#9153,#1188);
#699=LINE('',#9158,#1189);
#700=LINE('',#9160,#1190);
#701=LINE('',#9161,#1191);
#702=LINE('',#9164,#1192);
#703=LINE('',#9165,#1193);
#704=LINE('',#9168,#1194);
#705=LINE('',#9169,#1195);
#706=LINE('',#9172,#1196);
#707=LINE('',#9173,#1197);
#708=LINE('',#9176,#1198);
#709=LINE('',#9177,#1199);
#710=LINE('',#9179,#1200);
#711=LINE('',#9181,#1201);
#712=VECTOR('',#5455,10.);
#713=VECTOR('',#5456,10.);
#714=VECTOR('',#5467,10.);
#715=VECTOR('',#5468,10.);
#716=VECTOR('',#5471,10.);
#717=VECTOR('',#5474,10.);
#718=VECTOR('',#5479,10.);
#719=VECTOR('',#5484,0.0999999999999996);
#720=VECTOR('',#5485,0.3);
#721=VECTOR('',#5486,0.0999999999999996);
#722=VECTOR('',#5489,0.0999999999999996);
#723=VECTOR('',#5490,1.);
#724=VECTOR('',#5493,10.);
#725=VECTOR('',#5494,0.3);
#726=VECTOR('',#5503,10.);
#727=VECTOR('',#5506,10.);
#728=VECTOR('',#5509,10.);
#729=VECTOR('',#5514,10.);
#730=VECTOR('',#5515,10.);
#731=VECTOR('',#5518,10.);
#732=VECTOR('',#5521,10.);
#733=VECTOR('',#5532,10.);
#734=VECTOR('',#5537,10.);
#735=VECTOR('',#5540,10.);
#736=VECTOR('',#5543,10.);
#737=VECTOR('',#5546,10.);
#738=VECTOR('',#5549,10.);
#739=VECTOR('',#5550,10.);
#740=VECTOR('',#5553,0.25);
#741=VECTOR('',#5554,1.85);
#742=VECTOR('',#5555,0.25);
#743=VECTOR('',#5556,0.35);
#744=VECTOR('',#5559,0.25);
#745=VECTOR('',#5560,1.);
#746=VECTOR('',#5563,0.35);
#747=VECTOR('',#5564,0.25);
#748=VECTOR('',#5565,1.85);
#749=VECTOR('',#5568,1.);
#750=VECTOR('',#5569,1.);
#751=VECTOR('',#5572,1.);
#752=VECTOR('',#5585,10.);
#753=VECTOR('',#5586,10.);
#754=VECTOR('',#5597,10.);
#755=VECTOR('',#5598,10.);
#756=VECTOR('',#5601,10.);
#757=VECTOR('',#5604,10.);
#758=VECTOR('',#5609,10.);
#759=VECTOR('',#5614,0.0999999999999996);
#760=VECTOR('',#5615,0.3);
#761=VECTOR('',#5616,0.0999999999999996);
#762=VECTOR('',#5619,0.0999999999999996);
#763=VECTOR('',#5620,1.);
#764=VECTOR('',#5623,10.);
#765=VECTOR('',#5624,0.3);
#766=VECTOR('',#5633,10.);
#767=VECTOR('',#5636,10.);
#768=VECTOR('',#5639,10.);
#769=VECTOR('',#5644,10.);
#770=VECTOR('',#5645,10.);
#771=VECTOR('',#5648,10.);
#772=VECTOR('',#5651,10.);
#773=VECTOR('',#5662,10.);
#774=VECTOR('',#5667,10.);
#775=VECTOR('',#5670,10.);
#776=VECTOR('',#5673,10.);
#777=VECTOR('',#5676,10.);
#778=VECTOR('',#5679,10.);
#779=VECTOR('',#5680,10.);
#780=VECTOR('',#5683,0.25);
#781=VECTOR('',#5684,1.85);
#782=VECTOR('',#5685,0.25);
#783=VECTOR('',#5686,0.35);
#784=VECTOR('',#5689,0.25);
#785=VECTOR('',#5690,1.);
#786=VECTOR('',#5693,0.35);
#787=VECTOR('',#5694,0.25);
#788=VECTOR('',#5695,1.85);
#789=VECTOR('',#5698,1.);
#790=VECTOR('',#5699,1.);
#791=VECTOR('',#5702,1.);
#792=VECTOR('',#5715,15.0217191493272);
#793=VECTOR('',#5720,1.);
#794=VECTOR('',#5721,1.);
#795=VECTOR('',#5722,1.);
#796=VECTOR('',#5723,1.);
#797=VECTOR('',#5726,1.28968830304096);
#798=VECTOR('',#5727,1.);
#799=VECTOR('',#5728,1.28968830304096);
#800=VECTOR('',#5731,1.28968830304096);
#801=VECTOR('',#5732,1.);
#802=VECTOR('',#5735,1.);
#803=VECTOR('',#5736,1.31078004249064);
#804=VECTOR('',#5737,1.28968830304096);
#805=VECTOR('',#5738,1.);
#806=VECTOR('',#5739,1.28968830304096);
#807=VECTOR('',#5740,1.);
#808=VECTOR('',#5743,1.);
#809=VECTOR('',#5744,1.);
#810=VECTOR('',#5745,1.28968830304096);
#811=VECTOR('',#5748,1.);
#812=VECTOR('',#5749,0.972945757602401);
#813=VECTOR('',#5750,1.28968830304096);
#814=VECTOR('',#5753,1.);
#815=VECTOR('',#5754,1.);
#816=VECTOR('',#5757,1.);
#817=VECTOR('',#5758,1.);
#818=VECTOR('',#5759,1.31078004249064);
#819=VECTOR('',#5762,1.);
#820=VECTOR('',#5765,1.50085);
#821=VECTOR('',#5766,1.05085);
#822=VECTOR('',#5767,1.);
#823=VECTOR('',#5770,1.);
#824=VECTOR('',#5771,1.05085);
#825=VECTOR('',#5772,1.50085);
#826=VECTOR('',#5773,1.05085);
#827=VECTOR('',#5774,1.50085);
#828=VECTOR('',#5777,1.28968830304096);
#829=VECTOR('',#5778,1.);
#830=VECTOR('',#5781,1.);
#831=VECTOR('',#5786,1.);
#832=VECTOR('',#5789,1.);
#833=VECTOR('',#5794,1.);
#834=VECTOR('',#5795,0.10085);
#835=VECTOR('',#5798,0.10085);
#836=VECTOR('',#5799,1.);
#837=VECTOR('',#5802,0.10085);
#838=VECTOR('',#5803,1.);
#839=VECTOR('',#5806,1.);
#840=VECTOR('',#5807,0.10085);
#841=VECTOR('',#5810,1.);
#842=VECTOR('',#5813,1.);
#843=VECTOR('',#5814,1.00085);
#844=VECTOR('',#5815,1.);
#845=VECTOR('',#5816,1.00085);
#846=VECTOR('',#5819,1.);
#847=VECTOR('',#5820,1.);
#848=VECTOR('',#5821,1.00085);
#849=VECTOR('',#5824,1.);
#850=VECTOR('',#5825,1.);
#851=VECTOR('',#5826,1.00085);
#852=VECTOR('',#5829,1.);
#853=VECTOR('',#5830,1.);
#854=VECTOR('',#5833,4.65);
#855=VECTOR('',#5834,1.);
#856=VECTOR('',#5835,4.65);
#857=VECTOR('',#5836,1.);
#858=VECTOR('',#5837,4.65);
#859=VECTOR('',#5840,1.);
#860=VECTOR('',#5841,4.65);
#861=VECTOR('',#5842,1.);
#862=VECTOR('',#5843,4.65);
#863=VECTOR('',#5846,1.85);
#864=VECTOR('',#5847,1.85);
#865=VECTOR('',#5850,1.85);
#866=VECTOR('',#5853,1.85);
#867=VECTOR('',#5876,10.);
#868=VECTOR('',#5877,10.);
#869=VECTOR('',#5888,10.);
#870=VECTOR('',#5891,10.);
#871=VECTOR('',#5892,10.);
#872=VECTOR('',#5893,10.);
#873=VECTOR('',#5896,10.);
#874=VECTOR('',#5897,10.);
#875=VECTOR('',#5898,10.);
#876=VECTOR('',#5899,10.);
#877=VECTOR('',#5900,10.);
#878=VECTOR('',#5901,10.);
#879=VECTOR('',#5902,10.);
#880=VECTOR('',#5903,10.);
#881=VECTOR('',#5904,10.);
#882=VECTOR('',#5905,10.);
#883=VECTOR('',#5906,10.);
#884=VECTOR('',#5907,10.);
#885=VECTOR('',#5908,10.);
#886=VECTOR('',#5909,10.);
#887=VECTOR('',#5936,10.);
#888=VECTOR('',#5939,10.);
#889=VECTOR('',#5942,10.);
#890=VECTOR('',#5945,10.);
#891=VECTOR('',#5948,13.595867816345);
#892=VECTOR('',#5951,10.);
#893=VECTOR('',#5956,10.);
#894=VECTOR('',#5961,10.);
#895=VECTOR('',#5962,10.);
#896=VECTOR('',#5965,10.);
#897=VECTOR('',#5966,10.);
#898=VECTOR('',#5975,10.);
#899=VECTOR('',#5980,10.);
#900=VECTOR('',#5983,10.);
#901=VECTOR('',#5984,10.);
#902=VECTOR('',#5985,10.);
#903=VECTOR('',#5990,10.);
#904=VECTOR('',#5993,10.);
#905=VECTOR('',#5998,10.);
#906=VECTOR('',#6001,10.);
#907=VECTOR('',#6008,10.);
#908=VECTOR('',#6009,10.);
#909=VECTOR('',#6010,10.);
#910=VECTOR('',#6011,10.);
#911=VECTOR('',#6014,10.);
#912=VECTOR('',#6019,10.);
#913=VECTOR('',#6020,10.);
#914=VECTOR('',#6023,10.);
#915=VECTOR('',#6024,10.);
#916=VECTOR('',#6029,10.);
#917=VECTOR('',#6046,10.);
#918=VECTOR('',#6049,10.);
#919=VECTOR('',#6050,10.);
#920=VECTOR('',#6051,10.);
#921=VECTOR('',#6052,10.);
#922=VECTOR('',#6055,10.);
#923=VECTOR('',#6056,10.);
#924=VECTOR('',#6057,10.);
#925=VECTOR('',#6058,10.);
#926=VECTOR('',#6061,10.);
#927=VECTOR('',#6066,10.);
#928=VECTOR('',#6067,10.);
#929=VECTOR('',#6070,10.);
#930=VECTOR('',#6071,10.);
#931=VECTOR('',#6076,10.);
#932=VECTOR('',#6079,10.);
#933=VECTOR('',#6080,10.);
#934=VECTOR('',#6081,10.);
#935=VECTOR('',#6086,10.);
#936=VECTOR('',#6089,10.);
#937=VECTOR('',#6092,10.);
#938=VECTOR('',#6095,10.);
#939=VECTOR('',#6098,10.);
#940=VECTOR('',#6101,10.);
#941=VECTOR('',#6102,10.);
#942=VECTOR('',#6103,10.);
#943=VECTOR('',#6104,10.);
#944=VECTOR('',#6105,10.);
#945=VECTOR('',#6106,10.);
#946=VECTOR('',#6107,10.);
#947=VECTOR('',#6108,10.);
#948=VECTOR('',#6111,10.);
#949=VECTOR('',#6116,10.);
#950=VECTOR('',#6125,10.);
#951=VECTOR('',#6128,10.);
#952=VECTOR('',#6133,10.);
#953=VECTOR('',#6136,10.);
#954=VECTOR('',#6139,10.);
#955=VECTOR('',#6142,10.);
#956=VECTOR('',#6143,10.);
#957=VECTOR('',#6144,10.);
#958=VECTOR('',#6149,10.);
#959=VECTOR('',#6152,10.);
#960=VECTOR('',#6159,10.);
#961=VECTOR('',#6160,10.);
#962=VECTOR('',#6161,10.);
#963=VECTOR('',#6162,10.);
#964=VECTOR('',#6163,10.);
#965=VECTOR('',#6164,10.);
#966=VECTOR('',#6165,10.);
#967=VECTOR('',#6166,10.);
#968=VECTOR('',#6167,10.);
#969=VECTOR('',#6168,10.);
#970=VECTOR('',#6173,10.);
#971=VECTOR('',#6176,10.);
#972=VECTOR('',#6177,10.);
#973=VECTOR('',#6184,10.);
#974=VECTOR('',#6187,10.);
#975=VECTOR('',#6202,10.);
#976=VECTOR('',#6205,10.);
#977=VECTOR('',#6208,10.);
#978=VECTOR('',#6215,10.);
#979=VECTOR('',#6218,10.);
#980=VECTOR('',#6227,10.);
#981=VECTOR('',#6228,10.);
#982=VECTOR('',#6231,10.);
#983=VECTOR('',#6234,10.);
#984=VECTOR('',#6237,10.);
#985=VECTOR('',#6240,10.);
#986=VECTOR('',#6243,10.);
#987=VECTOR('',#6244,10.);
#988=VECTOR('',#6247,10.);
#989=VECTOR('',#6248,10.);
#990=VECTOR('',#6249,10.);
#991=VECTOR('',#6252,10.);
#992=VECTOR('',#6253,10.);
#993=VECTOR('',#6254,10.);
#994=VECTOR('',#6257,10.);
#995=VECTOR('',#6260,10.);
#996=VECTOR('',#6265,10.);
#997=VECTOR('',#6268,10.);
#998=VECTOR('',#6271,10.);
#999=VECTOR('',#6274,10.);
#1000=VECTOR('',#6279,10.);
#1001=VECTOR('',#6286,10.);
#1002=VECTOR('',#6295,10.);
#1003=VECTOR('',#6298,10.);
#1004=VECTOR('',#6303,10.);
#1005=VECTOR('',#6312,10.);
#1006=VECTOR('',#6327,10.);
#1007=VECTOR('',#6330,10.);
#1008=VECTOR('',#6335,10.);
#1009=VECTOR('',#6340,10.);
#1010=VECTOR('',#6347,10.);
#1011=VECTOR('',#6350,10.);
#1012=VECTOR('',#6353,10.);
#1013=VECTOR('',#6356,10.);
#1014=VECTOR('',#6359,10.);
#1015=VECTOR('',#6362,10.);
#1016=VECTOR('',#6365,10.);
#1017=VECTOR('',#6366,10.);
#1018=VECTOR('',#6367,10.);
#1019=VECTOR('',#6368,10.);
#1020=VECTOR('',#6369,10.);
#1021=VECTOR('',#6370,10.);
#1022=VECTOR('',#6371,10.);
#1023=VECTOR('',#6372,10.);
#1024=VECTOR('',#6373,10.);
#1025=VECTOR('',#6374,10.);
#1026=VECTOR('',#6375,10.);
#1027=VECTOR('',#6376,10.);
#1028=VECTOR('',#6377,10.);
#1029=VECTOR('',#6378,10.);
#1030=VECTOR('',#6379,10.);
#1031=VECTOR('',#6380,10.);
#1032=VECTOR('',#6381,10.);
#1033=VECTOR('',#6382,10.);
#1034=VECTOR('',#6383,10.);
#1035=VECTOR('',#6384,10.);
#1036=VECTOR('',#6387,10.);
#1037=VECTOR('',#6388,10.);
#1038=VECTOR('',#6389,10.);
#1039=VECTOR('',#6392,10.);
#1040=VECTOR('',#6393,10.);
#1041=VECTOR('',#6394,10.);
#1042=VECTOR('',#6397,10.);
#1043=VECTOR('',#6400,10.);
#1044=VECTOR('',#6405,10.);
#1045=VECTOR('',#6406,10.);
#1046=VECTOR('',#6407,10.);
#1047=VECTOR('',#6410,10.);
#1048=VECTOR('',#6411,10.);
#1049=VECTOR('',#6414,10.);
#1050=VECTOR('',#6415,10.);
#1051=VECTOR('',#6418,10.);
#1052=VECTOR('',#6423,10.);
#1053=VECTOR('',#6432,8.);
#1054=VECTOR('',#6435,10.);
#1055=VECTOR('',#6436,10.);
#1056=VECTOR('',#6437,10.);
#1057=VECTOR('',#6438,10.);
#1058=VECTOR('',#6441,10.);
#1059=VECTOR('',#6442,10.);
#1060=VECTOR('',#6443,10.);
#1061=VECTOR('',#6446,10.);
#1062=VECTOR('',#6449,10.);
#1063=VECTOR('',#6450,10.);
#1064=VECTOR('',#6451,10.);
#1065=VECTOR('',#6452,10.);
#1066=VECTOR('',#6453,10.);
#1067=VECTOR('',#6454,10.);
#1068=VECTOR('',#6455,10.);
#1069=VECTOR('',#6456,10.);
#1070=VECTOR('',#6457,10.);
#1071=VECTOR('',#6460,10.);
#1072=VECTOR('',#6461,10.);
#1073=VECTOR('',#6462,10.);
#1074=VECTOR('',#6465,10.);
#1075=VECTOR('',#6466,10.);
#1076=VECTOR('',#6467,10.);
#1077=VECTOR('',#6474,10.);
#1078=VECTOR('',#6475,10.);
#1079=VECTOR('',#6478,10.);
#1080=VECTOR('',#6479,10.);
#1081=VECTOR('',#6480,10.);
#1082=VECTOR('',#6481,10.);
#1083=VECTOR('',#6482,10.);
#1084=VECTOR('',#6485,10.);
#1085=VECTOR('',#6486,10.);
#1086=VECTOR('',#6493,10.);
#1087=VECTOR('',#6494,10.);
#1088=VECTOR('',#6497,10.);
#1089=VECTOR('',#6498,10.);
#1090=VECTOR('',#6499,10.);
#1091=VECTOR('',#6502,10.);
#1092=VECTOR('',#6503,10.);
#1093=VECTOR('',#6506,10.);
#1094=VECTOR('',#6509,10.);
#1095=VECTOR('',#6514,10.);
#1096=VECTOR('',#6521,10.);
#1097=VECTOR('',#6528,8.13186844083997);
#1098=VECTOR('',#6539,10.);
#1099=VECTOR('',#6548,10.);
#1100=VECTOR('',#6551,10.);
#1101=VECTOR('',#6552,10.);
#1102=VECTOR('',#6553,10.);
#1103=VECTOR('',#6556,10.);
#1104=VECTOR('',#6557,10.);
#1105=VECTOR('',#6558,10.);
#1106=VECTOR('',#6561,10.);
#1107=VECTOR('',#6562,10.);
#1108=VECTOR('',#6567,10.);
#1109=VECTOR('',#6568,10.);
#1110=VECTOR('',#6571,10.);
#1111=VECTOR('',#6574,10.);
#1112=VECTOR('',#6577,10.);
#1113=VECTOR('',#6584,10.);
#1114=VECTOR('',#6587,10.);
#1115=VECTOR('',#6594,10.);
#1116=VECTOR('',#6595,10.);
#1117=VECTOR('',#6598,10.);
#1118=VECTOR('',#6599,10.);
#1119=VECTOR('',#6602,10.);
#1120=VECTOR('',#6603,10.);
#1121=VECTOR('',#6608,10.);
#1122=VECTOR('',#6609,10.);
#1123=VECTOR('',#6610,10.);
#1124=VECTOR('',#6615,10.);
#1125=VECTOR('',#6616,10.);
#1126=VECTOR('',#6619,10.);
#1127=VECTOR('',#6620,10.);
#1128=VECTOR('',#6623,10.);
#1129=VECTOR('',#6624,10.);
#1130=VECTOR('',#6625,10.);
#1131=VECTOR('',#6628,13.595867816345);
#1132=VECTOR('',#6639,10.);
#1133=VECTOR('',#6642,10.);
#1134=VECTOR('',#6647,10.);
#1135=VECTOR('',#6650,10.);
#1136=VECTOR('',#6653,10.);
#1137=VECTOR('',#6654,10.);
#1138=VECTOR('',#6655,10.);
#1139=VECTOR('',#6656,10.);
#1140=VECTOR('',#6661,10.);
#1141=VECTOR('',#6664,10.);
#1142=VECTOR('',#6667,10.);
#1143=VECTOR('',#6668,10.);
#1144=VECTOR('',#6669,10.);
#1145=VECTOR('',#6672,10.);
#1146=VECTOR('',#6673,10.);
#1147=VECTOR('',#6674,10.);
#1148=VECTOR('',#6675,10.);
#1149=VECTOR('',#6678,10.);
#1150=VECTOR('',#6679,10.);
#1151=VECTOR('',#6680,10.);
#1152=VECTOR('',#6683,10.);
#1153=VECTOR('',#6686,10.);
#1154=VECTOR('',#6687,10.);
#1155=VECTOR('',#6690,10.);
#1156=VECTOR('',#6691,10.);
#1157=VECTOR('',#6692,10.);
#1158=VECTOR('',#6693,10.);
#1159=VECTOR('',#6700,10.);
#1160=VECTOR('',#6703,10.);
#1161=VECTOR('',#6714,10.);
#1162=VECTOR('',#6723,10.);
#1163=VECTOR('',#6724,10.);
#1164=VECTOR('',#6727,10.);
#1165=VECTOR('',#6730,10.);
#1166=VECTOR('',#6737,4.951);
#1167=VECTOR('',#6740,10.);
#1168=VECTOR('',#6743,10.);
#1169=VECTOR('',#6746,10.);
#1170=VECTOR('',#6749,10.);
#1171=VECTOR('',#6756,10.);
#1172=VECTOR('',#6757,10.);
#1173=VECTOR('',#6758,10.);
#1174=VECTOR('',#6761,10.);
#1175=VECTOR('',#6762,10.);
#1176=VECTOR('',#6765,10.);
#1177=VECTOR('',#6766,10.);
#1178=VECTOR('',#6769,10.);
#1179=VECTOR('',#6770,10.);
#1180=VECTOR('',#6773,10.);
#1181=VECTOR('',#6774,10.);
#1182=VECTOR('',#6777,10.);
#1183=VECTOR('',#6780,10.);
#1184=VECTOR('',#6787,4.951);
#1185=VECTOR('',#6790,10.);
#1186=VECTOR('',#6793,10.);
#1187=VECTOR('',#6796,10.);
#1188=VECTOR('',#6799,10.);
#1189=VECTOR('',#6806,10.);
#1190=VECTOR('',#6807,10.);
#1191=VECTOR('',#6808,10.);
#1192=VECTOR('',#6811,10.);
#1193=VECTOR('',#6812,10.);
#1194=VECTOR('',#6815,10.);
#1195=VECTOR('',#6816,10.);
#1196=VECTOR('',#6819,10.);
#1197=VECTOR('',#6820,10.);
#1198=VECTOR('',#6823,10.);
#1199=VECTOR('',#6824,10.);
#1200=VECTOR('',#6827,10.);
#1201=VECTOR('',#6830,10.);
#1202=ELLIPSE('',#4998,1.4142135623731,1.);
#1203=ELLIPSE('',#5006,1.4142135623731,1.);
#1204=ELLIPSE('',#5017,4.47213595499958,2.);
#1205=ELLIPSE('',#5022,4.47213595499958,2.);
#1206=ELLIPSE('',#5024,4.47213595499958,2.);
#1207=ELLIPSE('',#5027,4.47213595499958,2.);
#1208=ELLIPSE('',#5029,2.82842712474619,2.);
#1209=ELLIPSE('',#5031,2.82842712474619,2.);
#1210=ELLIPSE('',#5043,1.4142135623731,1.);
#1211=ELLIPSE('',#5051,1.4142135623731,1.);
#1212=ELLIPSE('',#5062,4.47213595499958,2.);
#1213=ELLIPSE('',#5067,4.47213595499958,2.);
#1214=ELLIPSE('',#5069,4.47213595499958,2.);
#1215=ELLIPSE('',#5072,4.47213595499958,2.);
#1216=ELLIPSE('',#5074,2.82842712474619,2.);
#1217=ELLIPSE('',#5076,2.82842712474619,2.);
#1218=ELLIPSE('',#5133,2.74220732188812,1.15);
#1219=ELLIPSE('',#5135,3.19330565342824,2.);
#1220=ELLIPSE('',#5157,14.9764688890382,13.595867816345);
#1221=ELLIPSE('',#5158,14.9764688890382,13.595867816345);
#1222=ELLIPSE('',#5167,12.6491106406735,4.);
#1223=ELLIPSE('',#5184,2.8284271247462,2.);
#1224=ELLIPSE('',#5215,2.82842712474618,2.);
#1225=ELLIPSE('',#5219,2.82842712474619,2.);
#1226=ELLIPSE('',#5222,2.82842712474619,2.);
#1227=ELLIPSE('',#5235,2.82842712474618,2.);
#1228=ELLIPSE('',#5239,2.8284271247462,2.);
#1229=ELLIPSE('',#5243,2.82842712474478,2.);
#1230=ELLIPSE('',#5245,2.8284271247476,2.);
#1231=ELLIPSE('',#5268,2.8284271247462,2.);
#1232=ELLIPSE('',#5278,2.8284271247462,2.);
#1233=CYLINDRICAL_SURFACE('',#4997,1.);
#1234=CYLINDRICAL_SURFACE('',#5005,1.);
#1235=CYLINDRICAL_SURFACE('',#5007,1.);
#1236=CYLINDRICAL_SURFACE('',#5015,1.);
#1237=CYLINDRICAL_SURFACE('',#5016,2.);
#1238=CYLINDRICAL_SURFACE('',#5020,2.);
#1239=CYLINDRICAL_SURFACE('',#5025,2.);
#1240=CYLINDRICAL_SURFACE('',#5028,2.);
#1241=CYLINDRICAL_SURFACE('',#5030,2.);
#1242=CYLINDRICAL_SURFACE('',#5032,2.);
#1243=CYLINDRICAL_SURFACE('',#5042,1.);
#1244=CYLINDRICAL_SURFACE('',#5050,1.);
#1245=CYLINDRICAL_SURFACE('',#5052,1.);
#1246=CYLINDRICAL_SURFACE('',#5060,1.);
#1247=CYLINDRICAL_SURFACE('',#5061,2.);
#1248=CYLINDRICAL_SURFACE('',#5065,2.);
#1249=CYLINDRICAL_SURFACE('',#5070,2.);
#1250=CYLINDRICAL_SURFACE('',#5073,2.);
#1251=CYLINDRICAL_SURFACE('',#5075,2.);
#1252=CYLINDRICAL_SURFACE('',#5077,2.);
#1253=CYLINDRICAL_SURFACE('',#5087,15.0217191493272);
#1254=CYLINDRICAL_SURFACE('',#5103,3.5085);
#1255=CYLINDRICAL_SURFACE('',#5130,0.85);
#1256=CYLINDRICAL_SURFACE('',#5136,0.85);
#1257=CYLINDRICAL_SURFACE('',#5150,13.595867816345);
#1258=CYLINDRICAL_SURFACE('',#5162,2.);
#1259=CYLINDRICAL_SURFACE('',#5164,4.);
#1260=CYLINDRICAL_SURFACE('',#5169,4.);
#1261=CYLINDRICAL_SURFACE('',#5172,4.);
#1262=CYLINDRICAL_SURFACE('',#5178,4.);
#1263=CYLINDRICAL_SURFACE('',#5182,2.);
#1264=CYLINDRICAL_SURFACE('',#5189,2.);
#1265=CYLINDRICAL_SURFACE('',#5194,2.);
#1266=CYLINDRICAL_SURFACE('',#5197,2.);
#1267=CYLINDRICAL_SURFACE('',#5201,2.);
#1268=CYLINDRICAL_SURFACE('',#5203,13.595867816345);
#1269=CYLINDRICAL_SURFACE('',#5208,2.);
#1270=CYLINDRICAL_SURFACE('',#5209,2.);
#1271=CYLINDRICAL_SURFACE('',#5214,2.);
#1272=CYLINDRICAL_SURFACE('',#5216,2.);
#1273=CYLINDRICAL_SURFACE('',#5218,2.);
#1274=CYLINDRICAL_SURFACE('',#5221,2.);
#1275=CYLINDRICAL_SURFACE('',#5228,2.);
#1276=CYLINDRICAL_SURFACE('',#5232,2.);
#1277=CYLINDRICAL_SURFACE('',#5238,2.);
#1278=CYLINDRICAL_SURFACE('',#5242,2.);
#1279=CYLINDRICAL_SURFACE('',#5244,2.);
#1280=CYLINDRICAL_SURFACE('',#5246,2.);
#1281=CYLINDRICAL_SURFACE('',#5249,90.);
#1282=CYLINDRICAL_SURFACE('',#5266,2.);
#1283=CYLINDRICAL_SURFACE('',#5269,2.);
#1284=CYLINDRICAL_SURFACE('',#5272,13.595867816345);
#1285=CYLINDRICAL_SURFACE('',#5276,2.);
#1286=CYLINDRICAL_SURFACE('',#5280,2.);
#1287=CYLINDRICAL_SURFACE('',#5286,13.595867816345);
#1288=CYLINDRICAL_SURFACE('',#5294,5.75329873142696);
#1289=CYLINDRICAL_SURFACE('',#5297,5.75329873142696);
#1290=CYLINDRICAL_SURFACE('',#5299,5.75329873142696);
#1291=CYLINDRICAL_SURFACE('',#5314,8.);
#1292=CYLINDRICAL_SURFACE('',#5341,8.13186844083997);
#1293=CYLINDRICAL_SURFACE('',#5344,13.595867816345);
#1294=CYLINDRICAL_SURFACE('',#5346,13.595867816345);
#1295=CYLINDRICAL_SURFACE('',#5349,13.595867816345);
#1296=CYLINDRICAL_SURFACE('',#5375,13.595867816345);
#1297=CYLINDRICAL_SURFACE('',#5379,13.595867816345);
#1298=CYLINDRICAL_SURFACE('',#5382,13.595867816345);
#1299=CYLINDRICAL_SURFACE('',#5386,13.595867816345);
#1300=CYLINDRICAL_SURFACE('',#5398,13.595867816345);
#1301=CYLINDRICAL_SURFACE('',#5411,4.951);
#1302=CYLINDRICAL_SURFACE('',#5427,4.951);
#1303=FACE_OUTER_BOUND('',#1557,.T.);
#1304=FACE_OUTER_BOUND('',#1558,.T.);
#1305=FACE_OUTER_BOUND('',#1559,.T.);
#1306=FACE_OUTER_BOUND('',#1560,.T.);
#1307=FACE_OUTER_BOUND('',#1561,.T.);
#1308=FACE_OUTER_BOUND('',#1562,.T.);
#1309=FACE_OUTER_BOUND('',#1563,.T.);
#1310=FACE_OUTER_BOUND('',#1564,.T.);
#1311=FACE_OUTER_BOUND('',#1565,.T.);
#1312=FACE_OUTER_BOUND('',#1566,.T.);
#1313=FACE_OUTER_BOUND('',#1567,.T.);
#1314=FACE_OUTER_BOUND('',#1568,.T.);
#1315=FACE_OUTER_BOUND('',#1569,.T.);
#1316=FACE_OUTER_BOUND('',#1570,.T.);
#1317=FACE_OUTER_BOUND('',#1571,.T.);
#1318=FACE_OUTER_BOUND('',#1572,.T.);
#1319=FACE_OUTER_BOUND('',#1573,.T.);
#1320=FACE_OUTER_BOUND('',#1574,.T.);
#1321=FACE_OUTER_BOUND('',#1575,.T.);
#1322=FACE_OUTER_BOUND('',#1576,.T.);
#1323=FACE_OUTER_BOUND('',#1577,.T.);
#1324=FACE_OUTER_BOUND('',#1578,.T.);
#1325=FACE_OUTER_BOUND('',#1579,.T.);
#1326=FACE_OUTER_BOUND('',#1580,.T.);
#1327=FACE_OUTER_BOUND('',#1581,.T.);
#1328=FACE_OUTER_BOUND('',#1582,.T.);
#1329=FACE_OUTER_BOUND('',#1583,.T.);
#1330=FACE_OUTER_BOUND('',#1584,.T.);
#1331=FACE_OUTER_BOUND('',#1585,.T.);
#1332=FACE_OUTER_BOUND('',#1586,.T.);
#1333=FACE_OUTER_BOUND('',#1587,.T.);
#1334=FACE_OUTER_BOUND('',#1588,.T.);
#1335=FACE_OUTER_BOUND('',#1589,.T.);
#1336=FACE_OUTER_BOUND('',#1590,.T.);
#1337=FACE_OUTER_BOUND('',#1591,.T.);
#1338=FACE_OUTER_BOUND('',#1592,.T.);
#1339=FACE_OUTER_BOUND('',#1593,.T.);
#1340=FACE_OUTER_BOUND('',#1594,.T.);
#1341=FACE_OUTER_BOUND('',#1595,.T.);
#1342=FACE_OUTER_BOUND('',#1596,.T.);
#1343=FACE_OUTER_BOUND('',#1597,.T.);
#1344=FACE_OUTER_BOUND('',#1598,.T.);
#1345=FACE_OUTER_BOUND('',#1599,.T.);
#1346=FACE_OUTER_BOUND('',#1600,.T.);
#1347=FACE_OUTER_BOUND('',#1601,.T.);
#1348=FACE_OUTER_BOUND('',#1602,.T.);
#1349=FACE_OUTER_BOUND('',#1603,.T.);
#1350=FACE_OUTER_BOUND('',#1604,.T.);
#1351=FACE_OUTER_BOUND('',#1605,.T.);
#1352=FACE_OUTER_BOUND('',#1606,.T.);
#1353=FACE_OUTER_BOUND('',#1607,.T.);
#1354=FACE_OUTER_BOUND('',#1608,.T.);
#1355=FACE_OUTER_BOUND('',#1609,.T.);
#1356=FACE_OUTER_BOUND('',#1610,.T.);
#1357=FACE_OUTER_BOUND('',#1611,.T.);
#1358=FACE_OUTER_BOUND('',#1612,.T.);
#1359=FACE_OUTER_BOUND('',#1613,.T.);
#1360=FACE_OUTER_BOUND('',#1614,.T.);
#1361=FACE_OUTER_BOUND('',#1615,.T.);
#1362=FACE_OUTER_BOUND('',#1616,.T.);
#1363=FACE_OUTER_BOUND('',#1618,.T.);
#1364=FACE_OUTER_BOUND('',#1619,.T.);
#1365=FACE_OUTER_BOUND('',#1620,.T.);
#1366=FACE_OUTER_BOUND('',#1621,.T.);
#1367=FACE_OUTER_BOUND('',#1622,.T.);
#1368=FACE_OUTER_BOUND('',#1623,.T.);
#1369=FACE_OUTER_BOUND('',#1624,.T.);
#1370=FACE_OUTER_BOUND('',#1625,.T.);
#1371=FACE_OUTER_BOUND('',#1626,.T.);
#1372=FACE_OUTER_BOUND('',#1627,.T.);
#1373=FACE_OUTER_BOUND('',#1628,.T.);
#1374=FACE_OUTER_BOUND('',#1629,.T.);
#1375=FACE_OUTER_BOUND('',#1630,.T.);
#1376=FACE_OUTER_BOUND('',#1631,.T.);
#1377=FACE_OUTER_BOUND('',#1632,.T.);
#1378=FACE_OUTER_BOUND('',#1633,.T.);
#1379=FACE_OUTER_BOUND('',#1634,.T.);
#1380=FACE_OUTER_BOUND('',#1635,.T.);
#1381=FACE_OUTER_BOUND('',#1636,.T.);
#1382=FACE_OUTER_BOUND('',#1637,.T.);
#1383=FACE_OUTER_BOUND('',#1638,.T.);
#1384=FACE_OUTER_BOUND('',#1639,.T.);
#1385=FACE_OUTER_BOUND('',#1640,.T.);
#1386=FACE_OUTER_BOUND('',#1641,.T.);
#1387=FACE_OUTER_BOUND('',#1645,.T.);
#1388=FACE_OUTER_BOUND('',#1646,.T.);
#1389=FACE_OUTER_BOUND('',#1649,.T.);
#1390=FACE_OUTER_BOUND('',#1650,.T.);
#1391=FACE_OUTER_BOUND('',#1651,.T.);
#1392=FACE_OUTER_BOUND('',#1652,.T.);
#1393=FACE_OUTER_BOUND('',#1653,.T.);
#1394=FACE_OUTER_BOUND('',#1654,.T.);
#1395=FACE_OUTER_BOUND('',#1655,.T.);
#1396=FACE_OUTER_BOUND('',#1656,.T.);
#1397=FACE_OUTER_BOUND('',#1658,.T.);
#1398=FACE_OUTER_BOUND('',#1659,.T.);
#1399=FACE_OUTER_BOUND('',#1660,.T.);
#1400=FACE_OUTER_BOUND('',#1661,.T.);
#1401=FACE_OUTER_BOUND('',#1662,.T.);
#1402=FACE_OUTER_BOUND('',#1663,.T.);
#1403=FACE_OUTER_BOUND('',#1664,.T.);
#1404=FACE_OUTER_BOUND('',#1665,.T.);
#1405=FACE_OUTER_BOUND('',#1666,.T.);
#1406=FACE_OUTER_BOUND('',#1667,.T.);
#1407=FACE_OUTER_BOUND('',#1668,.T.);
#1408=FACE_OUTER_BOUND('',#1669,.T.);
#1409=FACE_OUTER_BOUND('',#1670,.T.);
#1410=FACE_OUTER_BOUND('',#1671,.T.);
#1411=FACE_OUTER_BOUND('',#1672,.T.);
#1412=FACE_OUTER_BOUND('',#1673,.T.);
#1413=FACE_OUTER_BOUND('',#1674,.T.);
#1414=FACE_OUTER_BOUND('',#1675,.T.);
#1415=FACE_OUTER_BOUND('',#1676,.T.);
#1416=FACE_OUTER_BOUND('',#1677,.T.);
#1417=FACE_OUTER_BOUND('',#1678,.T.);
#1418=FACE_OUTER_BOUND('',#1679,.T.);
#1419=FACE_OUTER_BOUND('',#1680,.T.);
#1420=FACE_OUTER_BOUND('',#1681,.T.);
#1421=FACE_OUTER_BOUND('',#1683,.T.);
#1422=FACE_OUTER_BOUND('',#1684,.T.);
#1423=FACE_OUTER_BOUND('',#1685,.T.);
#1424=FACE_OUTER_BOUND('',#1686,.T.);
#1425=FACE_OUTER_BOUND('',#1687,.T.);
#1426=FACE_OUTER_BOUND('',#1688,.T.);
#1427=FACE_OUTER_BOUND('',#1689,.T.);
#1428=FACE_OUTER_BOUND('',#1690,.T.);
#1429=FACE_OUTER_BOUND('',#1691,.T.);
#1430=FACE_OUTER_BOUND('',#1692,.T.);
#1431=FACE_OUTER_BOUND('',#1693,.T.);
#1432=FACE_OUTER_BOUND('',#1694,.T.);
#1433=FACE_OUTER_BOUND('',#1695,.T.);
#1434=FACE_OUTER_BOUND('',#1696,.T.);
#1435=FACE_OUTER_BOUND('',#1697,.T.);
#1436=FACE_OUTER_BOUND('',#1698,.T.);
#1437=FACE_OUTER_BOUND('',#1699,.T.);
#1438=FACE_OUTER_BOUND('',#1700,.T.);
#1439=FACE_OUTER_BOUND('',#1701,.T.);
#1440=FACE_OUTER_BOUND('',#1702,.T.);
#1441=FACE_OUTER_BOUND('',#1703,.T.);
#1442=FACE_OUTER_BOUND('',#1704,.T.);
#1443=FACE_OUTER_BOUND('',#1705,.T.);
#1444=FACE_OUTER_BOUND('',#1706,.T.);
#1445=FACE_OUTER_BOUND('',#1707,.T.);
#1446=FACE_OUTER_BOUND('',#1708,.T.);
#1447=FACE_OUTER_BOUND('',#1709,.T.);
#1448=FACE_OUTER_BOUND('',#1710,.T.);
#1449=FACE_OUTER_BOUND('',#1711,.T.);
#1450=FACE_OUTER_BOUND('',#1712,.T.);
#1451=FACE_OUTER_BOUND('',#1713,.T.);
#1452=FACE_OUTER_BOUND('',#1714,.T.);
#1453=FACE_OUTER_BOUND('',#1715,.T.);
#1454=FACE_OUTER_BOUND('',#1716,.T.);
#1455=FACE_OUTER_BOUND('',#1717,.T.);
#1456=FACE_OUTER_BOUND('',#1718,.T.);
#1457=FACE_OUTER_BOUND('',#1719,.T.);
#1458=FACE_OUTER_BOUND('',#1720,.T.);
#1459=FACE_OUTER_BOUND('',#1723,.T.);
#1460=FACE_OUTER_BOUND('',#1724,.T.);
#1461=FACE_OUTER_BOUND('',#1725,.T.);
#1462=FACE_OUTER_BOUND('',#1726,.T.);
#1463=FACE_OUTER_BOUND('',#1727,.T.);
#1464=FACE_OUTER_BOUND('',#1728,.T.);
#1465=FACE_OUTER_BOUND('',#1729,.T.);
#1466=FACE_OUTER_BOUND('',#1730,.T.);
#1467=FACE_OUTER_BOUND('',#1731,.T.);
#1468=FACE_OUTER_BOUND('',#1732,.T.);
#1469=FACE_OUTER_BOUND('',#1733,.T.);
#1470=FACE_OUTER_BOUND('',#1734,.T.);
#1471=FACE_OUTER_BOUND('',#1735,.T.);
#1472=FACE_OUTER_BOUND('',#1736,.T.);
#1473=FACE_OUTER_BOUND('',#1737,.T.);
#1474=FACE_OUTER_BOUND('',#1738,.T.);
#1475=FACE_OUTER_BOUND('',#1739,.T.);
#1476=FACE_OUTER_BOUND('',#1740,.T.);
#1477=FACE_OUTER_BOUND('',#1741,.T.);
#1478=FACE_OUTER_BOUND('',#1742,.T.);
#1479=FACE_OUTER_BOUND('',#1743,.T.);
#1480=FACE_OUTER_BOUND('',#1744,.T.);
#1481=FACE_OUTER_BOUND('',#1745,.T.);
#1482=FACE_OUTER_BOUND('',#1746,.T.);
#1483=FACE_OUTER_BOUND('',#1747,.T.);
#1484=FACE_OUTER_BOUND('',#1748,.T.);
#1485=FACE_OUTER_BOUND('',#1749,.T.);
#1486=FACE_OUTER_BOUND('',#1750,.T.);
#1487=FACE_OUTER_BOUND('',#1751,.T.);
#1488=FACE_OUTER_BOUND('',#1752,.T.);
#1489=FACE_OUTER_BOUND('',#1753,.T.);
#1490=FACE_OUTER_BOUND('',#1754,.T.);
#1491=FACE_OUTER_BOUND('',#1755,.T.);
#1492=FACE_OUTER_BOUND('',#1756,.T.);
#1493=FACE_OUTER_BOUND('',#1757,.T.);
#1494=FACE_OUTER_BOUND('',#1758,.T.);
#1495=FACE_OUTER_BOUND('',#1759,.T.);
#1496=FACE_OUTER_BOUND('',#1760,.T.);
#1497=FACE_OUTER_BOUND('',#1761,.T.);
#1498=FACE_OUTER_BOUND('',#1762,.T.);
#1499=FACE_OUTER_BOUND('',#1763,.T.);
#1500=FACE_OUTER_BOUND('',#1764,.T.);
#1501=FACE_OUTER_BOUND('',#1765,.T.);
#1502=FACE_OUTER_BOUND('',#1766,.T.);
#1503=FACE_OUTER_BOUND('',#1767,.T.);
#1504=FACE_OUTER_BOUND('',#1768,.T.);
#1505=FACE_OUTER_BOUND('',#1769,.T.);
#1506=FACE_OUTER_BOUND('',#1770,.T.);
#1507=FACE_OUTER_BOUND('',#1771,.T.);
#1508=FACE_OUTER_BOUND('',#1772,.T.);
#1509=FACE_OUTER_BOUND('',#1773,.T.);
#1510=FACE_OUTER_BOUND('',#1774,.T.);
#1511=FACE_OUTER_BOUND('',#1775,.T.);
#1512=FACE_OUTER_BOUND('',#1776,.T.);
#1513=FACE_OUTER_BOUND('',#1777,.T.);
#1514=FACE_OUTER_BOUND('',#1778,.T.);
#1515=FACE_OUTER_BOUND('',#1779,.T.);
#1516=FACE_OUTER_BOUND('',#1780,.T.);
#1517=FACE_OUTER_BOUND('',#1781,.T.);
#1518=FACE_OUTER_BOUND('',#1782,.T.);
#1519=FACE_OUTER_BOUND('',#1783,.T.);
#1520=FACE_OUTER_BOUND('',#1784,.T.);
#1521=FACE_OUTER_BOUND('',#1785,.T.);
#1522=FACE_OUTER_BOUND('',#1786,.T.);
#1523=FACE_OUTER_BOUND('',#1787,.T.);
#1524=FACE_OUTER_BOUND('',#1788,.T.);
#1525=FACE_OUTER_BOUND('',#1789,.T.);
#1526=FACE_OUTER_BOUND('',#1790,.T.);
#1527=FACE_OUTER_BOUND('',#1792,.T.);
#1528=FACE_OUTER_BOUND('',#1793,.T.);
#1529=FACE_OUTER_BOUND('',#1794,.T.);
#1530=FACE_OUTER_BOUND('',#1795,.T.);
#1531=FACE_OUTER_BOUND('',#1796,.T.);
#1532=FACE_OUTER_BOUND('',#1798,.T.);
#1533=FACE_OUTER_BOUND('',#1799,.T.);
#1534=FACE_OUTER_BOUND('',#1800,.T.);
#1535=FACE_OUTER_BOUND('',#1801,.T.);
#1536=FACE_OUTER_BOUND('',#1803,.T.);
#1537=FACE_OUTER_BOUND('',#1804,.T.);
#1538=FACE_OUTER_BOUND('',#1805,.T.);
#1539=FACE_OUTER_BOUND('',#1806,.T.);
#1540=FACE_OUTER_BOUND('',#1807,.T.);
#1541=FACE_OUTER_BOUND('',#1808,.T.);
#1542=FACE_OUTER_BOUND('',#1809,.T.);
#1543=FACE_OUTER_BOUND('',#1810,.T.);
#1544=FACE_OUTER_BOUND('',#1811,.T.);
#1545=FACE_OUTER_BOUND('',#1812,.T.);
#1546=FACE_OUTER_BOUND('',#1813,.T.);
#1547=FACE_OUTER_BOUND('',#1814,.T.);
#1548=FACE_OUTER_BOUND('',#1815,.T.);
#1549=FACE_OUTER_BOUND('',#1816,.T.);
#1550=FACE_OUTER_BOUND('',#1817,.T.);
#1551=FACE_OUTER_BOUND('',#1818,.T.);
#1552=FACE_OUTER_BOUND('',#1819,.T.);
#1553=FACE_OUTER_BOUND('',#1820,.T.);
#1554=FACE_OUTER_BOUND('',#1821,.T.);
#1555=FACE_OUTER_BOUND('',#1822,.T.);
#1556=FACE_OUTER_BOUND('',#1823,.T.);
#1557=EDGE_LOOP('',(#3237,#3238,#3239,#3240,#3241));
#1558=EDGE_LOOP('',(#3242,#3243,#3244,#3245));
#1559=EDGE_LOOP('',(#3246,#3247,#3248,#3249));
#1560=EDGE_LOOP('',(#3250,#3251,#3252,#3253,#3254,#3255));
#1561=EDGE_LOOP('',(#3256,#3257,#3258,#3259));
#1562=EDGE_LOOP('',(#3260,#3261,#3262,#3263));
#1563=EDGE_LOOP('',(#3264,#3265,#3266,#3267));
#1564=EDGE_LOOP('',(#3268,#3269,#3270,#3271,#3272));
#1565=EDGE_LOOP('',(#3273,#3274,#3275,#3276));
#1566=EDGE_LOOP('',(#3277,#3278,#3279,#3280,#3281));
#1567=EDGE_LOOP('',(#3282,#3283,#3284,#3285,#3286));
#1568=EDGE_LOOP('',(#3287,#3288,#3289,#3290));
#1569=EDGE_LOOP('',(#3291,#3292,#3293,#3294,#3295,#3296,#3297,#3298));
#1570=EDGE_LOOP('',(#3299,#3300,#3301,#3302));
#1571=EDGE_LOOP('',(#3303,#3304,#3305,#3306,#3307,#3308));
#1572=EDGE_LOOP('',(#3309,#3310,#3311));
#1573=EDGE_LOOP('',(#3312,#3313,#3314,#3315));
#1574=EDGE_LOOP('',(#3316,#3317,#3318));
#1575=EDGE_LOOP('',(#3319,#3320,#3321,#3322));
#1576=EDGE_LOOP('',(#3323,#3324,#3325,#3326));
#1577=EDGE_LOOP('',(#3327,#3328,#3329,#3330));
#1578=EDGE_LOOP('',(#3331,#3332,#3333,#3334,#3335,#3336));
#1579=EDGE_LOOP('',(#3337,#3338,#3339,#3340));
#1580=EDGE_LOOP('',(#3341,#3342,#3343,#3344,#3345,#3346));
#1581=EDGE_LOOP('',(#3347,#3348,#3349,#3350,#3351,#3352,#3353,#3354,#3355));
#1582=EDGE_LOOP('',(#3356,#3357,#3358,#3359));
#1583=EDGE_LOOP('',(#3360,#3361,#3362,#3363));
#1584=EDGE_LOOP('',(#3364,#3365,#3366,#3367));
#1585=EDGE_LOOP('',(#3368,#3369,#3370,#3371,#3372));
#1586=EDGE_LOOP('',(#3373,#3374,#3375,#3376,#3377));
#1587=EDGE_LOOP('',(#3378,#3379,#3380,#3381));
#1588=EDGE_LOOP('',(#3382,#3383,#3384,#3385));
#1589=EDGE_LOOP('',(#3386,#3387,#3388,#3389,#3390,#3391));
#1590=EDGE_LOOP('',(#3392,#3393,#3394,#3395));
#1591=EDGE_LOOP('',(#3396,#3397,#3398,#3399));
#1592=EDGE_LOOP('',(#3400,#3401,#3402,#3403));
#1593=EDGE_LOOP('',(#3404,#3405,#3406,#3407,#3408));
#1594=EDGE_LOOP('',(#3409,#3410,#3411,#3412));
#1595=EDGE_LOOP('',(#3413,#3414,#3415,#3416,#3417));
#1596=EDGE_LOOP('',(#3418,#3419,#3420,#3421,#3422));
#1597=EDGE_LOOP('',(#3423,#3424,#3425,#3426));
#1598=EDGE_LOOP('',(#3427,#3428,#3429,#3430,#3431,#3432,#3433,#3434));
#1599=EDGE_LOOP('',(#3435,#3436,#3437,#3438));
#1600=EDGE_LOOP('',(#3439,#3440,#3441,#3442,#3443,#3444));
#1601=EDGE_LOOP('',(#3445,#3446,#3447));
#1602=EDGE_LOOP('',(#3448,#3449,#3450,#3451));
#1603=EDGE_LOOP('',(#3452,#3453,#3454));
#1604=EDGE_LOOP('',(#3455,#3456,#3457,#3458));
#1605=EDGE_LOOP('',(#3459,#3460,#3461,#3462));
#1606=EDGE_LOOP('',(#3463,#3464,#3465,#3466));
#1607=EDGE_LOOP('',(#3467,#3468,#3469,#3470,#3471,#3472));
#1608=EDGE_LOOP('',(#3473,#3474,#3475,#3476));
#1609=EDGE_LOOP('',(#3477,#3478,#3479,#3480,#3481,#3482));
#1610=EDGE_LOOP('',(#3483,#3484,#3485,#3486,#3487,#3488,#3489,#3490,#3491));
#1611=EDGE_LOOP('',(#3492,#3493,#3494,#3495));
#1612=EDGE_LOOP('',(#3496,#3497,#3498,#3499));
#1613=EDGE_LOOP('',(#3500,#3501,#3502,#3503));
#1614=EDGE_LOOP('',(#3504,#3505,#3506,#3507,#3508));
#1615=EDGE_LOOP('',(#3509,#3510,#3511,#3512));
#1616=EDGE_LOOP('',(#3513));
#1617=EDGE_LOOP('',(#3514,#3515,#3516,#3517));
#1618=EDGE_LOOP('',(#3518,#3519,#3520,#3521));
#1619=EDGE_LOOP('',(#3522,#3523,#3524,#3525));
#1620=EDGE_LOOP('',(#3526,#3527,#3528,#3529,#3530,#3531));
#1621=EDGE_LOOP('',(#3532,#3533,#3534,#3535));
#1622=EDGE_LOOP('',(#3536,#3537,#3538,#3539));
#1623=EDGE_LOOP('',(#3540,#3541,#3542,#3543,#3544,#3545,#3546,#3547));
#1624=EDGE_LOOP('',(#3548,#3549,#3550,#3551));
#1625=EDGE_LOOP('',(#3552,#3553,#3554,#3555));
#1626=EDGE_LOOP('',(#3556,#3557,#3558,#3559,#3560,#3561,#3562,#3563));
#1627=EDGE_LOOP('',(#3564,#3565,#3566,#3567));
#1628=EDGE_LOOP('',(#3568,#3569,#3570,#3571));
#1629=EDGE_LOOP('',(#3572,#3573,#3574,#3575,#3576,#3577,#3578,#3579));
#1630=EDGE_LOOP('',(#3580,#3581,#3582,#3583));
#1631=EDGE_LOOP('',(#3584,#3585,#3586,#3587));
#1632=EDGE_LOOP('',(#3588,#3589,#3590,#3591,#3592,#3593,#3594,#3595));
#1633=EDGE_LOOP('',(#3596,#3597,#3598,#3599));
#1634=EDGE_LOOP('',(#3600,#3601,#3602,#3603));
#1635=EDGE_LOOP('',(#3604,#3605,#3606,#3607));
#1636=EDGE_LOOP('',(#3608,#3609,#3610,#3611));
#1637=EDGE_LOOP('',(#3612,#3613,#3614,#3615));
#1638=EDGE_LOOP('',(#3616,#3617,#3618,#3619));
#1639=EDGE_LOOP('',(#3620,#3621,#3622,#3623,#3624,#3625));
#1640=EDGE_LOOP('',(#3626,#3627,#3628,#3629));
#1641=EDGE_LOOP('',(#3630,#3631,#3632,#3633));
#1642=EDGE_LOOP('',(#3634,#3635,#3636,#3637));
#1643=EDGE_LOOP('',(#3638,#3639,#3640,#3641));
#1644=EDGE_LOOP('',(#3642,#3643,#3644,#3645));
#1645=EDGE_LOOP('',(#3646,#3647,#3648,#3649));
#1646=EDGE_LOOP('',(#3650,#3651,#3652,#3653,#3654,#3655,#3656,#3657,#3658,
#3659,#3660,#3661));
#1647=EDGE_LOOP('',(#3662));
#1648=EDGE_LOOP('',(#3663,#3664,#3665,#3666));
#1649=EDGE_LOOP('',(#3667,#3668,#3669,#3670));
#1650=EDGE_LOOP('',(#3671,#3672,#3673,#3674));
#1651=EDGE_LOOP('',(#3675,#3676,#3677,#3678));
#1652=EDGE_LOOP('',(#3679,#3680,#3681,#3682));
#1653=EDGE_LOOP('',(#3683,#3684,#3685,#3686));
#1654=EDGE_LOOP('',(#3687,#3688,#3689,#3690,#3691,#3692,#3693,#3694));
#1655=EDGE_LOOP('',(#3695,#3696,#3697,#3698));
#1656=EDGE_LOOP('',(#3699,#3700,#3701,#3702));
#1657=EDGE_LOOP('',(#3703,#3704,#3705,#3706,#3707,#3708,#3709,#3710,#3711,
#3712,#3713,#3714,#3715,#3716,#3717,#3718,#3719,#3720,#3721,#3722,#3723,
#3724));
#1658=EDGE_LOOP('',(#3725,#3726,#3727,#3728,#3729,#3730,#3731,#3732,#3733,
#3734,#3735,#3736,#3737,#3738,#3739,#3740,#3741,#3742,#3743,#3744,#3745,
#3746));
#1659=EDGE_LOOP('',(#3747,#3748,#3749,#3750));
#1660=EDGE_LOOP('',(#3751,#3752,#3753,#3754));
#1661=EDGE_LOOP('',(#3755,#3756,#3757));
#1662=EDGE_LOOP('',(#3758,#3759,#3760,#3761,#3762));
#1663=EDGE_LOOP('',(#3763,#3764,#3765,#3766));
#1664=EDGE_LOOP('',(#3767,#3768,#3769,#3770));
#1665=EDGE_LOOP('',(#3771,#3772,#3773,#3774));
#1666=EDGE_LOOP('',(#3775,#3776,#3777));
#1667=EDGE_LOOP('',(#3778,#3779,#3780,#3781,#3782));
#1668=EDGE_LOOP('',(#3783,#3784,#3785,#3786));
#1669=EDGE_LOOP('',(#3787,#3788,#3789,#3790));
#1670=EDGE_LOOP('',(#3791,#3792,#3793,#3794,#3795));
#1671=EDGE_LOOP('',(#3796,#3797,#3798,#3799));
#1672=EDGE_LOOP('',(#3800,#3801,#3802,#3803,#3804,#3805,#3806,#3807,#3808,
#3809));
#1673=EDGE_LOOP('',(#3810,#3811,#3812,#3813));
#1674=EDGE_LOOP('',(#3814,#3815,#3816,#3817,#3818));
#1675=EDGE_LOOP('',(#3819,#3820,#3821,#3822,#3823,#3824,#3825,#3826));
#1676=EDGE_LOOP('',(#3827,#3828,#3829,#3830));
#1677=EDGE_LOOP('',(#3831,#3832,#3833,#3834));
#1678=EDGE_LOOP('',(#3835,#3836,#3837,#3838));
#1679=EDGE_LOOP('',(#3839,#3840,#3841,#3842,#3843,#3844,#3845,#3846,#3847,
#3848,#3849,#3850,#3851));
#1680=EDGE_LOOP('',(#3852,#3853,#3854,#3855));
#1681=EDGE_LOOP('',(#3856,#3857,#3858,#3859,#3860,#3861,#3862,#3863,#3864,
#3865,#3866,#3867));
#1682=EDGE_LOOP('',(#3868,#3869));
#1683=EDGE_LOOP('',(#3870,#3871,#3872,#3873,#3874,#3875,#3876,#3877,#3878,
#3879,#3880,#3881));
#1684=EDGE_LOOP('',(#3882,#3883,#3884,#3885));
#1685=EDGE_LOOP('',(#3886,#3887,#3888,#3889));
#1686=EDGE_LOOP('',(#3890,#3891,#3892));
#1687=EDGE_LOOP('',(#3893,#3894,#3895,#3896));
#1688=EDGE_LOOP('',(#3897,#3898,#3899,#3900));
#1689=EDGE_LOOP('',(#3901,#3902,#3903,#3904));
#1690=EDGE_LOOP('',(#3905,#3906,#3907,#3908,#3909,#3910));
#1691=EDGE_LOOP('',(#3911,#3912,#3913,#3914));
#1692=EDGE_LOOP('',(#3915,#3916,#3917,#3918));
#1693=EDGE_LOOP('',(#3919,#3920,#3921,#3922,#3923,#3924,#3925,#3926,#3927,
#3928,#3929,#3930,#3931,#3932,#3933,#3934,#3935,#3936,#3937));
#1694=EDGE_LOOP('',(#3938,#3939,#3940,#3941));
#1695=EDGE_LOOP('',(#3942,#3943,#3944,#3945,#3946));
#1696=EDGE_LOOP('',(#3947,#3948,#3949,#3950));
#1697=EDGE_LOOP('',(#3951,#3952,#3953,#3954,#3955,#3956,#3957));
#1698=EDGE_LOOP('',(#3958,#3959,#3960,#3961));
#1699=EDGE_LOOP('',(#3962,#3963,#3964,#3965,#3966,#3967,#3968));
#1700=EDGE_LOOP('',(#3969,#3970,#3971,#3972));
#1701=EDGE_LOOP('',(#3973,#3974,#3975,#3976,#3977,#3978));
#1702=EDGE_LOOP('',(#3979,#3980,#3981,#3982));
#1703=EDGE_LOOP('',(#3983,#3984));
#1704=EDGE_LOOP('',(#3985,#3986,#3987,#3988,#3989,#3990,#3991,#3992,#3993,
#3994,#3995,#3996,#3997,#3998,#3999,#4000,#4001,#4002,#4003,#4004,#4005,
#4006,#4007,#4008,#4009,#4010,#4011,#4012,#4013,#4014,#4015,#4016,#4017,
#4018,#4019,#4020,#4021,#4022,#4023,#4024,#4025,#4026,#4027,#4028,#4029,
#4030,#4031,#4032,#4033,#4034,#4035,#4036,#4037,#4038,#4039,#4040,#4041));
#1705=EDGE_LOOP('',(#4042,#4043,#4044,#4045,#4046));
#1706=EDGE_LOOP('',(#4047,#4048,#4049,#4050));
#1707=EDGE_LOOP('',(#4051,#4052,#4053,#4054));
#1708=EDGE_LOOP('',(#4055,#4056,#4057,#4058,#4059,#4060,#4061,#4062,#4063,
#4064));
#1709=EDGE_LOOP('',(#4065,#4066,#4067,#4068,#4069,#4070));
#1710=EDGE_LOOP('',(#4071,#4072,#4073,#4074));
#1711=EDGE_LOOP('',(#4075,#4076,#4077,#4078,#4079,#4080,#4081,#4082));
#1712=EDGE_LOOP('',(#4083,#4084,#4085,#4086));
#1713=EDGE_LOOP('',(#4087,#4088,#4089,#4090,#4091,#4092,#4093,#4094,#4095,
#4096));
#1714=EDGE_LOOP('',(#4097,#4098,#4099,#4100));
#1715=EDGE_LOOP('',(#4101,#4102));
#1716=EDGE_LOOP('',(#4103,#4104));
#1717=EDGE_LOOP('',(#4105,#4106,#4107,#4108));
#1718=EDGE_LOOP('',(#4109,#4110,#4111,#4112));
#1719=EDGE_LOOP('',(#4113,#4114,#4115,#4116));
#1720=EDGE_LOOP('',(#4117,#4118,#4119,#4120));
#1721=EDGE_LOOP('',(#4121,#4122,#4123,#4124));
#1722=EDGE_LOOP('',(#4125,#4126,#4127,#4128,#4129,#4130,#4131,#4132,#4133,
#4134,#4135,#4136,#4137,#4138,#4139,#4140,#4141,#4142,#4143,#4144));
#1723=EDGE_LOOP('',(#4145,#4146,#4147,#4148,#4149,#4150));
#1724=EDGE_LOOP('',(#4151,#4152,#4153,#4154,#4155,#4156));
#1725=EDGE_LOOP('',(#4157,#4158,#4159,#4160));
#1726=EDGE_LOOP('',(#4161,#4162,#4163,#4164));
#1727=EDGE_LOOP('',(#4165,#4166,#4167,#4168));
#1728=EDGE_LOOP('',(#4169,#4170,#4171,#4172));
#1729=EDGE_LOOP('',(#4173,#4174,#4175,#4176,#4177,#4178));
#1730=EDGE_LOOP('',(#4179,#4180,#4181,#4182));
#1731=EDGE_LOOP('',(#4183,#4184,#4185,#4186,#4187,#4188));
#1732=EDGE_LOOP('',(#4189,#4190,#4191,#4192));
#1733=EDGE_LOOP('',(#4193,#4194));
#1734=EDGE_LOOP('',(#4195,#4196,#4197,#4198,#4199,#4200,#4201));
#1735=EDGE_LOOP('',(#4202,#4203,#4204,#4205,#4206,#4207));
#1736=EDGE_LOOP('',(#4208,#4209,#4210,#4211,#4212,#4213,#4214));
#1737=EDGE_LOOP('',(#4215,#4216,#4217,#4218));
#1738=EDGE_LOOP('',(#4219,#4220,#4221,#4222,#4223,#4224,#4225,#4226,#4227,
#4228,#4229,#4230,#4231,#4232,#4233));
#1739=EDGE_LOOP('',(#4234,#4235,#4236,#4237));
#1740=EDGE_LOOP('',(#4238,#4239,#4240,#4241,#4242,#4243));
#1741=EDGE_LOOP('',(#4244,#4245,#4246,#4247,#4248,#4249));
#1742=EDGE_LOOP('',(#4250,#4251));
#1743=EDGE_LOOP('',(#4252,#4253,#4254,#4255,#4256));
#1744=EDGE_LOOP('',(#4257,#4258,#4259,#4260,#4261,#4262,#4263,#4264));
#1745=EDGE_LOOP('',(#4265,#4266,#4267,#4268,#4269,#4270,#4271));
#1746=EDGE_LOOP('',(#4272,#4273,#4274,#4275,#4276));
#1747=EDGE_LOOP('',(#4277,#4278,#4279,#4280));
#1748=EDGE_LOOP('',(#4281,#4282,#4283,#4284));
#1749=EDGE_LOOP('',(#4285,#4286,#4287,#4288,#4289,#4290,#4291));
#1750=EDGE_LOOP('',(#4292,#4293,#4294,#4295));
#1751=EDGE_LOOP('',(#4296,#4297,#4298,#4299));
#1752=EDGE_LOOP('',(#4300,#4301,#4302,#4303));
#1753=EDGE_LOOP('',(#4304,#4305,#4306,#4307));
#1754=EDGE_LOOP('',(#4308,#4309,#4310,#4311));
#1755=EDGE_LOOP('',(#4312,#4313,#4314,#4315,#4316,#4317,#4318,#4319));
#1756=EDGE_LOOP('',(#4320,#4321,#4322));
#1757=EDGE_LOOP('',(#4323,#4324,#4325,#4326,#4327,#4328,#4329,#4330,#4331,
#4332));
#1758=EDGE_LOOP('',(#4333,#4334,#4335,#4336));
#1759=EDGE_LOOP('',(#4337,#4338,#4339,#4340));
#1760=EDGE_LOOP('',(#4341,#4342,#4343,#4344));
#1761=EDGE_LOOP('',(#4345,#4346,#4347,#4348));
#1762=EDGE_LOOP('',(#4349,#4350,#4351,#4352));
#1763=EDGE_LOOP('',(#4353,#4354,#4355,#4356));
#1764=EDGE_LOOP('',(#4357,#4358,#4359,#4360));
#1765=EDGE_LOOP('',(#4361,#4362,#4363,#4364));
#1766=EDGE_LOOP('',(#4365,#4366,#4367,#4368,#4369,#4370));
#1767=EDGE_LOOP('',(#4371,#4372,#4373,#4374,#4375,#4376));
#1768=EDGE_LOOP('',(#4377,#4378,#4379,#4380,#4381,#4382,#4383,#4384,#4385,
#4386,#4387,#4388,#4389));
#1769=EDGE_LOOP('',(#4390,#4391,#4392,#4393));
#1770=EDGE_LOOP('',(#4394,#4395,#4396,#4397));
#1771=EDGE_LOOP('',(#4398,#4399,#4400,#4401));
#1772=EDGE_LOOP('',(#4402,#4403,#4404,#4405,#4406,#4407,#4408,#4409,#4410,
#4411,#4412,#4413));
#1773=EDGE_LOOP('',(#4414,#4415,#4416,#4417));
#1774=EDGE_LOOP('',(#4418,#4419,#4420,#4421));
#1775=EDGE_LOOP('',(#4422,#4423,#4424,#4425,#4426,#4427,#4428));
#1776=EDGE_LOOP('',(#4429,#4430,#4431,#4432,#4433,#4434,#4435,#4436,#4437,
#4438,#4439,#4440));
#1777=EDGE_LOOP('',(#4441,#4442,#4443,#4444,#4445,#4446,#4447,#4448,#4449,
#4450));
#1778=EDGE_LOOP('',(#4451,#4452,#4453,#4454,#4455,#4456,#4457,#4458,#4459,
#4460));
#1779=EDGE_LOOP('',(#4461,#4462,#4463,#4464));
#1780=EDGE_LOOP('',(#4465,#4466,#4467,#4468,#4469,#4470,#4471,#4472,#4473,
#4474));
#1781=EDGE_LOOP('',(#4475,#4476,#4477,#4478));
#1782=EDGE_LOOP('',(#4479,#4480,#4481,#4482,#4483,#4484,#4485,#4486,#4487,
#4488));
#1783=EDGE_LOOP('',(#4489,#4490,#4491,#4492));
#1784=EDGE_LOOP('',(#4493,#4494,#4495,#4496));
#1785=EDGE_LOOP('',(#4497,#4498,#4499,#4500));
#1786=EDGE_LOOP('',(#4501,#4502,#4503,#4504,#4505,#4506,#4507,#4508,#4509,
#4510));
#1787=EDGE_LOOP('',(#4511,#4512));
#1788=EDGE_LOOP('',(#4513,#4514,#4515));
#1789=EDGE_LOOP('',(#4516,#4517,#4518,#4519,#4520,#4521,#4522,#4523,#4524,
#4525));
#1790=EDGE_LOOP('',(#4526,#4527,#4528,#4529,#4530,#4531,#4532,#4533,#4534,
#4535,#4536,#4537,#4538,#4539,#4540,#4541,#4542,#4543,#4544,#4545,#4546,
#4547,#4548,#4549,#4550,#4551,#4552,#4553,#4554,#4555,#4556,#4557,#4558,
#4559,#4560));
#1791=EDGE_LOOP('',(#4561,#4562,#4563,#4564));
#1792=EDGE_LOOP('',(#4565));
#1793=EDGE_LOOP('',(#4566,#4567));
#1794=EDGE_LOOP('',(#4568,#4569,#4570));
#1795=EDGE_LOOP('',(#4571,#4572));
#1796=EDGE_LOOP('',(#4573,#4574,#4575,#4576,#4577,#4578,#4579,#4580));
#1797=EDGE_LOOP('',(#4581));
#1798=EDGE_LOOP('',(#4582,#4583,#4584,#4585));
#1799=EDGE_LOOP('',(#4586,#4587,#4588,#4589));
#1800=EDGE_LOOP('',(#4590,#4591,#4592,#4593));
#1801=EDGE_LOOP('',(#4594,#4595,#4596,#4597));
#1802=EDGE_LOOP('',(#4598));
#1803=EDGE_LOOP('',(#4599,#4600,#4601,#4602));
#1804=EDGE_LOOP('',(#4603,#4604,#4605,#4606,#4607,#4608,#4609,#4610,#4611,
#4612,#4613,#4614));
#1805=EDGE_LOOP('',(#4615));
#1806=EDGE_LOOP('',(#4616,#4617,#4618,#4619));
#1807=EDGE_LOOP('',(#4620,#4621,#4622));
#1808=EDGE_LOOP('',(#4623,#4624,#4625,#4626));
#1809=EDGE_LOOP('',(#4627,#4628,#4629,#4630));
#1810=EDGE_LOOP('',(#4631,#4632,#4633,#4634));
#1811=EDGE_LOOP('',(#4635,#4636,#4637,#4638));
#1812=EDGE_LOOP('',(#4639,#4640,#4641,#4642,#4643,#4644,#4645,#4646));
#1813=EDGE_LOOP('',(#4647,#4648,#4649,#4650));
#1814=EDGE_LOOP('',(#4651,#4652,#4653,#4654,#4655,#4656,#4657,#4658,#4659,
#4660,#4661,#4662));
#1815=EDGE_LOOP('',(#4663));
#1816=EDGE_LOOP('',(#4664,#4665,#4666,#4667));
#1817=EDGE_LOOP('',(#4668,#4669,#4670));
#1818=EDGE_LOOP('',(#4671,#4672,#4673,#4674));
#1819=EDGE_LOOP('',(#4675,#4676,#4677,#4678));
#1820=EDGE_LOOP('',(#4679,#4680,#4681,#4682));
#1821=EDGE_LOOP('',(#4683,#4684,#4685,#4686));
#1822=EDGE_LOOP('',(#4687,#4688,#4689,#4690,#4691,#4692,#4693,#4694));
#1823=EDGE_LOOP('',(#4695,#4696,#4697,#4698));
#1824=B_SPLINE_CURVE_WITH_KNOTS('',3,(#6913,#6914,#6915,#6916,#6917,#6918,
#6919,#6920,#6921,#6922,#6923,#6924,#6925,#6926),.UNSPECIFIED.,.F.,.F.,
(4,1,1,1,1,1,1,1,1,1,1,4),(-0.48741222618312,-0.384267356492241,-0.306908704224083,
-0.281122486801363,-0.255336269378643,-0.229550051955924,-0.177977617110485,
-0.152191399687765,-0.139298290976405,-0.132851736620725,-0.129628459442885,
-0.126405182265045),.UNSPECIFIED.);
#1825=B_SPLINE_CURVE_WITH_KNOTS('',3,(#6928,#6929,#6930,#6931,#6932,#6933,
#6934,#6935,#6936,#6937,#6938,#6939,#6940,#6941,#6942,#6943,#6944,#6945,
#6946,#6947,#6948,#6949,#6950,#6951,#6952),.UNSPECIFIED.,.F.,.F.,(4,3,3,
3,3,3,3,3,4),(0.,1.06213018839282E-5,0.000524252679263301,0.0009988362138465,
0.0012563601643586,0.00144950686963,0.0017553564690205,0.00185018039415596,
0.00185675398293573),.UNSPECIFIED.);
#1826=B_SPLINE_CURVE_WITH_KNOTS('',3,(#6954,#6955,#6956,#6957),
 .UNSPECIFIED.,.F.,.F.,(4,4),(-0.00102381723722942,0.),.UNSPECIFIED.);
#1827=B_SPLINE_CURVE_WITH_KNOTS('',3,(#6958,#6959,#6960,#6961,#6962,#6963,
#6964,#6965,#6966,#6967,#6968,#6969,#6970,#6971),.UNSPECIFIED.,.F.,.F.,
(4,1,1,1,1,1,1,1,1,1,1,4),(0.128296077998227,0.129628459442885,0.132851736620725,
0.139298290976405,0.152191399687765,0.177977617110485,0.229550051955924,
0.255336269378643,0.281122486801363,0.306908704224083,0.384267356492241,
0.48741222618312),.UNSPECIFIED.);
#1828=B_SPLINE_CURVE_WITH_KNOTS('',3,(#7027,#7028,#7029,#7030,#7031,#7032),
 .UNSPECIFIED.,.F.,.F.,(4,2,4),(-0.0689119597742195,-0.0384647065272245,
0.),.UNSPECIFIED.);
#1829=B_SPLINE_CURVE_WITH_KNOTS('',3,(#7033,#7034,#7035,#7036,#7037),
 .UNSPECIFIED.,.F.,.F.,(4,1,4),(-0.235139418341653,-0.100774036432137,-8.61395433204584E-16),
 .UNSPECIFIED.);
#1830=B_SPLINE_CURVE_WITH_KNOTS('',3,(#7038,#7039,#7040,#7041,#7042),
 .UNSPECIFIED.,.F.,.F.,(4,1,4),(8.61395433204584E-16,0.100774036432137,
0.163813340038867),.UNSPECIFIED.);
#1831=B_SPLINE_CURVE_WITH_KNOTS('',3,(#7059,#7060,#7061,#7062,#7063,#7064),
 .UNSPECIFIED.,.F.,.F.,(4,2,4),(-0.366208275396811,-0.350034133504927,-0.315502418613344),
 .UNSPECIFIED.);
#1832=B_SPLINE_CURVE_WITH_KNOTS('',3,(#7278,#7279,#7280,#7281,#7282,#7283,
#7284,#7285,#7286,#7287,#7288,#7289,#7290,#7291),.UNSPECIFIED.,.F.,.F.,
(4,1,1,1,1,1,1,1,1,1,1,4),(-0.487393349985634,-0.38424848029476,-0.306889828026605,
-0.281103610603887,-0.255317393181169,-0.229531175758451,-0.177958740913014,
-0.152172523490296,-0.139279414778936,-0.132832860423257,-0.129609583245417,
-0.126386306067577),.UNSPECIFIED.);
#1833=B_SPLINE_CURVE_WITH_KNOTS('',3,(#7293,#7294,#7295,#7296,#7297,#7298,
#7299,#7300,#7301,#7302,#7303,#7304,#7305,#7306,#7307,#7308,#7309,#7310,
#7311,#7312,#7313,#7314,#7315,#7316,#7317),.UNSPECIFIED.,.F.,.F.,(4,3,3,
3,3,3,3,3,4),(0.,1.06211455021213E-5,0.000524241378725371,0.000998814294069157,
0.00125633328874466,0.00144947502525426,0.00175555594528948,0.00185019532871083,
0.00185676193719186),.UNSPECIFIED.);
#1834=B_SPLINE_CURVE_WITH_KNOTS('',3,(#7319,#7320,#7321,#7322),
 .UNSPECIFIED.,.F.,.F.,(4,4),(-0.00102377518814304,0.),.UNSPECIFIED.);
#1835=B_SPLINE_CURVE_WITH_KNOTS('',3,(#7323,#7324,#7325,#7326,#7327,#7328,
#7329,#7330,#7331,#7332,#7333,#7334,#7335,#7336),.UNSPECIFIED.,.F.,.F.,
(4,1,1,1,1,1,1,1,1,1,1,4),(0.128277194568987,0.129609583245417,0.132832860423257,
0.139279414778936,0.152172523490296,0.177958740913014,0.229531175758451,
0.255317393181169,0.281103610603887,0.306889828026605,0.38424848029476,
0.487393349985634),.UNSPECIFIED.);
#1836=B_SPLINE_CURVE_WITH_KNOTS('',3,(#7392,#7393,#7394,#7395,#7396,#7397),
 .UNSPECIFIED.,.F.,.F.,(4,2,4),(-0.0666602195682585,-0.0374420180472474,
0.),.UNSPECIFIED.);
#1837=B_SPLINE_CURVE_WITH_KNOTS('',3,(#7398,#7399,#7400,#7401,#7402),
 .UNSPECIFIED.,.F.,.F.,(4,1,4),(-0.235139421378648,-0.134365383644942,0.),
 .UNSPECIFIED.);
#1838=B_SPLINE_CURVE_WITH_KNOTS('',3,(#7403,#7404,#7405,#7406,#7407),
 .UNSPECIFIED.,.F.,.F.,(4,1,4),(0.,0.134365383644942,0.163714845039186),
 .UNSPECIFIED.);
#1839=B_SPLINE_CURVE_WITH_KNOTS('',3,(#7424,#7425,#7426,#7427,#7428,#7429),
 .UNSPECIFIED.,.F.,.F.,(4,2,4),(-0.366208275396802,-0.350034133504924,-0.31550241861334),
 .UNSPECIFIED.);
#1840=B_SPLINE_CURVE_WITH_KNOTS('',3,(#7741,#7742,#7743,#7744,#7745,#7746,
#7747,#7748,#7749,#7750,#7751,#7752),.UNSPECIFIED.,.F.,.F.,(4,2,2,2,2,4),
(0.292499697588134,0.315213186800396,0.344702875991435,0.379522970569992,
0.421431768788261,0.439383930269254),.UNSPECIFIED.);
#1841=B_SPLINE_CURVE_WITH_KNOTS('',3,(#7819,#7820,#7821,#7822,#7823,#7824,
#7825,#7826,#7827,#7828,#7829,#7830,#7831,#7832,#7833),.UNSPECIFIED.,.F.,
 .F.,(4,2,2,3,2,2,4),(-0.350429170195437,-0.243296634113884,-0.121648317056942,
0.,0.121648317056942,0.243296634113884,0.350429170195436),.UNSPECIFIED.);
#1842=B_SPLINE_CURVE_WITH_KNOTS('',3,(#7841,#7842,#7843,#7844,#7845,#7846,
#7847,#7848,#7849,#7850,#7851,#7852,#7853,#7854),.UNSPECIFIED.,.F.,.F.,
(4,2,2,2,2,2,4),(-1.85452540023233,-1.63365787185492,-1.51200955479798,
-1.39036123774104,-1.2687129206841,-1.14706460362716,-0.926197075249748),
 .UNSPECIFIED.);
#1843=B_SPLINE_CURVE_WITH_KNOTS('',3,(#7881,#7882,#7883,#7884),
 .UNSPECIFIED.,.F.,.F.,(4,4),(-0.0891052639686765,0.),.UNSPECIFIED.);
#1844=B_SPLINE_CURVE_WITH_KNOTS('',3,(#7885,#7886,#7887,#7888,#7889,#7890,
#7891,#7892,#7893,#7894,#7895,#7896,#7897,#7898,#7899,#7900,#7901,#7902,
#7903,#7904,#7905,#7906,#7907,#7908,#7909),.UNSPECIFIED.,.F.,.F.,(4,3,3,
3,3,3,3,3,4),(0.,0.0111381579960846,0.0221307013049543,0.0332258325966628,
0.0444351626026554,0.0558539224072943,0.0673870454326299,0.0791352842660435,
0.0891052639686765),.UNSPECIFIED.);
#1845=B_SPLINE_CURVE_WITH_KNOTS('',3,(#7983,#7984,#7985,#7986,#7987,#7988,
#7989,#7990,#7991,#7992,#7993,#7994),.UNSPECIFIED.,.F.,.F.,(4,2,2,2,2,4),
(-0.404827278696742,-0.292199094801726,-0.17957091090671,-0.0695434521002467,
-0.0347717260501235,0.),.UNSPECIFIED.);
#1846=B_SPLINE_CURVE_WITH_KNOTS('',3,(#8003,#8004,#8005,#8006,#8007,#8008,
#8009,#8010,#8011,#8012,#8013,#8014),.UNSPECIFIED.,.F.,.F.,(4,2,2,2,2,4),
(0.,0.0347717260501231,0.0695434521002463,0.179570910906709,0.292199094801724,
0.404827278696739),.UNSPECIFIED.);
#1847=B_SPLINE_CURVE_WITH_KNOTS('',3,(#8140,#8141,#8142,#8143,#8144,#8145,
#8146,#8147,#8148,#8149,#8150,#8151),.UNSPECIFIED.,.F.,.F.,(4,2,2,2,2,4),
(-1.53365732131204,-1.49412061109,-1.45458390086795,-1.37551048042385,-1.24884415940735,
-1.12217783839085),.UNSPECIFIED.);
#1848=B_SPLINE_CURVE_WITH_KNOTS('',3,(#8159,#8160,#8161,#8162,#8163,#8164,
#8165,#8166,#8167,#8168,#8169,#8170),.UNSPECIFIED.,.F.,.F.,(4,2,2,2,2,4),
(0.,0.0347717260501218,0.0695434521002435,0.179570910906703,0.292199094801712,
0.404827278696721),.UNSPECIFIED.);
#1849=B_SPLINE_CURVE_WITH_KNOTS('',3,(#8174,#8175,#8176,#8177,#8178,#8179,
#8180,#8181,#8182,#8183,#8184,#8185),.UNSPECIFIED.,.F.,.F.,(4,2,2,2,2,4),
(-0.404827278696713,-0.292199094801706,-0.179570910906699,-0.0695434521002424,
-0.0347717260501212,0.),.UNSPECIFIED.);
#1850=B_SPLINE_CURVE_WITH_KNOTS('',3,(#8189,#8190,#8191,#8192,#8193,#8194,
#8195,#8196,#8197,#8198,#8199,#8200),.UNSPECIFIED.,.F.,.F.,(4,2,2,2,2,4),
(1.12217783839086,1.24884415940736,1.37551048042386,1.45458390086795,1.49412061109,
1.53365732131204),.UNSPECIFIED.);
#1851=B_SPLINE_CURVE_WITH_KNOTS('',3,(#8210,#8211,#8212,#8213,#8214,#8215,
#8216,#8217,#8218,#8219),.UNSPECIFIED.,.F.,.F.,(4,2,2,2,4),(0.,0.312548746524477,
0.625097493048954,0.938280750466067,1.25146400788318),.UNSPECIFIED.);
#1852=B_SPLINE_CURVE_WITH_KNOTS('',3,(#8220,#8221,#8222,#8223,#8224,#8225,
#8226,#8227,#8228,#8229,#8230,#8231,#8232,#8233,#8234,#8235,#8236,#8237,
#8238,#8239,#8240,#8241,#8242,#8243,#8244,#8245),.UNSPECIFIED.,.F.,.F.,
(4,2,2,2,2,2,2,2,2,2,2,2,4),(1.25146400788318,1.55806563818431,1.86466726848544,
2.17502064603953,2.48537402359362,2.79572740114771,3.1060807787018,3.41268240900293,
3.71928403930406,4.03246729672117,4.34565055413828,4.65819930066276,4.97074804718724),
 .UNSPECIFIED.);
#1853=B_SPLINE_CURVE_WITH_KNOTS('',3,(#8258,#8259,#8260,#8261,#8262,#8263,
#8264,#8265,#8266,#8267),.UNSPECIFIED.,.F.,.F.,(4,2,2,2,4),(-1.39911657146818,
-1.28155375233527,-1.16399093320236,-1.08752770663969,-1.01106448007701),
 .UNSPECIFIED.);
#1854=B_SPLINE_CURVE_WITH_KNOTS('',3,(#8322,#8323,#8324,#8325,#8326,#8327,
#8328,#8329,#8330,#8331,#8332),.UNSPECIFIED.,.F.,.F.,(4,1,1,1,1,1,1,1,4),
(4.21724629955312,4.23430074111011,4.2513551826671,4.28546406578107,4.35368183200902,
4.49011736446492,4.62655289692082,4.76298842937672,5.0122619465523),
 .UNSPECIFIED.);
#1855=B_SPLINE_CURVE_WITH_KNOTS('',3,(#8340,#8341,#8342,#8343,#8344,#8345,
#8346,#8347,#8348,#8349),.UNSPECIFIED.,.F.,.F.,(4,1,1,1,1,1,1,4),(4.21058310272976,
4.59604021927792,4.73233015090184,4.86862008252576,4.93676504833772,4.9708375312437,
4.98787377269669,5.00491001414968),.UNSPECIFIED.);
#1856=B_SPLINE_CURVE_WITH_KNOTS('',3,(#8414,#8415,#8416,#8417,#8418,#8419,
#8420,#8421,#8422,#8423,#8424,#8425,#8426,#8427,#8428,#8429,#8430,#8431,
#8432,#8433),.UNSPECIFIED.,.F.,.F.,(4,2,2,2,2,2,2,2,2,4),(-0.0264386432996285,
-0.020120335010985,-0.0135879613831638,-0.00181715546314391,-0.00018535122697374,
-0.000129134041615224,-5.77239044830009E-5,-3.49568738247176E-5,-2.02250905749271E-5,
-1.25989664375276E-5),.UNSPECIFIED.);
#1857=B_SPLINE_CURVE_WITH_KNOTS('',3,(#8505,#8506,#8507,#8508,#8509,#8510,
#8511,#8512,#8513,#8514,#8515,#8516,#8517,#8518,#8519,#8520,#8521,#8522),
 .UNSPECIFIED.,.F.,.F.,(4,2,2,2,2,2,2,2,4),(-0.273157991215042,-0.273015036796389,
-0.272840312957265,-0.272446623926139,-0.271069272281738,-0.25601092312222,
-0.132951270732125,-0.0653707611709307,0.),.UNSPECIFIED.);
#1858=B_SPLINE_CURVE_WITH_KNOTS('',3,(#8542,#8543,#8544,#8545,#8546,#8547,
#8548,#8549,#8550,#8551,#8552,#8553),.UNSPECIFIED.,.F.,.F.,(4,2,2,2,2,4),
(2.19853733601347,2.23360791598909,2.36825045442648,2.50289299286388,3.03994085494484,
3.57698871702581),.UNSPECIFIED.);
#1859=B_SPLINE_CURVE_WITH_KNOTS('',3,(#8556,#8557,#8558,#8559,#8560,#8561,
#8562,#8563,#8564,#8565,#8566,#8567),.UNSPECIFIED.,.F.,.F.,(4,2,2,2,2,4),
(0.794385979391194,1.33143384147216,1.86848170355312,2.00312424199052,2.13776678042791,
2.17283736040354),.UNSPECIFIED.);
#1860=CIRCLE('',#4996,1.);
#1861=CIRCLE('',#5000,3.);
#1862=CIRCLE('',#5001,0.999999999999996);
#1863=CIRCLE('',#5002,2.);
#1864=CIRCLE('',#5004,3.);
#1865=CIRCLE('',#5008,1.);
#1866=CIRCLE('',#5013,2.);
#1867=CIRCLE('',#5014,1.);
#1868=CIRCLE('',#5018,2.);
#1869=CIRCLE('',#5021,2.);
#1870=CIRCLE('',#5023,2.);
#1871=CIRCLE('',#5026,2.);
#1872=CIRCLE('',#5041,1.);
#1873=CIRCLE('',#5045,3.);
#1874=CIRCLE('',#5046,1.);
#1875=CIRCLE('',#5047,2.);
#1876=CIRCLE('',#5049,3.);
#1877=CIRCLE('',#5053,0.999999999999996);
#1878=CIRCLE('',#5058,2.);
#1879=CIRCLE('',#5059,1.);
#1880=CIRCLE('',#5063,2.);
#1881=CIRCLE('',#5066,2.);
#1882=CIRCLE('',#5068,2.);
#1883=CIRCLE('',#5071,2.);
#1884=CIRCLE('',#5088,15.0217191493272);
#1885=CIRCLE('',#5089,15.0217191493272);
#1886=CIRCLE('',#5097,3.5085);
#1887=CIRCLE('',#5104,3.5085);
#1888=CIRCLE('',#5105,3.5085);
#1889=CIRCLE('',#5106,3.5085);
#1890=CIRCLE('',#5123,0.850000000000006);
#1891=CIRCLE('',#5124,14.445867816345);
#1892=CIRCLE('',#5125,13.595867816345);
#1893=CIRCLE('',#5127,0.849999999999997);
#1894=CIRCLE('',#5128,1.15);
#1895=CIRCLE('',#5129,2.);
#1896=CIRCLE('',#5131,0.85);
#1897=CIRCLE('',#5132,0.849999999999994);
#1898=CIRCLE('',#5134,0.85);
#1899=CIRCLE('',#5137,0.85);
#1900=CIRCLE('',#5139,13.595867816345);
#1901=CIRCLE('',#5140,90.);
#1902=CIRCLE('',#5141,13.595867816345);
#1903=CIRCLE('',#5142,90.);
#1904=CIRCLE('',#5143,13.595867816345);
#1905=CIRCLE('',#5144,90.);
#1906=CIRCLE('',#5145,13.595867816345);
#1907=CIRCLE('',#5146,90.);
#1908=CIRCLE('',#5147,13.595867816345);
#1909=CIRCLE('',#5148,90.);
#1910=CIRCLE('',#5149,13.595867816345);
#1911=CIRCLE('',#5151,13.595867816345);
#1912=CIRCLE('',#5152,13.595867816345);
#1913=CIRCLE('',#5153,13.595867816345);
#1914=CIRCLE('',#5154,13.595867816345);
#1915=CIRCLE('',#5155,13.595867816345);
#1916=CIRCLE('',#5156,13.595867816345);
#1917=CIRCLE('',#5159,13.595867816345);
#1918=CIRCLE('',#5163,2.);
#1919=CIRCLE('',#5165,4.);
#1920=CIRCLE('',#5166,4.);
#1921=CIRCLE('',#5170,4.);
#1922=CIRCLE('',#5171,4.);
#1923=CIRCLE('',#5173,4.);
#1924=CIRCLE('',#5174,4.);
#1925=CIRCLE('',#5176,4.);
#1926=CIRCLE('',#5179,4.);
#1927=CIRCLE('',#5183,2.);
#1928=CIRCLE('',#5186,90.);
#1929=CIRCLE('',#5187,13.595867816345);
#1930=CIRCLE('',#5188,90.);
#1931=CIRCLE('',#5190,2.);
#1932=CIRCLE('',#5191,2.);
#1933=CIRCLE('',#5195,2.);
#1934=CIRCLE('',#5199,2.);
#1935=CIRCLE('',#5200,2.);
#1936=CIRCLE('',#5202,2.);
#1937=CIRCLE('',#5204,13.595867816345);
#1938=CIRCLE('',#5205,13.595867816345);
#1939=CIRCLE('',#5206,13.595867816345);
#1940=CIRCLE('',#5210,1.99999999999999);
#1941=CIRCLE('',#5212,2.00000000000001);
#1942=CIRCLE('',#5213,2.);
#1943=CIRCLE('',#5217,2.);
#1944=CIRCLE('',#5223,2.);
#1945=CIRCLE('',#5225,4.);
#1946=CIRCLE('',#5227,2.);
#1947=CIRCLE('',#5230,2.);
#1948=CIRCLE('',#5231,90.);
#1949=CIRCLE('',#5233,2.);
#1950=CIRCLE('',#5234,2.);
#1951=CIRCLE('',#5236,2.);
#1952=CIRCLE('',#5237,90.);
#1953=CIRCLE('',#5240,2.);
#1954=CIRCLE('',#5241,2.);
#1955=CIRCLE('',#5248,90.);
#1956=CIRCLE('',#5250,90.);
#1957=CIRCLE('',#5251,90.);
#1958=CIRCLE('',#5252,90.);
#1959=CIRCLE('',#5253,90.);
#1960=CIRCLE('',#5254,90.);
#1961=CIRCLE('',#5255,90.);
#1962=CIRCLE('',#5256,90.);
#1963=CIRCLE('',#5257,90.);
#1964=CIRCLE('',#5258,90.);
#1965=CIRCLE('',#5259,90.);
#1966=CIRCLE('',#5260,90.);
#1967=CIRCLE('',#5261,90.);
#1968=CIRCLE('',#5262,90.);
#1969=CIRCLE('',#5263,90.);
#1970=CIRCLE('',#5264,90.);
#1971=CIRCLE('',#5265,90.);
#1972=CIRCLE('',#5267,2.);
#1973=CIRCLE('',#5271,13.595867816345);
#1974=CIRCLE('',#5273,13.595867816345);
#1975=CIRCLE('',#5274,13.595867816345);
#1976=CIRCLE('',#5275,13.595867816345);
#1977=CIRCLE('',#5277,2.);
#1978=CIRCLE('',#5279,2.);
#1979=CIRCLE('',#5282,13.595867816345);
#1980=CIRCLE('',#5283,13.595867816345);
#1981=CIRCLE('',#5285,13.595867816345);
#1982=CIRCLE('',#5287,13.595867816345);
#1983=CIRCLE('',#5288,13.595867816345);
#1984=CIRCLE('',#5289,13.595867816345);
#1985=CIRCLE('',#5291,5.75329873142696);
#1986=CIRCLE('',#5293,5.75329873142696);
#1987=CIRCLE('',#5295,5.75329873142696);
#1988=CIRCLE('',#5296,5.75329873142696);
#1989=CIRCLE('',#5298,5.75329873142696);
#1990=CIRCLE('',#5300,5.75329873142696);
#1991=CIRCLE('',#5313,8.);
#1992=CIRCLE('',#5315,8.);
#1993=CIRCLE('',#5316,8.);
#1994=CIRCLE('',#5342,8.13186844083997);
#1995=CIRCLE('',#5343,8.13186844083997);
#1996=CIRCLE('',#5345,13.595867816345);
#1997=CIRCLE('',#5347,13.595867816345);
#1998=CIRCLE('',#5348,13.595867816345);
#1999=CIRCLE('',#5350,13.595867816345);
#2000=CIRCLE('',#5351,13.595867816345);
#2001=CIRCLE('',#5356,13.595867816345);
#2002=CIRCLE('',#5357,13.595867816345);
#2003=CIRCLE('',#5359,13.595867816345);
#2004=CIRCLE('',#5360,13.595867816345);
#2005=CIRCLE('',#5362,13.595867816345);
#2006=CIRCLE('',#5363,13.595867816345);
#2007=CIRCLE('',#5364,13.595867816345);
#2008=CIRCLE('',#5365,13.595867816345);
#2009=CIRCLE('',#5370,13.595867816345);
#2010=CIRCLE('',#5371,13.595867816345);
#2011=CIRCLE('',#5376,13.595867816345);
#2012=CIRCLE('',#5377,13.595867816345);
#2013=CIRCLE('',#5378,13.595867816345);
#2014=CIRCLE('',#5380,13.595867816345);
#2015=CIRCLE('',#5381,13.595867816345);
#2016=CIRCLE('',#5383,13.595867816345);
#2017=CIRCLE('',#5384,13.595867816345);
#2018=CIRCLE('',#5387,13.595867816345);
#2019=CIRCLE('',#5388,13.595867816345);
#2020=CIRCLE('',#5397,13.595867816345);
#2021=CIRCLE('',#5399,13.595867816345);
#2022=CIRCLE('',#5412,4.951);
#2023=CIRCLE('',#5413,4.951);
#2024=CIRCLE('',#5414,4.951);
#2025=CIRCLE('',#5415,4.951);
#2026=CIRCLE('',#5416,4.951);
#2027=CIRCLE('',#5417,4.951);
#2028=CIRCLE('',#5428,4.951);
#2029=CIRCLE('',#5429,4.951);
#2030=CIRCLE('',#5430,4.951);
#2031=CIRCLE('',#5431,4.951);
#2032=CIRCLE('',#5432,4.951);
#2033=CIRCLE('',#5433,4.951);
#2034=VERTEX_POINT('',#6909);
#2035=VERTEX_POINT('',#6910);
#2036=VERTEX_POINT('',#6912);
#2037=VERTEX_POINT('',#6927);
#2038=VERTEX_POINT('',#6953);
#2039=VERTEX_POINT('',#6973);
#2040=VERTEX_POINT('',#6974);
#2041=VERTEX_POINT('',#6979);
#2042=VERTEX_POINT('',#6981);
#2043=VERTEX_POINT('',#6985);
#2044=VERTEX_POINT('',#6987);
#2045=VERTEX_POINT('',#6989);
#2046=VERTEX_POINT('',#6993);
#2047=VERTEX_POINT('',#6997);
#2048=VERTEX_POINT('',#7025);
#2049=VERTEX_POINT('',#7026);
#2050=VERTEX_POINT('',#7044);
#2051=VERTEX_POINT('',#7046);
#2052=VERTEX_POINT('',#7050);
#2053=VERTEX_POINT('',#7054);
#2054=VERTEX_POINT('',#7058);
#2055=VERTEX_POINT('',#7065);
#2056=VERTEX_POINT('',#7071);
#2057=VERTEX_POINT('',#7073);
#2058=VERTEX_POINT('',#7075);
#2059=VERTEX_POINT('',#7079);
#2060=VERTEX_POINT('',#7083);
#2061=VERTEX_POINT('',#7085);
#2062=VERTEX_POINT('',#7087);
#2063=VERTEX_POINT('',#7120);
#2064=VERTEX_POINT('',#7124);
#2065=VERTEX_POINT('',#7164);
#2066=VERTEX_POINT('',#7166);
#2067=VERTEX_POINT('',#7170);
#2068=VERTEX_POINT('',#7172);
#2069=VERTEX_POINT('',#7179);
#2070=VERTEX_POINT('',#7181);
#2071=VERTEX_POINT('',#7183);
#2072=VERTEX_POINT('',#7187);
#2073=VERTEX_POINT('',#7191);
#2074=VERTEX_POINT('',#7193);
#2075=VERTEX_POINT('',#7274);
#2076=VERTEX_POINT('',#7275);
#2077=VERTEX_POINT('',#7277);
#2078=VERTEX_POINT('',#7292);
#2079=VERTEX_POINT('',#7318);
#2080=VERTEX_POINT('',#7338);
#2081=VERTEX_POINT('',#7339);
#2082=VERTEX_POINT('',#7344);
#2083=VERTEX_POINT('',#7346);
#2084=VERTEX_POINT('',#7350);
#2085=VERTEX_POINT('',#7352);
#2086=VERTEX_POINT('',#7354);
#2087=VERTEX_POINT('',#7358);
#2088=VERTEX_POINT('',#7362);
#2089=VERTEX_POINT('',#7390);
#2090=VERTEX_POINT('',#7391);
#2091=VERTEX_POINT('',#7409);
#2092=VERTEX_POINT('',#7411);
#2093=VERTEX_POINT('',#7415);
#2094=VERTEX_POINT('',#7419);
#2095=VERTEX_POINT('',#7423);
#2096=VERTEX_POINT('',#7430);
#2097=VERTEX_POINT('',#7436);
#2098=VERTEX_POINT('',#7438);
#2099=VERTEX_POINT('',#7440);
#2100=VERTEX_POINT('',#7444);
#2101=VERTEX_POINT('',#7448);
#2102=VERTEX_POINT('',#7450);
#2103=VERTEX_POINT('',#7452);
#2104=VERTEX_POINT('',#7485);
#2105=VERTEX_POINT('',#7489);
#2106=VERTEX_POINT('',#7529);
#2107=VERTEX_POINT('',#7531);
#2108=VERTEX_POINT('',#7535);
#2109=VERTEX_POINT('',#7537);
#2110=VERTEX_POINT('',#7544);
#2111=VERTEX_POINT('',#7546);
#2112=VERTEX_POINT('',#7548);
#2113=VERTEX_POINT('',#7552);
#2114=VERTEX_POINT('',#7556);
#2115=VERTEX_POINT('',#7558);
#2116=VERTEX_POINT('',#7571);
#2117=VERTEX_POINT('',#7573);
#2118=VERTEX_POINT('',#7577);
#2119=VERTEX_POINT('',#7578);
#2120=VERTEX_POINT('',#7580);
#2121=VERTEX_POINT('',#7582);
#2122=VERTEX_POINT('',#7586);
#2123=VERTEX_POINT('',#7588);
#2124=VERTEX_POINT('',#7592);
#2125=VERTEX_POINT('',#7596);
#2126=VERTEX_POINT('',#7597);
#2127=VERTEX_POINT('',#7599);
#2128=VERTEX_POINT('',#7601);
#2129=VERTEX_POINT('',#7603);
#2130=VERTEX_POINT('',#7605);
#2131=VERTEX_POINT('',#7609);
#2132=VERTEX_POINT('',#7611);
#2133=VERTEX_POINT('',#7615);
#2134=VERTEX_POINT('',#7617);
#2135=VERTEX_POINT('',#7621);
#2136=VERTEX_POINT('',#7622);
#2137=VERTEX_POINT('',#7624);
#2138=VERTEX_POINT('',#7626);
#2139=VERTEX_POINT('',#7634);
#2140=VERTEX_POINT('',#7636);
#2141=VERTEX_POINT('',#7640);
#2142=VERTEX_POINT('',#7642);
#2143=VERTEX_POINT('',#7644);
#2144=VERTEX_POINT('',#7646);
#2145=VERTEX_POINT('',#7650);
#2146=VERTEX_POINT('',#7656);
#2147=VERTEX_POINT('',#7658);
#2148=VERTEX_POINT('',#7660);
#2149=VERTEX_POINT('',#7662);
#2150=VERTEX_POINT('',#7666);
#2151=VERTEX_POINT('',#7670);
#2152=VERTEX_POINT('',#7674);
#2153=VERTEX_POINT('',#7678);
#2154=VERTEX_POINT('',#7684);
#2155=VERTEX_POINT('',#7685);
#2156=VERTEX_POINT('',#7687);
#2157=VERTEX_POINT('',#7689);
#2158=VERTEX_POINT('',#7693);
#2159=VERTEX_POINT('',#7695);
#2160=VERTEX_POINT('',#7699);
#2161=VERTEX_POINT('',#7701);
#2162=VERTEX_POINT('',#7708);
#2163=VERTEX_POINT('',#7710);
#2164=VERTEX_POINT('',#7712);
#2165=VERTEX_POINT('',#7714);
#2166=VERTEX_POINT('',#7718);
#2167=VERTEX_POINT('',#7719);
#2168=VERTEX_POINT('',#7721);
#2169=VERTEX_POINT('',#7723);
#2170=VERTEX_POINT('',#7735);
#2171=VERTEX_POINT('',#7736);
#2172=VERTEX_POINT('',#7738);
#2173=VERTEX_POINT('',#7740);
#2174=VERTEX_POINT('',#7755);
#2175=VERTEX_POINT('',#7756);
#2176=VERTEX_POINT('',#7761);
#2177=VERTEX_POINT('',#7762);
#2178=VERTEX_POINT('',#7808);
#2179=VERTEX_POINT('',#7809);
#2180=VERTEX_POINT('',#7811);
#2181=VERTEX_POINT('',#7813);
#2182=VERTEX_POINT('',#7817);
#2183=VERTEX_POINT('',#7818);
#2184=VERTEX_POINT('',#7834);
#2185=VERTEX_POINT('',#7836);
#2186=VERTEX_POINT('',#7838);
#2187=VERTEX_POINT('',#7840);
#2188=VERTEX_POINT('',#7911);
#2189=VERTEX_POINT('',#7912);
#2190=VERTEX_POINT('',#7914);
#2191=VERTEX_POINT('',#7916);
#2192=VERTEX_POINT('',#7919);
#2193=VERTEX_POINT('',#7921);
#2194=VERTEX_POINT('',#7923);
#2195=VERTEX_POINT('',#7925);
#2196=VERTEX_POINT('',#7927);
#2197=VERTEX_POINT('',#7929);
#2198=VERTEX_POINT('',#7931);
#2199=VERTEX_POINT('',#7933);
#2200=VERTEX_POINT('',#7935);
#2201=VERTEX_POINT('',#7937);
#2202=VERTEX_POINT('',#7939);
#2203=VERTEX_POINT('',#7941);
#2204=VERTEX_POINT('',#7943);
#2205=VERTEX_POINT('',#7945);
#2206=VERTEX_POINT('',#7947);
#2207=VERTEX_POINT('',#7949);
#2208=VERTEX_POINT('',#7951);
#2209=VERTEX_POINT('',#7953);
#2210=VERTEX_POINT('',#7955);
#2211=VERTEX_POINT('',#7957);
#2212=VERTEX_POINT('',#7961);
#2213=VERTEX_POINT('',#7962);
#2214=VERTEX_POINT('',#7964);
#2215=VERTEX_POINT('',#7967);
#2216=VERTEX_POINT('',#7969);
#2217=VERTEX_POINT('',#7971);
#2218=VERTEX_POINT('',#7973);
#2219=VERTEX_POINT('',#7975);
#2220=VERTEX_POINT('',#7978);
#2221=VERTEX_POINT('',#7980);
#2222=VERTEX_POINT('',#7982);
#2223=VERTEX_POINT('',#7995);
#2224=VERTEX_POINT('',#7998);
#2225=VERTEX_POINT('',#8000);
#2226=VERTEX_POINT('',#8002);
#2227=VERTEX_POINT('',#8017);
#2228=VERTEX_POINT('',#8021);
#2229=VERTEX_POINT('',#8027);
#2230=VERTEX_POINT('',#8028);
#2231=VERTEX_POINT('',#8030);
#2232=VERTEX_POINT('',#8032);
#2233=VERTEX_POINT('',#8034);
#2234=VERTEX_POINT('',#8038);
#2235=VERTEX_POINT('',#8040);
#2236=VERTEX_POINT('',#8044);
#2237=VERTEX_POINT('',#8045);
#2238=VERTEX_POINT('',#8047);
#2239=VERTEX_POINT('',#8049);
#2240=VERTEX_POINT('',#8053);
#2241=VERTEX_POINT('',#8055);
#2242=VERTEX_POINT('',#8057);
#2243=VERTEX_POINT('',#8063);
#2244=VERTEX_POINT('',#8065);
#2245=VERTEX_POINT('',#8067);
#2246=VERTEX_POINT('',#8071);
#2247=VERTEX_POINT('',#8075);
#2248=VERTEX_POINT('',#8079);
#2249=VERTEX_POINT('',#8083);
#2250=VERTEX_POINT('',#8085);
#2251=VERTEX_POINT('',#8089);
#2252=VERTEX_POINT('',#8091);
#2253=VERTEX_POINT('',#8095);
#2254=VERTEX_POINT('',#8097);
#2255=VERTEX_POINT('',#8101);
#2256=VERTEX_POINT('',#8103);
#2257=VERTEX_POINT('',#8105);
#2258=VERTEX_POINT('',#8109);
#2259=VERTEX_POINT('',#8111);
#2260=VERTEX_POINT('',#8113);
#2261=VERTEX_POINT('',#8117);
#2262=VERTEX_POINT('',#8121);
#2263=VERTEX_POINT('',#8128);
#2264=VERTEX_POINT('',#8130);
#2265=VERTEX_POINT('',#8132);
#2266=VERTEX_POINT('',#8135);
#2267=VERTEX_POINT('',#8139);
#2268=VERTEX_POINT('',#8152);
#2269=VERTEX_POINT('',#8156);
#2270=VERTEX_POINT('',#8158);
#2271=VERTEX_POINT('',#8171);
#2272=VERTEX_POINT('',#8173);
#2273=VERTEX_POINT('',#8186);
#2274=VERTEX_POINT('',#8188);
#2275=VERTEX_POINT('',#8201);
#2276=VERTEX_POINT('',#8203);
#2277=VERTEX_POINT('',#8205);
#2278=VERTEX_POINT('',#8208);
#2279=VERTEX_POINT('',#8209);
#2280=VERTEX_POINT('',#8247);
#2281=VERTEX_POINT('',#8249);
#2282=VERTEX_POINT('',#8251);
#2283=VERTEX_POINT('',#8253);
#2284=VERTEX_POINT('',#8255);
#2285=VERTEX_POINT('',#8257);
#2286=VERTEX_POINT('',#8268);
#2287=VERTEX_POINT('',#8275);
#2288=VERTEX_POINT('',#8279);
#2289=VERTEX_POINT('',#8283);
#2290=VERTEX_POINT('',#8285);
#2291=VERTEX_POINT('',#8289);
#2292=VERTEX_POINT('',#8293);
#2293=VERTEX_POINT('',#8295);
#2294=VERTEX_POINT('',#8299);
#2295=VERTEX_POINT('',#8301);
#2296=VERTEX_POINT('',#8305);
#2297=VERTEX_POINT('',#8306);
#2298=VERTEX_POINT('',#8309);
#2299=VERTEX_POINT('',#8315);
#2300=VERTEX_POINT('',#8317);
#2301=VERTEX_POINT('',#8319);
#2302=VERTEX_POINT('',#8321);
#2303=VERTEX_POINT('',#8333);
#2304=VERTEX_POINT('',#8335);
#2305=VERTEX_POINT('',#8337);
#2306=VERTEX_POINT('',#8339);
#2307=VERTEX_POINT('',#8350);
#2308=VERTEX_POINT('',#8352);
#2309=VERTEX_POINT('',#8360);
#2310=VERTEX_POINT('',#8413);
#2311=VERTEX_POINT('',#8434);
#2312=VERTEX_POINT('',#8438);
#2313=VERTEX_POINT('',#8440);
#2314=VERTEX_POINT('',#8442);
#2315=VERTEX_POINT('',#8444);
#2316=VERTEX_POINT('',#8502);
#2317=VERTEX_POINT('',#8504);
#2318=VERTEX_POINT('',#8525);
#2319=VERTEX_POINT('',#8527);
#2320=VERTEX_POINT('',#8529);
#2321=VERTEX_POINT('',#8531);
#2322=VERTEX_POINT('',#8535);
#2323=VERTEX_POINT('',#8539);
#2324=VERTEX_POINT('',#8541);
#2325=VERTEX_POINT('',#8554);
#2326=VERTEX_POINT('',#8573);
#2327=VERTEX_POINT('',#8576);
#2328=VERTEX_POINT('',#8578);
#2329=VERTEX_POINT('',#8580);
#2330=VERTEX_POINT('',#8582);
#2331=VERTEX_POINT('',#8586);
#2332=VERTEX_POINT('',#8588);
#2333=VERTEX_POINT('',#8590);
#2334=VERTEX_POINT('',#8592);
#2335=VERTEX_POINT('',#8595);
#2336=VERTEX_POINT('',#8597);
#2337=VERTEX_POINT('',#8600);
#2338=VERTEX_POINT('',#8602);
#2339=VERTEX_POINT('',#8604);
#2340=VERTEX_POINT('',#8606);
#2341=VERTEX_POINT('',#8609);
#2342=VERTEX_POINT('',#8611);
#2343=VERTEX_POINT('',#8613);
#2344=VERTEX_POINT('',#8615);
#2345=VERTEX_POINT('',#8619);
#2346=VERTEX_POINT('',#8621);
#2347=VERTEX_POINT('',#8623);
#2348=VERTEX_POINT('',#8625);
#2349=VERTEX_POINT('',#8627);
#2350=VERTEX_POINT('',#8629);
#2351=VERTEX_POINT('',#8631);
#2352=VERTEX_POINT('',#8633);
#2353=VERTEX_POINT('',#8637);
#2354=VERTEX_POINT('',#8639);
#2355=VERTEX_POINT('',#8647);
#2356=VERTEX_POINT('',#8649);
#2357=VERTEX_POINT('',#8651);
#2358=VERTEX_POINT('',#8653);
#2359=VERTEX_POINT('',#8657);
#2360=VERTEX_POINT('',#8658);
#2361=VERTEX_POINT('',#8661);
#2362=VERTEX_POINT('',#8672);
#2363=VERTEX_POINT('',#8674);
#2364=VERTEX_POINT('',#8676);
#2365=VERTEX_POINT('',#8678);
#2366=VERTEX_POINT('',#8697);
#2367=VERTEX_POINT('',#8698);
#2368=VERTEX_POINT('',#8702);
#2369=VERTEX_POINT('',#8703);
#2370=VERTEX_POINT('',#8707);
#2371=VERTEX_POINT('',#8708);
#2372=VERTEX_POINT('',#8710);
#2373=VERTEX_POINT('',#8712);
#2374=VERTEX_POINT('',#8716);
#2375=VERTEX_POINT('',#8718);
#2376=VERTEX_POINT('',#8722);
#2377=VERTEX_POINT('',#8724);
#2378=VERTEX_POINT('',#8728);
#2379=VERTEX_POINT('',#8729);
#2380=VERTEX_POINT('',#8731);
#2381=VERTEX_POINT('',#8733);
#2382=VERTEX_POINT('',#8736);
#2383=VERTEX_POINT('',#8737);
#2384=VERTEX_POINT('',#8739);
#2385=VERTEX_POINT('',#8741);
#2386=VERTEX_POINT('',#8744);
#2387=VERTEX_POINT('',#8746);
#2388=VERTEX_POINT('',#8749);
#2389=VERTEX_POINT('',#8751);
#2390=VERTEX_POINT('',#8754);
#2391=VERTEX_POINT('',#8756);
#2392=VERTEX_POINT('',#8759);
#2393=VERTEX_POINT('',#8761);
#2394=VERTEX_POINT('',#8765);
#2395=VERTEX_POINT('',#8767);
#2396=VERTEX_POINT('',#8771);
#2397=VERTEX_POINT('',#8773);
#2398=VERTEX_POINT('',#8782);
#2399=VERTEX_POINT('',#8784);
#2400=VERTEX_POINT('',#8788);
#2401=VERTEX_POINT('',#8792);
#2402=VERTEX_POINT('',#8799);
#2403=VERTEX_POINT('',#8800);
#2404=VERTEX_POINT('',#8804);
#2405=VERTEX_POINT('',#8809);
#2406=VERTEX_POINT('',#8811);
#2407=VERTEX_POINT('',#8813);
#2408=VERTEX_POINT('',#8818);
#2409=VERTEX_POINT('',#8825);
#2410=VERTEX_POINT('',#8827);
#2411=VERTEX_POINT('',#8829);
#2412=VERTEX_POINT('',#8831);
#2413=VERTEX_POINT('',#8833);
#2414=VERTEX_POINT('',#8835);
#2415=VERTEX_POINT('',#8837);
#2416=VERTEX_POINT('',#8841);
#2417=VERTEX_POINT('',#8843);
#2418=VERTEX_POINT('',#8848);
#2419=VERTEX_POINT('',#8854);
#2420=VERTEX_POINT('',#8858);
#2421=VERTEX_POINT('',#8860);
#2422=VERTEX_POINT('',#8871);
#2423=VERTEX_POINT('',#8875);
#2424=VERTEX_POINT('',#8877);
#2425=VERTEX_POINT('',#8881);
#2426=VERTEX_POINT('',#8897);
#2427=VERTEX_POINT('',#8899);
#2428=VERTEX_POINT('',#8905);
#2429=VERTEX_POINT('',#8907);
#2430=VERTEX_POINT('',#8911);
#2431=VERTEX_POINT('',#8913);
#2432=VERTEX_POINT('',#8917);
#2433=VERTEX_POINT('',#8919);
#2434=VERTEX_POINT('',#8923);
#2435=VERTEX_POINT('',#8924);
#2436=VERTEX_POINT('',#8932);
#2437=VERTEX_POINT('',#8933);
#2438=VERTEX_POINT('',#8936);
#2439=VERTEX_POINT('',#8938);
#2440=VERTEX_POINT('',#8942);
#2441=VERTEX_POINT('',#8944);
#2442=VERTEX_POINT('',#8946);
#2443=VERTEX_POINT('',#8950);
#2444=VERTEX_POINT('',#8951);
#2445=VERTEX_POINT('',#8954);
#2446=VERTEX_POINT('',#8956);
#2447=VERTEX_POINT('',#8970);
#2448=VERTEX_POINT('',#8972);
#2449=VERTEX_POINT('',#8974);
#2450=VERTEX_POINT('',#8976);
#2451=VERTEX_POINT('',#8980);
#2452=VERTEX_POINT('',#8984);
#2453=VERTEX_POINT('',#8988);
#2454=VERTEX_POINT('',#8990);
#2455=VERTEX_POINT('',#8994);
#2456=VERTEX_POINT('',#9001);
#2457=VERTEX_POINT('',#9003);
#2458=VERTEX_POINT('',#9008);
#2459=VERTEX_POINT('',#9010);
#2460=VERTEX_POINT('',#9014);
#2461=VERTEX_POINT('',#9015);
#2462=VERTEX_POINT('',#9017);
#2463=VERTEX_POINT('',#9019);
#2464=VERTEX_POINT('',#9024);
#2465=VERTEX_POINT('',#9026);
#2466=VERTEX_POINT('',#9030);
#2467=VERTEX_POINT('',#9032);
#2468=VERTEX_POINT('',#9038);
#2469=VERTEX_POINT('',#9042);
#2470=VERTEX_POINT('',#9044);
#2471=VERTEX_POINT('',#9054);
#2472=VERTEX_POINT('',#9056);
#2473=VERTEX_POINT('',#9061);
#2474=VERTEX_POINT('',#9084);
#2475=VERTEX_POINT('',#9086);
#2476=VERTEX_POINT('',#9088);
#2477=VERTEX_POINT('',#9090);
#2478=VERTEX_POINT('',#9092);
#2479=VERTEX_POINT('',#9094);
#2480=VERTEX_POINT('',#9096);
#2481=VERTEX_POINT('',#9098);
#2482=VERTEX_POINT('',#9100);
#2483=VERTEX_POINT('',#9102);
#2484=VERTEX_POINT('',#9107);
#2485=VERTEX_POINT('',#9109);
#2486=VERTEX_POINT('',#9113);
#2487=VERTEX_POINT('',#9117);
#2488=VERTEX_POINT('',#9121);
#2489=VERTEX_POINT('',#9125);
#2490=VERTEX_POINT('',#9134);
#2491=VERTEX_POINT('',#9136);
#2492=VERTEX_POINT('',#9138);
#2493=VERTEX_POINT('',#9140);
#2494=VERTEX_POINT('',#9142);
#2495=VERTEX_POINT('',#9144);
#2496=VERTEX_POINT('',#9146);
#2497=VERTEX_POINT('',#9148);
#2498=VERTEX_POINT('',#9150);
#2499=VERTEX_POINT('',#9152);
#2500=VERTEX_POINT('',#9157);
#2501=VERTEX_POINT('',#9159);
#2502=VERTEX_POINT('',#9163);
#2503=VERTEX_POINT('',#9167);
#2504=VERTEX_POINT('',#9171);
#2505=VERTEX_POINT('',#9175);
#2506=EDGE_CURVE('',#2034,#2035,#1860,.T.);
#2507=EDGE_CURVE('',#2035,#2036,#1824,.T.);
#2508=EDGE_CURVE('',#2036,#2037,#1825,.F.);
#2509=EDGE_CURVE('',#2037,#2038,#1826,.T.);
#2510=EDGE_CURVE('',#2038,#2034,#1827,.T.);
#2511=EDGE_CURVE('',#2039,#2040,#1202,.T.);
#2512=EDGE_CURVE('',#2040,#2035,#222,.T.);
#2513=EDGE_CURVE('',#2034,#2039,#223,.T.);
#2514=EDGE_CURVE('',#2035,#2041,#1861,.T.);
#2515=EDGE_CURVE('',#2042,#2041,#1862,.T.);
#2516=EDGE_CURVE('',#2042,#2036,#1863,.T.);
#2517=EDGE_CURVE('',#2043,#2040,#224,.T.);
#2518=EDGE_CURVE('',#2044,#2043,#225,.T.);
#2519=EDGE_CURVE('',#2045,#2044,#1864,.T.);
#2520=EDGE_CURVE('',#2041,#2045,#226,.T.);
#2521=EDGE_CURVE('',#2039,#2046,#227,.T.);
#2522=EDGE_CURVE('',#2043,#2046,#1203,.T.);
#2523=EDGE_CURVE('',#2046,#2047,#228,.T.);
#2524=EDGE_CURVE('',#2047,#2044,#1865,.T.);
#2525=EDGE_CURVE('',#2048,#2049,#1828,.T.);
#2526=EDGE_CURVE('',#2049,#2044,#1829,.T.);
#2527=EDGE_CURVE('',#2047,#2048,#1830,.T.);
#2528=EDGE_CURVE('',#2050,#2046,#229,.T.);
#2529=EDGE_CURVE('',#2051,#2050,#230,.T.);
#2530=EDGE_CURVE('',#2048,#2051,#231,.T.);
#2531=EDGE_CURVE('',#2039,#2052,#232,.T.);
#2532=EDGE_CURVE('',#2052,#2050,#233,.T.);
#2533=EDGE_CURVE('',#2038,#2053,#234,.T.);
#2534=EDGE_CURVE('',#2053,#2052,#235,.T.);
#2535=EDGE_CURVE('',#2054,#2049,#1831,.F.);
#2536=EDGE_CURVE('',#2054,#2055,#1866,.T.);
#2537=EDGE_CURVE('',#2055,#2045,#1867,.T.);
#2538=EDGE_CURVE('',#2055,#2042,#236,.T.);
#2539=EDGE_CURVE('',#2042,#2056,#237,.T.);
#2540=EDGE_CURVE('',#2057,#2056,#1204,.T.);
#2541=EDGE_CURVE('',#2057,#2058,#238,.T.);
#2542=EDGE_CURVE('',#2058,#2053,#1868,.T.);
#2543=EDGE_CURVE('',#2059,#2055,#239,.T.);
#2544=EDGE_CURVE('',#2056,#2059,#240,.T.);
#2545=EDGE_CURVE('',#2054,#2060,#241,.T.);
#2546=EDGE_CURVE('',#2060,#2061,#1869,.T.);
#2547=EDGE_CURVE('',#2061,#2062,#242,.T.);
#2548=EDGE_CURVE('',#2059,#2062,#1205,.T.);
#2549=EDGE_CURVE('',#2056,#2063,#1870,.T.);
#2550=EDGE_CURVE('',#2063,#2057,#1206,.T.);
#2551=EDGE_CURVE('',#2059,#2064,#1871,.T.);
#2552=EDGE_CURVE('',#2064,#2063,#243,.T.);
#2553=EDGE_CURVE('',#2062,#2064,#1207,.T.);
#2554=EDGE_CURVE('',#2063,#2065,#244,.T.);
#2555=EDGE_CURVE('',#2065,#2066,#1208,.T.);
#2556=EDGE_CURVE('',#2066,#2057,#245,.T.);
#2557=EDGE_CURVE('',#2065,#2067,#246,.T.);
#2558=EDGE_CURVE('',#2067,#2068,#1209,.T.);
#2559=EDGE_CURVE('',#2068,#2066,#247,.T.);
#2560=EDGE_CURVE('',#2062,#2068,#248,.T.);
#2561=EDGE_CURVE('',#2067,#2064,#249,.T.);
#2562=EDGE_CURVE('',#2069,#2066,#250,.T.);
#2563=EDGE_CURVE('',#2070,#2069,#251,.T.);
#2564=EDGE_CURVE('',#2071,#2070,#252,.T.);
#2565=EDGE_CURVE('',#2071,#2058,#253,.T.);
#2566=EDGE_CURVE('',#2068,#2072,#254,.T.);
#2567=EDGE_CURVE('',#2072,#2069,#255,.T.);
#2568=EDGE_CURVE('',#2073,#2061,#256,.T.);
#2569=EDGE_CURVE('',#2074,#2073,#257,.T.);
#2570=EDGE_CURVE('',#2074,#2072,#258,.T.);
#2571=EDGE_CURVE('',#2073,#2071,#259,.T.);
#2572=EDGE_CURVE('',#2051,#2060,#260,.T.);
#2573=EDGE_CURVE('',#2070,#2074,#261,.T.);
#2574=EDGE_CURVE('',#2075,#2076,#1872,.T.);
#2575=EDGE_CURVE('',#2076,#2077,#1832,.T.);
#2576=EDGE_CURVE('',#2077,#2078,#1833,.F.);
#2577=EDGE_CURVE('',#2078,#2079,#1834,.T.);
#2578=EDGE_CURVE('',#2079,#2075,#1835,.T.);
#2579=EDGE_CURVE('',#2080,#2081,#1210,.T.);
#2580=EDGE_CURVE('',#2081,#2076,#262,.T.);
#2581=EDGE_CURVE('',#2075,#2080,#263,.T.);
#2582=EDGE_CURVE('',#2076,#2082,#1873,.T.);
#2583=EDGE_CURVE('',#2083,#2082,#1874,.T.);
#2584=EDGE_CURVE('',#2083,#2077,#1875,.T.);
#2585=EDGE_CURVE('',#2084,#2081,#264,.T.);
#2586=EDGE_CURVE('',#2085,#2084,#265,.T.);
#2587=EDGE_CURVE('',#2086,#2085,#1876,.T.);
#2588=EDGE_CURVE('',#2082,#2086,#266,.T.);
#2589=EDGE_CURVE('',#2080,#2087,#267,.T.);
#2590=EDGE_CURVE('',#2084,#2087,#1211,.T.);
#2591=EDGE_CURVE('',#2087,#2088,#268,.T.);
#2592=EDGE_CURVE('',#2088,#2085,#1877,.T.);
#2593=EDGE_CURVE('',#2089,#2090,#1836,.T.);
#2594=EDGE_CURVE('',#2090,#2085,#1837,.T.);
#2595=EDGE_CURVE('',#2088,#2089,#1838,.T.);
#2596=EDGE_CURVE('',#2091,#2087,#269,.T.);
#2597=EDGE_CURVE('',#2092,#2091,#270,.T.);
#2598=EDGE_CURVE('',#2089,#2092,#271,.T.);
#2599=EDGE_CURVE('',#2080,#2093,#272,.T.);
#2600=EDGE_CURVE('',#2093,#2091,#273,.T.);
#2601=EDGE_CURVE('',#2079,#2094,#274,.T.);
#2602=EDGE_CURVE('',#2094,#2093,#275,.T.);
#2603=EDGE_CURVE('',#2095,#2090,#1839,.F.);
#2604=EDGE_CURVE('',#2095,#2096,#1878,.T.);
#2605=EDGE_CURVE('',#2096,#2086,#1879,.T.);
#2606=EDGE_CURVE('',#2096,#2083,#276,.T.);
#2607=EDGE_CURVE('',#2083,#2097,#277,.T.);
#2608=EDGE_CURVE('',#2098,#2097,#1212,.T.);
#2609=EDGE_CURVE('',#2098,#2099,#278,.T.);
#2610=EDGE_CURVE('',#2099,#2094,#1880,.T.);
#2611=EDGE_CURVE('',#2100,#2096,#279,.T.);
#2612=EDGE_CURVE('',#2097,#2100,#280,.T.);
#2613=EDGE_CURVE('',#2095,#2101,#281,.T.);
#2614=EDGE_CURVE('',#2101,#2102,#1881,.T.);
#2615=EDGE_CURVE('',#2102,#2103,#282,.T.);
#2616=EDGE_CURVE('',#2100,#2103,#1213,.T.);
#2617=EDGE_CURVE('',#2097,#2104,#1882,.T.);
#2618=EDGE_CURVE('',#2104,#2098,#1214,.T.);
#2619=EDGE_CURVE('',#2100,#2105,#1883,.T.);
#2620=EDGE_CURVE('',#2105,#2104,#283,.T.);
#2621=EDGE_CURVE('',#2103,#2105,#1215,.T.);
#2622=EDGE_CURVE('',#2104,#2106,#284,.T.);
#2623=EDGE_CURVE('',#2106,#2107,#1216,.T.);
#2624=EDGE_CURVE('',#2107,#2098,#285,.T.);
#2625=EDGE_CURVE('',#2106,#2108,#286,.T.);
#2626=EDGE_CURVE('',#2108,#2109,#1217,.T.);
#2627=EDGE_CURVE('',#2109,#2107,#287,.T.);
#2628=EDGE_CURVE('',#2103,#2109,#288,.T.);
#2629=EDGE_CURVE('',#2108,#2105,#289,.T.);
#2630=EDGE_CURVE('',#2110,#2107,#290,.T.);
#2631=EDGE_CURVE('',#2111,#2110,#291,.T.);
#2632=EDGE_CURVE('',#2112,#2111,#292,.T.);
#2633=EDGE_CURVE('',#2112,#2099,#293,.T.);
#2634=EDGE_CURVE('',#2109,#2113,#294,.T.);
#2635=EDGE_CURVE('',#2113,#2110,#295,.T.);
#2636=EDGE_CURVE('',#2114,#2102,#296,.T.);
#2637=EDGE_CURVE('',#2115,#2114,#297,.T.);
#2638=EDGE_CURVE('',#2115,#2113,#298,.T.);
#2639=EDGE_CURVE('',#2114,#2112,#299,.T.);
#2640=EDGE_CURVE('',#2092,#2101,#300,.T.);
#2641=EDGE_CURVE('',#2111,#2115,#301,.T.);
#2642=EDGE_CURVE('',#2116,#2116,#1884,.T.);
#2643=EDGE_CURVE('',#2116,#2117,#302,.T.);
#2644=EDGE_CURVE('',#2117,#2117,#1885,.T.);
#2645=EDGE_CURVE('',#2118,#2119,#303,.T.);
#2646=EDGE_CURVE('',#2120,#2118,#304,.T.);
#2647=EDGE_CURVE('',#2121,#2120,#305,.T.);
#2648=EDGE_CURVE('',#2119,#2121,#306,.T.);
#2649=EDGE_CURVE('',#2122,#2120,#307,.T.);
#2650=EDGE_CURVE('',#2123,#2122,#308,.T.);
#2651=EDGE_CURVE('',#2121,#2123,#309,.T.);
#2652=EDGE_CURVE('',#2118,#2124,#310,.T.);
#2653=EDGE_CURVE('',#2122,#2124,#311,.T.);
#2654=EDGE_CURVE('',#2125,#2126,#312,.T.);
#2655=EDGE_CURVE('',#2127,#2125,#313,.T.);
#2656=EDGE_CURVE('',#2128,#2127,#314,.T.);
#2657=EDGE_CURVE('',#2129,#2128,#315,.T.);
#2658=EDGE_CURVE('',#2130,#2129,#316,.T.);
#2659=EDGE_CURVE('',#2126,#2130,#317,.T.);
#2660=EDGE_CURVE('',#2130,#2131,#318,.T.);
#2661=EDGE_CURVE('',#2132,#2129,#319,.T.);
#2662=EDGE_CURVE('',#2132,#2131,#320,.T.);
#2663=EDGE_CURVE('',#2128,#2133,#321,.T.);
#2664=EDGE_CURVE('',#2127,#2134,#322,.T.);
#2665=EDGE_CURVE('',#2134,#2133,#323,.T.);
#2666=EDGE_CURVE('',#2135,#2136,#324,.T.);
#2667=EDGE_CURVE('',#2137,#2135,#325,.T.);
#2668=EDGE_CURVE('',#2138,#2137,#1886,.T.);
#2669=EDGE_CURVE('',#2131,#2138,#326,.T.);
#2670=EDGE_CURVE('',#2133,#2132,#327,.T.);
#2671=EDGE_CURVE('',#2136,#2134,#328,.T.);
#2672=EDGE_CURVE('',#2136,#2125,#329,.T.);
#2673=EDGE_CURVE('',#2139,#2135,#330,.T.);
#2674=EDGE_CURVE('',#2139,#2140,#331,.T.);
#2675=EDGE_CURVE('',#2140,#2137,#332,.T.);
#2676=EDGE_CURVE('',#2138,#2141,#333,.T.);
#2677=EDGE_CURVE('',#2141,#2142,#334,.T.);
#2678=EDGE_CURVE('',#2142,#2143,#335,.T.);
#2679=EDGE_CURVE('',#2143,#2144,#336,.T.);
#2680=EDGE_CURVE('',#2126,#2144,#337,.T.);
#2681=EDGE_CURVE('',#2145,#2119,#338,.T.);
#2682=EDGE_CURVE('',#2124,#2145,#339,.T.);
#2683=EDGE_CURVE('',#2145,#2123,#340,.T.);
#2684=EDGE_CURVE('',#2146,#2140,#1887,.T.);
#2685=EDGE_CURVE('',#2147,#2146,#341,.T.);
#2686=EDGE_CURVE('',#2148,#2147,#1888,.T.);
#2687=EDGE_CURVE('',#2149,#2148,#342,.T.);
#2688=EDGE_CURVE('',#2141,#2149,#1889,.T.);
#2689=EDGE_CURVE('',#2150,#2149,#343,.T.);
#2690=EDGE_CURVE('',#2142,#2150,#344,.T.);
#2691=EDGE_CURVE('',#2151,#2139,#345,.T.);
#2692=EDGE_CURVE('',#2146,#2151,#346,.T.);
#2693=EDGE_CURVE('',#2144,#2152,#347,.T.);
#2694=EDGE_CURVE('',#2151,#2152,#348,.T.);
#2695=EDGE_CURVE('',#2152,#2153,#349,.T.);
#2696=EDGE_CURVE('',#2153,#2143,#350,.T.);
#2697=EDGE_CURVE('',#2153,#2150,#351,.T.);
#2698=EDGE_CURVE('',#2154,#2155,#352,.T.);
#2699=EDGE_CURVE('',#2156,#2154,#353,.T.);
#2700=EDGE_CURVE('',#2157,#2156,#354,.T.);
#2701=EDGE_CURVE('',#2155,#2157,#355,.T.);
#2702=EDGE_CURVE('',#2155,#2158,#356,.T.);
#2703=EDGE_CURVE('',#2159,#2157,#357,.T.);
#2704=EDGE_CURVE('',#2159,#2158,#358,.T.);
#2705=EDGE_CURVE('',#2158,#2160,#359,.T.);
#2706=EDGE_CURVE('',#2161,#2159,#360,.T.);
#2707=EDGE_CURVE('',#2160,#2161,#361,.T.);
#2708=EDGE_CURVE('',#2160,#2154,#362,.T.);
#2709=EDGE_CURVE('',#2156,#2161,#363,.T.);
#2710=EDGE_CURVE('',#2147,#2162,#364,.T.);
#2711=EDGE_CURVE('',#2162,#2163,#365,.T.);
#2712=EDGE_CURVE('',#2163,#2164,#366,.T.);
#2713=EDGE_CURVE('',#2164,#2165,#367,.T.);
#2714=EDGE_CURVE('',#2165,#2148,#368,.T.);
#2715=EDGE_CURVE('',#2166,#2167,#369,.T.);
#2716=EDGE_CURVE('',#2167,#2168,#370,.T.);
#2717=EDGE_CURVE('',#2168,#2169,#371,.T.);
#2718=EDGE_CURVE('',#2169,#2166,#372,.T.);
#2719=EDGE_CURVE('',#2163,#2168,#373,.T.);
#2720=EDGE_CURVE('',#2164,#2167,#374,.T.);
#2721=EDGE_CURVE('',#2162,#2169,#375,.T.);
#2722=EDGE_CURVE('',#2165,#2166,#376,.T.);
#2723=EDGE_CURVE('',#2170,#2171,#1890,.T.);
#2724=EDGE_CURVE('',#2171,#2172,#1891,.T.);
#2725=EDGE_CURVE('',#2172,#2173,#1840,.F.);
#2726=EDGE_CURVE('',#2173,#2170,#1892,.T.);
#2727=EDGE_CURVE('',#2174,#2175,#1893,.T.);
#2728=EDGE_CURVE('',#2175,#2171,#1894,.T.);
#2729=EDGE_CURVE('',#2170,#2174,#1895,.T.);
#2730=EDGE_CURVE('',#2176,#2177,#1896,.T.);
#2731=EDGE_CURVE('',#2177,#2175,#377,.T.);
#2732=EDGE_CURVE('',#2174,#2176,#378,.T.);
#2733=EDGE_CURVE('',#2178,#2179,#1897,.T.);
#2734=EDGE_CURVE('',#2179,#2180,#1218,.T.);
#2735=EDGE_CURVE('',#2180,#2181,#1898,.T.);
#2736=EDGE_CURVE('',#2181,#2178,#1219,.T.);
#2737=EDGE_CURVE('',#2182,#2183,#1841,.T.);
#2738=EDGE_CURVE('',#2183,#2184,#379,.T.);
#2739=EDGE_CURVE('',#2184,#2185,#1899,.F.);
#2740=EDGE_CURVE('',#2185,#2186,#380,.T.);
#2741=EDGE_CURVE('',#2186,#2187,#1842,.T.);
#2742=EDGE_CURVE('',#2187,#2179,#381,.T.);
#2743=EDGE_CURVE('',#2178,#2182,#382,.T.);
#2744=EDGE_CURVE('',#2180,#2177,#1843,.T.);
#2745=EDGE_CURVE('',#2176,#2181,#1844,.T.);
#2746=EDGE_CURVE('',#2188,#2189,#383,.T.);
#2747=EDGE_CURVE('',#2189,#2190,#384,.T.);
#2748=EDGE_CURVE('',#2190,#2191,#385,.T.);
#2749=EDGE_CURVE('',#2191,#2188,#386,.T.);
#2750=EDGE_CURVE('',#2185,#2192,#387,.T.);
#2751=EDGE_CURVE('',#2193,#2192,#388,.T.);
#2752=EDGE_CURVE('',#2194,#2193,#389,.T.);
#2753=EDGE_CURVE('',#2195,#2194,#390,.T.);
#2754=EDGE_CURVE('',#2196,#2195,#391,.T.);
#2755=EDGE_CURVE('',#2196,#2197,#392,.T.);
#2756=EDGE_CURVE('',#2197,#2198,#393,.T.);
#2757=EDGE_CURVE('',#2198,#2199,#394,.T.);
#2758=EDGE_CURVE('',#2199,#2200,#395,.T.);
#2759=EDGE_CURVE('',#2201,#2200,#396,.T.);
#2760=EDGE_CURVE('',#2201,#2202,#1900,.T.);
#2761=EDGE_CURVE('',#2202,#2203,#1901,.T.);
#2762=EDGE_CURVE('',#2203,#2204,#1902,.T.);
#2763=EDGE_CURVE('',#2204,#2205,#1903,.T.);
#2764=EDGE_CURVE('',#2205,#2206,#1904,.T.);
#2765=EDGE_CURVE('',#2206,#2207,#1905,.T.);
#2766=EDGE_CURVE('',#2207,#2208,#1906,.T.);
#2767=EDGE_CURVE('',#2208,#2209,#1907,.T.);
#2768=EDGE_CURVE('',#2209,#2210,#1908,.T.);
#2769=EDGE_CURVE('',#2210,#2211,#1909,.T.);
#2770=EDGE_CURVE('',#2211,#2186,#1910,.T.);
#2771=EDGE_CURVE('',#2212,#2213,#1911,.T.);
#2772=EDGE_CURVE('',#2214,#2212,#397,.T.);
#2773=EDGE_CURVE('',#2187,#2214,#1912,.T.);
#2774=EDGE_CURVE('',#2215,#2211,#398,.T.);
#2775=EDGE_CURVE('',#2216,#2215,#1913,.T.);
#2776=EDGE_CURVE('',#2216,#2217,#399,.T.);
#2777=EDGE_CURVE('',#2217,#2218,#1914,.T.);
#2778=EDGE_CURVE('',#2218,#2219,#400,.T.);
#2779=EDGE_CURVE('',#2213,#2219,#1915,.T.);
#2780=EDGE_CURVE('',#2213,#2220,#401,.T.);
#2781=EDGE_CURVE('',#2220,#2221,#1916,.T.);
#2782=EDGE_CURVE('',#2222,#2221,#1845,.F.);
#2783=EDGE_CURVE('',#2222,#2223,#402,.T.);
#2784=EDGE_CURVE('',#2223,#2183,#1220,.T.);
#2785=EDGE_CURVE('',#2182,#2224,#1221,.T.);
#2786=EDGE_CURVE('',#2224,#2225,#403,.T.);
#2787=EDGE_CURVE('',#2226,#2225,#1846,.F.);
#2788=EDGE_CURVE('',#2226,#2220,#1917,.T.);
#2789=EDGE_CURVE('',#2227,#2178,#404,.T.);
#2790=EDGE_CURVE('',#2227,#2224,#405,.T.);
#2791=EDGE_CURVE('',#2223,#2228,#406,.T.);
#2792=EDGE_CURVE('',#2228,#2184,#407,.T.);
#2793=EDGE_CURVE('',#2181,#2227,#1918,.T.);
#2794=EDGE_CURVE('',#2229,#2230,#1919,.T.);
#2795=EDGE_CURVE('',#2229,#2231,#408,.T.);
#2796=EDGE_CURVE('',#2231,#2232,#1920,.T.);
#2797=EDGE_CURVE('',#2233,#2232,#1222,.T.);
#2798=EDGE_CURVE('',#2233,#2230,#409,.T.);
#2799=EDGE_CURVE('',#2233,#2234,#410,.T.);
#2800=EDGE_CURVE('',#2234,#2235,#411,.T.);
#2801=EDGE_CURVE('',#2235,#2230,#412,.T.);
#2802=EDGE_CURVE('',#2236,#2237,#1921,.T.);
#2803=EDGE_CURVE('',#2237,#2238,#413,.T.);
#2804=EDGE_CURVE('',#2238,#2239,#1922,.F.);
#2805=EDGE_CURVE('',#2239,#2236,#414,.T.);
#2806=EDGE_CURVE('',#2240,#2236,#1923,.T.);
#2807=EDGE_CURVE('',#2236,#2241,#415,.T.);
#2808=EDGE_CURVE('',#2241,#2242,#1924,.F.);
#2809=EDGE_CURVE('',#2242,#2240,#416,.T.);
#2810=EDGE_CURVE('',#2240,#2237,#1925,.T.);
#2811=EDGE_CURVE('',#2243,#2237,#417,.T.);
#2812=EDGE_CURVE('',#2244,#2243,#418,.T.);
#2813=EDGE_CURVE('',#2245,#2244,#419,.T.);
#2814=EDGE_CURVE('',#2238,#2245,#420,.T.);
#2815=EDGE_CURVE('',#2240,#2246,#421,.T.);
#2816=EDGE_CURVE('',#2246,#2243,#1926,.T.);
#2817=EDGE_CURVE('',#2247,#2242,#422,.T.);
#2818=EDGE_CURVE('',#2247,#2246,#423,.T.);
#2819=EDGE_CURVE('',#2248,#2247,#424,.T.);
#2820=EDGE_CURVE('',#2244,#2248,#425,.T.);
#2821=EDGE_CURVE('',#2194,#2249,#1927,.T.);
#2822=EDGE_CURVE('',#2249,#2250,#426,.T.);
#2823=EDGE_CURVE('',#2250,#2195,#1223,.F.);
#2824=EDGE_CURVE('',#2214,#2251,#1928,.T.);
#2825=EDGE_CURVE('',#2251,#2252,#1929,.T.);
#2826=EDGE_CURVE('',#2252,#2172,#1930,.T.);
#2827=EDGE_CURVE('',#2253,#2193,#1931,.T.);
#2828=EDGE_CURVE('',#2192,#2254,#1932,.F.);
#2829=EDGE_CURVE('',#2254,#2253,#427,.T.);
#2830=EDGE_CURVE('',#2255,#2249,#428,.T.);
#2831=EDGE_CURVE('',#2256,#2255,#429,.T.);
#2832=EDGE_CURVE('',#2257,#2256,#430,.T.);
#2833=EDGE_CURVE('',#2250,#2257,#431,.T.);
#2834=EDGE_CURVE('',#2253,#2258,#432,.T.);
#2835=EDGE_CURVE('',#2258,#2259,#433,.T.);
#2836=EDGE_CURVE('',#2259,#2260,#434,.T.);
#2837=EDGE_CURVE('',#2255,#2260,#435,.T.);
#2838=EDGE_CURVE('',#2250,#2261,#436,.T.);
#2839=EDGE_CURVE('',#2261,#2196,#1933,.F.);
#2840=EDGE_CURVE('',#2257,#2262,#437,.T.);
#2841=EDGE_CURVE('',#2262,#2261,#438,.T.);
#2842=EDGE_CURVE('',#2225,#2222,#439,.T.);
#2843=EDGE_CURVE('',#2221,#2226,#440,.T.);
#2844=EDGE_CURVE('',#2263,#2227,#1934,.T.);
#2845=EDGE_CURVE('',#2264,#2263,#441,.T.);
#2846=EDGE_CURVE('',#2265,#2264,#1935,.T.);
#2847=EDGE_CURVE('',#2265,#2229,#442,.T.);
#2848=EDGE_CURVE('',#2235,#2266,#443,.T.);
#2849=EDGE_CURVE('',#2266,#2228,#444,.T.);
#2850=EDGE_CURVE('',#2267,#2201,#1847,.T.);
#2851=EDGE_CURVE('',#2200,#2268,#1936,.F.);
#2852=EDGE_CURVE('',#2268,#2267,#445,.T.);
#2853=EDGE_CURVE('',#2267,#2269,#446,.T.);
#2854=EDGE_CURVE('',#2270,#2269,#1848,.F.);
#2855=EDGE_CURVE('',#2270,#2271,#1937,.T.);
#2856=EDGE_CURVE('',#2272,#2271,#1849,.F.);
#2857=EDGE_CURVE('',#2272,#2273,#447,.T.);
#2858=EDGE_CURVE('',#2274,#2273,#1850,.T.);
#2859=EDGE_CURVE('',#2275,#2274,#1938,.T.);
#2860=EDGE_CURVE('',#2276,#2275,#448,.T.);
#2861=EDGE_CURVE('',#2277,#2276,#1939,.T.);
#2862=EDGE_CURVE('',#2202,#2277,#449,.T.);
#2863=EDGE_CURVE('',#2278,#2279,#1851,.T.);
#2864=EDGE_CURVE('',#2279,#2278,#1852,.T.);
#2865=EDGE_CURVE('',#2268,#2280,#450,.T.);
#2866=EDGE_CURVE('',#2281,#2280,#451,.T.);
#2867=EDGE_CURVE('',#2281,#2282,#452,.T.);
#2868=EDGE_CURVE('',#2283,#2282,#453,.T.);
#2869=EDGE_CURVE('',#2284,#2283,#454,.T.);
#2870=EDGE_CURVE('',#2285,#2284,#1853,.T.);
#2871=EDGE_CURVE('',#2286,#2285,#455,.T.);
#2872=EDGE_CURVE('',#2273,#2286,#456,.T.);
#2873=EDGE_CURVE('',#2269,#2272,#457,.T.);
#2874=EDGE_CURVE('',#2271,#2270,#458,.T.);
#2875=EDGE_CURVE('',#2286,#2287,#1940,.T.);
#2876=EDGE_CURVE('',#2287,#2274,#459,.T.);
#2877=EDGE_CURVE('',#2286,#2288,#1941,.T.);
#2878=EDGE_CURVE('',#2288,#2287,#1942,.T.);
#2879=EDGE_CURVE('',#2288,#2289,#460,.T.);
#2880=EDGE_CURVE('',#2289,#2290,#1224,.T.);
#2881=EDGE_CURVE('',#2290,#2287,#461,.T.);
#2882=EDGE_CURVE('',#2291,#2285,#1943,.T.);
#2883=EDGE_CURVE('',#2291,#2288,#462,.T.);
#2884=EDGE_CURVE('',#2264,#2292,#463,.T.);
#2885=EDGE_CURVE('',#2292,#2293,#1225,.T.);
#2886=EDGE_CURVE('',#2293,#2265,#464,.T.);
#2887=EDGE_CURVE('',#2293,#2294,#465,.T.);
#2888=EDGE_CURVE('',#2294,#2295,#466,.T.);
#2889=EDGE_CURVE('',#2295,#2231,#467,.T.);
#2890=EDGE_CURVE('',#2296,#2297,#1226,.T.);
#2891=EDGE_CURVE('',#2296,#2291,#468,.T.);
#2892=EDGE_CURVE('',#2291,#2298,#1944,.T.);
#2893=EDGE_CURVE('',#2298,#2297,#469,.T.);
#2894=EDGE_CURVE('',#2284,#2298,#1945,.T.);
#2895=EDGE_CURVE('',#2299,#2174,#470,.T.);
#2896=EDGE_CURVE('',#2300,#2299,#471,.T.);
#2897=EDGE_CURVE('',#2301,#2300,#472,.T.);
#2898=EDGE_CURVE('',#2302,#2301,#1854,.T.);
#2899=EDGE_CURVE('',#2303,#2302,#473,.T.);
#2900=EDGE_CURVE('',#2304,#2303,#474,.T.);
#2901=EDGE_CURVE('',#2305,#2304,#475,.T.);
#2902=EDGE_CURVE('',#2306,#2305,#1855,.T.);
#2903=EDGE_CURVE('',#2307,#2306,#476,.T.);
#2904=EDGE_CURVE('',#2308,#2307,#477,.T.);
#2905=EDGE_CURVE('',#2289,#2308,#478,.T.);
#2906=EDGE_CURVE('',#2292,#2296,#479,.T.);
#2907=EDGE_CURVE('',#2176,#2263,#1946,.T.);
#2908=EDGE_CURVE('',#2297,#2293,#480,.T.);
#2909=EDGE_CURVE('',#2309,#2283,#481,.T.);
#2910=EDGE_CURVE('',#2309,#2297,#482,.T.);
#2911=EDGE_CURVE('',#2310,#2306,#1856,.T.);
#2912=EDGE_CURVE('',#2311,#2305,#1947,.F.);
#2913=EDGE_CURVE('',#2311,#2310,#1948,.T.);
#2914=EDGE_CURVE('',#2310,#2312,#483,.T.);
#2915=EDGE_CURVE('',#2313,#2312,#1949,.T.);
#2916=EDGE_CURVE('',#2313,#2314,#484,.T.);
#2917=EDGE_CURVE('',#2314,#2315,#1950,.T.);
#2918=EDGE_CURVE('',#2307,#2315,#1227,.T.);
#2919=EDGE_CURVE('',#2302,#2316,#1951,.F.);
#2920=EDGE_CURVE('',#2301,#2317,#1857,.T.);
#2921=EDGE_CURVE('',#2317,#2316,#1952,.T.);
#2922=EDGE_CURVE('',#2300,#2318,#1228,.T.);
#2923=EDGE_CURVE('',#2318,#2319,#1953,.T.);
#2924=EDGE_CURVE('',#2319,#2320,#485,.T.);
#2925=EDGE_CURVE('',#2320,#2321,#1954,.F.);
#2926=EDGE_CURVE('',#2321,#2317,#486,.T.);
#2927=EDGE_CURVE('',#2322,#2311,#487,.T.);
#2928=EDGE_CURVE('',#2304,#2322,#1229,.T.);
#2929=EDGE_CURVE('',#2303,#2323,#1230,.T.);
#2930=EDGE_CURVE('',#2323,#2324,#1858,.T.);
#2931=EDGE_CURVE('',#2324,#2325,#488,.T.);
#2932=EDGE_CURVE('',#2325,#2322,#1859,.T.);
#2933=EDGE_CURVE('',#2316,#2323,#489,.T.);
#2934=EDGE_CURVE('',#2324,#2325,#1955,.T.);
#2935=EDGE_CURVE('',#2326,#2321,#1956,.T.);
#2936=EDGE_CURVE('',#2326,#2173,#490,.T.);
#2937=EDGE_CURVE('',#2252,#2327,#491,.T.);
#2938=EDGE_CURVE('',#2327,#2328,#1957,.T.);
#2939=EDGE_CURVE('',#2328,#2329,#492,.T.);
#2940=EDGE_CURVE('',#2329,#2330,#1958,.T.);
#2941=EDGE_CURVE('',#2330,#2251,#493,.T.);
#2942=EDGE_CURVE('',#2212,#2215,#1959,.T.);
#2943=EDGE_CURVE('',#2210,#2331,#494,.T.);
#2944=EDGE_CURVE('',#2331,#2332,#1960,.T.);
#2945=EDGE_CURVE('',#2332,#2333,#495,.T.);
#2946=EDGE_CURVE('',#2333,#2334,#1961,.T.);
#2947=EDGE_CURVE('',#2334,#2209,#496,.T.);
#2948=EDGE_CURVE('',#2208,#2335,#497,.T.);
#2949=EDGE_CURVE('',#2335,#2336,#1962,.T.);
#2950=EDGE_CURVE('',#2336,#2207,#498,.T.);
#2951=EDGE_CURVE('',#2206,#2337,#499,.T.);
#2952=EDGE_CURVE('',#2337,#2338,#500,.T.);
#2953=EDGE_CURVE('',#2338,#2339,#1963,.T.);
#2954=EDGE_CURVE('',#2339,#2340,#501,.T.);
#2955=EDGE_CURVE('',#2340,#2205,#502,.T.);
#2956=EDGE_CURVE('',#2204,#2341,#503,.T.);
#2957=EDGE_CURVE('',#2341,#2342,#1964,.T.);
#2958=EDGE_CURVE('',#2342,#2343,#504,.T.);
#2959=EDGE_CURVE('',#2343,#2344,#1965,.T.);
#2960=EDGE_CURVE('',#2344,#2203,#505,.T.);
#2961=EDGE_CURVE('',#2277,#2276,#1966,.T.);
#2962=EDGE_CURVE('',#2345,#2275,#1967,.T.);
#2963=EDGE_CURVE('',#2345,#2346,#506,.T.);
#2964=EDGE_CURVE('',#2346,#2347,#1968,.T.);
#2965=EDGE_CURVE('',#2347,#2348,#507,.T.);
#2966=EDGE_CURVE('',#2348,#2349,#1969,.T.);
#2967=EDGE_CURVE('',#2349,#2350,#508,.T.);
#2968=EDGE_CURVE('',#2351,#2350,#1970,.T.);
#2969=EDGE_CURVE('',#2351,#2352,#509,.T.);
#2970=EDGE_CURVE('',#2312,#2352,#1971,.T.);
#2971=EDGE_CURVE('',#2170,#2353,#510,.T.);
#2972=EDGE_CURVE('',#2353,#2354,#1972,.T.);
#2973=EDGE_CURVE('',#2354,#2299,#1231,.T.);
#2974=EDGE_CURVE('',#2354,#2318,#511,.T.);
#2975=EDGE_CURVE('',#2319,#2353,#1973,.T.);
#2976=EDGE_CURVE('',#2355,#2326,#1974,.T.);
#2977=EDGE_CURVE('',#2355,#2356,#512,.T.);
#2978=EDGE_CURVE('',#2356,#2357,#1975,.T.);
#2979=EDGE_CURVE('',#2357,#2358,#513,.T.);
#2980=EDGE_CURVE('',#2320,#2358,#1976,.T.);
#2981=EDGE_CURVE('',#2359,#2360,#514,.T.);
#2982=EDGE_CURVE('',#2360,#2290,#1977,.T.);
#2983=EDGE_CURVE('',#2308,#2361,#1232,.T.);
#2984=EDGE_CURVE('',#2361,#2359,#1978,.T.);
#2985=EDGE_CURVE('',#2315,#2361,#515,.T.);
#2986=EDGE_CURVE('',#2360,#2351,#1979,.T.);
#2987=EDGE_CURVE('',#2350,#2345,#1980,.T.);
#2988=EDGE_CURVE('',#2359,#2314,#1981,.T.);
#2989=EDGE_CURVE('',#2362,#2313,#1982,.T.);
#2990=EDGE_CURVE('',#2362,#2363,#516,.T.);
#2991=EDGE_CURVE('',#2363,#2364,#1983,.T.);
#2992=EDGE_CURVE('',#2364,#2365,#517,.T.);
#2993=EDGE_CURVE('',#2352,#2365,#1984,.T.);
#2994=EDGE_CURVE('',#2366,#2367,#518,.T.);
#2995=EDGE_CURVE('',#2366,#2367,#1985,.T.);
#2996=EDGE_CURVE('',#2368,#2369,#519,.T.);
#2997=EDGE_CURVE('',#2369,#2368,#1986,.T.);
#2998=EDGE_CURVE('',#2370,#2371,#1987,.T.);
#2999=EDGE_CURVE('',#2372,#2370,#520,.T.);
#3000=EDGE_CURVE('',#2373,#2372,#1988,.T.);
#3001=EDGE_CURVE('',#2371,#2373,#521,.T.);
#3002=EDGE_CURVE('',#2374,#2368,#522,.T.);
#3003=EDGE_CURVE('',#2375,#2374,#1989,.T.);
#3004=EDGE_CURVE('',#2369,#2375,#523,.T.);
#3005=EDGE_CURVE('',#2376,#2366,#524,.T.);
#3006=EDGE_CURVE('',#2377,#2376,#1990,.T.);
#3007=EDGE_CURVE('',#2367,#2377,#525,.T.);
#3008=EDGE_CURVE('',#2378,#2379,#526,.T.);
#3009=EDGE_CURVE('',#2379,#2380,#527,.T.);
#3010=EDGE_CURVE('',#2380,#2381,#528,.T.);
#3011=EDGE_CURVE('',#2381,#2378,#529,.T.);
#3012=EDGE_CURVE('',#2382,#2383,#530,.T.);
#3013=EDGE_CURVE('',#2383,#2384,#531,.T.);
#3014=EDGE_CURVE('',#2384,#2385,#532,.T.);
#3015=EDGE_CURVE('',#2385,#2382,#533,.T.);
#3016=EDGE_CURVE('',#2377,#2386,#534,.T.);
#3017=EDGE_CURVE('',#2386,#2387,#535,.T.);
#3018=EDGE_CURVE('',#2387,#2372,#536,.T.);
#3019=EDGE_CURVE('',#2370,#2388,#537,.T.);
#3020=EDGE_CURVE('',#2388,#2389,#538,.T.);
#3021=EDGE_CURVE('',#2389,#2374,#539,.T.);
#3022=EDGE_CURVE('',#2375,#2390,#540,.T.);
#3023=EDGE_CURVE('',#2390,#2391,#541,.T.);
#3024=EDGE_CURVE('',#2391,#2371,#542,.T.);
#3025=EDGE_CURVE('',#2373,#2392,#543,.T.);
#3026=EDGE_CURVE('',#2392,#2393,#544,.T.);
#3027=EDGE_CURVE('',#2393,#2376,#545,.T.);
#3028=EDGE_CURVE('',#2387,#2394,#546,.T.);
#3029=EDGE_CURVE('',#2394,#2395,#547,.T.);
#3030=EDGE_CURVE('',#2392,#2395,#548,.T.);
#3031=EDGE_CURVE('',#2393,#2396,#549,.T.);
#3032=EDGE_CURVE('',#2396,#2397,#550,.T.);
#3033=EDGE_CURVE('',#2386,#2397,#551,.T.);
#3034=EDGE_CURVE('',#2395,#2396,#552,.T.);
#3035=EDGE_CURVE('',#2397,#2394,#553,.T.);
#3036=EDGE_CURVE('',#2390,#2398,#554,.T.);
#3037=EDGE_CURVE('',#2398,#2399,#555,.T.);
#3038=EDGE_CURVE('',#2391,#2399,#556,.T.);
#3039=EDGE_CURVE('',#2389,#2400,#557,.T.);
#3040=EDGE_CURVE('',#2400,#2398,#558,.T.);
#3041=EDGE_CURVE('',#2388,#2401,#559,.T.);
#3042=EDGE_CURVE('',#2401,#2400,#560,.T.);
#3043=EDGE_CURVE('',#2399,#2401,#561,.T.);
#3044=EDGE_CURVE('',#2402,#2403,#562,.T.);
#3045=EDGE_CURVE('',#2402,#2403,#1991,.T.);
#3046=EDGE_CURVE('',#2402,#2404,#1992,.T.);
#3047=EDGE_CURVE('',#2404,#2403,#1993,.T.);
#3048=EDGE_CURVE('',#2404,#2279,#563,.T.);
#3049=EDGE_CURVE('',#2405,#2239,#564,.T.);
#3050=EDGE_CURVE('',#2406,#2405,#565,.T.);
#3051=EDGE_CURVE('',#2406,#2407,#566,.T.);
#3052=EDGE_CURVE('',#2241,#2407,#567,.T.);
#3053=EDGE_CURVE('',#2245,#2281,#568,.T.);
#3054=EDGE_CURVE('',#2280,#2408,#569,.T.);
#3055=EDGE_CURVE('',#2405,#2408,#570,.T.);
#3056=EDGE_CURVE('',#2282,#2244,#571,.T.);
#3057=EDGE_CURVE('',#2248,#2262,#572,.T.);
#3058=EDGE_CURVE('',#2256,#2409,#573,.T.);
#3059=EDGE_CURVE('',#2409,#2410,#574,.T.);
#3060=EDGE_CURVE('',#2410,#2411,#575,.T.);
#3061=EDGE_CURVE('',#2411,#2412,#576,.T.);
#3062=EDGE_CURVE('',#2412,#2413,#577,.T.);
#3063=EDGE_CURVE('',#2413,#2414,#578,.T.);
#3064=EDGE_CURVE('',#2414,#2415,#579,.T.);
#3065=EDGE_CURVE('',#2415,#2309,#580,.T.);
#3066=EDGE_CURVE('',#2416,#2198,#581,.T.);
#3067=EDGE_CURVE('',#2416,#2417,#582,.T.);
#3068=EDGE_CURVE('',#2417,#2199,#583,.T.);
#3069=EDGE_CURVE('',#2408,#2417,#584,.T.);
#3070=EDGE_CURVE('',#2418,#2416,#585,.T.);
#3071=EDGE_CURVE('',#2406,#2418,#586,.T.);
#3072=EDGE_CURVE('',#2197,#2419,#587,.T.);
#3073=EDGE_CURVE('',#2418,#2419,#588,.T.);
#3074=EDGE_CURVE('',#2420,#2414,#589,.T.);
#3075=EDGE_CURVE('',#2421,#2420,#590,.T.);
#3076=EDGE_CURVE('',#2411,#2421,#591,.T.);
#3077=EDGE_CURVE('',#2410,#2295,#592,.T.);
#3078=EDGE_CURVE('',#2415,#2294,#593,.T.);
#3079=EDGE_CURVE('',#2260,#2409,#594,.T.);
#3080=EDGE_CURVE('',#2232,#2259,#595,.T.);
#3081=EDGE_CURVE('',#2422,#2421,#596,.T.);
#3082=EDGE_CURVE('',#2412,#2422,#597,.T.);
#3083=EDGE_CURVE('',#2258,#2423,#598,.T.);
#3084=EDGE_CURVE('',#2423,#2424,#599,.T.);
#3085=EDGE_CURVE('',#2234,#2424,#600,.T.);
#3086=EDGE_CURVE('',#2425,#2420,#601,.T.);
#3087=EDGE_CURVE('',#2422,#2425,#602,.T.);
#3088=EDGE_CURVE('',#2424,#2266,#603,.T.);
#3089=EDGE_CURVE('',#2425,#2413,#604,.T.);
#3090=EDGE_CURVE('',#2254,#2423,#605,.T.);
#3091=EDGE_CURVE('',#2419,#2407,#606,.T.);
#3092=EDGE_CURVE('',#2426,#2426,#1994,.T.);
#3093=EDGE_CURVE('',#2426,#2427,#607,.T.);
#3094=EDGE_CURVE('',#2427,#2427,#1995,.T.);
#3095=EDGE_CURVE('',#2337,#2340,#1996,.T.);
#3096=EDGE_CURVE('',#2337,#2428,#1997,.T.);
#3097=EDGE_CURVE('',#2428,#2429,#608,.T.);
#3098=EDGE_CURVE('',#2338,#2429,#1998,.T.);
#3099=EDGE_CURVE('',#2430,#2340,#1999,.T.);
#3100=EDGE_CURVE('',#2431,#2339,#2000,.T.);
#3101=EDGE_CURVE('',#2431,#2430,#609,.T.);
#3102=EDGE_CURVE('',#2218,#2432,#610,.T.);
#3103=EDGE_CURVE('',#2433,#2432,#611,.T.);
#3104=EDGE_CURVE('',#2433,#2219,#612,.T.);
#3105=EDGE_CURVE('',#2434,#2435,#613,.T.);
#3106=EDGE_CURVE('',#2434,#2333,#614,.T.);
#3107=EDGE_CURVE('',#2332,#2435,#615,.T.);
#3108=EDGE_CURVE('',#2342,#2430,#616,.T.);
#3109=EDGE_CURVE('',#2431,#2343,#617,.T.);
#3110=EDGE_CURVE('',#2436,#2437,#2001,.T.);
#3111=EDGE_CURVE('',#2403,#2436,#618,.T.);
#3112=EDGE_CURVE('',#2438,#2402,#619,.T.);
#3113=EDGE_CURVE('',#2439,#2438,#2002,.T.);
#3114=EDGE_CURVE('',#2437,#2439,#620,.T.);
#3115=EDGE_CURVE('',#2440,#2217,#621,.T.);
#3116=EDGE_CURVE('',#2441,#2440,#2003,.T.);
#3117=EDGE_CURVE('',#2442,#2441,#622,.T.);
#3118=EDGE_CURVE('',#2432,#2442,#2004,.T.);
#3119=EDGE_CURVE('',#2443,#2444,#2005,.T.);
#3120=EDGE_CURVE('',#2428,#2443,#623,.T.);
#3121=EDGE_CURVE('',#2445,#2341,#2006,.T.);
#3122=EDGE_CURVE('',#2446,#2445,#624,.T.);
#3123=EDGE_CURVE('',#2334,#2446,#2007,.T.);
#3124=EDGE_CURVE('',#2444,#2434,#2008,.T.);
#3125=EDGE_CURVE('',#2347,#2365,#625,.T.);
#3126=EDGE_CURVE('',#2364,#2348,#626,.T.);
#3127=EDGE_CURVE('',#2355,#2329,#627,.T.);
#3128=EDGE_CURVE('',#2328,#2356,#628,.T.);
#3129=EDGE_CURVE('',#2357,#2363,#629,.T.);
#3130=EDGE_CURVE('',#2362,#2358,#630,.T.);
#3131=EDGE_CURVE('',#2447,#2327,#2009,.T.);
#3132=EDGE_CURVE('',#2448,#2447,#631,.T.);
#3133=EDGE_CURVE('',#2449,#2448,#632,.T.);
#3134=EDGE_CURVE('',#2450,#2449,#633,.T.);
#3135=EDGE_CURVE('',#2349,#2450,#2010,.T.);
#3136=EDGE_CURVE('',#2216,#2451,#634,.T.);
#3137=EDGE_CURVE('',#2440,#2451,#635,.T.);
#3138=EDGE_CURVE('',#2452,#2443,#636,.T.);
#3139=EDGE_CURVE('',#2452,#2429,#637,.T.);
#3140=EDGE_CURVE('',#2453,#2436,#638,.T.);
#3141=EDGE_CURVE('',#2453,#2454,#639,.T.);
#3142=EDGE_CURVE('',#2438,#2454,#640,.T.);
#3143=EDGE_CURVE('',#2444,#2455,#641,.T.);
#3144=EDGE_CURVE('',#2455,#2455,#2011,.T.);
#3145=EDGE_CURVE('',#2335,#2435,#2012,.T.);
#3146=EDGE_CURVE('',#2452,#2336,#2013,.T.);
#3147=EDGE_CURVE('',#2453,#2344,#2014,.T.);
#3148=EDGE_CURVE('',#2456,#2437,#642,.T.);
#3149=EDGE_CURVE('',#2456,#2457,#2015,.T.);
#3150=EDGE_CURVE('',#2445,#2457,#643,.T.);
#3151=EDGE_CURVE('',#2346,#2454,#2016,.T.);
#3152=EDGE_CURVE('',#2458,#2450,#644,.T.);
#3153=EDGE_CURVE('',#2458,#2459,#2017,.T.);
#3154=EDGE_CURVE('',#2439,#2459,#645,.T.);
#3155=EDGE_CURVE('',#2460,#2461,#646,.T.);
#3156=EDGE_CURVE('',#2461,#2462,#647,.T.);
#3157=EDGE_CURVE('',#2462,#2463,#648,.T.);
#3158=EDGE_CURVE('',#2460,#2463,#649,.T.);
#3159=EDGE_CURVE('',#2433,#2330,#2018,.T.);
#3160=EDGE_CURVE('',#2464,#2442,#650,.T.);
#3161=EDGE_CURVE('',#2464,#2465,#2019,.T.);
#3162=EDGE_CURVE('',#2447,#2465,#651,.T.);
#3163=EDGE_CURVE('',#2466,#2460,#652,.T.);
#3164=EDGE_CURVE('',#2463,#2467,#653,.T.);
#3165=EDGE_CURVE('',#2466,#2467,#654,.T.);
#3166=EDGE_CURVE('',#2459,#2458,#655,.T.);
#3167=EDGE_CURVE('',#2385,#2449,#656,.T.);
#3168=EDGE_CURVE('',#2384,#2468,#657,.T.);
#3169=EDGE_CURVE('',#2468,#2456,#658,.T.);
#3170=EDGE_CURVE('',#2469,#2466,#659,.T.);
#3171=EDGE_CURVE('',#2467,#2470,#660,.T.);
#3172=EDGE_CURVE('',#2469,#2470,#661,.T.);
#3173=EDGE_CURVE('',#2382,#2448,#662,.T.);
#3174=EDGE_CURVE('',#2461,#2469,#663,.T.);
#3175=EDGE_CURVE('',#2470,#2462,#664,.T.);
#3176=EDGE_CURVE('',#2465,#2464,#665,.T.);
#3177=EDGE_CURVE('',#2441,#2471,#666,.T.);
#3178=EDGE_CURVE('',#2471,#2472,#667,.T.);
#3179=EDGE_CURVE('',#2383,#2472,#668,.T.);
#3180=EDGE_CURVE('',#2473,#2471,#2020,.T.);
#3181=EDGE_CURVE('',#2472,#2473,#669,.T.);
#3182=EDGE_CURVE('',#2473,#2446,#670,.T.);
#3183=EDGE_CURVE('',#2331,#2451,#2021,.T.);
#3184=EDGE_CURVE('',#2457,#2468,#671,.T.);
#3185=EDGE_CURVE('',#2188,#2378,#672,.T.);
#3186=EDGE_CURVE('',#2189,#2381,#673,.T.);
#3187=EDGE_CURVE('',#2190,#2380,#674,.T.);
#3188=EDGE_CURVE('',#2191,#2379,#675,.T.);
#3189=EDGE_CURVE('',#2474,#2474,#2022,.T.);
#3190=EDGE_CURVE('',#2474,#2475,#676,.T.);
#3191=EDGE_CURVE('',#2476,#2475,#2023,.T.);
#3192=EDGE_CURVE('',#2477,#2476,#677,.T.);
#3193=EDGE_CURVE('',#2478,#2477,#2024,.T.);
#3194=EDGE_CURVE('',#2479,#2478,#678,.T.);
#3195=EDGE_CURVE('',#2480,#2479,#2025,.T.);
#3196=EDGE_CURVE('',#2481,#2480,#679,.T.);
#3197=EDGE_CURVE('',#2482,#2481,#2026,.T.);
#3198=EDGE_CURVE('',#2483,#2482,#680,.T.);
#3199=EDGE_CURVE('',#2475,#2483,#2027,.T.);
#3200=EDGE_CURVE('',#2484,#2477,#681,.T.);
#3201=EDGE_CURVE('',#2484,#2485,#682,.T.);
#3202=EDGE_CURVE('',#2478,#2485,#683,.T.);
#3203=EDGE_CURVE('',#2486,#2481,#684,.T.);
#3204=EDGE_CURVE('',#2482,#2486,#685,.T.);
#3205=EDGE_CURVE('',#2476,#2487,#686,.T.);
#3206=EDGE_CURVE('',#2487,#2484,#687,.T.);
#3207=EDGE_CURVE('',#2485,#2488,#688,.T.);
#3208=EDGE_CURVE('',#2488,#2479,#689,.T.);
#3209=EDGE_CURVE('',#2480,#2489,#690,.T.);
#3210=EDGE_CURVE('',#2489,#2486,#691,.T.);
#3211=EDGE_CURVE('',#2487,#2488,#692,.T.);
#3212=EDGE_CURVE('',#2483,#2489,#693,.T.);
#3213=EDGE_CURVE('',#2490,#2490,#2028,.T.);
#3214=EDGE_CURVE('',#2490,#2491,#694,.T.);
#3215=EDGE_CURVE('',#2492,#2491,#2029,.T.);
#3216=EDGE_CURVE('',#2493,#2492,#695,.T.);
#3217=EDGE_CURVE('',#2494,#2493,#2030,.T.);
#3218=EDGE_CURVE('',#2495,#2494,#696,.T.);
#3219=EDGE_CURVE('',#2496,#2495,#2031,.T.);
#3220=EDGE_CURVE('',#2497,#2496,#697,.T.);
#3221=EDGE_CURVE('',#2498,#2497,#2032,.T.);
#3222=EDGE_CURVE('',#2499,#2498,#698,.T.);
#3223=EDGE_CURVE('',#2491,#2499,#2033,.T.);
#3224=EDGE_CURVE('',#2500,#2493,#699,.T.);
#3225=EDGE_CURVE('',#2500,#2501,#700,.T.);
#3226=EDGE_CURVE('',#2494,#2501,#701,.T.);
#3227=EDGE_CURVE('',#2502,#2497,#702,.T.);
#3228=EDGE_CURVE('',#2498,#2502,#703,.T.);
#3229=EDGE_CURVE('',#2492,#2503,#704,.T.);
#3230=EDGE_CURVE('',#2503,#2500,#705,.T.);
#3231=EDGE_CURVE('',#2501,#2504,#706,.T.);
#3232=EDGE_CURVE('',#2504,#2495,#707,.T.);
#3233=EDGE_CURVE('',#2496,#2505,#708,.T.);
#3234=EDGE_CURVE('',#2505,#2502,#709,.T.);
#3235=EDGE_CURVE('',#2503,#2504,#710,.T.);
#3236=EDGE_CURVE('',#2499,#2505,#711,.T.);
#3237=ORIENTED_EDGE('',*,*,#2506,.T.);
#3238=ORIENTED_EDGE('',*,*,#2507,.T.);
#3239=ORIENTED_EDGE('',*,*,#2508,.T.);
#3240=ORIENTED_EDGE('',*,*,#2509,.T.);
#3241=ORIENTED_EDGE('',*,*,#2510,.T.);
#3242=ORIENTED_EDGE('',*,*,#2511,.T.);
#3243=ORIENTED_EDGE('',*,*,#2512,.T.);
#3244=ORIENTED_EDGE('',*,*,#2506,.F.);
#3245=ORIENTED_EDGE('',*,*,#2513,.T.);
#3246=ORIENTED_EDGE('',*,*,#2507,.F.);
#3247=ORIENTED_EDGE('',*,*,#2514,.T.);
#3248=ORIENTED_EDGE('',*,*,#2515,.F.);
#3249=ORIENTED_EDGE('',*,*,#2516,.T.);
#3250=ORIENTED_EDGE('',*,*,#2512,.F.);
#3251=ORIENTED_EDGE('',*,*,#2517,.F.);
#3252=ORIENTED_EDGE('',*,*,#2518,.F.);
#3253=ORIENTED_EDGE('',*,*,#2519,.F.);
#3254=ORIENTED_EDGE('',*,*,#2520,.F.);
#3255=ORIENTED_EDGE('',*,*,#2514,.F.);
#3256=ORIENTED_EDGE('',*,*,#2511,.F.);
#3257=ORIENTED_EDGE('',*,*,#2521,.T.);
#3258=ORIENTED_EDGE('',*,*,#2522,.F.);
#3259=ORIENTED_EDGE('',*,*,#2517,.T.);
#3260=ORIENTED_EDGE('',*,*,#2523,.T.);
#3261=ORIENTED_EDGE('',*,*,#2524,.T.);
#3262=ORIENTED_EDGE('',*,*,#2518,.T.);
#3263=ORIENTED_EDGE('',*,*,#2522,.T.);
#3264=ORIENTED_EDGE('',*,*,#2525,.T.);
#3265=ORIENTED_EDGE('',*,*,#2526,.T.);
#3266=ORIENTED_EDGE('',*,*,#2524,.F.);
#3267=ORIENTED_EDGE('',*,*,#2527,.T.);
#3268=ORIENTED_EDGE('',*,*,#2527,.F.);
#3269=ORIENTED_EDGE('',*,*,#2523,.F.);
#3270=ORIENTED_EDGE('',*,*,#2528,.F.);
#3271=ORIENTED_EDGE('',*,*,#2529,.F.);
#3272=ORIENTED_EDGE('',*,*,#2530,.F.);
#3273=ORIENTED_EDGE('',*,*,#2521,.F.);
#3274=ORIENTED_EDGE('',*,*,#2531,.T.);
#3275=ORIENTED_EDGE('',*,*,#2532,.T.);
#3276=ORIENTED_EDGE('',*,*,#2528,.T.);
#3277=ORIENTED_EDGE('',*,*,#2510,.F.);
#3278=ORIENTED_EDGE('',*,*,#2533,.T.);
#3279=ORIENTED_EDGE('',*,*,#2534,.T.);
#3280=ORIENTED_EDGE('',*,*,#2531,.F.);
#3281=ORIENTED_EDGE('',*,*,#2513,.F.);
#3282=ORIENTED_EDGE('',*,*,#2526,.F.);
#3283=ORIENTED_EDGE('',*,*,#2535,.F.);
#3284=ORIENTED_EDGE('',*,*,#2536,.T.);
#3285=ORIENTED_EDGE('',*,*,#2537,.T.);
#3286=ORIENTED_EDGE('',*,*,#2519,.T.);
#3287=ORIENTED_EDGE('',*,*,#2515,.T.);
#3288=ORIENTED_EDGE('',*,*,#2520,.T.);
#3289=ORIENTED_EDGE('',*,*,#2537,.F.);
#3290=ORIENTED_EDGE('',*,*,#2538,.T.);
#3291=ORIENTED_EDGE('',*,*,#2516,.F.);
#3292=ORIENTED_EDGE('',*,*,#2539,.T.);
#3293=ORIENTED_EDGE('',*,*,#2540,.F.);
#3294=ORIENTED_EDGE('',*,*,#2541,.T.);
#3295=ORIENTED_EDGE('',*,*,#2542,.T.);
#3296=ORIENTED_EDGE('',*,*,#2533,.F.);
#3297=ORIENTED_EDGE('',*,*,#2509,.F.);
#3298=ORIENTED_EDGE('',*,*,#2508,.F.);
#3299=ORIENTED_EDGE('',*,*,#2538,.F.);
#3300=ORIENTED_EDGE('',*,*,#2543,.F.);
#3301=ORIENTED_EDGE('',*,*,#2544,.F.);
#3302=ORIENTED_EDGE('',*,*,#2539,.F.);
#3303=ORIENTED_EDGE('',*,*,#2536,.F.);
#3304=ORIENTED_EDGE('',*,*,#2545,.T.);
#3305=ORIENTED_EDGE('',*,*,#2546,.T.);
#3306=ORIENTED_EDGE('',*,*,#2547,.T.);
#3307=ORIENTED_EDGE('',*,*,#2548,.F.);
#3308=ORIENTED_EDGE('',*,*,#2543,.T.);
#3309=ORIENTED_EDGE('',*,*,#2549,.T.);
#3310=ORIENTED_EDGE('',*,*,#2550,.T.);
#3311=ORIENTED_EDGE('',*,*,#2540,.T.);
#3312=ORIENTED_EDGE('',*,*,#2549,.F.);
#3313=ORIENTED_EDGE('',*,*,#2544,.T.);
#3314=ORIENTED_EDGE('',*,*,#2551,.T.);
#3315=ORIENTED_EDGE('',*,*,#2552,.T.);
#3316=ORIENTED_EDGE('',*,*,#2551,.F.);
#3317=ORIENTED_EDGE('',*,*,#2548,.T.);
#3318=ORIENTED_EDGE('',*,*,#2553,.T.);
#3319=ORIENTED_EDGE('',*,*,#2550,.F.);
#3320=ORIENTED_EDGE('',*,*,#2554,.T.);
#3321=ORIENTED_EDGE('',*,*,#2555,.T.);
#3322=ORIENTED_EDGE('',*,*,#2556,.T.);
#3323=ORIENTED_EDGE('',*,*,#2557,.T.);
#3324=ORIENTED_EDGE('',*,*,#2558,.T.);
#3325=ORIENTED_EDGE('',*,*,#2559,.T.);
#3326=ORIENTED_EDGE('',*,*,#2555,.F.);
#3327=ORIENTED_EDGE('',*,*,#2553,.F.);
#3328=ORIENTED_EDGE('',*,*,#2560,.T.);
#3329=ORIENTED_EDGE('',*,*,#2558,.F.);
#3330=ORIENTED_EDGE('',*,*,#2561,.T.);
#3331=ORIENTED_EDGE('',*,*,#2541,.F.);
#3332=ORIENTED_EDGE('',*,*,#2556,.F.);
#3333=ORIENTED_EDGE('',*,*,#2562,.F.);
#3334=ORIENTED_EDGE('',*,*,#2563,.F.);
#3335=ORIENTED_EDGE('',*,*,#2564,.F.);
#3336=ORIENTED_EDGE('',*,*,#2565,.T.);
#3337=ORIENTED_EDGE('',*,*,#2559,.F.);
#3338=ORIENTED_EDGE('',*,*,#2566,.T.);
#3339=ORIENTED_EDGE('',*,*,#2567,.T.);
#3340=ORIENTED_EDGE('',*,*,#2562,.T.);
#3341=ORIENTED_EDGE('',*,*,#2560,.F.);
#3342=ORIENTED_EDGE('',*,*,#2547,.F.);
#3343=ORIENTED_EDGE('',*,*,#2568,.F.);
#3344=ORIENTED_EDGE('',*,*,#2569,.F.);
#3345=ORIENTED_EDGE('',*,*,#2570,.T.);
#3346=ORIENTED_EDGE('',*,*,#2566,.F.);
#3347=ORIENTED_EDGE('',*,*,#2534,.F.);
#3348=ORIENTED_EDGE('',*,*,#2542,.F.);
#3349=ORIENTED_EDGE('',*,*,#2565,.F.);
#3350=ORIENTED_EDGE('',*,*,#2571,.F.);
#3351=ORIENTED_EDGE('',*,*,#2568,.T.);
#3352=ORIENTED_EDGE('',*,*,#2546,.F.);
#3353=ORIENTED_EDGE('',*,*,#2572,.F.);
#3354=ORIENTED_EDGE('',*,*,#2529,.T.);
#3355=ORIENTED_EDGE('',*,*,#2532,.F.);
#3356=ORIENTED_EDGE('',*,*,#2569,.T.);
#3357=ORIENTED_EDGE('',*,*,#2571,.T.);
#3358=ORIENTED_EDGE('',*,*,#2564,.T.);
#3359=ORIENTED_EDGE('',*,*,#2573,.T.);
#3360=ORIENTED_EDGE('',*,*,#2563,.T.);
#3361=ORIENTED_EDGE('',*,*,#2567,.F.);
#3362=ORIENTED_EDGE('',*,*,#2570,.F.);
#3363=ORIENTED_EDGE('',*,*,#2573,.F.);
#3364=ORIENTED_EDGE('',*,*,#2552,.F.);
#3365=ORIENTED_EDGE('',*,*,#2561,.F.);
#3366=ORIENTED_EDGE('',*,*,#2557,.F.);
#3367=ORIENTED_EDGE('',*,*,#2554,.F.);
#3368=ORIENTED_EDGE('',*,*,#2525,.F.);
#3369=ORIENTED_EDGE('',*,*,#2530,.T.);
#3370=ORIENTED_EDGE('',*,*,#2572,.T.);
#3371=ORIENTED_EDGE('',*,*,#2545,.F.);
#3372=ORIENTED_EDGE('',*,*,#2535,.T.);
#3373=ORIENTED_EDGE('',*,*,#2574,.T.);
#3374=ORIENTED_EDGE('',*,*,#2575,.T.);
#3375=ORIENTED_EDGE('',*,*,#2576,.T.);
#3376=ORIENTED_EDGE('',*,*,#2577,.T.);
#3377=ORIENTED_EDGE('',*,*,#2578,.T.);
#3378=ORIENTED_EDGE('',*,*,#2579,.T.);
#3379=ORIENTED_EDGE('',*,*,#2580,.T.);
#3380=ORIENTED_EDGE('',*,*,#2574,.F.);
#3381=ORIENTED_EDGE('',*,*,#2581,.T.);
#3382=ORIENTED_EDGE('',*,*,#2575,.F.);
#3383=ORIENTED_EDGE('',*,*,#2582,.T.);
#3384=ORIENTED_EDGE('',*,*,#2583,.F.);
#3385=ORIENTED_EDGE('',*,*,#2584,.T.);
#3386=ORIENTED_EDGE('',*,*,#2580,.F.);
#3387=ORIENTED_EDGE('',*,*,#2585,.F.);
#3388=ORIENTED_EDGE('',*,*,#2586,.F.);
#3389=ORIENTED_EDGE('',*,*,#2587,.F.);
#3390=ORIENTED_EDGE('',*,*,#2588,.F.);
#3391=ORIENTED_EDGE('',*,*,#2582,.F.);
#3392=ORIENTED_EDGE('',*,*,#2579,.F.);
#3393=ORIENTED_EDGE('',*,*,#2589,.T.);
#3394=ORIENTED_EDGE('',*,*,#2590,.F.);
#3395=ORIENTED_EDGE('',*,*,#2585,.T.);
#3396=ORIENTED_EDGE('',*,*,#2591,.T.);
#3397=ORIENTED_EDGE('',*,*,#2592,.T.);
#3398=ORIENTED_EDGE('',*,*,#2586,.T.);
#3399=ORIENTED_EDGE('',*,*,#2590,.T.);
#3400=ORIENTED_EDGE('',*,*,#2593,.T.);
#3401=ORIENTED_EDGE('',*,*,#2594,.T.);
#3402=ORIENTED_EDGE('',*,*,#2592,.F.);
#3403=ORIENTED_EDGE('',*,*,#2595,.T.);
#3404=ORIENTED_EDGE('',*,*,#2595,.F.);
#3405=ORIENTED_EDGE('',*,*,#2591,.F.);
#3406=ORIENTED_EDGE('',*,*,#2596,.F.);
#3407=ORIENTED_EDGE('',*,*,#2597,.F.);
#3408=ORIENTED_EDGE('',*,*,#2598,.F.);
#3409=ORIENTED_EDGE('',*,*,#2589,.F.);
#3410=ORIENTED_EDGE('',*,*,#2599,.T.);
#3411=ORIENTED_EDGE('',*,*,#2600,.T.);
#3412=ORIENTED_EDGE('',*,*,#2596,.T.);
#3413=ORIENTED_EDGE('',*,*,#2578,.F.);
#3414=ORIENTED_EDGE('',*,*,#2601,.T.);
#3415=ORIENTED_EDGE('',*,*,#2602,.T.);
#3416=ORIENTED_EDGE('',*,*,#2599,.F.);
#3417=ORIENTED_EDGE('',*,*,#2581,.F.);
#3418=ORIENTED_EDGE('',*,*,#2594,.F.);
#3419=ORIENTED_EDGE('',*,*,#2603,.F.);
#3420=ORIENTED_EDGE('',*,*,#2604,.T.);
#3421=ORIENTED_EDGE('',*,*,#2605,.T.);
#3422=ORIENTED_EDGE('',*,*,#2587,.T.);
#3423=ORIENTED_EDGE('',*,*,#2583,.T.);
#3424=ORIENTED_EDGE('',*,*,#2588,.T.);
#3425=ORIENTED_EDGE('',*,*,#2605,.F.);
#3426=ORIENTED_EDGE('',*,*,#2606,.T.);
#3427=ORIENTED_EDGE('',*,*,#2584,.F.);
#3428=ORIENTED_EDGE('',*,*,#2607,.T.);
#3429=ORIENTED_EDGE('',*,*,#2608,.F.);
#3430=ORIENTED_EDGE('',*,*,#2609,.T.);
#3431=ORIENTED_EDGE('',*,*,#2610,.T.);
#3432=ORIENTED_EDGE('',*,*,#2601,.F.);
#3433=ORIENTED_EDGE('',*,*,#2577,.F.);
#3434=ORIENTED_EDGE('',*,*,#2576,.F.);
#3435=ORIENTED_EDGE('',*,*,#2606,.F.);
#3436=ORIENTED_EDGE('',*,*,#2611,.F.);
#3437=ORIENTED_EDGE('',*,*,#2612,.F.);
#3438=ORIENTED_EDGE('',*,*,#2607,.F.);
#3439=ORIENTED_EDGE('',*,*,#2604,.F.);
#3440=ORIENTED_EDGE('',*,*,#2613,.T.);
#3441=ORIENTED_EDGE('',*,*,#2614,.T.);
#3442=ORIENTED_EDGE('',*,*,#2615,.T.);
#3443=ORIENTED_EDGE('',*,*,#2616,.F.);
#3444=ORIENTED_EDGE('',*,*,#2611,.T.);
#3445=ORIENTED_EDGE('',*,*,#2617,.T.);
#3446=ORIENTED_EDGE('',*,*,#2618,.T.);
#3447=ORIENTED_EDGE('',*,*,#2608,.T.);
#3448=ORIENTED_EDGE('',*,*,#2617,.F.);
#3449=ORIENTED_EDGE('',*,*,#2612,.T.);
#3450=ORIENTED_EDGE('',*,*,#2619,.T.);
#3451=ORIENTED_EDGE('',*,*,#2620,.T.);
#3452=ORIENTED_EDGE('',*,*,#2619,.F.);
#3453=ORIENTED_EDGE('',*,*,#2616,.T.);
#3454=ORIENTED_EDGE('',*,*,#2621,.T.);
#3455=ORIENTED_EDGE('',*,*,#2618,.F.);
#3456=ORIENTED_EDGE('',*,*,#2622,.T.);
#3457=ORIENTED_EDGE('',*,*,#2623,.T.);
#3458=ORIENTED_EDGE('',*,*,#2624,.T.);
#3459=ORIENTED_EDGE('',*,*,#2625,.T.);
#3460=ORIENTED_EDGE('',*,*,#2626,.T.);
#3461=ORIENTED_EDGE('',*,*,#2627,.T.);
#3462=ORIENTED_EDGE('',*,*,#2623,.F.);
#3463=ORIENTED_EDGE('',*,*,#2621,.F.);
#3464=ORIENTED_EDGE('',*,*,#2628,.T.);
#3465=ORIENTED_EDGE('',*,*,#2626,.F.);
#3466=ORIENTED_EDGE('',*,*,#2629,.T.);
#3467=ORIENTED_EDGE('',*,*,#2609,.F.);
#3468=ORIENTED_EDGE('',*,*,#2624,.F.);
#3469=ORIENTED_EDGE('',*,*,#2630,.F.);
#3470=ORIENTED_EDGE('',*,*,#2631,.F.);
#3471=ORIENTED_EDGE('',*,*,#2632,.F.);
#3472=ORIENTED_EDGE('',*,*,#2633,.T.);
#3473=ORIENTED_EDGE('',*,*,#2627,.F.);
#3474=ORIENTED_EDGE('',*,*,#2634,.T.);
#3475=ORIENTED_EDGE('',*,*,#2635,.T.);
#3476=ORIENTED_EDGE('',*,*,#2630,.T.);
#3477=ORIENTED_EDGE('',*,*,#2628,.F.);
#3478=ORIENTED_EDGE('',*,*,#2615,.F.);
#3479=ORIENTED_EDGE('',*,*,#2636,.F.);
#3480=ORIENTED_EDGE('',*,*,#2637,.F.);
#3481=ORIENTED_EDGE('',*,*,#2638,.T.);
#3482=ORIENTED_EDGE('',*,*,#2634,.F.);
#3483=ORIENTED_EDGE('',*,*,#2602,.F.);
#3484=ORIENTED_EDGE('',*,*,#2610,.F.);
#3485=ORIENTED_EDGE('',*,*,#2633,.F.);
#3486=ORIENTED_EDGE('',*,*,#2639,.F.);
#3487=ORIENTED_EDGE('',*,*,#2636,.T.);
#3488=ORIENTED_EDGE('',*,*,#2614,.F.);
#3489=ORIENTED_EDGE('',*,*,#2640,.F.);
#3490=ORIENTED_EDGE('',*,*,#2597,.T.);
#3491=ORIENTED_EDGE('',*,*,#2600,.F.);
#3492=ORIENTED_EDGE('',*,*,#2637,.T.);
#3493=ORIENTED_EDGE('',*,*,#2639,.T.);
#3494=ORIENTED_EDGE('',*,*,#2632,.T.);
#3495=ORIENTED_EDGE('',*,*,#2641,.T.);
#3496=ORIENTED_EDGE('',*,*,#2631,.T.);
#3497=ORIENTED_EDGE('',*,*,#2635,.F.);
#3498=ORIENTED_EDGE('',*,*,#2638,.F.);
#3499=ORIENTED_EDGE('',*,*,#2641,.F.);
#3500=ORIENTED_EDGE('',*,*,#2620,.F.);
#3501=ORIENTED_EDGE('',*,*,#2629,.F.);
#3502=ORIENTED_EDGE('',*,*,#2625,.F.);
#3503=ORIENTED_EDGE('',*,*,#2622,.F.);
#3504=ORIENTED_EDGE('',*,*,#2593,.F.);
#3505=ORIENTED_EDGE('',*,*,#2598,.T.);
#3506=ORIENTED_EDGE('',*,*,#2640,.T.);
#3507=ORIENTED_EDGE('',*,*,#2613,.F.);
#3508=ORIENTED_EDGE('',*,*,#2603,.T.);
#3509=ORIENTED_EDGE('',*,*,#2642,.F.);
#3510=ORIENTED_EDGE('',*,*,#2643,.T.);
#3511=ORIENTED_EDGE('',*,*,#2644,.F.);
#3512=ORIENTED_EDGE('',*,*,#2643,.F.);
#3513=ORIENTED_EDGE('',*,*,#2642,.T.);
#3514=ORIENTED_EDGE('',*,*,#2645,.F.);
#3515=ORIENTED_EDGE('',*,*,#2646,.F.);
#3516=ORIENTED_EDGE('',*,*,#2647,.F.);
#3517=ORIENTED_EDGE('',*,*,#2648,.F.);
#3518=ORIENTED_EDGE('',*,*,#2647,.T.);
#3519=ORIENTED_EDGE('',*,*,#2649,.F.);
#3520=ORIENTED_EDGE('',*,*,#2650,.F.);
#3521=ORIENTED_EDGE('',*,*,#2651,.F.);
#3522=ORIENTED_EDGE('',*,*,#2646,.T.);
#3523=ORIENTED_EDGE('',*,*,#2652,.T.);
#3524=ORIENTED_EDGE('',*,*,#2653,.F.);
#3525=ORIENTED_EDGE('',*,*,#2649,.T.);
#3526=ORIENTED_EDGE('',*,*,#2654,.F.);
#3527=ORIENTED_EDGE('',*,*,#2655,.F.);
#3528=ORIENTED_EDGE('',*,*,#2656,.F.);
#3529=ORIENTED_EDGE('',*,*,#2657,.F.);
#3530=ORIENTED_EDGE('',*,*,#2658,.F.);
#3531=ORIENTED_EDGE('',*,*,#2659,.F.);
#3532=ORIENTED_EDGE('',*,*,#2660,.F.);
#3533=ORIENTED_EDGE('',*,*,#2658,.T.);
#3534=ORIENTED_EDGE('',*,*,#2661,.F.);
#3535=ORIENTED_EDGE('',*,*,#2662,.T.);
#3536=ORIENTED_EDGE('',*,*,#2663,.F.);
#3537=ORIENTED_EDGE('',*,*,#2656,.T.);
#3538=ORIENTED_EDGE('',*,*,#2664,.T.);
#3539=ORIENTED_EDGE('',*,*,#2665,.T.);
#3540=ORIENTED_EDGE('',*,*,#2666,.F.);
#3541=ORIENTED_EDGE('',*,*,#2667,.F.);
#3542=ORIENTED_EDGE('',*,*,#2668,.F.);
#3543=ORIENTED_EDGE('',*,*,#2669,.F.);
#3544=ORIENTED_EDGE('',*,*,#2662,.F.);
#3545=ORIENTED_EDGE('',*,*,#2670,.F.);
#3546=ORIENTED_EDGE('',*,*,#2665,.F.);
#3547=ORIENTED_EDGE('',*,*,#2671,.F.);
#3548=ORIENTED_EDGE('',*,*,#2672,.F.);
#3549=ORIENTED_EDGE('',*,*,#2671,.T.);
#3550=ORIENTED_EDGE('',*,*,#2664,.F.);
#3551=ORIENTED_EDGE('',*,*,#2655,.T.);
#3552=ORIENTED_EDGE('',*,*,#2667,.T.);
#3553=ORIENTED_EDGE('',*,*,#2673,.F.);
#3554=ORIENTED_EDGE('',*,*,#2674,.T.);
#3555=ORIENTED_EDGE('',*,*,#2675,.T.);
#3556=ORIENTED_EDGE('',*,*,#2659,.T.);
#3557=ORIENTED_EDGE('',*,*,#2660,.T.);
#3558=ORIENTED_EDGE('',*,*,#2669,.T.);
#3559=ORIENTED_EDGE('',*,*,#2676,.T.);
#3560=ORIENTED_EDGE('',*,*,#2677,.T.);
#3561=ORIENTED_EDGE('',*,*,#2678,.T.);
#3562=ORIENTED_EDGE('',*,*,#2679,.T.);
#3563=ORIENTED_EDGE('',*,*,#2680,.F.);
#3564=ORIENTED_EDGE('',*,*,#2645,.T.);
#3565=ORIENTED_EDGE('',*,*,#2681,.F.);
#3566=ORIENTED_EDGE('',*,*,#2682,.F.);
#3567=ORIENTED_EDGE('',*,*,#2652,.F.);
#3568=ORIENTED_EDGE('',*,*,#2648,.T.);
#3569=ORIENTED_EDGE('',*,*,#2651,.T.);
#3570=ORIENTED_EDGE('',*,*,#2683,.F.);
#3571=ORIENTED_EDGE('',*,*,#2681,.T.);
#3572=ORIENTED_EDGE('',*,*,#2668,.T.);
#3573=ORIENTED_EDGE('',*,*,#2675,.F.);
#3574=ORIENTED_EDGE('',*,*,#2684,.F.);
#3575=ORIENTED_EDGE('',*,*,#2685,.F.);
#3576=ORIENTED_EDGE('',*,*,#2686,.F.);
#3577=ORIENTED_EDGE('',*,*,#2687,.F.);
#3578=ORIENTED_EDGE('',*,*,#2688,.F.);
#3579=ORIENTED_EDGE('',*,*,#2676,.F.);
#3580=ORIENTED_EDGE('',*,*,#2688,.T.);
#3581=ORIENTED_EDGE('',*,*,#2689,.F.);
#3582=ORIENTED_EDGE('',*,*,#2690,.F.);
#3583=ORIENTED_EDGE('',*,*,#2677,.F.);
#3584=ORIENTED_EDGE('',*,*,#2684,.T.);
#3585=ORIENTED_EDGE('',*,*,#2674,.F.);
#3586=ORIENTED_EDGE('',*,*,#2691,.F.);
#3587=ORIENTED_EDGE('',*,*,#2692,.F.);
#3588=ORIENTED_EDGE('',*,*,#2654,.T.);
#3589=ORIENTED_EDGE('',*,*,#2680,.T.);
#3590=ORIENTED_EDGE('',*,*,#2693,.T.);
#3591=ORIENTED_EDGE('',*,*,#2694,.F.);
#3592=ORIENTED_EDGE('',*,*,#2691,.T.);
#3593=ORIENTED_EDGE('',*,*,#2673,.T.);
#3594=ORIENTED_EDGE('',*,*,#2666,.T.);
#3595=ORIENTED_EDGE('',*,*,#2672,.T.);
#3596=ORIENTED_EDGE('',*,*,#2695,.F.);
#3597=ORIENTED_EDGE('',*,*,#2693,.F.);
#3598=ORIENTED_EDGE('',*,*,#2679,.F.);
#3599=ORIENTED_EDGE('',*,*,#2696,.F.);
#3600=ORIENTED_EDGE('',*,*,#2697,.F.);
#3601=ORIENTED_EDGE('',*,*,#2696,.T.);
#3602=ORIENTED_EDGE('',*,*,#2678,.F.);
#3603=ORIENTED_EDGE('',*,*,#2690,.T.);
#3604=ORIENTED_EDGE('',*,*,#2698,.F.);
#3605=ORIENTED_EDGE('',*,*,#2699,.F.);
#3606=ORIENTED_EDGE('',*,*,#2700,.F.);
#3607=ORIENTED_EDGE('',*,*,#2701,.F.);
#3608=ORIENTED_EDGE('',*,*,#2702,.F.);
#3609=ORIENTED_EDGE('',*,*,#2701,.T.);
#3610=ORIENTED_EDGE('',*,*,#2703,.F.);
#3611=ORIENTED_EDGE('',*,*,#2704,.T.);
#3612=ORIENTED_EDGE('',*,*,#2705,.F.);
#3613=ORIENTED_EDGE('',*,*,#2704,.F.);
#3614=ORIENTED_EDGE('',*,*,#2706,.F.);
#3615=ORIENTED_EDGE('',*,*,#2707,.F.);
#3616=ORIENTED_EDGE('',*,*,#2708,.F.);
#3617=ORIENTED_EDGE('',*,*,#2707,.T.);
#3618=ORIENTED_EDGE('',*,*,#2709,.F.);
#3619=ORIENTED_EDGE('',*,*,#2699,.T.);
#3620=ORIENTED_EDGE('',*,*,#2686,.T.);
#3621=ORIENTED_EDGE('',*,*,#2710,.T.);
#3622=ORIENTED_EDGE('',*,*,#2711,.T.);
#3623=ORIENTED_EDGE('',*,*,#2712,.T.);
#3624=ORIENTED_EDGE('',*,*,#2713,.T.);
#3625=ORIENTED_EDGE('',*,*,#2714,.T.);
#3626=ORIENTED_EDGE('',*,*,#2715,.T.);
#3627=ORIENTED_EDGE('',*,*,#2716,.T.);
#3628=ORIENTED_EDGE('',*,*,#2717,.T.);
#3629=ORIENTED_EDGE('',*,*,#2718,.T.);
#3630=ORIENTED_EDGE('',*,*,#2719,.T.);
#3631=ORIENTED_EDGE('',*,*,#2716,.F.);
#3632=ORIENTED_EDGE('',*,*,#2720,.F.);
#3633=ORIENTED_EDGE('',*,*,#2712,.F.);
#3634=ORIENTED_EDGE('',*,*,#2670,.T.);
#3635=ORIENTED_EDGE('',*,*,#2661,.T.);
#3636=ORIENTED_EDGE('',*,*,#2657,.T.);
#3637=ORIENTED_EDGE('',*,*,#2663,.T.);
#3638=ORIENTED_EDGE('',*,*,#2650,.T.);
#3639=ORIENTED_EDGE('',*,*,#2653,.T.);
#3640=ORIENTED_EDGE('',*,*,#2682,.T.);
#3641=ORIENTED_EDGE('',*,*,#2683,.T.);
#3642=ORIENTED_EDGE('',*,*,#2705,.T.);
#3643=ORIENTED_EDGE('',*,*,#2708,.T.);
#3644=ORIENTED_EDGE('',*,*,#2698,.T.);
#3645=ORIENTED_EDGE('',*,*,#2702,.T.);
#3646=ORIENTED_EDGE('',*,*,#2721,.T.);
#3647=ORIENTED_EDGE('',*,*,#2717,.F.);
#3648=ORIENTED_EDGE('',*,*,#2719,.F.);
#3649=ORIENTED_EDGE('',*,*,#2711,.F.);
#3650=ORIENTED_EDGE('',*,*,#2685,.T.);
#3651=ORIENTED_EDGE('',*,*,#2692,.T.);
#3652=ORIENTED_EDGE('',*,*,#2694,.T.);
#3653=ORIENTED_EDGE('',*,*,#2695,.T.);
#3654=ORIENTED_EDGE('',*,*,#2697,.T.);
#3655=ORIENTED_EDGE('',*,*,#2689,.T.);
#3656=ORIENTED_EDGE('',*,*,#2687,.T.);
#3657=ORIENTED_EDGE('',*,*,#2714,.F.);
#3658=ORIENTED_EDGE('',*,*,#2722,.T.);
#3659=ORIENTED_EDGE('',*,*,#2718,.F.);
#3660=ORIENTED_EDGE('',*,*,#2721,.F.);
#3661=ORIENTED_EDGE('',*,*,#2710,.F.);
#3662=ORIENTED_EDGE('',*,*,#2644,.T.);
#3663=ORIENTED_EDGE('',*,*,#2706,.T.);
#3664=ORIENTED_EDGE('',*,*,#2703,.T.);
#3665=ORIENTED_EDGE('',*,*,#2700,.T.);
#3666=ORIENTED_EDGE('',*,*,#2709,.T.);
#3667=ORIENTED_EDGE('',*,*,#2720,.T.);
#3668=ORIENTED_EDGE('',*,*,#2715,.F.);
#3669=ORIENTED_EDGE('',*,*,#2722,.F.);
#3670=ORIENTED_EDGE('',*,*,#2713,.F.);
#3671=ORIENTED_EDGE('',*,*,#2723,.T.);
#3672=ORIENTED_EDGE('',*,*,#2724,.T.);
#3673=ORIENTED_EDGE('',*,*,#2725,.T.);
#3674=ORIENTED_EDGE('',*,*,#2726,.T.);
#3675=ORIENTED_EDGE('',*,*,#2727,.T.);
#3676=ORIENTED_EDGE('',*,*,#2728,.T.);
#3677=ORIENTED_EDGE('',*,*,#2723,.F.);
#3678=ORIENTED_EDGE('',*,*,#2729,.T.);
#3679=ORIENTED_EDGE('',*,*,#2730,.T.);
#3680=ORIENTED_EDGE('',*,*,#2731,.T.);
#3681=ORIENTED_EDGE('',*,*,#2727,.F.);
#3682=ORIENTED_EDGE('',*,*,#2732,.T.);
#3683=ORIENTED_EDGE('',*,*,#2733,.T.);
#3684=ORIENTED_EDGE('',*,*,#2734,.T.);
#3685=ORIENTED_EDGE('',*,*,#2735,.T.);
#3686=ORIENTED_EDGE('',*,*,#2736,.T.);
#3687=ORIENTED_EDGE('',*,*,#2737,.T.);
#3688=ORIENTED_EDGE('',*,*,#2738,.T.);
#3689=ORIENTED_EDGE('',*,*,#2739,.T.);
#3690=ORIENTED_EDGE('',*,*,#2740,.T.);
#3691=ORIENTED_EDGE('',*,*,#2741,.T.);
#3692=ORIENTED_EDGE('',*,*,#2742,.T.);
#3693=ORIENTED_EDGE('',*,*,#2733,.F.);
#3694=ORIENTED_EDGE('',*,*,#2743,.T.);
#3695=ORIENTED_EDGE('',*,*,#2735,.F.);
#3696=ORIENTED_EDGE('',*,*,#2744,.T.);
#3697=ORIENTED_EDGE('',*,*,#2730,.F.);
#3698=ORIENTED_EDGE('',*,*,#2745,.T.);
#3699=ORIENTED_EDGE('',*,*,#2746,.T.);
#3700=ORIENTED_EDGE('',*,*,#2747,.T.);
#3701=ORIENTED_EDGE('',*,*,#2748,.T.);
#3702=ORIENTED_EDGE('',*,*,#2749,.T.);
#3703=ORIENTED_EDGE('',*,*,#2740,.F.);
#3704=ORIENTED_EDGE('',*,*,#2750,.T.);
#3705=ORIENTED_EDGE('',*,*,#2751,.F.);
#3706=ORIENTED_EDGE('',*,*,#2752,.F.);
#3707=ORIENTED_EDGE('',*,*,#2753,.F.);
#3708=ORIENTED_EDGE('',*,*,#2754,.F.);
#3709=ORIENTED_EDGE('',*,*,#2755,.T.);
#3710=ORIENTED_EDGE('',*,*,#2756,.T.);
#3711=ORIENTED_EDGE('',*,*,#2757,.T.);
#3712=ORIENTED_EDGE('',*,*,#2758,.T.);
#3713=ORIENTED_EDGE('',*,*,#2759,.F.);
#3714=ORIENTED_EDGE('',*,*,#2760,.T.);
#3715=ORIENTED_EDGE('',*,*,#2761,.T.);
#3716=ORIENTED_EDGE('',*,*,#2762,.T.);
#3717=ORIENTED_EDGE('',*,*,#2763,.T.);
#3718=ORIENTED_EDGE('',*,*,#2764,.T.);
#3719=ORIENTED_EDGE('',*,*,#2765,.T.);
#3720=ORIENTED_EDGE('',*,*,#2766,.T.);
#3721=ORIENTED_EDGE('',*,*,#2767,.T.);
#3722=ORIENTED_EDGE('',*,*,#2768,.T.);
#3723=ORIENTED_EDGE('',*,*,#2769,.T.);
#3724=ORIENTED_EDGE('',*,*,#2770,.T.);
#3725=ORIENTED_EDGE('',*,*,#2771,.F.);
#3726=ORIENTED_EDGE('',*,*,#2772,.F.);
#3727=ORIENTED_EDGE('',*,*,#2773,.F.);
#3728=ORIENTED_EDGE('',*,*,#2741,.F.);
#3729=ORIENTED_EDGE('',*,*,#2770,.F.);
#3730=ORIENTED_EDGE('',*,*,#2774,.F.);
#3731=ORIENTED_EDGE('',*,*,#2775,.F.);
#3732=ORIENTED_EDGE('',*,*,#2776,.T.);
#3733=ORIENTED_EDGE('',*,*,#2777,.T.);
#3734=ORIENTED_EDGE('',*,*,#2778,.T.);
#3735=ORIENTED_EDGE('',*,*,#2779,.F.);
#3736=ORIENTED_EDGE('',*,*,#2780,.T.);
#3737=ORIENTED_EDGE('',*,*,#2781,.T.);
#3738=ORIENTED_EDGE('',*,*,#2782,.F.);
#3739=ORIENTED_EDGE('',*,*,#2783,.T.);
#3740=ORIENTED_EDGE('',*,*,#2784,.T.);
#3741=ORIENTED_EDGE('',*,*,#2737,.F.);
#3742=ORIENTED_EDGE('',*,*,#2785,.T.);
#3743=ORIENTED_EDGE('',*,*,#2786,.T.);
#3744=ORIENTED_EDGE('',*,*,#2787,.F.);
#3745=ORIENTED_EDGE('',*,*,#2788,.T.);
#3746=ORIENTED_EDGE('',*,*,#2780,.F.);
#3747=ORIENTED_EDGE('',*,*,#2743,.F.);
#3748=ORIENTED_EDGE('',*,*,#2789,.F.);
#3749=ORIENTED_EDGE('',*,*,#2790,.T.);
#3750=ORIENTED_EDGE('',*,*,#2785,.F.);
#3751=ORIENTED_EDGE('',*,*,#2738,.F.);
#3752=ORIENTED_EDGE('',*,*,#2784,.F.);
#3753=ORIENTED_EDGE('',*,*,#2791,.T.);
#3754=ORIENTED_EDGE('',*,*,#2792,.T.);
#3755=ORIENTED_EDGE('',*,*,#2736,.F.);
#3756=ORIENTED_EDGE('',*,*,#2793,.T.);
#3757=ORIENTED_EDGE('',*,*,#2789,.T.);
#3758=ORIENTED_EDGE('',*,*,#2794,.F.);
#3759=ORIENTED_EDGE('',*,*,#2795,.T.);
#3760=ORIENTED_EDGE('',*,*,#2796,.T.);
#3761=ORIENTED_EDGE('',*,*,#2797,.F.);
#3762=ORIENTED_EDGE('',*,*,#2798,.T.);
#3763=ORIENTED_EDGE('',*,*,#2798,.F.);
#3764=ORIENTED_EDGE('',*,*,#2799,.T.);
#3765=ORIENTED_EDGE('',*,*,#2800,.T.);
#3766=ORIENTED_EDGE('',*,*,#2801,.T.);
#3767=ORIENTED_EDGE('',*,*,#2802,.T.);
#3768=ORIENTED_EDGE('',*,*,#2803,.T.);
#3769=ORIENTED_EDGE('',*,*,#2804,.T.);
#3770=ORIENTED_EDGE('',*,*,#2805,.T.);
#3771=ORIENTED_EDGE('',*,*,#2806,.T.);
#3772=ORIENTED_EDGE('',*,*,#2807,.T.);
#3773=ORIENTED_EDGE('',*,*,#2808,.T.);
#3774=ORIENTED_EDGE('',*,*,#2809,.T.);
#3775=ORIENTED_EDGE('',*,*,#2806,.F.);
#3776=ORIENTED_EDGE('',*,*,#2810,.T.);
#3777=ORIENTED_EDGE('',*,*,#2802,.F.);
#3778=ORIENTED_EDGE('',*,*,#2803,.F.);
#3779=ORIENTED_EDGE('',*,*,#2811,.F.);
#3780=ORIENTED_EDGE('',*,*,#2812,.F.);
#3781=ORIENTED_EDGE('',*,*,#2813,.F.);
#3782=ORIENTED_EDGE('',*,*,#2814,.F.);
#3783=ORIENTED_EDGE('',*,*,#2810,.F.);
#3784=ORIENTED_EDGE('',*,*,#2815,.T.);
#3785=ORIENTED_EDGE('',*,*,#2816,.T.);
#3786=ORIENTED_EDGE('',*,*,#2811,.T.);
#3787=ORIENTED_EDGE('',*,*,#2809,.F.);
#3788=ORIENTED_EDGE('',*,*,#2817,.F.);
#3789=ORIENTED_EDGE('',*,*,#2818,.T.);
#3790=ORIENTED_EDGE('',*,*,#2815,.F.);
#3791=ORIENTED_EDGE('',*,*,#2816,.F.);
#3792=ORIENTED_EDGE('',*,*,#2818,.F.);
#3793=ORIENTED_EDGE('',*,*,#2819,.F.);
#3794=ORIENTED_EDGE('',*,*,#2820,.F.);
#3795=ORIENTED_EDGE('',*,*,#2812,.T.);
#3796=ORIENTED_EDGE('',*,*,#2821,.T.);
#3797=ORIENTED_EDGE('',*,*,#2822,.T.);
#3798=ORIENTED_EDGE('',*,*,#2823,.T.);
#3799=ORIENTED_EDGE('',*,*,#2753,.T.);
#3800=ORIENTED_EDGE('',*,*,#2742,.F.);
#3801=ORIENTED_EDGE('',*,*,#2773,.T.);
#3802=ORIENTED_EDGE('',*,*,#2824,.T.);
#3803=ORIENTED_EDGE('',*,*,#2825,.T.);
#3804=ORIENTED_EDGE('',*,*,#2826,.T.);
#3805=ORIENTED_EDGE('',*,*,#2724,.F.);
#3806=ORIENTED_EDGE('',*,*,#2728,.F.);
#3807=ORIENTED_EDGE('',*,*,#2731,.F.);
#3808=ORIENTED_EDGE('',*,*,#2744,.F.);
#3809=ORIENTED_EDGE('',*,*,#2734,.F.);
#3810=ORIENTED_EDGE('',*,*,#2827,.T.);
#3811=ORIENTED_EDGE('',*,*,#2751,.T.);
#3812=ORIENTED_EDGE('',*,*,#2828,.T.);
#3813=ORIENTED_EDGE('',*,*,#2829,.T.);
#3814=ORIENTED_EDGE('',*,*,#2822,.F.);
#3815=ORIENTED_EDGE('',*,*,#2830,.F.);
#3816=ORIENTED_EDGE('',*,*,#2831,.F.);
#3817=ORIENTED_EDGE('',*,*,#2832,.F.);
#3818=ORIENTED_EDGE('',*,*,#2833,.F.);
#3819=ORIENTED_EDGE('',*,*,#2827,.F.);
#3820=ORIENTED_EDGE('',*,*,#2834,.T.);
#3821=ORIENTED_EDGE('',*,*,#2835,.T.);
#3822=ORIENTED_EDGE('',*,*,#2836,.T.);
#3823=ORIENTED_EDGE('',*,*,#2837,.F.);
#3824=ORIENTED_EDGE('',*,*,#2830,.T.);
#3825=ORIENTED_EDGE('',*,*,#2821,.F.);
#3826=ORIENTED_EDGE('',*,*,#2752,.T.);
#3827=ORIENTED_EDGE('',*,*,#2838,.T.);
#3828=ORIENTED_EDGE('',*,*,#2839,.T.);
#3829=ORIENTED_EDGE('',*,*,#2754,.T.);
#3830=ORIENTED_EDGE('',*,*,#2823,.F.);
#3831=ORIENTED_EDGE('',*,*,#2838,.F.);
#3832=ORIENTED_EDGE('',*,*,#2833,.T.);
#3833=ORIENTED_EDGE('',*,*,#2840,.T.);
#3834=ORIENTED_EDGE('',*,*,#2841,.T.);
#3835=ORIENTED_EDGE('',*,*,#2787,.T.);
#3836=ORIENTED_EDGE('',*,*,#2842,.T.);
#3837=ORIENTED_EDGE('',*,*,#2782,.T.);
#3838=ORIENTED_EDGE('',*,*,#2843,.T.);
#3839=ORIENTED_EDGE('',*,*,#2783,.F.);
#3840=ORIENTED_EDGE('',*,*,#2842,.F.);
#3841=ORIENTED_EDGE('',*,*,#2786,.F.);
#3842=ORIENTED_EDGE('',*,*,#2790,.F.);
#3843=ORIENTED_EDGE('',*,*,#2844,.F.);
#3844=ORIENTED_EDGE('',*,*,#2845,.F.);
#3845=ORIENTED_EDGE('',*,*,#2846,.F.);
#3846=ORIENTED_EDGE('',*,*,#2847,.T.);
#3847=ORIENTED_EDGE('',*,*,#2794,.T.);
#3848=ORIENTED_EDGE('',*,*,#2801,.F.);
#3849=ORIENTED_EDGE('',*,*,#2848,.T.);
#3850=ORIENTED_EDGE('',*,*,#2849,.T.);
#3851=ORIENTED_EDGE('',*,*,#2791,.F.);
#3852=ORIENTED_EDGE('',*,*,#2850,.T.);
#3853=ORIENTED_EDGE('',*,*,#2759,.T.);
#3854=ORIENTED_EDGE('',*,*,#2851,.T.);
#3855=ORIENTED_EDGE('',*,*,#2852,.T.);
#3856=ORIENTED_EDGE('',*,*,#2850,.F.);
#3857=ORIENTED_EDGE('',*,*,#2853,.T.);
#3858=ORIENTED_EDGE('',*,*,#2854,.F.);
#3859=ORIENTED_EDGE('',*,*,#2855,.T.);
#3860=ORIENTED_EDGE('',*,*,#2856,.F.);
#3861=ORIENTED_EDGE('',*,*,#2857,.T.);
#3862=ORIENTED_EDGE('',*,*,#2858,.F.);
#3863=ORIENTED_EDGE('',*,*,#2859,.F.);
#3864=ORIENTED_EDGE('',*,*,#2860,.F.);
#3865=ORIENTED_EDGE('',*,*,#2861,.F.);
#3866=ORIENTED_EDGE('',*,*,#2862,.F.);
#3867=ORIENTED_EDGE('',*,*,#2760,.F.);
#3868=ORIENTED_EDGE('',*,*,#2863,.T.);
#3869=ORIENTED_EDGE('',*,*,#2864,.T.);
#3870=ORIENTED_EDGE('',*,*,#2852,.F.);
#3871=ORIENTED_EDGE('',*,*,#2865,.T.);
#3872=ORIENTED_EDGE('',*,*,#2866,.F.);
#3873=ORIENTED_EDGE('',*,*,#2867,.T.);
#3874=ORIENTED_EDGE('',*,*,#2868,.F.);
#3875=ORIENTED_EDGE('',*,*,#2869,.F.);
#3876=ORIENTED_EDGE('',*,*,#2870,.F.);
#3877=ORIENTED_EDGE('',*,*,#2871,.F.);
#3878=ORIENTED_EDGE('',*,*,#2872,.F.);
#3879=ORIENTED_EDGE('',*,*,#2857,.F.);
#3880=ORIENTED_EDGE('',*,*,#2873,.F.);
#3881=ORIENTED_EDGE('',*,*,#2853,.F.);
#3882=ORIENTED_EDGE('',*,*,#2854,.T.);
#3883=ORIENTED_EDGE('',*,*,#2873,.T.);
#3884=ORIENTED_EDGE('',*,*,#2856,.T.);
#3885=ORIENTED_EDGE('',*,*,#2874,.T.);
#3886=ORIENTED_EDGE('',*,*,#2858,.T.);
#3887=ORIENTED_EDGE('',*,*,#2872,.T.);
#3888=ORIENTED_EDGE('',*,*,#2875,.T.);
#3889=ORIENTED_EDGE('',*,*,#2876,.T.);
#3890=ORIENTED_EDGE('',*,*,#2875,.F.);
#3891=ORIENTED_EDGE('',*,*,#2877,.T.);
#3892=ORIENTED_EDGE('',*,*,#2878,.T.);
#3893=ORIENTED_EDGE('',*,*,#2878,.F.);
#3894=ORIENTED_EDGE('',*,*,#2879,.T.);
#3895=ORIENTED_EDGE('',*,*,#2880,.T.);
#3896=ORIENTED_EDGE('',*,*,#2881,.T.);
#3897=ORIENTED_EDGE('',*,*,#2877,.F.);
#3898=ORIENTED_EDGE('',*,*,#2871,.T.);
#3899=ORIENTED_EDGE('',*,*,#2882,.F.);
#3900=ORIENTED_EDGE('',*,*,#2883,.T.);
#3901=ORIENTED_EDGE('',*,*,#2846,.T.);
#3902=ORIENTED_EDGE('',*,*,#2884,.T.);
#3903=ORIENTED_EDGE('',*,*,#2885,.T.);
#3904=ORIENTED_EDGE('',*,*,#2886,.T.);
#3905=ORIENTED_EDGE('',*,*,#2847,.F.);
#3906=ORIENTED_EDGE('',*,*,#2886,.F.);
#3907=ORIENTED_EDGE('',*,*,#2887,.T.);
#3908=ORIENTED_EDGE('',*,*,#2888,.T.);
#3909=ORIENTED_EDGE('',*,*,#2889,.T.);
#3910=ORIENTED_EDGE('',*,*,#2795,.F.);
#3911=ORIENTED_EDGE('',*,*,#2890,.F.);
#3912=ORIENTED_EDGE('',*,*,#2891,.T.);
#3913=ORIENTED_EDGE('',*,*,#2892,.T.);
#3914=ORIENTED_EDGE('',*,*,#2893,.T.);
#3915=ORIENTED_EDGE('',*,*,#2870,.T.);
#3916=ORIENTED_EDGE('',*,*,#2894,.T.);
#3917=ORIENTED_EDGE('',*,*,#2892,.F.);
#3918=ORIENTED_EDGE('',*,*,#2882,.T.);
#3919=ORIENTED_EDGE('',*,*,#2732,.F.);
#3920=ORIENTED_EDGE('',*,*,#2895,.F.);
#3921=ORIENTED_EDGE('',*,*,#2896,.F.);
#3922=ORIENTED_EDGE('',*,*,#2897,.F.);
#3923=ORIENTED_EDGE('',*,*,#2898,.F.);
#3924=ORIENTED_EDGE('',*,*,#2899,.F.);
#3925=ORIENTED_EDGE('',*,*,#2900,.F.);
#3926=ORIENTED_EDGE('',*,*,#2901,.F.);
#3927=ORIENTED_EDGE('',*,*,#2902,.F.);
#3928=ORIENTED_EDGE('',*,*,#2903,.F.);
#3929=ORIENTED_EDGE('',*,*,#2904,.F.);
#3930=ORIENTED_EDGE('',*,*,#2905,.F.);
#3931=ORIENTED_EDGE('',*,*,#2879,.F.);
#3932=ORIENTED_EDGE('',*,*,#2883,.F.);
#3933=ORIENTED_EDGE('',*,*,#2891,.F.);
#3934=ORIENTED_EDGE('',*,*,#2906,.F.);
#3935=ORIENTED_EDGE('',*,*,#2884,.F.);
#3936=ORIENTED_EDGE('',*,*,#2845,.T.);
#3937=ORIENTED_EDGE('',*,*,#2907,.F.);
#3938=ORIENTED_EDGE('',*,*,#2890,.T.);
#3939=ORIENTED_EDGE('',*,*,#2908,.T.);
#3940=ORIENTED_EDGE('',*,*,#2885,.F.);
#3941=ORIENTED_EDGE('',*,*,#2906,.T.);
#3942=ORIENTED_EDGE('',*,*,#2894,.F.);
#3943=ORIENTED_EDGE('',*,*,#2869,.T.);
#3944=ORIENTED_EDGE('',*,*,#2909,.F.);
#3945=ORIENTED_EDGE('',*,*,#2910,.T.);
#3946=ORIENTED_EDGE('',*,*,#2893,.F.);
#3947=ORIENTED_EDGE('',*,*,#2911,.T.);
#3948=ORIENTED_EDGE('',*,*,#2902,.T.);
#3949=ORIENTED_EDGE('',*,*,#2912,.F.);
#3950=ORIENTED_EDGE('',*,*,#2913,.T.);
#3951=ORIENTED_EDGE('',*,*,#2911,.F.);
#3952=ORIENTED_EDGE('',*,*,#2914,.T.);
#3953=ORIENTED_EDGE('',*,*,#2915,.F.);
#3954=ORIENTED_EDGE('',*,*,#2916,.T.);
#3955=ORIENTED_EDGE('',*,*,#2917,.T.);
#3956=ORIENTED_EDGE('',*,*,#2918,.F.);
#3957=ORIENTED_EDGE('',*,*,#2903,.T.);
#3958=ORIENTED_EDGE('',*,*,#2919,.F.);
#3959=ORIENTED_EDGE('',*,*,#2898,.T.);
#3960=ORIENTED_EDGE('',*,*,#2920,.T.);
#3961=ORIENTED_EDGE('',*,*,#2921,.T.);
#3962=ORIENTED_EDGE('',*,*,#2920,.F.);
#3963=ORIENTED_EDGE('',*,*,#2897,.T.);
#3964=ORIENTED_EDGE('',*,*,#2922,.T.);
#3965=ORIENTED_EDGE('',*,*,#2923,.T.);
#3966=ORIENTED_EDGE('',*,*,#2924,.T.);
#3967=ORIENTED_EDGE('',*,*,#2925,.T.);
#3968=ORIENTED_EDGE('',*,*,#2926,.T.);
#3969=ORIENTED_EDGE('',*,*,#2927,.T.);
#3970=ORIENTED_EDGE('',*,*,#2912,.T.);
#3971=ORIENTED_EDGE('',*,*,#2901,.T.);
#3972=ORIENTED_EDGE('',*,*,#2928,.T.);
#3973=ORIENTED_EDGE('',*,*,#2900,.T.);
#3974=ORIENTED_EDGE('',*,*,#2929,.T.);
#3975=ORIENTED_EDGE('',*,*,#2930,.T.);
#3976=ORIENTED_EDGE('',*,*,#2931,.T.);
#3977=ORIENTED_EDGE('',*,*,#2932,.T.);
#3978=ORIENTED_EDGE('',*,*,#2928,.F.);
#3979=ORIENTED_EDGE('',*,*,#2899,.T.);
#3980=ORIENTED_EDGE('',*,*,#2919,.T.);
#3981=ORIENTED_EDGE('',*,*,#2933,.T.);
#3982=ORIENTED_EDGE('',*,*,#2929,.F.);
#3983=ORIENTED_EDGE('',*,*,#2931,.F.);
#3984=ORIENTED_EDGE('',*,*,#2934,.T.);
#3985=ORIENTED_EDGE('',*,*,#2927,.F.);
#3986=ORIENTED_EDGE('',*,*,#2932,.F.);
#3987=ORIENTED_EDGE('',*,*,#2934,.F.);
#3988=ORIENTED_EDGE('',*,*,#2930,.F.);
#3989=ORIENTED_EDGE('',*,*,#2933,.F.);
#3990=ORIENTED_EDGE('',*,*,#2921,.F.);
#3991=ORIENTED_EDGE('',*,*,#2926,.F.);
#3992=ORIENTED_EDGE('',*,*,#2935,.F.);
#3993=ORIENTED_EDGE('',*,*,#2936,.T.);
#3994=ORIENTED_EDGE('',*,*,#2725,.F.);
#3995=ORIENTED_EDGE('',*,*,#2826,.F.);
#3996=ORIENTED_EDGE('',*,*,#2937,.T.);
#3997=ORIENTED_EDGE('',*,*,#2938,.T.);
#3998=ORIENTED_EDGE('',*,*,#2939,.T.);
#3999=ORIENTED_EDGE('',*,*,#2940,.T.);
#4000=ORIENTED_EDGE('',*,*,#2941,.T.);
#4001=ORIENTED_EDGE('',*,*,#2824,.F.);
#4002=ORIENTED_EDGE('',*,*,#2772,.T.);
#4003=ORIENTED_EDGE('',*,*,#2942,.T.);
#4004=ORIENTED_EDGE('',*,*,#2774,.T.);
#4005=ORIENTED_EDGE('',*,*,#2769,.F.);
#4006=ORIENTED_EDGE('',*,*,#2943,.T.);
#4007=ORIENTED_EDGE('',*,*,#2944,.T.);
#4008=ORIENTED_EDGE('',*,*,#2945,.T.);
#4009=ORIENTED_EDGE('',*,*,#2946,.T.);
#4010=ORIENTED_EDGE('',*,*,#2947,.T.);
#4011=ORIENTED_EDGE('',*,*,#2767,.F.);
#4012=ORIENTED_EDGE('',*,*,#2948,.T.);
#4013=ORIENTED_EDGE('',*,*,#2949,.T.);
#4014=ORIENTED_EDGE('',*,*,#2950,.T.);
#4015=ORIENTED_EDGE('',*,*,#2765,.F.);
#4016=ORIENTED_EDGE('',*,*,#2951,.T.);
#4017=ORIENTED_EDGE('',*,*,#2952,.T.);
#4018=ORIENTED_EDGE('',*,*,#2953,.T.);
#4019=ORIENTED_EDGE('',*,*,#2954,.T.);
#4020=ORIENTED_EDGE('',*,*,#2955,.T.);
#4021=ORIENTED_EDGE('',*,*,#2763,.F.);
#4022=ORIENTED_EDGE('',*,*,#2956,.T.);
#4023=ORIENTED_EDGE('',*,*,#2957,.T.);
#4024=ORIENTED_EDGE('',*,*,#2958,.T.);
#4025=ORIENTED_EDGE('',*,*,#2959,.T.);
#4026=ORIENTED_EDGE('',*,*,#2960,.T.);
#4027=ORIENTED_EDGE('',*,*,#2761,.F.);
#4028=ORIENTED_EDGE('',*,*,#2862,.T.);
#4029=ORIENTED_EDGE('',*,*,#2961,.T.);
#4030=ORIENTED_EDGE('',*,*,#2860,.T.);
#4031=ORIENTED_EDGE('',*,*,#2962,.F.);
#4032=ORIENTED_EDGE('',*,*,#2963,.T.);
#4033=ORIENTED_EDGE('',*,*,#2964,.T.);
#4034=ORIENTED_EDGE('',*,*,#2965,.T.);
#4035=ORIENTED_EDGE('',*,*,#2966,.T.);
#4036=ORIENTED_EDGE('',*,*,#2967,.T.);
#4037=ORIENTED_EDGE('',*,*,#2968,.F.);
#4038=ORIENTED_EDGE('',*,*,#2969,.T.);
#4039=ORIENTED_EDGE('',*,*,#2970,.F.);
#4040=ORIENTED_EDGE('',*,*,#2914,.F.);
#4041=ORIENTED_EDGE('',*,*,#2913,.F.);
#4042=ORIENTED_EDGE('',*,*,#2729,.F.);
#4043=ORIENTED_EDGE('',*,*,#2971,.T.);
#4044=ORIENTED_EDGE('',*,*,#2972,.T.);
#4045=ORIENTED_EDGE('',*,*,#2973,.T.);
#4046=ORIENTED_EDGE('',*,*,#2895,.T.);
#4047=ORIENTED_EDGE('',*,*,#2896,.T.);
#4048=ORIENTED_EDGE('',*,*,#2973,.F.);
#4049=ORIENTED_EDGE('',*,*,#2974,.T.);
#4050=ORIENTED_EDGE('',*,*,#2922,.F.);
#4051=ORIENTED_EDGE('',*,*,#2974,.F.);
#4052=ORIENTED_EDGE('',*,*,#2972,.F.);
#4053=ORIENTED_EDGE('',*,*,#2975,.F.);
#4054=ORIENTED_EDGE('',*,*,#2923,.F.);
#4055=ORIENTED_EDGE('',*,*,#2936,.F.);
#4056=ORIENTED_EDGE('',*,*,#2976,.F.);
#4057=ORIENTED_EDGE('',*,*,#2977,.T.);
#4058=ORIENTED_EDGE('',*,*,#2978,.T.);
#4059=ORIENTED_EDGE('',*,*,#2979,.T.);
#4060=ORIENTED_EDGE('',*,*,#2980,.F.);
#4061=ORIENTED_EDGE('',*,*,#2924,.F.);
#4062=ORIENTED_EDGE('',*,*,#2975,.T.);
#4063=ORIENTED_EDGE('',*,*,#2971,.F.);
#4064=ORIENTED_EDGE('',*,*,#2726,.F.);
#4065=ORIENTED_EDGE('',*,*,#2981,.T.);
#4066=ORIENTED_EDGE('',*,*,#2982,.T.);
#4067=ORIENTED_EDGE('',*,*,#2880,.F.);
#4068=ORIENTED_EDGE('',*,*,#2905,.T.);
#4069=ORIENTED_EDGE('',*,*,#2983,.T.);
#4070=ORIENTED_EDGE('',*,*,#2984,.T.);
#4071=ORIENTED_EDGE('',*,*,#2985,.T.);
#4072=ORIENTED_EDGE('',*,*,#2983,.F.);
#4073=ORIENTED_EDGE('',*,*,#2904,.T.);
#4074=ORIENTED_EDGE('',*,*,#2918,.T.);
#4075=ORIENTED_EDGE('',*,*,#2876,.F.);
#4076=ORIENTED_EDGE('',*,*,#2881,.F.);
#4077=ORIENTED_EDGE('',*,*,#2982,.F.);
#4078=ORIENTED_EDGE('',*,*,#2986,.T.);
#4079=ORIENTED_EDGE('',*,*,#2968,.T.);
#4080=ORIENTED_EDGE('',*,*,#2987,.T.);
#4081=ORIENTED_EDGE('',*,*,#2962,.T.);
#4082=ORIENTED_EDGE('',*,*,#2859,.T.);
#4083=ORIENTED_EDGE('',*,*,#2985,.F.);
#4084=ORIENTED_EDGE('',*,*,#2917,.F.);
#4085=ORIENTED_EDGE('',*,*,#2988,.F.);
#4086=ORIENTED_EDGE('',*,*,#2984,.F.);
#4087=ORIENTED_EDGE('',*,*,#2981,.F.);
#4088=ORIENTED_EDGE('',*,*,#2988,.T.);
#4089=ORIENTED_EDGE('',*,*,#2916,.F.);
#4090=ORIENTED_EDGE('',*,*,#2989,.F.);
#4091=ORIENTED_EDGE('',*,*,#2990,.T.);
#4092=ORIENTED_EDGE('',*,*,#2991,.T.);
#4093=ORIENTED_EDGE('',*,*,#2992,.T.);
#4094=ORIENTED_EDGE('',*,*,#2993,.F.);
#4095=ORIENTED_EDGE('',*,*,#2969,.F.);
#4096=ORIENTED_EDGE('',*,*,#2986,.F.);
#4097=ORIENTED_EDGE('',*,*,#2745,.F.);
#4098=ORIENTED_EDGE('',*,*,#2907,.T.);
#4099=ORIENTED_EDGE('',*,*,#2844,.T.);
#4100=ORIENTED_EDGE('',*,*,#2793,.F.);
#4101=ORIENTED_EDGE('',*,*,#2994,.F.);
#4102=ORIENTED_EDGE('',*,*,#2995,.T.);
#4103=ORIENTED_EDGE('',*,*,#2996,.F.);
#4104=ORIENTED_EDGE('',*,*,#2997,.F.);
#4105=ORIENTED_EDGE('',*,*,#2998,.F.);
#4106=ORIENTED_EDGE('',*,*,#2999,.F.);
#4107=ORIENTED_EDGE('',*,*,#3000,.F.);
#4108=ORIENTED_EDGE('',*,*,#3001,.F.);
#4109=ORIENTED_EDGE('',*,*,#3002,.F.);
#4110=ORIENTED_EDGE('',*,*,#3003,.F.);
#4111=ORIENTED_EDGE('',*,*,#3004,.F.);
#4112=ORIENTED_EDGE('',*,*,#2997,.T.);
#4113=ORIENTED_EDGE('',*,*,#3005,.F.);
#4114=ORIENTED_EDGE('',*,*,#3006,.F.);
#4115=ORIENTED_EDGE('',*,*,#3007,.F.);
#4116=ORIENTED_EDGE('',*,*,#2995,.F.);
#4117=ORIENTED_EDGE('',*,*,#3008,.T.);
#4118=ORIENTED_EDGE('',*,*,#3009,.T.);
#4119=ORIENTED_EDGE('',*,*,#3010,.T.);
#4120=ORIENTED_EDGE('',*,*,#3011,.T.);
#4121=ORIENTED_EDGE('',*,*,#3012,.T.);
#4122=ORIENTED_EDGE('',*,*,#3013,.T.);
#4123=ORIENTED_EDGE('',*,*,#3014,.T.);
#4124=ORIENTED_EDGE('',*,*,#3015,.T.);
#4125=ORIENTED_EDGE('',*,*,#3005,.T.);
#4126=ORIENTED_EDGE('',*,*,#2994,.T.);
#4127=ORIENTED_EDGE('',*,*,#3007,.T.);
#4128=ORIENTED_EDGE('',*,*,#3016,.T.);
#4129=ORIENTED_EDGE('',*,*,#3017,.T.);
#4130=ORIENTED_EDGE('',*,*,#3018,.T.);
#4131=ORIENTED_EDGE('',*,*,#2999,.T.);
#4132=ORIENTED_EDGE('',*,*,#3019,.T.);
#4133=ORIENTED_EDGE('',*,*,#3020,.T.);
#4134=ORIENTED_EDGE('',*,*,#3021,.T.);
#4135=ORIENTED_EDGE('',*,*,#3002,.T.);
#4136=ORIENTED_EDGE('',*,*,#2996,.T.);
#4137=ORIENTED_EDGE('',*,*,#3004,.T.);
#4138=ORIENTED_EDGE('',*,*,#3022,.T.);
#4139=ORIENTED_EDGE('',*,*,#3023,.T.);
#4140=ORIENTED_EDGE('',*,*,#3024,.T.);
#4141=ORIENTED_EDGE('',*,*,#3001,.T.);
#4142=ORIENTED_EDGE('',*,*,#3025,.T.);
#4143=ORIENTED_EDGE('',*,*,#3026,.T.);
#4144=ORIENTED_EDGE('',*,*,#3027,.T.);
#4145=ORIENTED_EDGE('',*,*,#3000,.T.);
#4146=ORIENTED_EDGE('',*,*,#3018,.F.);
#4147=ORIENTED_EDGE('',*,*,#3028,.T.);
#4148=ORIENTED_EDGE('',*,*,#3029,.T.);
#4149=ORIENTED_EDGE('',*,*,#3030,.F.);
#4150=ORIENTED_EDGE('',*,*,#3025,.F.);
#4151=ORIENTED_EDGE('',*,*,#3006,.T.);
#4152=ORIENTED_EDGE('',*,*,#3027,.F.);
#4153=ORIENTED_EDGE('',*,*,#3031,.T.);
#4154=ORIENTED_EDGE('',*,*,#3032,.T.);
#4155=ORIENTED_EDGE('',*,*,#3033,.F.);
#4156=ORIENTED_EDGE('',*,*,#3016,.F.);
#4157=ORIENTED_EDGE('',*,*,#3026,.F.);
#4158=ORIENTED_EDGE('',*,*,#3030,.T.);
#4159=ORIENTED_EDGE('',*,*,#3034,.T.);
#4160=ORIENTED_EDGE('',*,*,#3031,.F.);
#4161=ORIENTED_EDGE('',*,*,#3017,.F.);
#4162=ORIENTED_EDGE('',*,*,#3033,.T.);
#4163=ORIENTED_EDGE('',*,*,#3035,.T.);
#4164=ORIENTED_EDGE('',*,*,#3028,.F.);
#4165=ORIENTED_EDGE('',*,*,#3035,.F.);
#4166=ORIENTED_EDGE('',*,*,#3032,.F.);
#4167=ORIENTED_EDGE('',*,*,#3034,.F.);
#4168=ORIENTED_EDGE('',*,*,#3029,.F.);
#4169=ORIENTED_EDGE('',*,*,#3023,.F.);
#4170=ORIENTED_EDGE('',*,*,#3036,.T.);
#4171=ORIENTED_EDGE('',*,*,#3037,.T.);
#4172=ORIENTED_EDGE('',*,*,#3038,.F.);
#4173=ORIENTED_EDGE('',*,*,#3003,.T.);
#4174=ORIENTED_EDGE('',*,*,#3021,.F.);
#4175=ORIENTED_EDGE('',*,*,#3039,.T.);
#4176=ORIENTED_EDGE('',*,*,#3040,.T.);
#4177=ORIENTED_EDGE('',*,*,#3036,.F.);
#4178=ORIENTED_EDGE('',*,*,#3022,.F.);
#4179=ORIENTED_EDGE('',*,*,#3020,.F.);
#4180=ORIENTED_EDGE('',*,*,#3041,.T.);
#4181=ORIENTED_EDGE('',*,*,#3042,.T.);
#4182=ORIENTED_EDGE('',*,*,#3039,.F.);
#4183=ORIENTED_EDGE('',*,*,#2998,.T.);
#4184=ORIENTED_EDGE('',*,*,#3024,.F.);
#4185=ORIENTED_EDGE('',*,*,#3038,.T.);
#4186=ORIENTED_EDGE('',*,*,#3043,.T.);
#4187=ORIENTED_EDGE('',*,*,#3041,.F.);
#4188=ORIENTED_EDGE('',*,*,#3019,.F.);
#4189=ORIENTED_EDGE('',*,*,#3043,.F.);
#4190=ORIENTED_EDGE('',*,*,#3037,.F.);
#4191=ORIENTED_EDGE('',*,*,#3040,.F.);
#4192=ORIENTED_EDGE('',*,*,#3042,.F.);
#4193=ORIENTED_EDGE('',*,*,#3044,.T.);
#4194=ORIENTED_EDGE('',*,*,#3045,.F.);
#4195=ORIENTED_EDGE('',*,*,#3046,.F.);
#4196=ORIENTED_EDGE('',*,*,#3045,.T.);
#4197=ORIENTED_EDGE('',*,*,#3047,.F.);
#4198=ORIENTED_EDGE('',*,*,#3048,.T.);
#4199=ORIENTED_EDGE('',*,*,#2863,.F.);
#4200=ORIENTED_EDGE('',*,*,#2864,.F.);
#4201=ORIENTED_EDGE('',*,*,#3048,.F.);
#4202=ORIENTED_EDGE('',*,*,#2805,.F.);
#4203=ORIENTED_EDGE('',*,*,#3049,.F.);
#4204=ORIENTED_EDGE('',*,*,#3050,.F.);
#4205=ORIENTED_EDGE('',*,*,#3051,.T.);
#4206=ORIENTED_EDGE('',*,*,#3052,.F.);
#4207=ORIENTED_EDGE('',*,*,#2807,.F.);
#4208=ORIENTED_EDGE('',*,*,#3049,.T.);
#4209=ORIENTED_EDGE('',*,*,#2804,.F.);
#4210=ORIENTED_EDGE('',*,*,#2814,.T.);
#4211=ORIENTED_EDGE('',*,*,#3053,.T.);
#4212=ORIENTED_EDGE('',*,*,#2866,.T.);
#4213=ORIENTED_EDGE('',*,*,#3054,.T.);
#4214=ORIENTED_EDGE('',*,*,#3055,.F.);
#4215=ORIENTED_EDGE('',*,*,#2813,.T.);
#4216=ORIENTED_EDGE('',*,*,#3056,.F.);
#4217=ORIENTED_EDGE('',*,*,#2867,.F.);
#4218=ORIENTED_EDGE('',*,*,#3053,.F.);
#4219=ORIENTED_EDGE('',*,*,#2820,.T.);
#4220=ORIENTED_EDGE('',*,*,#3057,.T.);
#4221=ORIENTED_EDGE('',*,*,#2840,.F.);
#4222=ORIENTED_EDGE('',*,*,#2832,.T.);
#4223=ORIENTED_EDGE('',*,*,#3058,.T.);
#4224=ORIENTED_EDGE('',*,*,#3059,.T.);
#4225=ORIENTED_EDGE('',*,*,#3060,.T.);
#4226=ORIENTED_EDGE('',*,*,#3061,.T.);
#4227=ORIENTED_EDGE('',*,*,#3062,.T.);
#4228=ORIENTED_EDGE('',*,*,#3063,.T.);
#4229=ORIENTED_EDGE('',*,*,#3064,.T.);
#4230=ORIENTED_EDGE('',*,*,#3065,.T.);
#4231=ORIENTED_EDGE('',*,*,#2909,.T.);
#4232=ORIENTED_EDGE('',*,*,#2868,.T.);
#4233=ORIENTED_EDGE('',*,*,#3056,.T.);
#4234=ORIENTED_EDGE('',*,*,#3066,.F.);
#4235=ORIENTED_EDGE('',*,*,#3067,.T.);
#4236=ORIENTED_EDGE('',*,*,#3068,.T.);
#4237=ORIENTED_EDGE('',*,*,#2757,.F.);
#4238=ORIENTED_EDGE('',*,*,#3050,.T.);
#4239=ORIENTED_EDGE('',*,*,#3055,.T.);
#4240=ORIENTED_EDGE('',*,*,#3069,.T.);
#4241=ORIENTED_EDGE('',*,*,#3067,.F.);
#4242=ORIENTED_EDGE('',*,*,#3070,.F.);
#4243=ORIENTED_EDGE('',*,*,#3071,.F.);
#4244=ORIENTED_EDGE('',*,*,#2758,.F.);
#4245=ORIENTED_EDGE('',*,*,#3068,.F.);
#4246=ORIENTED_EDGE('',*,*,#3069,.F.);
#4247=ORIENTED_EDGE('',*,*,#3054,.F.);
#4248=ORIENTED_EDGE('',*,*,#2865,.F.);
#4249=ORIENTED_EDGE('',*,*,#2851,.F.);
#4250=ORIENTED_EDGE('',*,*,#2874,.F.);
#4251=ORIENTED_EDGE('',*,*,#2855,.F.);
#4252=ORIENTED_EDGE('',*,*,#3070,.T.);
#4253=ORIENTED_EDGE('',*,*,#3066,.T.);
#4254=ORIENTED_EDGE('',*,*,#2756,.F.);
#4255=ORIENTED_EDGE('',*,*,#3072,.T.);
#4256=ORIENTED_EDGE('',*,*,#3073,.F.);
#4257=ORIENTED_EDGE('',*,*,#3064,.F.);
#4258=ORIENTED_EDGE('',*,*,#3074,.F.);
#4259=ORIENTED_EDGE('',*,*,#3075,.F.);
#4260=ORIENTED_EDGE('',*,*,#3076,.F.);
#4261=ORIENTED_EDGE('',*,*,#3060,.F.);
#4262=ORIENTED_EDGE('',*,*,#3077,.T.);
#4263=ORIENTED_EDGE('',*,*,#2888,.F.);
#4264=ORIENTED_EDGE('',*,*,#3078,.F.);
#4265=ORIENTED_EDGE('',*,*,#2796,.F.);
#4266=ORIENTED_EDGE('',*,*,#2889,.F.);
#4267=ORIENTED_EDGE('',*,*,#3077,.F.);
#4268=ORIENTED_EDGE('',*,*,#3059,.F.);
#4269=ORIENTED_EDGE('',*,*,#3079,.F.);
#4270=ORIENTED_EDGE('',*,*,#2836,.F.);
#4271=ORIENTED_EDGE('',*,*,#3080,.F.);
#4272=ORIENTED_EDGE('',*,*,#2908,.F.);
#4273=ORIENTED_EDGE('',*,*,#2910,.F.);
#4274=ORIENTED_EDGE('',*,*,#3065,.F.);
#4275=ORIENTED_EDGE('',*,*,#3078,.T.);
#4276=ORIENTED_EDGE('',*,*,#2887,.F.);
#4277=ORIENTED_EDGE('',*,*,#3079,.T.);
#4278=ORIENTED_EDGE('',*,*,#3058,.F.);
#4279=ORIENTED_EDGE('',*,*,#2831,.T.);
#4280=ORIENTED_EDGE('',*,*,#2837,.T.);
#4281=ORIENTED_EDGE('',*,*,#3076,.T.);
#4282=ORIENTED_EDGE('',*,*,#3081,.F.);
#4283=ORIENTED_EDGE('',*,*,#3082,.F.);
#4284=ORIENTED_EDGE('',*,*,#3061,.F.);
#4285=ORIENTED_EDGE('',*,*,#2835,.F.);
#4286=ORIENTED_EDGE('',*,*,#3083,.T.);
#4287=ORIENTED_EDGE('',*,*,#3084,.T.);
#4288=ORIENTED_EDGE('',*,*,#3085,.F.);
#4289=ORIENTED_EDGE('',*,*,#2799,.F.);
#4290=ORIENTED_EDGE('',*,*,#2797,.T.);
#4291=ORIENTED_EDGE('',*,*,#3080,.T.);
#4292=ORIENTED_EDGE('',*,*,#3075,.T.);
#4293=ORIENTED_EDGE('',*,*,#3086,.F.);
#4294=ORIENTED_EDGE('',*,*,#3087,.F.);
#4295=ORIENTED_EDGE('',*,*,#3081,.T.);
#4296=ORIENTED_EDGE('',*,*,#2800,.F.);
#4297=ORIENTED_EDGE('',*,*,#3085,.T.);
#4298=ORIENTED_EDGE('',*,*,#3088,.T.);
#4299=ORIENTED_EDGE('',*,*,#2848,.F.);
#4300=ORIENTED_EDGE('',*,*,#3062,.F.);
#4301=ORIENTED_EDGE('',*,*,#3082,.T.);
#4302=ORIENTED_EDGE('',*,*,#3087,.T.);
#4303=ORIENTED_EDGE('',*,*,#3089,.T.);
#4304=ORIENTED_EDGE('',*,*,#3074,.T.);
#4305=ORIENTED_EDGE('',*,*,#3063,.F.);
#4306=ORIENTED_EDGE('',*,*,#3089,.F.);
#4307=ORIENTED_EDGE('',*,*,#3086,.T.);
#4308=ORIENTED_EDGE('',*,*,#2829,.F.);
#4309=ORIENTED_EDGE('',*,*,#3090,.T.);
#4310=ORIENTED_EDGE('',*,*,#3083,.F.);
#4311=ORIENTED_EDGE('',*,*,#2834,.F.);
#4312=ORIENTED_EDGE('',*,*,#2750,.F.);
#4313=ORIENTED_EDGE('',*,*,#2739,.F.);
#4314=ORIENTED_EDGE('',*,*,#2792,.F.);
#4315=ORIENTED_EDGE('',*,*,#2849,.F.);
#4316=ORIENTED_EDGE('',*,*,#3088,.F.);
#4317=ORIENTED_EDGE('',*,*,#3084,.F.);
#4318=ORIENTED_EDGE('',*,*,#3090,.F.);
#4319=ORIENTED_EDGE('',*,*,#2828,.F.);
#4320=ORIENTED_EDGE('',*,*,#2843,.F.);
#4321=ORIENTED_EDGE('',*,*,#2781,.F.);
#4322=ORIENTED_EDGE('',*,*,#2788,.F.);
#4323=ORIENTED_EDGE('',*,*,#3052,.T.);
#4324=ORIENTED_EDGE('',*,*,#3091,.F.);
#4325=ORIENTED_EDGE('',*,*,#3072,.F.);
#4326=ORIENTED_EDGE('',*,*,#2755,.F.);
#4327=ORIENTED_EDGE('',*,*,#2839,.F.);
#4328=ORIENTED_EDGE('',*,*,#2841,.F.);
#4329=ORIENTED_EDGE('',*,*,#3057,.F.);
#4330=ORIENTED_EDGE('',*,*,#2819,.T.);
#4331=ORIENTED_EDGE('',*,*,#2817,.T.);
#4332=ORIENTED_EDGE('',*,*,#2808,.F.);
#4333=ORIENTED_EDGE('',*,*,#3071,.T.);
#4334=ORIENTED_EDGE('',*,*,#3073,.T.);
#4335=ORIENTED_EDGE('',*,*,#3091,.T.);
#4336=ORIENTED_EDGE('',*,*,#3051,.F.);
#4337=ORIENTED_EDGE('',*,*,#3092,.F.);
#4338=ORIENTED_EDGE('',*,*,#3093,.T.);
#4339=ORIENTED_EDGE('',*,*,#3094,.F.);
#4340=ORIENTED_EDGE('',*,*,#3093,.F.);
#4341=ORIENTED_EDGE('',*,*,#2955,.F.);
#4342=ORIENTED_EDGE('',*,*,#3095,.F.);
#4343=ORIENTED_EDGE('',*,*,#2951,.F.);
#4344=ORIENTED_EDGE('',*,*,#2764,.F.);
#4345=ORIENTED_EDGE('',*,*,#3096,.T.);
#4346=ORIENTED_EDGE('',*,*,#3097,.T.);
#4347=ORIENTED_EDGE('',*,*,#3098,.F.);
#4348=ORIENTED_EDGE('',*,*,#2952,.F.);
#4349=ORIENTED_EDGE('',*,*,#3099,.T.);
#4350=ORIENTED_EDGE('',*,*,#2954,.F.);
#4351=ORIENTED_EDGE('',*,*,#3100,.F.);
#4352=ORIENTED_EDGE('',*,*,#3101,.T.);
#4353=ORIENTED_EDGE('',*,*,#2778,.F.);
#4354=ORIENTED_EDGE('',*,*,#3102,.T.);
#4355=ORIENTED_EDGE('',*,*,#3103,.F.);
#4356=ORIENTED_EDGE('',*,*,#3104,.T.);
#4357=ORIENTED_EDGE('',*,*,#3105,.F.);
#4358=ORIENTED_EDGE('',*,*,#3106,.T.);
#4359=ORIENTED_EDGE('',*,*,#2945,.F.);
#4360=ORIENTED_EDGE('',*,*,#3107,.T.);
#4361=ORIENTED_EDGE('',*,*,#2958,.F.);
#4362=ORIENTED_EDGE('',*,*,#3108,.T.);
#4363=ORIENTED_EDGE('',*,*,#3101,.F.);
#4364=ORIENTED_EDGE('',*,*,#3109,.T.);
#4365=ORIENTED_EDGE('',*,*,#3110,.F.);
#4366=ORIENTED_EDGE('',*,*,#3111,.F.);
#4367=ORIENTED_EDGE('',*,*,#3044,.F.);
#4368=ORIENTED_EDGE('',*,*,#3112,.F.);
#4369=ORIENTED_EDGE('',*,*,#3113,.F.);
#4370=ORIENTED_EDGE('',*,*,#3114,.F.);
#4371=ORIENTED_EDGE('',*,*,#2777,.F.);
#4372=ORIENTED_EDGE('',*,*,#3115,.F.);
#4373=ORIENTED_EDGE('',*,*,#3116,.F.);
#4374=ORIENTED_EDGE('',*,*,#3117,.F.);
#4375=ORIENTED_EDGE('',*,*,#3118,.F.);
#4376=ORIENTED_EDGE('',*,*,#3102,.F.);
#4377=ORIENTED_EDGE('',*,*,#3119,.F.);
#4378=ORIENTED_EDGE('',*,*,#3120,.F.);
#4379=ORIENTED_EDGE('',*,*,#3096,.F.);
#4380=ORIENTED_EDGE('',*,*,#3095,.T.);
#4381=ORIENTED_EDGE('',*,*,#3099,.F.);
#4382=ORIENTED_EDGE('',*,*,#3108,.F.);
#4383=ORIENTED_EDGE('',*,*,#2957,.F.);
#4384=ORIENTED_EDGE('',*,*,#3121,.F.);
#4385=ORIENTED_EDGE('',*,*,#3122,.F.);
#4386=ORIENTED_EDGE('',*,*,#3123,.F.);
#4387=ORIENTED_EDGE('',*,*,#2946,.F.);
#4388=ORIENTED_EDGE('',*,*,#3106,.F.);
#4389=ORIENTED_EDGE('',*,*,#3124,.F.);
#4390=ORIENTED_EDGE('',*,*,#2965,.F.);
#4391=ORIENTED_EDGE('',*,*,#3125,.T.);
#4392=ORIENTED_EDGE('',*,*,#2992,.F.);
#4393=ORIENTED_EDGE('',*,*,#3126,.T.);
#4394=ORIENTED_EDGE('',*,*,#2977,.F.);
#4395=ORIENTED_EDGE('',*,*,#3127,.T.);
#4396=ORIENTED_EDGE('',*,*,#2939,.F.);
#4397=ORIENTED_EDGE('',*,*,#3128,.T.);
#4398=ORIENTED_EDGE('',*,*,#2979,.F.);
#4399=ORIENTED_EDGE('',*,*,#3129,.T.);
#4400=ORIENTED_EDGE('',*,*,#2990,.F.);
#4401=ORIENTED_EDGE('',*,*,#3130,.T.);
#4402=ORIENTED_EDGE('',*,*,#2978,.F.);
#4403=ORIENTED_EDGE('',*,*,#3128,.F.);
#4404=ORIENTED_EDGE('',*,*,#2938,.F.);
#4405=ORIENTED_EDGE('',*,*,#3131,.F.);
#4406=ORIENTED_EDGE('',*,*,#3132,.F.);
#4407=ORIENTED_EDGE('',*,*,#3133,.F.);
#4408=ORIENTED_EDGE('',*,*,#3134,.F.);
#4409=ORIENTED_EDGE('',*,*,#3135,.F.);
#4410=ORIENTED_EDGE('',*,*,#2966,.F.);
#4411=ORIENTED_EDGE('',*,*,#3126,.F.);
#4412=ORIENTED_EDGE('',*,*,#2991,.F.);
#4413=ORIENTED_EDGE('',*,*,#3129,.F.);
#4414=ORIENTED_EDGE('',*,*,#2776,.F.);
#4415=ORIENTED_EDGE('',*,*,#3136,.T.);
#4416=ORIENTED_EDGE('',*,*,#3137,.F.);
#4417=ORIENTED_EDGE('',*,*,#3115,.T.);
#4418=ORIENTED_EDGE('',*,*,#3138,.F.);
#4419=ORIENTED_EDGE('',*,*,#3139,.T.);
#4420=ORIENTED_EDGE('',*,*,#3097,.F.);
#4421=ORIENTED_EDGE('',*,*,#3120,.T.);
#4422=ORIENTED_EDGE('',*,*,#3046,.T.);
#4423=ORIENTED_EDGE('',*,*,#3047,.T.);
#4424=ORIENTED_EDGE('',*,*,#3111,.T.);
#4425=ORIENTED_EDGE('',*,*,#3140,.F.);
#4426=ORIENTED_EDGE('',*,*,#3141,.T.);
#4427=ORIENTED_EDGE('',*,*,#3142,.F.);
#4428=ORIENTED_EDGE('',*,*,#3112,.T.);
#4429=ORIENTED_EDGE('',*,*,#3119,.T.);
#4430=ORIENTED_EDGE('',*,*,#3143,.T.);
#4431=ORIENTED_EDGE('',*,*,#3144,.T.);
#4432=ORIENTED_EDGE('',*,*,#3143,.F.);
#4433=ORIENTED_EDGE('',*,*,#3124,.T.);
#4434=ORIENTED_EDGE('',*,*,#3105,.T.);
#4435=ORIENTED_EDGE('',*,*,#3145,.F.);
#4436=ORIENTED_EDGE('',*,*,#2948,.F.);
#4437=ORIENTED_EDGE('',*,*,#2766,.F.);
#4438=ORIENTED_EDGE('',*,*,#2950,.F.);
#4439=ORIENTED_EDGE('',*,*,#3146,.F.);
#4440=ORIENTED_EDGE('',*,*,#3138,.T.);
#4441=ORIENTED_EDGE('',*,*,#3121,.T.);
#4442=ORIENTED_EDGE('',*,*,#2956,.F.);
#4443=ORIENTED_EDGE('',*,*,#2762,.F.);
#4444=ORIENTED_EDGE('',*,*,#2960,.F.);
#4445=ORIENTED_EDGE('',*,*,#3147,.F.);
#4446=ORIENTED_EDGE('',*,*,#3140,.T.);
#4447=ORIENTED_EDGE('',*,*,#3110,.T.);
#4448=ORIENTED_EDGE('',*,*,#3148,.F.);
#4449=ORIENTED_EDGE('',*,*,#3149,.T.);
#4450=ORIENTED_EDGE('',*,*,#3150,.F.);
#4451=ORIENTED_EDGE('',*,*,#3113,.T.);
#4452=ORIENTED_EDGE('',*,*,#3142,.T.);
#4453=ORIENTED_EDGE('',*,*,#3151,.F.);
#4454=ORIENTED_EDGE('',*,*,#2963,.F.);
#4455=ORIENTED_EDGE('',*,*,#2987,.F.);
#4456=ORIENTED_EDGE('',*,*,#2967,.F.);
#4457=ORIENTED_EDGE('',*,*,#3135,.T.);
#4458=ORIENTED_EDGE('',*,*,#3152,.F.);
#4459=ORIENTED_EDGE('',*,*,#3153,.T.);
#4460=ORIENTED_EDGE('',*,*,#3154,.F.);
#4461=ORIENTED_EDGE('',*,*,#3155,.T.);
#4462=ORIENTED_EDGE('',*,*,#3156,.T.);
#4463=ORIENTED_EDGE('',*,*,#3157,.T.);
#4464=ORIENTED_EDGE('',*,*,#3158,.F.);
#4465=ORIENTED_EDGE('',*,*,#3131,.T.);
#4466=ORIENTED_EDGE('',*,*,#2937,.F.);
#4467=ORIENTED_EDGE('',*,*,#2825,.F.);
#4468=ORIENTED_EDGE('',*,*,#2941,.F.);
#4469=ORIENTED_EDGE('',*,*,#3159,.F.);
#4470=ORIENTED_EDGE('',*,*,#3103,.T.);
#4471=ORIENTED_EDGE('',*,*,#3118,.T.);
#4472=ORIENTED_EDGE('',*,*,#3160,.F.);
#4473=ORIENTED_EDGE('',*,*,#3161,.T.);
#4474=ORIENTED_EDGE('',*,*,#3162,.F.);
#4475=ORIENTED_EDGE('',*,*,#3163,.T.);
#4476=ORIENTED_EDGE('',*,*,#3158,.T.);
#4477=ORIENTED_EDGE('',*,*,#3164,.T.);
#4478=ORIENTED_EDGE('',*,*,#3165,.F.);
#4479=ORIENTED_EDGE('',*,*,#3114,.T.);
#4480=ORIENTED_EDGE('',*,*,#3154,.T.);
#4481=ORIENTED_EDGE('',*,*,#3166,.T.);
#4482=ORIENTED_EDGE('',*,*,#3152,.T.);
#4483=ORIENTED_EDGE('',*,*,#3134,.T.);
#4484=ORIENTED_EDGE('',*,*,#3167,.F.);
#4485=ORIENTED_EDGE('',*,*,#3014,.F.);
#4486=ORIENTED_EDGE('',*,*,#3168,.T.);
#4487=ORIENTED_EDGE('',*,*,#3169,.T.);
#4488=ORIENTED_EDGE('',*,*,#3148,.T.);
#4489=ORIENTED_EDGE('',*,*,#3170,.T.);
#4490=ORIENTED_EDGE('',*,*,#3165,.T.);
#4491=ORIENTED_EDGE('',*,*,#3171,.T.);
#4492=ORIENTED_EDGE('',*,*,#3172,.F.);
#4493=ORIENTED_EDGE('',*,*,#3133,.T.);
#4494=ORIENTED_EDGE('',*,*,#3173,.F.);
#4495=ORIENTED_EDGE('',*,*,#3015,.F.);
#4496=ORIENTED_EDGE('',*,*,#3167,.T.);
#4497=ORIENTED_EDGE('',*,*,#3174,.T.);
#4498=ORIENTED_EDGE('',*,*,#3172,.T.);
#4499=ORIENTED_EDGE('',*,*,#3175,.T.);
#4500=ORIENTED_EDGE('',*,*,#3156,.F.);
#4501=ORIENTED_EDGE('',*,*,#3132,.T.);
#4502=ORIENTED_EDGE('',*,*,#3162,.T.);
#4503=ORIENTED_EDGE('',*,*,#3176,.T.);
#4504=ORIENTED_EDGE('',*,*,#3160,.T.);
#4505=ORIENTED_EDGE('',*,*,#3117,.T.);
#4506=ORIENTED_EDGE('',*,*,#3177,.T.);
#4507=ORIENTED_EDGE('',*,*,#3178,.T.);
#4508=ORIENTED_EDGE('',*,*,#3179,.F.);
#4509=ORIENTED_EDGE('',*,*,#3012,.F.);
#4510=ORIENTED_EDGE('',*,*,#3173,.T.);
#4511=ORIENTED_EDGE('',*,*,#2961,.F.);
#4512=ORIENTED_EDGE('',*,*,#2861,.T.);
#4513=ORIENTED_EDGE('',*,*,#3178,.F.);
#4514=ORIENTED_EDGE('',*,*,#3180,.F.);
#4515=ORIENTED_EDGE('',*,*,#3181,.F.);
#4516=ORIENTED_EDGE('',*,*,#3123,.T.);
#4517=ORIENTED_EDGE('',*,*,#3182,.F.);
#4518=ORIENTED_EDGE('',*,*,#3180,.T.);
#4519=ORIENTED_EDGE('',*,*,#3177,.F.);
#4520=ORIENTED_EDGE('',*,*,#3116,.T.);
#4521=ORIENTED_EDGE('',*,*,#3137,.T.);
#4522=ORIENTED_EDGE('',*,*,#3183,.F.);
#4523=ORIENTED_EDGE('',*,*,#2943,.F.);
#4524=ORIENTED_EDGE('',*,*,#2768,.F.);
#4525=ORIENTED_EDGE('',*,*,#2947,.F.);
#4526=ORIENTED_EDGE('',*,*,#2976,.T.);
#4527=ORIENTED_EDGE('',*,*,#2935,.T.);
#4528=ORIENTED_EDGE('',*,*,#2925,.F.);
#4529=ORIENTED_EDGE('',*,*,#2980,.T.);
#4530=ORIENTED_EDGE('',*,*,#3130,.F.);
#4531=ORIENTED_EDGE('',*,*,#2989,.T.);
#4532=ORIENTED_EDGE('',*,*,#2915,.T.);
#4533=ORIENTED_EDGE('',*,*,#2970,.T.);
#4534=ORIENTED_EDGE('',*,*,#2993,.T.);
#4535=ORIENTED_EDGE('',*,*,#3125,.F.);
#4536=ORIENTED_EDGE('',*,*,#2964,.F.);
#4537=ORIENTED_EDGE('',*,*,#3151,.T.);
#4538=ORIENTED_EDGE('',*,*,#3141,.F.);
#4539=ORIENTED_EDGE('',*,*,#3147,.T.);
#4540=ORIENTED_EDGE('',*,*,#2959,.F.);
#4541=ORIENTED_EDGE('',*,*,#3109,.F.);
#4542=ORIENTED_EDGE('',*,*,#3100,.T.);
#4543=ORIENTED_EDGE('',*,*,#2953,.F.);
#4544=ORIENTED_EDGE('',*,*,#3098,.T.);
#4545=ORIENTED_EDGE('',*,*,#3139,.F.);
#4546=ORIENTED_EDGE('',*,*,#3146,.T.);
#4547=ORIENTED_EDGE('',*,*,#2949,.F.);
#4548=ORIENTED_EDGE('',*,*,#3145,.T.);
#4549=ORIENTED_EDGE('',*,*,#3107,.F.);
#4550=ORIENTED_EDGE('',*,*,#2944,.F.);
#4551=ORIENTED_EDGE('',*,*,#3183,.T.);
#4552=ORIENTED_EDGE('',*,*,#3136,.F.);
#4553=ORIENTED_EDGE('',*,*,#2775,.T.);
#4554=ORIENTED_EDGE('',*,*,#2942,.F.);
#4555=ORIENTED_EDGE('',*,*,#2771,.T.);
#4556=ORIENTED_EDGE('',*,*,#2779,.T.);
#4557=ORIENTED_EDGE('',*,*,#3104,.F.);
#4558=ORIENTED_EDGE('',*,*,#3159,.T.);
#4559=ORIENTED_EDGE('',*,*,#2940,.F.);
#4560=ORIENTED_EDGE('',*,*,#3127,.F.);
#4561=ORIENTED_EDGE('',*,*,#3163,.F.);
#4562=ORIENTED_EDGE('',*,*,#3170,.F.);
#4563=ORIENTED_EDGE('',*,*,#3174,.F.);
#4564=ORIENTED_EDGE('',*,*,#3155,.F.);
#4565=ORIENTED_EDGE('',*,*,#3144,.F.);
#4566=ORIENTED_EDGE('',*,*,#3166,.F.);
#4567=ORIENTED_EDGE('',*,*,#3153,.F.);
#4568=ORIENTED_EDGE('',*,*,#3169,.F.);
#4569=ORIENTED_EDGE('',*,*,#3184,.F.);
#4570=ORIENTED_EDGE('',*,*,#3149,.F.);
#4571=ORIENTED_EDGE('',*,*,#3176,.F.);
#4572=ORIENTED_EDGE('',*,*,#3161,.F.);
#4573=ORIENTED_EDGE('',*,*,#3122,.T.);
#4574=ORIENTED_EDGE('',*,*,#3150,.T.);
#4575=ORIENTED_EDGE('',*,*,#3184,.T.);
#4576=ORIENTED_EDGE('',*,*,#3168,.F.);
#4577=ORIENTED_EDGE('',*,*,#3013,.F.);
#4578=ORIENTED_EDGE('',*,*,#3179,.T.);
#4579=ORIENTED_EDGE('',*,*,#3181,.T.);
#4580=ORIENTED_EDGE('',*,*,#3182,.T.);
#4581=ORIENTED_EDGE('',*,*,#3094,.T.);
#4582=ORIENTED_EDGE('',*,*,#3157,.F.);
#4583=ORIENTED_EDGE('',*,*,#3175,.F.);
#4584=ORIENTED_EDGE('',*,*,#3171,.F.);
#4585=ORIENTED_EDGE('',*,*,#3164,.F.);
#4586=ORIENTED_EDGE('',*,*,#2746,.F.);
#4587=ORIENTED_EDGE('',*,*,#3185,.T.);
#4588=ORIENTED_EDGE('',*,*,#3011,.F.);
#4589=ORIENTED_EDGE('',*,*,#3186,.F.);
#4590=ORIENTED_EDGE('',*,*,#2747,.F.);
#4591=ORIENTED_EDGE('',*,*,#3186,.T.);
#4592=ORIENTED_EDGE('',*,*,#3010,.F.);
#4593=ORIENTED_EDGE('',*,*,#3187,.F.);
#4594=ORIENTED_EDGE('',*,*,#3187,.T.);
#4595=ORIENTED_EDGE('',*,*,#3009,.F.);
#4596=ORIENTED_EDGE('',*,*,#3188,.F.);
#4597=ORIENTED_EDGE('',*,*,#2748,.F.);
#4598=ORIENTED_EDGE('',*,*,#3092,.T.);
#4599=ORIENTED_EDGE('',*,*,#3188,.T.);
#4600=ORIENTED_EDGE('',*,*,#3008,.F.);
#4601=ORIENTED_EDGE('',*,*,#3185,.F.);
#4602=ORIENTED_EDGE('',*,*,#2749,.F.);
#4603=ORIENTED_EDGE('',*,*,#3189,.F.);
#4604=ORIENTED_EDGE('',*,*,#3190,.T.);
#4605=ORIENTED_EDGE('',*,*,#3191,.F.);
#4606=ORIENTED_EDGE('',*,*,#3192,.F.);
#4607=ORIENTED_EDGE('',*,*,#3193,.F.);
#4608=ORIENTED_EDGE('',*,*,#3194,.F.);
#4609=ORIENTED_EDGE('',*,*,#3195,.F.);
#4610=ORIENTED_EDGE('',*,*,#3196,.F.);
#4611=ORIENTED_EDGE('',*,*,#3197,.F.);
#4612=ORIENTED_EDGE('',*,*,#3198,.F.);
#4613=ORIENTED_EDGE('',*,*,#3199,.F.);
#4614=ORIENTED_EDGE('',*,*,#3190,.F.);
#4615=ORIENTED_EDGE('',*,*,#3189,.T.);
#4616=ORIENTED_EDGE('',*,*,#3193,.T.);
#4617=ORIENTED_EDGE('',*,*,#3200,.F.);
#4618=ORIENTED_EDGE('',*,*,#3201,.T.);
#4619=ORIENTED_EDGE('',*,*,#3202,.F.);
#4620=ORIENTED_EDGE('',*,*,#3197,.T.);
#4621=ORIENTED_EDGE('',*,*,#3203,.F.);
#4622=ORIENTED_EDGE('',*,*,#3204,.F.);
#4623=ORIENTED_EDGE('',*,*,#3192,.T.);
#4624=ORIENTED_EDGE('',*,*,#3205,.T.);
#4625=ORIENTED_EDGE('',*,*,#3206,.T.);
#4626=ORIENTED_EDGE('',*,*,#3200,.T.);
#4627=ORIENTED_EDGE('',*,*,#3194,.T.);
#4628=ORIENTED_EDGE('',*,*,#3202,.T.);
#4629=ORIENTED_EDGE('',*,*,#3207,.T.);
#4630=ORIENTED_EDGE('',*,*,#3208,.T.);
#4631=ORIENTED_EDGE('',*,*,#3196,.T.);
#4632=ORIENTED_EDGE('',*,*,#3209,.T.);
#4633=ORIENTED_EDGE('',*,*,#3210,.T.);
#4634=ORIENTED_EDGE('',*,*,#3203,.T.);
#4635=ORIENTED_EDGE('',*,*,#3211,.T.);
#4636=ORIENTED_EDGE('',*,*,#3207,.F.);
#4637=ORIENTED_EDGE('',*,*,#3201,.F.);
#4638=ORIENTED_EDGE('',*,*,#3206,.F.);
#4639=ORIENTED_EDGE('',*,*,#3212,.T.);
#4640=ORIENTED_EDGE('',*,*,#3209,.F.);
#4641=ORIENTED_EDGE('',*,*,#3195,.T.);
#4642=ORIENTED_EDGE('',*,*,#3208,.F.);
#4643=ORIENTED_EDGE('',*,*,#3211,.F.);
#4644=ORIENTED_EDGE('',*,*,#3205,.F.);
#4645=ORIENTED_EDGE('',*,*,#3191,.T.);
#4646=ORIENTED_EDGE('',*,*,#3199,.T.);
#4647=ORIENTED_EDGE('',*,*,#3198,.T.);
#4648=ORIENTED_EDGE('',*,*,#3204,.T.);
#4649=ORIENTED_EDGE('',*,*,#3210,.F.);
#4650=ORIENTED_EDGE('',*,*,#3212,.F.);
#4651=ORIENTED_EDGE('',*,*,#3213,.F.);
#4652=ORIENTED_EDGE('',*,*,#3214,.T.);
#4653=ORIENTED_EDGE('',*,*,#3215,.F.);
#4654=ORIENTED_EDGE('',*,*,#3216,.F.);
#4655=ORIENTED_EDGE('',*,*,#3217,.F.);
#4656=ORIENTED_EDGE('',*,*,#3218,.F.);
#4657=ORIENTED_EDGE('',*,*,#3219,.F.);
#4658=ORIENTED_EDGE('',*,*,#3220,.F.);
#4659=ORIENTED_EDGE('',*,*,#3221,.F.);
#4660=ORIENTED_EDGE('',*,*,#3222,.F.);
#4661=ORIENTED_EDGE('',*,*,#3223,.F.);
#4662=ORIENTED_EDGE('',*,*,#3214,.F.);
#4663=ORIENTED_EDGE('',*,*,#3213,.T.);
#4664=ORIENTED_EDGE('',*,*,#3217,.T.);
#4665=ORIENTED_EDGE('',*,*,#3224,.F.);
#4666=ORIENTED_EDGE('',*,*,#3225,.T.);
#4667=ORIENTED_EDGE('',*,*,#3226,.F.);
#4668=ORIENTED_EDGE('',*,*,#3221,.T.);
#4669=ORIENTED_EDGE('',*,*,#3227,.F.);
#4670=ORIENTED_EDGE('',*,*,#3228,.F.);
#4671=ORIENTED_EDGE('',*,*,#3216,.T.);
#4672=ORIENTED_EDGE('',*,*,#3229,.T.);
#4673=ORIENTED_EDGE('',*,*,#3230,.T.);
#4674=ORIENTED_EDGE('',*,*,#3224,.T.);
#4675=ORIENTED_EDGE('',*,*,#3218,.T.);
#4676=ORIENTED_EDGE('',*,*,#3226,.T.);
#4677=ORIENTED_EDGE('',*,*,#3231,.T.);
#4678=ORIENTED_EDGE('',*,*,#3232,.T.);
#4679=ORIENTED_EDGE('',*,*,#3220,.T.);
#4680=ORIENTED_EDGE('',*,*,#3233,.T.);
#4681=ORIENTED_EDGE('',*,*,#3234,.T.);
#4682=ORIENTED_EDGE('',*,*,#3227,.T.);
#4683=ORIENTED_EDGE('',*,*,#3235,.T.);
#4684=ORIENTED_EDGE('',*,*,#3231,.F.);
#4685=ORIENTED_EDGE('',*,*,#3225,.F.);
#4686=ORIENTED_EDGE('',*,*,#3230,.F.);
#4687=ORIENTED_EDGE('',*,*,#3236,.T.);
#4688=ORIENTED_EDGE('',*,*,#3233,.F.);
#4689=ORIENTED_EDGE('',*,*,#3219,.T.);
#4690=ORIENTED_EDGE('',*,*,#3232,.F.);
#4691=ORIENTED_EDGE('',*,*,#3235,.F.);
#4692=ORIENTED_EDGE('',*,*,#3229,.F.);
#4693=ORIENTED_EDGE('',*,*,#3215,.T.);
#4694=ORIENTED_EDGE('',*,*,#3223,.T.);
#4695=ORIENTED_EDGE('',*,*,#3222,.T.);
#4696=ORIENTED_EDGE('',*,*,#3228,.T.);
#4697=ORIENTED_EDGE('',*,*,#3234,.F.);
#4698=ORIENTED_EDGE('',*,*,#3236,.F.);
#4699=B_SPLINE_SURFACE_WITH_KNOTS('',3,3,((#6839,#6840,#6841,#6842,#6843,
#6844,#6845,#6846,#6847,#6848,#6849,#6850,#6851,#6852),(#6853,#6854,#6855,
#6856,#6857,#6858,#6859,#6860,#6861,#6862,#6863,#6864,#6865,#6866),(#6867,
#6868,#6869,#6870,#6871,#6872,#6873,#6874,#6875,#6876,#6877,#6878,#6879,
#6880),(#6881,#6882,#6883,#6884,#6885,#6886,#6887,#6888,#6889,#6890,#6891,
#6892,#6893,#6894),(#6895,#6896,#6897,#6898,#6899,#6900,#6901,#6902,#6903,
#6904,#6905,#6906,#6907,#6908)),.UNSPECIFIED.,.F.,.F.,.F.,(4,1,4),(4,1,
1,1,1,1,1,1,1,1,1,4),(0.,0.571428571428571,1.),(0.126405182265045,0.129628459442885,
0.132851736620725,0.139298290976405,0.152191399687765,0.177977617110485,
0.229550051955924,0.255336269378643,0.281122486801363,0.306908704224083,
0.384267356492241,0.48741222618312),.UNSPECIFIED.);
#4700=B_SPLINE_SURFACE_WITH_KNOTS('',3,3,((#7000,#7001,#7002,#7003,#7004),
(#7005,#7006,#7007,#7008,#7009),(#7010,#7011,#7012,#7013,#7014),(#7015,
#7016,#7017,#7018,#7019),(#7020,#7021,#7022,#7023,#7024)),.UNSPECIFIED.,
 .F.,.F.,.F.,(4,1,4),(4,1,4),(0.,0.571428571428571,1.),(8.61395433204584E-16,
0.100774036432137,0.235139418341653),.UNSPECIFIED.);
#4701=B_SPLINE_SURFACE_WITH_KNOTS('',3,3,((#7090,#7091,#7092,#7093,#7094,
#7095),(#7096,#7097,#7098,#7099,#7100,#7101),(#7102,#7103,#7104,#7105,#7106,
#7107),(#7108,#7109,#7110,#7111,#7112,#7113),(#7114,#7115,#7116,#7117,#7118,
#7119)),.UNSPECIFIED.,.F.,.F.,.F.,(4,1,4),(4,1,1,4),(0.,0.571428571428571,
1.),(-1.5707963267949,-0.897597901025655,-0.448798950512828,6.90140450582281E-18),
 .UNSPECIFIED.);
#4702=B_SPLINE_SURFACE_WITH_KNOTS('',3,3,((#7127,#7128,#7129,#7130,#7131,
#7132,#7133),(#7134,#7135,#7136,#7137,#7138,#7139,#7140),(#7141,#7142,#7143,
#7144,#7145,#7146,#7147),(#7148,#7149,#7150,#7151,#7152,#7153,#7154),(#7155,
#7156,#7157,#7158,#7159,#7160,#7161)),.UNSPECIFIED.,.F.,.F.,.F.,(4,1,4),
(4,1,1,1,4),(-0.000243387330916071,0.571428571428571,1.00024388796143),
(-0.000243887961425175,0.448798950512828,0.673198425769241,1.12199737628207,
1.5707963267949),.UNSPECIFIED.);
#4703=B_SPLINE_SURFACE_WITH_KNOTS('',3,3,((#7204,#7205,#7206,#7207,#7208,
#7209,#7210,#7211,#7212,#7213,#7214,#7215,#7216,#7217),(#7218,#7219,#7220,
#7221,#7222,#7223,#7224,#7225,#7226,#7227,#7228,#7229,#7230,#7231),(#7232,
#7233,#7234,#7235,#7236,#7237,#7238,#7239,#7240,#7241,#7242,#7243,#7244,
#7245),(#7246,#7247,#7248,#7249,#7250,#7251,#7252,#7253,#7254,#7255,#7256,
#7257,#7258,#7259),(#7260,#7261,#7262,#7263,#7264,#7265,#7266,#7267,#7268,
#7269,#7270,#7271,#7272,#7273)),.UNSPECIFIED.,.F.,.F.,.F.,(4,1,4),(4,1,
1,1,1,1,1,1,1,1,1,4),(0.,0.571428571428571,1.),(0.126386306067577,0.129609583245417,
0.132832860423257,0.139279414778936,0.152172523490296,0.177958740913014,
0.229531175758451,0.255317393181169,0.281103610603887,0.306889828026605,
0.38424848029476,0.487393349985634),.UNSPECIFIED.);
#4704=B_SPLINE_SURFACE_WITH_KNOTS('',3,3,((#7365,#7366,#7367,#7368,#7369),
(#7370,#7371,#7372,#7373,#7374),(#7375,#7376,#7377,#7378,#7379),(#7380,
#7381,#7382,#7383,#7384),(#7385,#7386,#7387,#7388,#7389)),.UNSPECIFIED.,
 .F.,.F.,.F.,(4,1,4),(4,1,4),(0.,0.571428571428571,1.),(0.,0.134365383644942,
0.235139421378648),.UNSPECIFIED.);
#4705=B_SPLINE_SURFACE_WITH_KNOTS('',3,3,((#7455,#7456,#7457,#7458,#7459,
#7460),(#7461,#7462,#7463,#7464,#7465,#7466),(#7467,#7468,#7469,#7470,#7471,
#7472),(#7473,#7474,#7475,#7476,#7477,#7478),(#7479,#7480,#7481,#7482,#7483,
#7484)),.UNSPECIFIED.,.F.,.F.,.F.,(4,1,4),(4,1,1,4),(0.,0.571428571428571,
1.),(-1.5707963267949,-0.897597901025655,-0.448798950512828,2.07042135174687E-17),
 .UNSPECIFIED.);
#4706=B_SPLINE_SURFACE_WITH_KNOTS('',3,3,((#7492,#7493,#7494,#7495,#7496,
#7497,#7498),(#7499,#7500,#7501,#7502,#7503,#7504,#7505),(#7506,#7507,#7508,
#7509,#7510,#7511,#7512),(#7513,#7514,#7515,#7516,#7517,#7518,#7519),(#7520,
#7521,#7522,#7523,#7524,#7525,#7526)),.UNSPECIFIED.,.F.,.F.,.F.,(4,1,4),
(4,1,1,1,4),(-0.000261249608012874,0.571428571428571,1.00026170958172),
(-0.000261709581724452,0.224399475256414,0.673198425769241,1.12199737628207,
1.5707963267949),.UNSPECIFIED.);
#4707=B_SPLINE_SURFACE_WITH_KNOTS('',3,3,((#7766,#7767,#7768,#7769,#7770,
#7771),(#7772,#7773,#7774,#7775,#7776,#7777),(#7778,#7779,#7780,#7781,#7782,
#7783),(#7784,#7785,#7786,#7787,#7788,#7789),(#7790,#7791,#7792,#7793,#7794,
#7795),(#7796,#7797,#7798,#7799,#7800,#7801),(#7802,#7803,#7804,#7805,#7806,
#7807)),.UNSPECIFIED.,.F.,.F.,.F.,(4,1,1,1,4),(4,1,1,4),(-0.000539057198715815,
0.285714285714286,0.571428571428571,0.785714285714286,1.00056886904012),
(-0.000568869040124653,0.310603708622657,0.465905562933986,1.08768184921942),
 .UNSPECIFIED.);
#4708=B_SPLINE_SURFACE_WITH_KNOTS('',3,3,((#7857,#7858,#7859,#7860),(#7861,
#7862,#7863,#7864),(#7865,#7866,#7867,#7868),(#7869,#7870,#7871,#7872),
(#7873,#7874,#7875,#7876),(#7877,#7878,#7879,#7880)),.UNSPECIFIED.,.F.,
 .F.,.F.,(4,1,1,4),(4,4),(-0.000247562938114326,0.285714285714286,0.571428571428571,
1.),(-0.000247562938118752,0.0893528269067959),.UNSPECIFIED.);
#4709=B_SPLINE_SURFACE_WITH_KNOTS('',3,3,((#8363,#8364,#8365,#8366,#8367,
#8368,#8369,#8370,#8371,#8372),(#8373,#8374,#8375,#8376,#8377,#8378,#8379,
#8380,#8381,#8382),(#8383,#8384,#8385,#8386,#8387,#8388,#8389,#8390,#8391,
#8392),(#8393,#8394,#8395,#8396,#8397,#8398,#8399,#8400,#8401,#8402),(#8403,
#8404,#8405,#8406,#8407,#8408,#8409,#8410,#8411,#8412)),.UNSPECIFIED.,.F.,
 .F.,.F.,(4,1,4),(4,1,1,1,1,1,1,4),(0.,0.5,1.00008029642889),(-5.00499031057857,
-4.98787377269669,-4.9708375312437,-4.93676504833772,-4.86862008252576,
-4.73233015090184,-4.59604021927792,-4.05088049278224),.UNSPECIFIED.);
#4710=B_SPLINE_SURFACE_WITH_KNOTS('',3,3,((#8447,#8448,#8449,#8450,#8451,
#8452,#8453,#8454,#8455,#8456,#8457),(#8458,#8459,#8460,#8461,#8462,#8463,
#8464,#8465,#8466,#8467,#8468),(#8469,#8470,#8471,#8472,#8473,#8474,#8475,
#8476,#8477,#8478,#8479),(#8480,#8481,#8482,#8483,#8484,#8485,#8486,#8487,
#8488,#8489,#8490),(#8491,#8492,#8493,#8494,#8495,#8496,#8497,#8498,#8499,
#8500,#8501)),.UNSPECIFIED.,.F.,.F.,.F.,(4,1,4),(4,1,1,1,1,1,1,1,4),(0.,
0.5,1.00000012083896),(-5.17229502674441,-4.76298842937672,-4.62655289692082,
-4.49011736446492,-4.35368183200902,-4.28546406578107,-4.2513551826671,
-4.23430074111011,-4.21724629955312),.UNSPECIFIED.);
#4711=ADVANCED_FACE('',(#1303),#4699,.F.);
#4712=ADVANCED_FACE('',(#1304),#1233,.T.);
#4713=ADVANCED_FACE('',(#1305),#215,.F.);
#4714=ADVANCED_FACE('',(#1306),#53,.F.);
#4715=ADVANCED_FACE('',(#1307),#1234,.T.);
#4716=ADVANCED_FACE('',(#1308),#1235,.T.);
#4717=ADVANCED_FACE('',(#1309),#4700,.F.);
#4718=ADVANCED_FACE('',(#1310),#54,.F.);
#4719=ADVANCED_FACE('',(#1311),#55,.F.);
#4720=ADVANCED_FACE('',(#1312),#56,.F.);
#4721=ADVANCED_FACE('',(#1313),#216,.F.);
#4722=ADVANCED_FACE('',(#1314),#1236,.F.);
#4723=ADVANCED_FACE('',(#1315),#1237,.T.);
#4724=ADVANCED_FACE('',(#1316),#57,.F.);
#4725=ADVANCED_FACE('',(#1317),#1238,.T.);
#4726=ADVANCED_FACE('',(#1318),#4701,.T.);
#4727=ADVANCED_FACE('',(#1319),#1239,.F.);
#4728=ADVANCED_FACE('',(#1320),#4702,.T.);
#4729=ADVANCED_FACE('',(#1321),#1240,.T.);
#4730=ADVANCED_FACE('',(#1322),#1241,.T.);
#4731=ADVANCED_FACE('',(#1323),#1242,.T.);
#4732=ADVANCED_FACE('',(#1324),#58,.F.);
#4733=ADVANCED_FACE('',(#1325),#59,.F.);
#4734=ADVANCED_FACE('',(#1326),#60,.F.);
#4735=ADVANCED_FACE('',(#1327),#61,.F.);
#4736=ADVANCED_FACE('',(#1328),#62,.T.);
#4737=ADVANCED_FACE('',(#1329),#63,.F.);
#4738=ADVANCED_FACE('',(#1330),#64,.F.);
#4739=ADVANCED_FACE('',(#1331),#65,.T.);
#4740=ADVANCED_FACE('',(#1332),#4703,.F.);
#4741=ADVANCED_FACE('',(#1333),#1243,.T.);
#4742=ADVANCED_FACE('',(#1334),#217,.F.);
#4743=ADVANCED_FACE('',(#1335),#66,.F.);
#4744=ADVANCED_FACE('',(#1336),#1244,.T.);
#4745=ADVANCED_FACE('',(#1337),#1245,.T.);
#4746=ADVANCED_FACE('',(#1338),#4704,.F.);
#4747=ADVANCED_FACE('',(#1339),#67,.F.);
#4748=ADVANCED_FACE('',(#1340),#68,.F.);
#4749=ADVANCED_FACE('',(#1341),#69,.F.);
#4750=ADVANCED_FACE('',(#1342),#218,.F.);
#4751=ADVANCED_FACE('',(#1343),#1246,.F.);
#4752=ADVANCED_FACE('',(#1344),#1247,.T.);
#4753=ADVANCED_FACE('',(#1345),#70,.F.);
#4754=ADVANCED_FACE('',(#1346),#1248,.T.);
#4755=ADVANCED_FACE('',(#1347),#4705,.T.);
#4756=ADVANCED_FACE('',(#1348),#1249,.F.);
#4757=ADVANCED_FACE('',(#1349),#4706,.T.);
#4758=ADVANCED_FACE('',(#1350),#1250,.T.);
#4759=ADVANCED_FACE('',(#1351),#1251,.T.);
#4760=ADVANCED_FACE('',(#1352),#1252,.T.);
#4761=ADVANCED_FACE('',(#1353),#71,.F.);
#4762=ADVANCED_FACE('',(#1354),#72,.F.);
#4763=ADVANCED_FACE('',(#1355),#73,.F.);
#4764=ADVANCED_FACE('',(#1356),#74,.F.);
#4765=ADVANCED_FACE('',(#1357),#75,.T.);
#4766=ADVANCED_FACE('',(#1358),#76,.F.);
#4767=ADVANCED_FACE('',(#1359),#77,.F.);
#4768=ADVANCED_FACE('',(#1360),#78,.T.);
#4769=ADVANCED_FACE('',(#1361),#1253,.F.);
#4770=ADVANCED_FACE('',(#1362,#22),#79,.T.);
#4771=ADVANCED_FACE('',(#1363),#80,.T.);
#4772=ADVANCED_FACE('',(#1364),#81,.T.);
#4773=ADVANCED_FACE('',(#1365),#82,.F.);
#4774=ADVANCED_FACE('',(#1366),#83,.T.);
#4775=ADVANCED_FACE('',(#1367),#84,.T.);
#4776=ADVANCED_FACE('',(#1368),#85,.T.);
#4777=ADVANCED_FACE('',(#1369),#86,.T.);
#4778=ADVANCED_FACE('',(#1370),#87,.T.);
#4779=ADVANCED_FACE('',(#1371),#88,.T.);
#4780=ADVANCED_FACE('',(#1372),#89,.F.);
#4781=ADVANCED_FACE('',(#1373),#90,.T.);
#4782=ADVANCED_FACE('',(#1374),#1254,.F.);
#4783=ADVANCED_FACE('',(#1375),#91,.F.);
#4784=ADVANCED_FACE('',(#1376),#92,.F.);
#4785=ADVANCED_FACE('',(#1377),#93,.T.);
#4786=ADVANCED_FACE('',(#1378),#94,.T.);
#4787=ADVANCED_FACE('',(#1379),#95,.T.);
#4788=ADVANCED_FACE('',(#1380),#96,.F.);
#4789=ADVANCED_FACE('',(#1381),#97,.T.);
#4790=ADVANCED_FACE('',(#1382),#98,.T.);
#4791=ADVANCED_FACE('',(#1383),#99,.T.);
#4792=ADVANCED_FACE('',(#1384),#100,.T.);
#4793=ADVANCED_FACE('',(#1385),#101,.F.);
#4794=ADVANCED_FACE('',(#1386,#23,#24,#25),#102,.F.);
#4795=ADVANCED_FACE('',(#1387),#103,.F.);
#4796=ADVANCED_FACE('',(#1388,#26,#27),#104,.F.);
#4797=ADVANCED_FACE('',(#1389),#105,.F.);
#4798=ADVANCED_FACE('',(#1390),#219,.T.);
#4799=ADVANCED_FACE('',(#1391),#220,.T.);
#4800=ADVANCED_FACE('',(#1392),#1255,.T.);
#4801=ADVANCED_FACE('',(#1393),#4707,.F.);
#4802=ADVANCED_FACE('',(#1394),#1256,.T.);
#4803=ADVANCED_FACE('',(#1395),#4708,.F.);
#4804=ADVANCED_FACE('',(#1396,#28),#106,.T.);
#4805=ADVANCED_FACE('',(#1397),#1257,.F.);
#4806=ADVANCED_FACE('',(#1398),#107,.F.);
#4807=ADVANCED_FACE('',(#1399),#108,.F.);
#4808=ADVANCED_FACE('',(#1400),#1258,.T.);
#4809=ADVANCED_FACE('',(#1401),#1259,.T.);
#4810=ADVANCED_FACE('',(#1402),#109,.T.);
#4811=ADVANCED_FACE('',(#1403),#1260,.T.);
#4812=ADVANCED_FACE('',(#1404),#1261,.T.);
#4813=ADVANCED_FACE('',(#1405),#20,.T.);
#4814=ADVANCED_FACE('',(#1406),#110,.T.);
#4815=ADVANCED_FACE('',(#1407),#1262,.T.);
#4816=ADVANCED_FACE('',(#1408),#111,.T.);
#4817=ADVANCED_FACE('',(#1409),#112,.T.);
#4818=ADVANCED_FACE('',(#1410),#1263,.T.);
#4819=ADVANCED_FACE('',(#1411),#113,.T.);
#4820=ADVANCED_FACE('',(#1412),#1264,.T.);
#4821=ADVANCED_FACE('',(#1413),#114,.F.);
#4822=ADVANCED_FACE('',(#1414),#115,.F.);
#4823=ADVANCED_FACE('',(#1415),#1265,.T.);
#4824=ADVANCED_FACE('',(#1416),#116,.F.);
#4825=ADVANCED_FACE('',(#1417),#1266,.T.);
#4826=ADVANCED_FACE('',(#1418),#117,.F.);
#4827=ADVANCED_FACE('',(#1419),#1267,.T.);
#4828=ADVANCED_FACE('',(#1420,#29),#1268,.F.);
#4829=ADVANCED_FACE('',(#1421),#118,.F.);
#4830=ADVANCED_FACE('',(#1422),#1269,.T.);
#4831=ADVANCED_FACE('',(#1423),#1270,.T.);
#4832=ADVANCED_FACE('',(#1424),#21,.T.);
#4833=ADVANCED_FACE('',(#1425),#1271,.T.);
#4834=ADVANCED_FACE('',(#1426),#1272,.T.);
#4835=ADVANCED_FACE('',(#1427),#1273,.F.);
#4836=ADVANCED_FACE('',(#1428),#119,.T.);
#4837=ADVANCED_FACE('',(#1429),#1274,.F.);
#4838=ADVANCED_FACE('',(#1430),#221,.F.);
#4839=ADVANCED_FACE('',(#1431),#120,.F.);
#4840=ADVANCED_FACE('',(#1432),#1275,.F.);
#4841=ADVANCED_FACE('',(#1433),#121,.F.);
#4842=ADVANCED_FACE('',(#1434),#4709,.F.);
#4843=ADVANCED_FACE('',(#1435),#1276,.T.);
#4844=ADVANCED_FACE('',(#1436),#4710,.F.);
#4845=ADVANCED_FACE('',(#1437),#1277,.T.);
#4846=ADVANCED_FACE('',(#1438),#1278,.T.);
#4847=ADVANCED_FACE('',(#1439),#1279,.T.);
#4848=ADVANCED_FACE('',(#1440),#1280,.T.);
#4849=ADVANCED_FACE('',(#1441),#122,.T.);
#4850=ADVANCED_FACE('',(#1442),#1281,.T.);
#4851=ADVANCED_FACE('',(#1443),#1282,.T.);
#4852=ADVANCED_FACE('',(#1444),#1283,.T.);
#4853=ADVANCED_FACE('',(#1445),#123,.F.);
#4854=ADVANCED_FACE('',(#1446),#1284,.F.);
#4855=ADVANCED_FACE('',(#1447),#1285,.T.);
#4856=ADVANCED_FACE('',(#1448),#1286,.T.);
#4857=ADVANCED_FACE('',(#1449),#124,.T.);
#4858=ADVANCED_FACE('',(#1450),#125,.F.);
#4859=ADVANCED_FACE('',(#1451),#1287,.F.);
#4860=ADVANCED_FACE('',(#1452),#19,.F.);
#4861=ADVANCED_FACE('',(#1453),#126,.T.);
#4862=ADVANCED_FACE('',(#1454),#127,.F.);
#4863=ADVANCED_FACE('',(#1455),#1288,.F.);
#4864=ADVANCED_FACE('',(#1456),#1289,.F.);
#4865=ADVANCED_FACE('',(#1457),#1290,.F.);
#4866=ADVANCED_FACE('',(#1458,#30,#31),#128,.F.);
#4867=ADVANCED_FACE('',(#1459),#129,.F.);
#4868=ADVANCED_FACE('',(#1460),#130,.F.);
#4869=ADVANCED_FACE('',(#1461),#131,.F.);
#4870=ADVANCED_FACE('',(#1462),#132,.F.);
#4871=ADVANCED_FACE('',(#1463),#133,.F.);
#4872=ADVANCED_FACE('',(#1464),#134,.F.);
#4873=ADVANCED_FACE('',(#1465),#135,.F.);
#4874=ADVANCED_FACE('',(#1466),#136,.F.);
#4875=ADVANCED_FACE('',(#1467),#137,.F.);
#4876=ADVANCED_FACE('',(#1468),#138,.F.);
#4877=ADVANCED_FACE('',(#1469),#139,.F.);
#4878=ADVANCED_FACE('',(#1470),#1291,.F.);
#4879=ADVANCED_FACE('',(#1471),#140,.T.);
#4880=ADVANCED_FACE('',(#1472),#141,.F.);
#4881=ADVANCED_FACE('',(#1473),#142,.F.);
#4882=ADVANCED_FACE('',(#1474),#143,.F.);
#4883=ADVANCED_FACE('',(#1475),#144,.F.);
#4884=ADVANCED_FACE('',(#1476),#145,.F.);
#4885=ADVANCED_FACE('',(#1477),#146,.F.);
#4886=ADVANCED_FACE('',(#1478),#147,.F.);
#4887=ADVANCED_FACE('',(#1479),#148,.F.);
#4888=ADVANCED_FACE('',(#1480),#149,.T.);
#4889=ADVANCED_FACE('',(#1481),#150,.T.);
#4890=ADVANCED_FACE('',(#1482),#151,.T.);
#4891=ADVANCED_FACE('',(#1483),#152,.F.);
#4892=ADVANCED_FACE('',(#1484),#153,.F.);
#4893=ADVANCED_FACE('',(#1485),#154,.F.);
#4894=ADVANCED_FACE('',(#1486),#155,.F.);
#4895=ADVANCED_FACE('',(#1487),#156,.F.);
#4896=ADVANCED_FACE('',(#1488),#157,.F.);
#4897=ADVANCED_FACE('',(#1489),#158,.F.);
#4898=ADVANCED_FACE('',(#1490),#159,.F.);
#4899=ADVANCED_FACE('',(#1491),#160,.F.);
#4900=ADVANCED_FACE('',(#1492),#161,.F.);
#4901=ADVANCED_FACE('',(#1493),#162,.F.);
#4902=ADVANCED_FACE('',(#1494),#163,.F.);
#4903=ADVANCED_FACE('',(#1495),#1292,.F.);
#4904=ADVANCED_FACE('',(#1496),#1293,.T.);
#4905=ADVANCED_FACE('',(#1497),#1294,.F.);
#4906=ADVANCED_FACE('',(#1498),#1295,.F.);
#4907=ADVANCED_FACE('',(#1499),#164,.T.);
#4908=ADVANCED_FACE('',(#1500),#165,.T.);
#4909=ADVANCED_FACE('',(#1501),#166,.T.);
#4910=ADVANCED_FACE('',(#1502),#167,.F.);
#4911=ADVANCED_FACE('',(#1503),#168,.F.);
#4912=ADVANCED_FACE('',(#1504),#169,.F.);
#4913=ADVANCED_FACE('',(#1505),#170,.T.);
#4914=ADVANCED_FACE('',(#1506),#171,.T.);
#4915=ADVANCED_FACE('',(#1507),#172,.T.);
#4916=ADVANCED_FACE('',(#1508),#173,.F.);
#4917=ADVANCED_FACE('',(#1509),#174,.T.);
#4918=ADVANCED_FACE('',(#1510),#175,.T.);
#4919=ADVANCED_FACE('',(#1511),#176,.T.);
#4920=ADVANCED_FACE('',(#1512),#1296,.F.);
#4921=ADVANCED_FACE('',(#1513),#1297,.F.);
#4922=ADVANCED_FACE('',(#1514),#1298,.F.);
#4923=ADVANCED_FACE('',(#1515),#177,.F.);
#4924=ADVANCED_FACE('',(#1516),#1299,.F.);
#4925=ADVANCED_FACE('',(#1517),#178,.F.);
#4926=ADVANCED_FACE('',(#1518),#179,.F.);
#4927=ADVANCED_FACE('',(#1519),#180,.F.);
#4928=ADVANCED_FACE('',(#1520),#181,.F.);
#4929=ADVANCED_FACE('',(#1521),#182,.F.);
#4930=ADVANCED_FACE('',(#1522),#183,.F.);
#4931=ADVANCED_FACE('',(#1523),#184,.T.);
#4932=ADVANCED_FACE('',(#1524),#185,.F.);
#4933=ADVANCED_FACE('',(#1525),#1300,.F.);
#4934=ADVANCED_FACE('',(#1526,#32),#186,.T.);
#4935=ADVANCED_FACE('',(#1527),#187,.F.);
#4936=ADVANCED_FACE('',(#1528),#188,.F.);
#4937=ADVANCED_FACE('',(#1529),#189,.F.);
#4938=ADVANCED_FACE('',(#1530),#190,.F.);
#4939=ADVANCED_FACE('',(#1531,#33),#191,.F.);
#4940=ADVANCED_FACE('',(#1532),#192,.F.);
#4941=ADVANCED_FACE('',(#1533),#193,.F.);
#4942=ADVANCED_FACE('',(#1534),#194,.F.);
#4943=ADVANCED_FACE('',(#1535,#34),#195,.F.);
#4944=ADVANCED_FACE('',(#1536),#196,.F.);
#4945=ADVANCED_FACE('',(#1537),#1301,.T.);
#4946=ADVANCED_FACE('',(#1538),#197,.T.);
#4947=ADVANCED_FACE('',(#1539),#198,.F.);
#4948=ADVANCED_FACE('',(#1540),#199,.F.);
#4949=ADVANCED_FACE('',(#1541),#200,.T.);
#4950=ADVANCED_FACE('',(#1542),#201,.F.);
#4951=ADVANCED_FACE('',(#1543),#202,.F.);
#4952=ADVANCED_FACE('',(#1544),#203,.F.);
#4953=ADVANCED_FACE('',(#1545),#204,.F.);
#4954=ADVANCED_FACE('',(#1546),#205,.F.);
#4955=ADVANCED_FACE('',(#1547),#1302,.T.);
#4956=ADVANCED_FACE('',(#1548),#206,.T.);
#4957=ADVANCED_FACE('',(#1549),#207,.F.);
#4958=ADVANCED_FACE('',(#1550),#208,.F.);
#4959=ADVANCED_FACE('',(#1551),#209,.T.);
#4960=ADVANCED_FACE('',(#1552),#210,.F.);
#4961=ADVANCED_FACE('',(#1553),#211,.F.);
#4962=ADVANCED_FACE('',(#1554),#212,.F.);
#4963=ADVANCED_FACE('',(#1555),#213,.F.);
#4964=ADVANCED_FACE('',(#1556),#214,.F.);
#4965=CLOSED_SHELL('',(#4711,#4712,#4713,#4714,#4715,#4716,#4717,#4718,
#4719,#4720,#4721,#4722,#4723,#4724,#4725,#4726,#4727,#4728,#4729,#4730,
#4731,#4732,#4733,#4734,#4735,#4736,#4737,#4738,#4739));
#4966=CLOSED_SHELL('',(#4740,#4741,#4742,#4743,#4744,#4745,#4746,#4747,
#4748,#4749,#4750,#4751,#4752,#4753,#4754,#4755,#4756,#4757,#4758,#4759,
#4760,#4761,#4762,#4763,#4764,#4765,#4766,#4767,#4768));
#4967=CLOSED_SHELL('',(#4769,#4770,#4771,#4772,#4773,#4774,#4775,#4776,
#4777,#4778,#4779,#4780,#4781,#4782,#4783,#4784,#4785,#4786,#4787,#4788,
#4789,#4790,#4791,#4792,#4793,#4794,#4795,#4796,#4797));
#4968=CLOSED_SHELL('',(#4798,#4799,#4800,#4801,#4802,#4803,#4804,#4805,
#4806,#4807,#4808,#4809,#4810,#4811,#4812,#4813,#4814,#4815,#4816,#4817,
#4818,#4819,#4820,#4821,#4822,#4823,#4824,#4825,#4826,#4827,#4828,#4829,
#4830,#4831,#4832,#4833,#4834,#4835,#4836,#4837,#4838,#4839,#4840,#4841,
#4842,#4843,#4844,#4845,#4846,#4847,#4848,#4849,#4850,#4851,#4852,#4853,
#4854,#4855,#4856,#4857,#4858,#4859,#4860,#4861,#4862,#4863,#4864,#4865,
#4866,#4867,#4868,#4869,#4870,#4871,#4872,#4873,#4874,#4875,#4876,#4877,
#4878,#4879,#4880,#4881,#4882,#4883,#4884,#4885,#4886,#4887,#4888,#4889,
#4890,#4891,#4892,#4893,#4894,#4895,#4896,#4897,#4898,#4899,#4900,#4901,
#4902,#4903,#4904,#4905,#4906,#4907,#4908,#4909,#4910,#4911,#4912,#4913,
#4914,#4915,#4916,#4917,#4918,#4919,#4920,#4921,#4922,#4923,#4924,#4925,
#4926,#4927,#4928,#4929,#4930,#4931,#4932,#4933,#4934,#4935,#4936,#4937,
#4938,#4939,#4940,#4941,#4942,#4943,#4944));
#4969=CLOSED_SHELL('',(#4945,#4946,#4947,#4948,#4949,#4950,#4951,#4952,
#4953,#4954));
#4970=CLOSED_SHELL('',(#4955,#4956,#4957,#4958,#4959,#4960,#4961,#4962,
#4963,#4964));
#4971=DERIVED_UNIT_ELEMENT(#4975,1.);
#4972=DERIVED_UNIT_ELEMENT(#9194,-3.);
#4973=DERIVED_UNIT_ELEMENT(#4975,1.);
#4974=DERIVED_UNIT_ELEMENT(#9194,-3.);
#4975=(
MASS_UNIT()
NAMED_UNIT(*)
SI_UNIT(.KILO.,.GRAM.)
);
#4976=DERIVED_UNIT((#4971,#4972));
#4977=DERIVED_UNIT((#4973,#4974));
#4978=MEASURE_REPRESENTATION_ITEM('density measure',
POSITIVE_RATIO_MEASURE(7850.),#4976);
#4979=MEASURE_REPRESENTATION_ITEM('density measure',
POSITIVE_RATIO_MEASURE(7850.),#4977);
#4980=PROPERTY_DEFINITION_REPRESENTATION(#4990,#4984);
#4981=PROPERTY_DEFINITION_REPRESENTATION(#4991,#4985);
#4982=PROPERTY_DEFINITION_REPRESENTATION(#4992,#4986);
#4983=PROPERTY_DEFINITION_REPRESENTATION(#4993,#4987);
#4984=REPRESENTATION('material name',(#4988),#9190);
#4985=REPRESENTATION('density',(#4978),#9190);
#4986=REPRESENTATION('material name',(#4989),#9191);
#4987=REPRESENTATION('density',(#4979),#9191);
#4988=DESCRIPTIVE_REPRESENTATION_ITEM('Steel','Steel');
#4989=DESCRIPTIVE_REPRESENTATION_ITEM('Steel','Steel');
#4990=PROPERTY_DEFINITION('material property','material name',#9210);
#4991=PROPERTY_DEFINITION('material property','density of part',#9210);
#4992=PROPERTY_DEFINITION('material property','material name',#9211);
#4993=PROPERTY_DEFINITION('material property','density of part',#9211);
#4994=AXIS2_PLACEMENT_3D('',#6837,#5445,#5446);
#4995=AXIS2_PLACEMENT_3D('',#6838,#5447,#5448);
#4996=AXIS2_PLACEMENT_3D('',#6911,#5449,#5450);
#4997=AXIS2_PLACEMENT_3D('',#6972,#5451,#5452);
#4998=AXIS2_PLACEMENT_3D('',#6975,#5453,#5454);
#4999=AXIS2_PLACEMENT_3D('',#6978,#5457,#5458);
#5000=AXIS2_PLACEMENT_3D('',#6980,#5459,#5460);
#5001=AXIS2_PLACEMENT_3D('',#6982,#5461,#5462);
#5002=AXIS2_PLACEMENT_3D('',#6983,#5463,#5464);
#5003=AXIS2_PLACEMENT_3D('',#6984,#5465,#5466);
#5004=AXIS2_PLACEMENT_3D('',#6990,#5469,#5470);
#5005=AXIS2_PLACEMENT_3D('',#6992,#5472,#5473);
#5006=AXIS2_PLACEMENT_3D('',#6995,#5475,#5476);
#5007=AXIS2_PLACEMENT_3D('',#6996,#5477,#5478);
#5008=AXIS2_PLACEMENT_3D('',#6999,#5480,#5481);
#5009=AXIS2_PLACEMENT_3D('',#7043,#5482,#5483);
#5010=AXIS2_PLACEMENT_3D('',#7049,#5487,#5488);
#5011=AXIS2_PLACEMENT_3D('',#7053,#5491,#5492);
#5012=AXIS2_PLACEMENT_3D('',#7057,#5495,#5496);
#5013=AXIS2_PLACEMENT_3D('',#7066,#5497,#5498);
#5014=AXIS2_PLACEMENT_3D('',#7067,#5499,#5500);
#5015=AXIS2_PLACEMENT_3D('',#7068,#5501,#5502);
#5016=AXIS2_PLACEMENT_3D('',#7070,#5504,#5505);
#5017=AXIS2_PLACEMENT_3D('',#7074,#5507,#5508);
#5018=AXIS2_PLACEMENT_3D('',#7077,#5510,#5511);
#5019=AXIS2_PLACEMENT_3D('',#7078,#5512,#5513);
#5020=AXIS2_PLACEMENT_3D('',#7082,#5516,#5517);
#5021=AXIS2_PLACEMENT_3D('',#7086,#5519,#5520);
#5022=AXIS2_PLACEMENT_3D('',#7089,#5522,#5523);
#5023=AXIS2_PLACEMENT_3D('',#7121,#5524,#5525);
#5024=AXIS2_PLACEMENT_3D('',#7122,#5526,#5527);
#5025=AXIS2_PLACEMENT_3D('',#7123,#5528,#5529);
#5026=AXIS2_PLACEMENT_3D('',#7125,#5530,#5531);
#5027=AXIS2_PLACEMENT_3D('',#7162,#5533,#5534);
#5028=AXIS2_PLACEMENT_3D('',#7163,#5535,#5536);
#5029=AXIS2_PLACEMENT_3D('',#7167,#5538,#5539);
#5030=AXIS2_PLACEMENT_3D('',#7169,#5541,#5542);
#5031=AXIS2_PLACEMENT_3D('',#7173,#5544,#5545);
#5032=AXIS2_PLACEMENT_3D('',#7175,#5547,#5548);
#5033=AXIS2_PLACEMENT_3D('',#7178,#5551,#5552);
#5034=AXIS2_PLACEMENT_3D('',#7186,#5557,#5558);
#5035=AXIS2_PLACEMENT_3D('',#7190,#5561,#5562);
#5036=AXIS2_PLACEMENT_3D('',#7196,#5566,#5567);
#5037=AXIS2_PLACEMENT_3D('',#7199,#5570,#5571);
#5038=AXIS2_PLACEMENT_3D('',#7201,#5573,#5574);
#5039=AXIS2_PLACEMENT_3D('',#7202,#5575,#5576);
#5040=AXIS2_PLACEMENT_3D('',#7203,#5577,#5578);
#5041=AXIS2_PLACEMENT_3D('',#7276,#5579,#5580);
#5042=AXIS2_PLACEMENT_3D('',#7337,#5581,#5582);
#5043=AXIS2_PLACEMENT_3D('',#7340,#5583,#5584);
#5044=AXIS2_PLACEMENT_3D('',#7343,#5587,#5588);
#5045=AXIS2_PLACEMENT_3D('',#7345,#5589,#5590);
#5046=AXIS2_PLACEMENT_3D('',#7347,#5591,#5592);
#5047=AXIS2_PLACEMENT_3D('',#7348,#5593,#5594);
#5048=AXIS2_PLACEMENT_3D('',#7349,#5595,#5596);
#5049=AXIS2_PLACEMENT_3D('',#7355,#5599,#5600);
#5050=AXIS2_PLACEMENT_3D('',#7357,#5602,#5603);
#5051=AXIS2_PLACEMENT_3D('',#7360,#5605,#5606);
#5052=AXIS2_PLACEMENT_3D('',#7361,#5607,#5608);
#5053=AXIS2_PLACEMENT_3D('',#7364,#5610,#5611);
#5054=AXIS2_PLACEMENT_3D('',#7408,#5612,#5613);
#5055=AXIS2_PLACEMENT_3D('',#7414,#5617,#5618);
#5056=AXIS2_PLACEMENT_3D('',#7418,#5621,#5622);
#5057=AXIS2_PLACEMENT_3D('',#7422,#5625,#5626);
#5058=AXIS2_PLACEMENT_3D('',#7431,#5627,#5628);
#5059=AXIS2_PLACEMENT_3D('',#7432,#5629,#5630);
#5060=AXIS2_PLACEMENT_3D('',#7433,#5631,#5632);
#5061=AXIS2_PLACEMENT_3D('',#7435,#5634,#5635);
#5062=AXIS2_PLACEMENT_3D('',#7439,#5637,#5638);
#5063=AXIS2_PLACEMENT_3D('',#7442,#5640,#5641);
#5064=AXIS2_PLACEMENT_3D('',#7443,#5642,#5643);
#5065=AXIS2_PLACEMENT_3D('',#7447,#5646,#5647);
#5066=AXIS2_PLACEMENT_3D('',#7451,#5649,#5650);
#5067=AXIS2_PLACEMENT_3D('',#7454,#5652,#5653);
#5068=AXIS2_PLACEMENT_3D('',#7486,#5654,#5655);
#5069=AXIS2_PLACEMENT_3D('',#7487,#5656,#5657);
#5070=AXIS2_PLACEMENT_3D('',#7488,#5658,#5659);
#5071=AXIS2_PLACEMENT_3D('',#7490,#5660,#5661);
#5072=AXIS2_PLACEMENT_3D('',#7527,#5663,#5664);
#5073=AXIS2_PLACEMENT_3D('',#7528,#5665,#5666);
#5074=AXIS2_PLACEMENT_3D('',#7532,#5668,#5669);
#5075=AXIS2_PLACEMENT_3D('',#7534,#5671,#5672);
#5076=AXIS2_PLACEMENT_3D('',#7538,#5674,#5675);
#5077=AXIS2_PLACEMENT_3D('',#7540,#5677,#5678);
#5078=AXIS2_PLACEMENT_3D('',#7543,#5681,#5682);
#5079=AXIS2_PLACEMENT_3D('',#7551,#5687,#5688);
#5080=AXIS2_PLACEMENT_3D('',#7555,#5691,#5692);
#5081=AXIS2_PLACEMENT_3D('',#7561,#5696,#5697);
#5082=AXIS2_PLACEMENT_3D('',#7564,#5700,#5701);
#5083=AXIS2_PLACEMENT_3D('',#7566,#5703,#5704);
#5084=AXIS2_PLACEMENT_3D('',#7567,#5705,#5706);
#5085=AXIS2_PLACEMENT_3D('',#7568,#5707,#5708);
#5086=AXIS2_PLACEMENT_3D('',#7569,#5709,#5710);
#5087=AXIS2_PLACEMENT_3D('',#7570,#5711,#5712);
#5088=AXIS2_PLACEMENT_3D('',#7572,#5713,#5714);
#5089=AXIS2_PLACEMENT_3D('',#7575,#5716,#5717);
#5090=AXIS2_PLACEMENT_3D('',#7576,#5718,#5719);
#5091=AXIS2_PLACEMENT_3D('',#7585,#5724,#5725);
#5092=AXIS2_PLACEMENT_3D('',#7591,#5729,#5730);
#5093=AXIS2_PLACEMENT_3D('',#7595,#5733,#5734);
#5094=AXIS2_PLACEMENT_3D('',#7608,#5741,#5742);
#5095=AXIS2_PLACEMENT_3D('',#7614,#5746,#5747);
#5096=AXIS2_PLACEMENT_3D('',#7620,#5751,#5752);
#5097=AXIS2_PLACEMENT_3D('',#7627,#5755,#5756);
#5098=AXIS2_PLACEMENT_3D('',#7631,#5760,#5761);
#5099=AXIS2_PLACEMENT_3D('',#7633,#5763,#5764);
#5100=AXIS2_PLACEMENT_3D('',#7639,#5768,#5769);
#5101=AXIS2_PLACEMENT_3D('',#7649,#5775,#5776);
#5102=AXIS2_PLACEMENT_3D('',#7653,#5779,#5780);
#5103=AXIS2_PLACEMENT_3D('',#7655,#5782,#5783);
#5104=AXIS2_PLACEMENT_3D('',#7657,#5784,#5785);
#5105=AXIS2_PLACEMENT_3D('',#7661,#5787,#5788);
#5106=AXIS2_PLACEMENT_3D('',#7664,#5790,#5791);
#5107=AXIS2_PLACEMENT_3D('',#7665,#5792,#5793);
#5108=AXIS2_PLACEMENT_3D('',#7669,#5796,#5797);
#5109=AXIS2_PLACEMENT_3D('',#7673,#5800,#5801);
#5110=AXIS2_PLACEMENT_3D('',#7677,#5804,#5805);
#5111=AXIS2_PLACEMENT_3D('',#7681,#5808,#5809);
#5112=AXIS2_PLACEMENT_3D('',#7683,#5811,#5812);
#5113=AXIS2_PLACEMENT_3D('',#7692,#5817,#5818);
#5114=AXIS2_PLACEMENT_3D('',#7698,#5822,#5823);
#5115=AXIS2_PLACEMENT_3D('',#7704,#5827,#5828);
#5116=AXIS2_PLACEMENT_3D('',#7707,#5831,#5832);
#5117=AXIS2_PLACEMENT_3D('',#7717,#5838,#5839);
#5118=AXIS2_PLACEMENT_3D('',#7726,#5844,#5845);
#5119=AXIS2_PLACEMENT_3D('',#7729,#5848,#5849);
#5120=AXIS2_PLACEMENT_3D('',#7731,#5851,#5852);
#5121=AXIS2_PLACEMENT_3D('',#7733,#5854,#5855);
#5122=AXIS2_PLACEMENT_3D('',#7734,#5856,#5857);
#5123=AXIS2_PLACEMENT_3D('',#7737,#5858,#5859);
#5124=AXIS2_PLACEMENT_3D('',#7739,#5860,#5861);
#5125=AXIS2_PLACEMENT_3D('',#7753,#5862,#5863);
#5126=AXIS2_PLACEMENT_3D('',#7754,#5864,#5865);
#5127=AXIS2_PLACEMENT_3D('',#7757,#5866,#5867);
#5128=AXIS2_PLACEMENT_3D('',#7758,#5868,#5869);
#5129=AXIS2_PLACEMENT_3D('',#7759,#5870,#5871);
#5130=AXIS2_PLACEMENT_3D('',#7760,#5872,#5873);
#5131=AXIS2_PLACEMENT_3D('',#7763,#5874,#5875);
#5132=AXIS2_PLACEMENT_3D('',#7810,#5878,#5879);
#5133=AXIS2_PLACEMENT_3D('',#7812,#5880,#5881);
#5134=AXIS2_PLACEMENT_3D('',#7814,#5882,#5883);
#5135=AXIS2_PLACEMENT_3D('',#7815,#5884,#5885);
#5136=AXIS2_PLACEMENT_3D('',#7816,#5886,#5887);
#5137=AXIS2_PLACEMENT_3D('',#7837,#5889,#5890);
#5138=AXIS2_PLACEMENT_3D('',#7910,#5894,#5895);
#5139=AXIS2_PLACEMENT_3D('',#7940,#5910,#5911);
#5140=AXIS2_PLACEMENT_3D('',#7942,#5912,#5913);
#5141=AXIS2_PLACEMENT_3D('',#7944,#5914,#5915);
#5142=AXIS2_PLACEMENT_3D('',#7946,#5916,#5917);
#5143=AXIS2_PLACEMENT_3D('',#7948,#5918,#5919);
#5144=AXIS2_PLACEMENT_3D('',#7950,#5920,#5921);
#5145=AXIS2_PLACEMENT_3D('',#7952,#5922,#5923);
#5146=AXIS2_PLACEMENT_3D('',#7954,#5924,#5925);
#5147=AXIS2_PLACEMENT_3D('',#7956,#5926,#5927);
#5148=AXIS2_PLACEMENT_3D('',#7958,#5928,#5929);
#5149=AXIS2_PLACEMENT_3D('',#7959,#5930,#5931);
#5150=AXIS2_PLACEMENT_3D('',#7960,#5932,#5933);
#5151=AXIS2_PLACEMENT_3D('',#7963,#5934,#5935);
#5152=AXIS2_PLACEMENT_3D('',#7966,#5937,#5938);
#5153=AXIS2_PLACEMENT_3D('',#7970,#5940,#5941);
#5154=AXIS2_PLACEMENT_3D('',#7974,#5943,#5944);
#5155=AXIS2_PLACEMENT_3D('',#7977,#5946,#5947);
#5156=AXIS2_PLACEMENT_3D('',#7981,#5949,#5950);
#5157=AXIS2_PLACEMENT_3D('',#7997,#5952,#5953);
#5158=AXIS2_PLACEMENT_3D('',#7999,#5954,#5955);
#5159=AXIS2_PLACEMENT_3D('',#8015,#5957,#5958);
#5160=AXIS2_PLACEMENT_3D('',#8016,#5959,#5960);
#5161=AXIS2_PLACEMENT_3D('',#8020,#5963,#5964);
#5162=AXIS2_PLACEMENT_3D('',#8024,#5967,#5968);
#5163=AXIS2_PLACEMENT_3D('',#8025,#5969,#5970);
#5164=AXIS2_PLACEMENT_3D('',#8026,#5971,#5972);
#5165=AXIS2_PLACEMENT_3D('',#8029,#5973,#5974);
#5166=AXIS2_PLACEMENT_3D('',#8033,#5976,#5977);
#5167=AXIS2_PLACEMENT_3D('',#8035,#5978,#5979);
#5168=AXIS2_PLACEMENT_3D('',#8037,#5981,#5982);
#5169=AXIS2_PLACEMENT_3D('',#8043,#5986,#5987);
#5170=AXIS2_PLACEMENT_3D('',#8046,#5988,#5989);
#5171=AXIS2_PLACEMENT_3D('',#8050,#5991,#5992);
#5172=AXIS2_PLACEMENT_3D('',#8052,#5994,#5995);
#5173=AXIS2_PLACEMENT_3D('',#8054,#5996,#5997);
#5174=AXIS2_PLACEMENT_3D('',#8058,#5999,#6000);
#5175=AXIS2_PLACEMENT_3D('',#8060,#6002,#6003);
#5176=AXIS2_PLACEMENT_3D('',#8061,#6004,#6005);
#5177=AXIS2_PLACEMENT_3D('',#8062,#6006,#6007);
#5178=AXIS2_PLACEMENT_3D('',#8070,#6012,#6013);
#5179=AXIS2_PLACEMENT_3D('',#8073,#6015,#6016);
#5180=AXIS2_PLACEMENT_3D('',#8074,#6017,#6018);
#5181=AXIS2_PLACEMENT_3D('',#8078,#6021,#6022);
#5182=AXIS2_PLACEMENT_3D('',#8082,#6025,#6026);
#5183=AXIS2_PLACEMENT_3D('',#8084,#6027,#6028);
#5184=AXIS2_PLACEMENT_3D('',#8087,#6030,#6031);
#5185=AXIS2_PLACEMENT_3D('',#8088,#6032,#6033);
#5186=AXIS2_PLACEMENT_3D('',#8090,#6034,#6035);
#5187=AXIS2_PLACEMENT_3D('',#8092,#6036,#6037);
#5188=AXIS2_PLACEMENT_3D('',#8093,#6038,#6039);
#5189=AXIS2_PLACEMENT_3D('',#8094,#6040,#6041);
#5190=AXIS2_PLACEMENT_3D('',#8096,#6042,#6043);
#5191=AXIS2_PLACEMENT_3D('',#8098,#6044,#6045);
#5192=AXIS2_PLACEMENT_3D('',#8100,#6047,#6048);
#5193=AXIS2_PLACEMENT_3D('',#8108,#6053,#6054);
#5194=AXIS2_PLACEMENT_3D('',#8116,#6059,#6060);
#5195=AXIS2_PLACEMENT_3D('',#8119,#6062,#6063);
#5196=AXIS2_PLACEMENT_3D('',#8120,#6064,#6065);
#5197=AXIS2_PLACEMENT_3D('',#8124,#6068,#6069);
#5198=AXIS2_PLACEMENT_3D('',#8127,#6072,#6073);
#5199=AXIS2_PLACEMENT_3D('',#8129,#6074,#6075);
#5200=AXIS2_PLACEMENT_3D('',#8133,#6077,#6078);
#5201=AXIS2_PLACEMENT_3D('',#8138,#6082,#6083);
#5202=AXIS2_PLACEMENT_3D('',#8153,#6084,#6085);
#5203=AXIS2_PLACEMENT_3D('',#8155,#6087,#6088);
#5204=AXIS2_PLACEMENT_3D('',#8172,#6090,#6091);
#5205=AXIS2_PLACEMENT_3D('',#8202,#6093,#6094);
#5206=AXIS2_PLACEMENT_3D('',#8206,#6096,#6097);
#5207=AXIS2_PLACEMENT_3D('',#8246,#6099,#6100);
#5208=AXIS2_PLACEMENT_3D('',#8272,#6109,#6110);
#5209=AXIS2_PLACEMENT_3D('',#8274,#6112,#6113);
#5210=AXIS2_PLACEMENT_3D('',#8276,#6114,#6115);
#5211=AXIS2_PLACEMENT_3D('',#8278,#6117,#6118);
#5212=AXIS2_PLACEMENT_3D('',#8280,#6119,#6120);
#5213=AXIS2_PLACEMENT_3D('',#8281,#6121,#6122);
#5214=AXIS2_PLACEMENT_3D('',#8282,#6123,#6124);
#5215=AXIS2_PLACEMENT_3D('',#8286,#6126,#6127);
#5216=AXIS2_PLACEMENT_3D('',#8288,#6129,#6130);
#5217=AXIS2_PLACEMENT_3D('',#8290,#6131,#6132);
#5218=AXIS2_PLACEMENT_3D('',#8292,#6134,#6135);
#5219=AXIS2_PLACEMENT_3D('',#8296,#6137,#6138);
#5220=AXIS2_PLACEMENT_3D('',#8298,#6140,#6141);
#5221=AXIS2_PLACEMENT_3D('',#8304,#6145,#6146);
#5222=AXIS2_PLACEMENT_3D('',#8307,#6147,#6148);
#5223=AXIS2_PLACEMENT_3D('',#8310,#6150,#6151);
#5224=AXIS2_PLACEMENT_3D('',#8312,#6153,#6154);
#5225=AXIS2_PLACEMENT_3D('',#8313,#6155,#6156);
#5226=AXIS2_PLACEMENT_3D('',#8314,#6157,#6158);
#5227=AXIS2_PLACEMENT_3D('',#8356,#6169,#6170);
#5228=AXIS2_PLACEMENT_3D('',#8357,#6171,#6172);
#5229=AXIS2_PLACEMENT_3D('',#8359,#6174,#6175);
#5230=AXIS2_PLACEMENT_3D('',#8435,#6178,#6179);
#5231=AXIS2_PLACEMENT_3D('',#8436,#6180,#6181);
#5232=AXIS2_PLACEMENT_3D('',#8437,#6182,#6183);
#5233=AXIS2_PLACEMENT_3D('',#8441,#6185,#6186);
#5234=AXIS2_PLACEMENT_3D('',#8445,#6188,#6189);
#5235=AXIS2_PLACEMENT_3D('',#8446,#6190,#6191);
#5236=AXIS2_PLACEMENT_3D('',#8503,#6192,#6193);
#5237=AXIS2_PLACEMENT_3D('',#8523,#6194,#6195);
#5238=AXIS2_PLACEMENT_3D('',#8524,#6196,#6197);
#5239=AXIS2_PLACEMENT_3D('',#8526,#6198,#6199);
#5240=AXIS2_PLACEMENT_3D('',#8528,#6200,#6201);
#5241=AXIS2_PLACEMENT_3D('',#8532,#6203,#6204);
#5242=AXIS2_PLACEMENT_3D('',#8534,#6206,#6207);
#5243=AXIS2_PLACEMENT_3D('',#8537,#6209,#6210);
#5244=AXIS2_PLACEMENT_3D('',#8538,#6211,#6212);
#5245=AXIS2_PLACEMENT_3D('',#8540,#6213,#6214);
#5246=AXIS2_PLACEMENT_3D('',#8568,#6216,#6217);
#5247=AXIS2_PLACEMENT_3D('',#8570,#6219,#6220);
#5248=AXIS2_PLACEMENT_3D('',#8571,#6221,#6222);
#5249=AXIS2_PLACEMENT_3D('',#8572,#6223,#6224);
#5250=AXIS2_PLACEMENT_3D('',#8574,#6225,#6226);
#5251=AXIS2_PLACEMENT_3D('',#8579,#6229,#6230);
#5252=AXIS2_PLACEMENT_3D('',#8583,#6232,#6233);
#5253=AXIS2_PLACEMENT_3D('',#8585,#6235,#6236);
#5254=AXIS2_PLACEMENT_3D('',#8589,#6238,#6239);
#5255=AXIS2_PLACEMENT_3D('',#8593,#6241,#6242);
#5256=AXIS2_PLACEMENT_3D('',#8598,#6245,#6246);
#5257=AXIS2_PLACEMENT_3D('',#8605,#6250,#6251);
#5258=AXIS2_PLACEMENT_3D('',#8612,#6255,#6256);
#5259=AXIS2_PLACEMENT_3D('',#8616,#6258,#6259);
#5260=AXIS2_PLACEMENT_3D('',#8618,#6261,#6262);
#5261=AXIS2_PLACEMENT_3D('',#8620,#6263,#6264);
#5262=AXIS2_PLACEMENT_3D('',#8624,#6266,#6267);
#5263=AXIS2_PLACEMENT_3D('',#8628,#6269,#6270);
#5264=AXIS2_PLACEMENT_3D('',#8632,#6272,#6273);
#5265=AXIS2_PLACEMENT_3D('',#8635,#6275,#6276);
#5266=AXIS2_PLACEMENT_3D('',#8636,#6277,#6278);
#5267=AXIS2_PLACEMENT_3D('',#8640,#6280,#6281);
#5268=AXIS2_PLACEMENT_3D('',#8641,#6282,#6283);
#5269=AXIS2_PLACEMENT_3D('',#8642,#6284,#6285);
#5270=AXIS2_PLACEMENT_3D('',#8644,#6287,#6288);
#5271=AXIS2_PLACEMENT_3D('',#8645,#6289,#6290);
#5272=AXIS2_PLACEMENT_3D('',#8646,#6291,#6292);
#5273=AXIS2_PLACEMENT_3D('',#8648,#6293,#6294);
#5274=AXIS2_PLACEMENT_3D('',#8652,#6296,#6297);
#5275=AXIS2_PLACEMENT_3D('',#8655,#6299,#6300);
#5276=AXIS2_PLACEMENT_3D('',#8656,#6301,#6302);
#5277=AXIS2_PLACEMENT_3D('',#8660,#6304,#6305);
#5278=AXIS2_PLACEMENT_3D('',#8662,#6306,#6307);
#5279=AXIS2_PLACEMENT_3D('',#8663,#6308,#6309);
#5280=AXIS2_PLACEMENT_3D('',#8664,#6310,#6311);
#5281=AXIS2_PLACEMENT_3D('',#8666,#6313,#6314);
#5282=AXIS2_PLACEMENT_3D('',#8667,#6315,#6316);
#5283=AXIS2_PLACEMENT_3D('',#8668,#6317,#6318);
#5284=AXIS2_PLACEMENT_3D('',#8669,#6319,#6320);
#5285=AXIS2_PLACEMENT_3D('',#8670,#6321,#6322);
#5286=AXIS2_PLACEMENT_3D('',#8671,#6323,#6324);
#5287=AXIS2_PLACEMENT_3D('',#8673,#6325,#6326);
#5288=AXIS2_PLACEMENT_3D('',#8677,#6328,#6329);
#5289=AXIS2_PLACEMENT_3D('',#8680,#6331,#6332);
#5290=AXIS2_PLACEMENT_3D('',#8696,#6333,#6334);
#5291=AXIS2_PLACEMENT_3D('',#8700,#6336,#6337);
#5292=AXIS2_PLACEMENT_3D('',#8701,#6338,#6339);
#5293=AXIS2_PLACEMENT_3D('',#8705,#6341,#6342);
#5294=AXIS2_PLACEMENT_3D('',#8706,#6343,#6344);
#5295=AXIS2_PLACEMENT_3D('',#8709,#6345,#6346);
#5296=AXIS2_PLACEMENT_3D('',#8713,#6348,#6349);
#5297=AXIS2_PLACEMENT_3D('',#8715,#6351,#6352);
#5298=AXIS2_PLACEMENT_3D('',#8719,#6354,#6355);
#5299=AXIS2_PLACEMENT_3D('',#8721,#6357,#6358);
#5300=AXIS2_PLACEMENT_3D('',#8725,#6360,#6361);
#5301=AXIS2_PLACEMENT_3D('',#8727,#6363,#6364);
#5302=AXIS2_PLACEMENT_3D('',#8764,#6385,#6386);
#5303=AXIS2_PLACEMENT_3D('',#8770,#6390,#6391);
#5304=AXIS2_PLACEMENT_3D('',#8776,#6395,#6396);
#5305=AXIS2_PLACEMENT_3D('',#8778,#6398,#6399);
#5306=AXIS2_PLACEMENT_3D('',#8780,#6401,#6402);
#5307=AXIS2_PLACEMENT_3D('',#8781,#6403,#6404);
#5308=AXIS2_PLACEMENT_3D('',#8787,#6408,#6409);
#5309=AXIS2_PLACEMENT_3D('',#8791,#6412,#6413);
#5310=AXIS2_PLACEMENT_3D('',#8795,#6416,#6417);
#5311=AXIS2_PLACEMENT_3D('',#8797,#6419,#6420);
#5312=AXIS2_PLACEMENT_3D('',#8798,#6421,#6422);
#5313=AXIS2_PLACEMENT_3D('',#8802,#6424,#6425);
#5314=AXIS2_PLACEMENT_3D('',#8803,#6426,#6427);
#5315=AXIS2_PLACEMENT_3D('',#8805,#6428,#6429);
#5316=AXIS2_PLACEMENT_3D('',#8806,#6430,#6431);
#5317=AXIS2_PLACEMENT_3D('',#8808,#6433,#6434);
#5318=AXIS2_PLACEMENT_3D('',#8816,#6439,#6440);
#5319=AXIS2_PLACEMENT_3D('',#8821,#6444,#6445);
#5320=AXIS2_PLACEMENT_3D('',#8823,#6447,#6448);
#5321=AXIS2_PLACEMENT_3D('',#8840,#6458,#6459);
#5322=AXIS2_PLACEMENT_3D('',#8846,#6463,#6464);
#5323=AXIS2_PLACEMENT_3D('',#8851,#6468,#6469);
#5324=AXIS2_PLACEMENT_3D('',#8852,#6470,#6471);
#5325=AXIS2_PLACEMENT_3D('',#8853,#6472,#6473);
#5326=AXIS2_PLACEMENT_3D('',#8857,#6476,#6477);
#5327=AXIS2_PLACEMENT_3D('',#8865,#6483,#6484);
#5328=AXIS2_PLACEMENT_3D('',#8868,#6487,#6488);
#5329=AXIS2_PLACEMENT_3D('',#8869,#6489,#6490);
#5330=AXIS2_PLACEMENT_3D('',#8870,#6491,#6492);
#5331=AXIS2_PLACEMENT_3D('',#8874,#6495,#6496);
#5332=AXIS2_PLACEMENT_3D('',#8880,#6500,#6501);
#5333=AXIS2_PLACEMENT_3D('',#8884,#6504,#6505);
#5334=AXIS2_PLACEMENT_3D('',#8886,#6507,#6508);
#5335=AXIS2_PLACEMENT_3D('',#8888,#6510,#6511);
#5336=AXIS2_PLACEMENT_3D('',#8889,#6512,#6513);
#5337=AXIS2_PLACEMENT_3D('',#8891,#6515,#6516);
#5338=AXIS2_PLACEMENT_3D('',#8892,#6517,#6518);
#5339=AXIS2_PLACEMENT_3D('',#8893,#6519,#6520);
#5340=AXIS2_PLACEMENT_3D('',#8895,#6522,#6523);
#5341=AXIS2_PLACEMENT_3D('',#8896,#6524,#6525);
#5342=AXIS2_PLACEMENT_3D('',#8898,#6526,#6527);
#5343=AXIS2_PLACEMENT_3D('',#8901,#6529,#6530);
#5344=AXIS2_PLACEMENT_3D('',#8902,#6531,#6532);
#5345=AXIS2_PLACEMENT_3D('',#8903,#6533,#6534);
#5346=AXIS2_PLACEMENT_3D('',#8904,#6535,#6536);
#5347=AXIS2_PLACEMENT_3D('',#8906,#6537,#6538);
#5348=AXIS2_PLACEMENT_3D('',#8909,#6540,#6541);
#5349=AXIS2_PLACEMENT_3D('',#8910,#6542,#6543);
#5350=AXIS2_PLACEMENT_3D('',#8912,#6544,#6545);
#5351=AXIS2_PLACEMENT_3D('',#8914,#6546,#6547);
#5352=AXIS2_PLACEMENT_3D('',#8916,#6549,#6550);
#5353=AXIS2_PLACEMENT_3D('',#8922,#6554,#6555);
#5354=AXIS2_PLACEMENT_3D('',#8928,#6559,#6560);
#5355=AXIS2_PLACEMENT_3D('',#8931,#6563,#6564);
#5356=AXIS2_PLACEMENT_3D('',#8934,#6565,#6566);
#5357=AXIS2_PLACEMENT_3D('',#8939,#6569,#6570);
#5358=AXIS2_PLACEMENT_3D('',#8941,#6572,#6573);
#5359=AXIS2_PLACEMENT_3D('',#8945,#6575,#6576);
#5360=AXIS2_PLACEMENT_3D('',#8948,#6578,#6579);
#5361=AXIS2_PLACEMENT_3D('',#8949,#6580,#6581);
#5362=AXIS2_PLACEMENT_3D('',#8952,#6582,#6583);
#5363=AXIS2_PLACEMENT_3D('',#8955,#6585,#6586);
#5364=AXIS2_PLACEMENT_3D('',#8958,#6588,#6589);
#5365=AXIS2_PLACEMENT_3D('',#8959,#6590,#6591);
#5366=AXIS2_PLACEMENT_3D('',#8960,#6592,#6593);
#5367=AXIS2_PLACEMENT_3D('',#8963,#6596,#6597);
#5368=AXIS2_PLACEMENT_3D('',#8966,#6600,#6601);
#5369=AXIS2_PLACEMENT_3D('',#8969,#6604,#6605);
#5370=AXIS2_PLACEMENT_3D('',#8971,#6606,#6607);
#5371=AXIS2_PLACEMENT_3D('',#8978,#6611,#6612);
#5372=AXIS2_PLACEMENT_3D('',#8979,#6613,#6614);
#5373=AXIS2_PLACEMENT_3D('',#8983,#6617,#6618);
#5374=AXIS2_PLACEMENT_3D('',#8987,#6621,#6622);
#5375=AXIS2_PLACEMENT_3D('',#8993,#6626,#6627);
#5376=AXIS2_PLACEMENT_3D('',#8996,#6629,#6630);
#5377=AXIS2_PLACEMENT_3D('',#8997,#6631,#6632);
#5378=AXIS2_PLACEMENT_3D('',#8998,#6633,#6634);
#5379=AXIS2_PLACEMENT_3D('',#8999,#6635,#6636);
#5380=AXIS2_PLACEMENT_3D('',#9000,#6637,#6638);
#5381=AXIS2_PLACEMENT_3D('',#9004,#6640,#6641);
#5382=AXIS2_PLACEMENT_3D('',#9006,#6643,#6644);
#5383=AXIS2_PLACEMENT_3D('',#9007,#6645,#6646);
#5384=AXIS2_PLACEMENT_3D('',#9011,#6648,#6649);
#5385=AXIS2_PLACEMENT_3D('',#9013,#6651,#6652);
#5386=AXIS2_PLACEMENT_3D('',#9022,#6657,#6658);
#5387=AXIS2_PLACEMENT_3D('',#9023,#6659,#6660);
#5388=AXIS2_PLACEMENT_3D('',#9027,#6662,#6663);
#5389=AXIS2_PLACEMENT_3D('',#9029,#6665,#6666);
#5390=AXIS2_PLACEMENT_3D('',#9035,#6670,#6671);
#5391=AXIS2_PLACEMENT_3D('',#9041,#6676,#6677);
#5392=AXIS2_PLACEMENT_3D('',#9047,#6681,#6682);
#5393=AXIS2_PLACEMENT_3D('',#9049,#6684,#6685);
#5394=AXIS2_PLACEMENT_3D('',#9052,#6688,#6689);
#5395=AXIS2_PLACEMENT_3D('',#9059,#6694,#6695);
#5396=AXIS2_PLACEMENT_3D('',#9060,#6696,#6697);
#5397=AXIS2_PLACEMENT_3D('',#9062,#6698,#6699);
#5398=AXIS2_PLACEMENT_3D('',#9064,#6701,#6702);
#5399=AXIS2_PLACEMENT_3D('',#9066,#6704,#6705);
#5400=AXIS2_PLACEMENT_3D('',#9067,#6706,#6707);
#5401=AXIS2_PLACEMENT_3D('',#9068,#6708,#6709);
#5402=AXIS2_PLACEMENT_3D('',#9069,#6710,#6711);
#5403=AXIS2_PLACEMENT_3D('',#9070,#6712,#6713);
#5404=AXIS2_PLACEMENT_3D('',#9072,#6715,#6716);
#5405=AXIS2_PLACEMENT_3D('',#9073,#6717,#6718);
#5406=AXIS2_PLACEMENT_3D('',#9074,#6719,#6720);
#5407=AXIS2_PLACEMENT_3D('',#9075,#6721,#6722);
#5408=AXIS2_PLACEMENT_3D('',#9078,#6725,#6726);
#5409=AXIS2_PLACEMENT_3D('',#9080,#6728,#6729);
#5410=AXIS2_PLACEMENT_3D('',#9082,#6731,#6732);
#5411=AXIS2_PLACEMENT_3D('',#9083,#6733,#6734);
#5412=AXIS2_PLACEMENT_3D('',#9085,#6735,#6736);
#5413=AXIS2_PLACEMENT_3D('',#9089,#6738,#6739);
#5414=AXIS2_PLACEMENT_3D('',#9093,#6741,#6742);
#5415=AXIS2_PLACEMENT_3D('',#9097,#6744,#6745);
#5416=AXIS2_PLACEMENT_3D('',#9101,#6747,#6748);
#5417=AXIS2_PLACEMENT_3D('',#9104,#6750,#6751);
#5418=AXIS2_PLACEMENT_3D('',#9105,#6752,#6753);
#5419=AXIS2_PLACEMENT_3D('',#9106,#6754,#6755);
#5420=AXIS2_PLACEMENT_3D('',#9112,#6759,#6760);
#5421=AXIS2_PLACEMENT_3D('',#9116,#6763,#6764);
#5422=AXIS2_PLACEMENT_3D('',#9120,#6767,#6768);
#5423=AXIS2_PLACEMENT_3D('',#9124,#6771,#6772);
#5424=AXIS2_PLACEMENT_3D('',#9128,#6775,#6776);
#5425=AXIS2_PLACEMENT_3D('',#9130,#6778,#6779);
#5426=AXIS2_PLACEMENT_3D('',#9132,#6781,#6782);
#5427=AXIS2_PLACEMENT_3D('',#9133,#6783,#6784);
#5428=AXIS2_PLACEMENT_3D('',#9135,#6785,#6786);
#5429=AXIS2_PLACEMENT_3D('',#9139,#6788,#6789);
#5430=AXIS2_PLACEMENT_3D('',#9143,#6791,#6792);
#5431=AXIS2_PLACEMENT_3D('',#9147,#6794,#6795);
#5432=AXIS2_PLACEMENT_3D('',#9151,#6797,#6798);
#5433=AXIS2_PLACEMENT_3D('',#9154,#6800,#6801);
#5434=AXIS2_PLACEMENT_3D('',#9155,#6802,#6803);
#5435=AXIS2_PLACEMENT_3D('',#9156,#6804,#6805);
#5436=AXIS2_PLACEMENT_3D('',#9162,#6809,#6810);
#5437=AXIS2_PLACEMENT_3D('',#9166,#6813,#6814);
#5438=AXIS2_PLACEMENT_3D('',#9170,#6817,#6818);
#5439=AXIS2_PLACEMENT_3D('',#9174,#6821,#6822);
#5440=AXIS2_PLACEMENT_3D('',#9178,#6825,#6826);
#5441=AXIS2_PLACEMENT_3D('',#9180,#6828,#6829);
#5442=AXIS2_PLACEMENT_3D('',#9182,#6831,#6832);
#5443=AXIS2_PLACEMENT_3D('',#9183,#6833,#6834);
#5444=AXIS2_PLACEMENT_3D('',#9184,#6835,#6836);
#5445=DIRECTION('axis',(0.,0.,1.));
#5446=DIRECTION('refdir',(1.,0.,0.));
#5447=DIRECTION('axis',(0.,0.,1.));
#5448=DIRECTION('refdir',(1.,0.,0.));
#5449=DIRECTION('center_axis',(0.,-1.,4.44089209850061E-15));
#5450=DIRECTION('ref_axis',(-1.,0.,0.));
#5451=DIRECTION('center_axis',(0.,1.,-2.4245538491082E-16));
#5452=DIRECTION('ref_axis',(-0.707106781186549,-1.71441846805635E-16,-0.707106781186546));
#5453=DIRECTION('center_axis',(-0.707106781186548,-0.707106781186548,0.));
#5454=DIRECTION('ref_axis',(-0.707106781186548,0.707106781186548,-2.94392336003208E-16));
#5455=DIRECTION('',(0.,-1.,2.4245538491082E-16));
#5456=DIRECTION('',(0.,1.,-2.4245538491082E-16));
#5457=DIRECTION('center_axis',(0.,-2.4245538491082E-16,-1.));
#5458=DIRECTION('ref_axis',(-1.,0.,0.));
#5459=DIRECTION('center_axis',(0.,-2.4245538491082E-16,-1.));
#5460=DIRECTION('ref_axis',(-0.704180172261644,0.71002132713994,-1.72148494166605E-16));
#5461=DIRECTION('center_axis',(-1.,0.,0.));
#5462=DIRECTION('ref_axis',(0.,-1.,0.));
#5463=DIRECTION('center_axis',(0.,2.4245538491082E-16,1.));
#5464=DIRECTION('ref_axis',(-0.704180172261644,0.71002132713994,-1.72148494166605E-16));
#5465=DIRECTION('center_axis',(0.,2.4245538491082E-16,1.));
#5466=DIRECTION('ref_axis',(1.,0.,0.));
#5467=DIRECTION('',(-1.,0.,0.));
#5468=DIRECTION('',(0.,1.,-2.4245538491082E-16));
#5469=DIRECTION('center_axis',(0.,-2.4245538491082E-16,-1.));
#5470=DIRECTION('ref_axis',(0.416042984547944,0.909344948305339,-2.20475579458081E-16));
#5471=DIRECTION('',(1.,0.,0.));
#5472=DIRECTION('center_axis',(-1.,0.,0.));
#5473=DIRECTION('ref_axis',(0.,0.707106781186549,-0.707106781186546));
#5474=DIRECTION('',(1.,0.,0.));
#5475=DIRECTION('center_axis',(0.707106781186548,-0.707106781186548,0.));
#5476=DIRECTION('ref_axis',(-0.707106781186548,-0.707106781186548,3.42883693611271E-16));
#5477=DIRECTION('center_axis',(0.,1.,-2.4245538491082E-16));
#5478=DIRECTION('ref_axis',(0.707106781186546,-1.71441846805636E-16,-0.707106781186549));
#5479=DIRECTION('',(0.,-1.,2.4245538491082E-16));
#5480=DIRECTION('center_axis',(0.,1.,0.));
#5481=DIRECTION('ref_axis',(1.,0.,0.));
#5482=DIRECTION('center_axis',(-1.,0.,0.));
#5483=DIRECTION('ref_axis',(0.,0.,1.));
#5484=DIRECTION('',(0.,-4.05741624797135E-16,-1.));
#5485=DIRECTION('',(0.,1.,-2.4245538491082E-16));
#5486=DIRECTION('',(0.,4.05741624797135E-16,1.));
#5487=DIRECTION('center_axis',(0.,-1.,4.05741624797135E-16));
#5488=DIRECTION('ref_axis',(0.,-4.05741624797135E-16,-1.));
#5489=DIRECTION('',(0.,4.05741624797135E-16,1.));
#5490=DIRECTION('',(1.,0.,0.));
#5491=DIRECTION('center_axis',(1.,0.,0.));
#5492=DIRECTION('ref_axis',(0.,0.,-1.));
#5493=DIRECTION('',(0.,2.50619696905136E-16,1.));
#5494=DIRECTION('',(0.,1.,-2.4245538491082E-16));
#5495=DIRECTION('center_axis',(0.,2.4245538491082E-16,1.));
#5496=DIRECTION('ref_axis',(1.,0.,0.));
#5497=DIRECTION('center_axis',(0.,2.4245538491082E-16,1.));
#5498=DIRECTION('ref_axis',(0.416042984547944,0.909344948305339,-2.20475579458081E-16));
#5499=DIRECTION('center_axis',(-1.,0.,0.));
#5500=DIRECTION('ref_axis',(0.,-1.,0.));
#5501=DIRECTION('center_axis',(-1.,0.,0.));
#5502=DIRECTION('ref_axis',(0.,-0.707106781186551,0.707106781186544));
#5503=DIRECTION('',(-1.,0.,0.));
#5504=DIRECTION('center_axis',(0.,2.50619696905136E-16,1.));
#5505=DIRECTION('ref_axis',(-0.707106781186548,0.707106781186548,-1.77214887180539E-16));
#5506=DIRECTION('',(0.,-2.50619696905136E-16,-1.));
#5507=DIRECTION('center_axis',(-1.24126707662364E-16,0.894427190999916,
-0.447213595499958));
#5508=DIRECTION('ref_axis',(0.,0.447213595499958,0.894427190999916));
#5509=DIRECTION('',(0.,2.50619696905136E-16,1.));
#5510=DIRECTION('center_axis',(0.,-2.4245538491082E-16,-1.));
#5511=DIRECTION('ref_axis',(-0.707106781186548,0.707106781186548,-1.71441846805635E-16));
#5512=DIRECTION('center_axis',(0.,-1.,2.50619696905136E-16));
#5513=DIRECTION('ref_axis',(0.,-2.50619696905136E-16,-1.));
#5514=DIRECTION('',(0.,2.50619696905136E-16,1.));
#5515=DIRECTION('',(1.,0.,0.));
#5516=DIRECTION('center_axis',(0.,-2.50619696905136E-16,-1.));
#5517=DIRECTION('ref_axis',(0.707106781186548,0.707106781186548,-1.77214887180539E-16));
#5518=DIRECTION('',(0.,2.50619696905136E-16,1.));
#5519=DIRECTION('center_axis',(0.,-2.4245538491082E-16,-1.));
#5520=DIRECTION('ref_axis',(0.707106781186548,0.707106781186548,-1.71441846805635E-16));
#5521=DIRECTION('',(0.,-2.50619696905136E-16,-1.));
#5522=DIRECTION('center_axis',(0.,0.894427190999916,-0.447213595499958));
#5523=DIRECTION('ref_axis',(0.,0.447213595499958,0.894427190999916));
#5524=DIRECTION('center_axis',(1.,0.,0.));
#5525=DIRECTION('ref_axis',(0.,-1.,5.55111512312579E-16));
#5526=DIRECTION('center_axis',(-2.48253415324727E-16,-0.447213595499958,
0.894427190999916));
#5527=DIRECTION('ref_axis',(0.,0.894427190999916,0.447213595499958));
#5528=DIRECTION('center_axis',(1.,0.,0.));
#5529=DIRECTION('ref_axis',(0.,-0.707106781186548,-0.707106781186547));
#5530=DIRECTION('center_axis',(1.,0.,0.));
#5531=DIRECTION('ref_axis',(0.,-1.,0.));
#5532=DIRECTION('',(-1.,0.,0.));
#5533=DIRECTION('center_axis',(-4.96506830649454E-16,-0.447213595499958,
0.894427190999916));
#5534=DIRECTION('ref_axis',(0.,0.894427190999916,0.447213595499958));
#5535=DIRECTION('center_axis',(0.,1.,-2.30319245459811E-16));
#5536=DIRECTION('ref_axis',(-0.707106781186548,1.62860300302401E-16,0.707106781186547));
#5537=DIRECTION('',(0.,1.,-2.30319245459811E-16));
#5538=DIRECTION('center_axis',(-0.707106781186547,-0.707106781186548,1.96261557335472E-16));
#5539=DIRECTION('ref_axis',(0.707106781186548,-0.707106781186547,1.2945904326933E-16));
#5540=DIRECTION('',(0.,-1.,2.30319245459811E-16));
#5541=DIRECTION('center_axis',(1.,0.,0.));
#5542=DIRECTION('ref_axis',(0.,0.707106781186548,0.707106781186547));
#5543=DIRECTION('',(1.,0.,0.));
#5544=DIRECTION('center_axis',(-0.707106781186547,0.707106781186548,4.9065389333868E-17));
#5545=DIRECTION('ref_axis',(-0.707106781186548,-0.707106781186547,-4.90653893338679E-17));
#5546=DIRECTION('',(-1.,0.,0.));
#5547=DIRECTION('center_axis',(0.,1.,-2.30319245459811E-16));
#5548=DIRECTION('ref_axis',(0.707106781186548,1.62860300302401E-16,0.707106781186547));
#5549=DIRECTION('',(0.,1.,-2.30319245459811E-16));
#5550=DIRECTION('',(0.,-1.,2.30319245459811E-16));
#5551=DIRECTION('center_axis',(1.,0.,0.));
#5552=DIRECTION('ref_axis',(0.,0.,-1.));
#5553=DIRECTION('',(0.,6.75163920609552E-16,1.));
#5554=DIRECTION('',(0.,1.,-2.30319245459811E-16));
#5555=DIRECTION('',(0.,-6.75163920609552E-16,-1.));
#5556=DIRECTION('',(0.,1.,-3.53256761976533E-16));
#5557=DIRECTION('center_axis',(0.,-1.,6.75163920609552E-16));
#5558=DIRECTION('ref_axis',(0.,-6.75163920609552E-16,-1.));
#5559=DIRECTION('',(0.,-6.75163920609552E-16,-1.));
#5560=DIRECTION('',(-1.,0.,0.));
#5561=DIRECTION('center_axis',(-1.,0.,0.));
#5562=DIRECTION('ref_axis',(0.,0.,1.));
#5563=DIRECTION('',(0.,1.,-3.53256761976533E-16));
#5564=DIRECTION('',(0.,6.75163920609552E-16,1.));
#5565=DIRECTION('',(0.,1.,-2.30319245459811E-16));
#5566=DIRECTION('center_axis',(0.,-2.4245538491082E-16,-1.));
#5567=DIRECTION('ref_axis',(-1.,0.,0.));
#5568=DIRECTION('',(-1.,0.,0.));
#5569=DIRECTION('',(-1.,0.,0.));
#5570=DIRECTION('center_axis',(0.,-1.,6.75163920609552E-16));
#5571=DIRECTION('ref_axis',(0.,-6.75163920609552E-16,-1.));
#5572=DIRECTION('',(1.,0.,0.));
#5573=DIRECTION('center_axis',(0.,2.30319245459811E-16,1.));
#5574=DIRECTION('ref_axis',(1.,0.,0.));
#5575=DIRECTION('center_axis',(0.,-2.30319245459811E-16,-1.));
#5576=DIRECTION('ref_axis',(-1.,0.,0.));
#5577=DIRECTION('center_axis',(0.,-1.,4.05741624797135E-16));
#5578=DIRECTION('ref_axis',(0.,-4.05741624797135E-16,-1.));
#5579=DIRECTION('center_axis',(0.,-1.,0.));
#5580=DIRECTION('ref_axis',(-1.,0.,0.));
#5581=DIRECTION('center_axis',(0.,1.,-2.4245538491082E-16));
#5582=DIRECTION('ref_axis',(-0.707106781186549,-1.71441846805635E-16,-0.707106781186546));
#5583=DIRECTION('center_axis',(-0.707106781186548,-0.707106781186548,0.));
#5584=DIRECTION('ref_axis',(-0.707106781186548,0.707106781186548,-2.94392336003208E-16));
#5585=DIRECTION('',(0.,-1.,2.4245538491082E-16));
#5586=DIRECTION('',(0.,1.,-2.4245538491082E-16));
#5587=DIRECTION('center_axis',(0.,-2.4245538491082E-16,-1.));
#5588=DIRECTION('ref_axis',(-1.,0.,0.));
#5589=DIRECTION('center_axis',(0.,-2.4245538491082E-16,-1.));
#5590=DIRECTION('ref_axis',(-0.70418017226146,0.710021327140123,-1.7214849416665E-16));
#5591=DIRECTION('center_axis',(-1.,0.,0.));
#5592=DIRECTION('ref_axis',(0.,-1.,0.));
#5593=DIRECTION('center_axis',(0.,2.4245538491082E-16,1.));
#5594=DIRECTION('ref_axis',(-0.70418017226146,0.710021327140123,-1.7214849416665E-16));
#5595=DIRECTION('center_axis',(0.,2.4245538491082E-16,1.));
#5596=DIRECTION('ref_axis',(1.,0.,0.));
#5597=DIRECTION('',(-1.,0.,0.));
#5598=DIRECTION('',(0.,1.,-2.4245538491082E-16));
#5599=DIRECTION('center_axis',(0.,-2.4245538491082E-16,-1.));
#5600=DIRECTION('ref_axis',(0.416042984547944,0.909344948305339,-2.20475579458081E-16));
#5601=DIRECTION('',(1.,0.,0.));
#5602=DIRECTION('center_axis',(-1.,0.,0.));
#5603=DIRECTION('ref_axis',(0.,0.707106781186548,-0.707106781186548));
#5604=DIRECTION('',(1.,0.,0.));
#5605=DIRECTION('center_axis',(0.707106781186549,-0.707106781186546,0.));
#5606=DIRECTION('ref_axis',(-0.707106781186546,-0.707106781186549,3.4288369361127E-16));
#5607=DIRECTION('center_axis',(0.,1.,-2.4245538491082E-16));
#5608=DIRECTION('ref_axis',(0.707106781186546,-1.71441846805636E-16,-0.707106781186549));
#5609=DIRECTION('',(0.,-1.,2.4245538491082E-16));
#5610=DIRECTION('center_axis',(0.,1.,0.));
#5611=DIRECTION('ref_axis',(1.,0.,0.));
#5612=DIRECTION('center_axis',(-1.,0.,0.));
#5613=DIRECTION('ref_axis',(0.,0.,1.));
#5614=DIRECTION('',(0.,-4.05741624797135E-16,-1.));
#5615=DIRECTION('',(0.,1.,-2.4245538491082E-16));
#5616=DIRECTION('',(0.,4.05741624797135E-16,1.));
#5617=DIRECTION('center_axis',(0.,-1.,4.05741624797135E-16));
#5618=DIRECTION('ref_axis',(0.,-4.05741624797135E-16,-1.));
#5619=DIRECTION('',(0.,4.05741624797135E-16,1.));
#5620=DIRECTION('',(1.,0.,0.));
#5621=DIRECTION('center_axis',(1.,0.,0.));
#5622=DIRECTION('ref_axis',(0.,0.,-1.));
#5623=DIRECTION('',(0.,2.50619696905136E-16,1.));
#5624=DIRECTION('',(0.,1.,-2.4245538491082E-16));
#5625=DIRECTION('center_axis',(0.,2.4245538491082E-16,1.));
#5626=DIRECTION('ref_axis',(1.,0.,0.));
#5627=DIRECTION('center_axis',(0.,2.4245538491082E-16,1.));
#5628=DIRECTION('ref_axis',(0.416042984547944,0.909344948305339,-2.20475579458081E-16));
#5629=DIRECTION('center_axis',(-1.,0.,0.));
#5630=DIRECTION('ref_axis',(0.,-1.,0.));
#5631=DIRECTION('center_axis',(-1.,0.,0.));
#5632=DIRECTION('ref_axis',(0.,-0.707106781186548,0.707106781186548));
#5633=DIRECTION('',(-1.,0.,0.));
#5634=DIRECTION('center_axis',(0.,2.50619696905136E-16,1.));
#5635=DIRECTION('ref_axis',(-0.707106781186548,0.707106781186547,-1.77214887180539E-16));
#5636=DIRECTION('',(0.,-2.50619696905136E-16,-1.));
#5637=DIRECTION('center_axis',(1.24126707662364E-15,0.894427190999916,-0.447213595499958));
#5638=DIRECTION('ref_axis',(0.,0.447213595499958,0.894427190999916));
#5639=DIRECTION('',(0.,2.50619696905136E-16,1.));
#5640=DIRECTION('center_axis',(0.,-2.4245538491082E-16,-1.));
#5641=DIRECTION('ref_axis',(-0.707106781186548,0.707106781186547,-1.71441846805635E-16));
#5642=DIRECTION('center_axis',(0.,-1.,2.50619696905136E-16));
#5643=DIRECTION('ref_axis',(0.,-2.50619696905136E-16,-1.));
#5644=DIRECTION('',(0.,2.50619696905136E-16,1.));
#5645=DIRECTION('',(1.,0.,0.));
#5646=DIRECTION('center_axis',(0.,-2.50619696905136E-16,-1.));
#5647=DIRECTION('ref_axis',(0.707106781186548,0.707106781186547,-1.77214887180539E-16));
#5648=DIRECTION('',(0.,2.50619696905136E-16,1.));
#5649=DIRECTION('center_axis',(0.,-2.4245538491082E-16,-1.));
#5650=DIRECTION('ref_axis',(0.707106781186548,0.707106781186547,-1.71441846805635E-16));
#5651=DIRECTION('',(0.,-2.50619696905136E-16,-1.));
#5652=DIRECTION('center_axis',(1.86190061493545E-15,0.894427190999916,-0.447213595499958));
#5653=DIRECTION('ref_axis',(0.,0.447213595499958,0.894427190999916));
#5654=DIRECTION('center_axis',(1.,0.,0.));
#5655=DIRECTION('ref_axis',(0.,-1.,-2.22044604925031E-15));
#5656=DIRECTION('center_axis',(-5.51233315270687E-31,-0.447213595499958,
0.894427190999916));
#5657=DIRECTION('ref_axis',(0.,0.894427190999916,0.447213595499958));
#5658=DIRECTION('center_axis',(1.,0.,0.));
#5659=DIRECTION('ref_axis',(0.,-0.707106781186548,-0.707106781186547));
#5660=DIRECTION('center_axis',(1.,0.,0.));
#5661=DIRECTION('ref_axis',(0.,-1.,0.));
#5662=DIRECTION('',(-1.,0.,0.));
#5663=DIRECTION('center_axis',(-2.48253415324727E-16,-0.447213595499958,
0.894427190999916));
#5664=DIRECTION('ref_axis',(0.,0.894427190999916,0.447213595499958));
#5665=DIRECTION('center_axis',(0.,1.,-2.30319245459811E-16));
#5666=DIRECTION('ref_axis',(-0.707106781186548,1.62860300302401E-16,0.707106781186547));
#5667=DIRECTION('',(0.,1.,-2.30319245459811E-16));
#5668=DIRECTION('center_axis',(-0.707106781186548,-0.707106781186548,0.));
#5669=DIRECTION('ref_axis',(0.707106781186547,-0.707106781186547,3.25720600604802E-16));
#5670=DIRECTION('',(0.,-1.,2.30319245459811E-16));
#5671=DIRECTION('center_axis',(1.,0.,0.));
#5672=DIRECTION('ref_axis',(0.,0.707106781186547,0.707106781186548));
#5673=DIRECTION('',(1.,0.,0.));
#5674=DIRECTION('center_axis',(-0.707106781186548,0.707106781186548,0.));
#5675=DIRECTION('ref_axis',(-0.707106781186547,-0.707106781186547,0.));
#5676=DIRECTION('',(-1.,0.,0.));
#5677=DIRECTION('center_axis',(0.,1.,-2.30319245459811E-16));
#5678=DIRECTION('ref_axis',(0.707106781186548,1.62860300302401E-16,0.707106781186547));
#5679=DIRECTION('',(0.,1.,-2.30319245459811E-16));
#5680=DIRECTION('',(0.,-1.,2.30319245459811E-16));
#5681=DIRECTION('center_axis',(1.,0.,0.));
#5682=DIRECTION('ref_axis',(0.,0.,-1.));
#5683=DIRECTION('',(0.,6.75163920609552E-16,1.));
#5684=DIRECTION('',(0.,1.,-2.30319245459811E-16));
#5685=DIRECTION('',(0.,-6.75163920609552E-16,-1.));
#5686=DIRECTION('',(0.,1.,-3.53256761976533E-16));
#5687=DIRECTION('center_axis',(0.,-1.,6.75163920609552E-16));
#5688=DIRECTION('ref_axis',(0.,-6.75163920609552E-16,-1.));
#5689=DIRECTION('',(0.,-6.75163920609552E-16,-1.));
#5690=DIRECTION('',(-1.,0.,0.));
#5691=DIRECTION('center_axis',(-1.,0.,0.));
#5692=DIRECTION('ref_axis',(0.,0.,1.));
#5693=DIRECTION('',(0.,1.,-3.53256761976533E-16));
#5694=DIRECTION('',(0.,6.75163920609552E-16,1.));
#5695=DIRECTION('',(0.,1.,-2.30319245459811E-16));
#5696=DIRECTION('center_axis',(0.,-2.4245538491082E-16,-1.));
#5697=DIRECTION('ref_axis',(-1.,0.,0.));
#5698=DIRECTION('',(-1.,0.,0.));
#5699=DIRECTION('',(-1.,0.,0.));
#5700=DIRECTION('center_axis',(0.,-1.,6.75163920609552E-16));
#5701=DIRECTION('ref_axis',(0.,-6.75163920609552E-16,-1.));
#5702=DIRECTION('',(1.,0.,0.));
#5703=DIRECTION('center_axis',(0.,2.30319245459811E-16,1.));
#5704=DIRECTION('ref_axis',(1.,0.,0.));
#5705=DIRECTION('center_axis',(0.,-2.30319245459811E-16,-1.));
#5706=DIRECTION('ref_axis',(-1.,0.,0.));
#5707=DIRECTION('center_axis',(0.,-1.,4.05741624797135E-16));
#5708=DIRECTION('ref_axis',(0.,-4.05741624797135E-16,-1.));
#5709=DIRECTION('axis',(0.,0.,1.));
#5710=DIRECTION('refdir',(1.,0.,0.));
#5711=DIRECTION('center_axis',(-3.84811749530591E-16,6.13621966995364E-16,
1.));
#5712=DIRECTION('ref_axis',(-1.22464682831702E-16,-1.,3.48020712838054E-16));
#5713=DIRECTION('center_axis',(3.94473079070134E-16,3.48020712838054E-16,
1.));
#5714=DIRECTION('ref_axis',(-1.22464682831702E-16,-1.,3.48020712838054E-16));
#5715=DIRECTION('',(-3.84811749530591E-16,6.13621966995364E-16,1.));
#5716=DIRECTION('center_axis',(0.,-2.55143167064149E-16,-1.));
#5717=DIRECTION('ref_axis',(-1.22464682831702E-16,-1.,3.48020712838054E-16));
#5718=DIRECTION('center_axis',(3.94473079070134E-16,3.48020712838054E-16,
1.));
#5719=DIRECTION('ref_axis',(1.,0.,-3.94473079070134E-16));
#5720=DIRECTION('',(-1.,1.35465870981093E-31,3.94473079070134E-16));
#5721=DIRECTION('',(0.,1.,-3.48020712838054E-16));
#5722=DIRECTION('',(1.,-1.35465870981093E-31,-3.94473079070134E-16));
#5723=DIRECTION('',(0.,-1.,3.48020712838054E-16));
#5724=DIRECTION('center_axis',(0.,1.,-3.43409672721946E-16));
#5725=DIRECTION('ref_axis',(0.,3.43409672721946E-16,1.));
#5726=DIRECTION('',(0.,3.43409672721946E-16,1.));
#5727=DIRECTION('',(1.,0.,0.));
#5728=DIRECTION('',(0.,-3.43409672721946E-16,-1.));
#5729=DIRECTION('center_axis',(-1.,0.,0.));
#5730=DIRECTION('ref_axis',(0.,0.,1.));
#5731=DIRECTION('',(0.,-3.43409672721946E-16,-1.));
#5732=DIRECTION('',(0.,1.,-2.55143167064149E-16));
#5733=DIRECTION('center_axis',(0.,1.,-3.43409672721946E-16));
#5734=DIRECTION('ref_axis',(0.,3.43409672721946E-16,1.));
#5735=DIRECTION('',(0.,-3.43409672721946E-16,-1.));
#5736=DIRECTION('',(1.,0.,0.));
#5737=DIRECTION('',(0.,3.43409672721946E-16,1.));
#5738=DIRECTION('',(-1.,0.,0.));
#5739=DIRECTION('',(0.,-3.43409672721946E-16,-1.));
#5740=DIRECTION('',(1.,0.,0.));
#5741=DIRECTION('center_axis',(-1.,0.,0.));
#5742=DIRECTION('ref_axis',(0.,0.,1.));
#5743=DIRECTION('',(0.,-1.,2.27919683902483E-16));
#5744=DIRECTION('',(0.,1.,-2.55143167064149E-16));
#5745=DIRECTION('',(0.,3.43409672721946E-16,1.));
#5746=DIRECTION('center_axis',(1.,0.,0.));
#5747=DIRECTION('ref_axis',(0.,0.,-1.));
#5748=DIRECTION('',(0.,-1.,2.55143167064149E-16));
#5749=DIRECTION('',(0.,-1.,4.35161638027164E-16));
#5750=DIRECTION('',(0.,-3.43409672721946E-16,-1.));
#5751=DIRECTION('center_axis',(0.,1.,-3.43409672721946E-16));
#5752=DIRECTION('ref_axis',(0.,3.43409672721946E-16,1.));
#5753=DIRECTION('',(0.,3.43409672721946E-16,1.));
#5754=DIRECTION('',(-1.,0.,0.));
#5755=DIRECTION('center_axis',(0.,1.,-3.43409672721946E-16));
#5756=DIRECTION('ref_axis',(1.,0.,0.));
#5757=DIRECTION('',(-1.,0.,0.));
#5758=DIRECTION('',(1.,0.,0.));
#5759=DIRECTION('',(-1.,0.,0.));
#5760=DIRECTION('center_axis',(0.,-4.35161638027164E-16,-1.));
#5761=DIRECTION('ref_axis',(-1.,0.,0.));
#5762=DIRECTION('',(0.,1.,-4.35161638027164E-16));
#5763=DIRECTION('center_axis',(0.,2.27919683902483E-16,1.));
#5764=DIRECTION('ref_axis',(1.,0.,0.));
#5765=DIRECTION('',(0.,1.,-2.27919683902483E-16));
#5766=DIRECTION('',(1.,0.,0.));
#5767=DIRECTION('',(0.,1.,-1.92061361458766E-16));
#5768=DIRECTION('center_axis',(0.,2.27919683902483E-16,1.));
#5769=DIRECTION('ref_axis',(1.,0.,0.));
#5770=DIRECTION('',(0.,-1.,1.92061361458766E-16));
#5771=DIRECTION('',(1.,0.,0.));
#5772=DIRECTION('',(0.,1.,-2.27919683902483E-16));
#5773=DIRECTION('',(-1.,0.,0.));
#5774=DIRECTION('',(0.,1.,-2.27919683902483E-16));
#5775=DIRECTION('center_axis',(0.,1.,-3.43409672721946E-16));
#5776=DIRECTION('ref_axis',(0.,3.43409672721946E-16,1.));
#5777=DIRECTION('',(0.,3.43409672721946E-16,1.));
#5778=DIRECTION('',(-1.,0.,0.));
#5779=DIRECTION('center_axis',(1.,0.,0.));
#5780=DIRECTION('ref_axis',(0.,0.,-1.));
#5781=DIRECTION('',(0.,-1.,2.55143167064149E-16));
#5782=DIRECTION('center_axis',(0.,1.,-1.92061361458766E-16));
#5783=DIRECTION('ref_axis',(6.12323399573677E-17,-1.92061361458766E-16,
-1.));
#5784=DIRECTION('center_axis',(0.,-1.,1.13155776346188E-15));
#5785=DIRECTION('ref_axis',(1.,0.,0.));
#5786=DIRECTION('',(0.,1.,-1.92061361458766E-16));
#5787=DIRECTION('center_axis',(0.,1.,-3.35324433846162E-16));
#5788=DIRECTION('ref_axis',(1.,0.,0.));
#5789=DIRECTION('',(0.,-1.,1.92061361458766E-16));
#5790=DIRECTION('center_axis',(0.,-1.,1.13155776346188E-15));
#5791=DIRECTION('ref_axis',(1.,0.,0.));
#5792=DIRECTION('center_axis',(0.,-1.,1.13155776346188E-15));
#5793=DIRECTION('ref_axis',(0.,-1.13155776346188E-15,-1.));
#5794=DIRECTION('',(-1.,0.,0.));
#5795=DIRECTION('',(0.,1.13155776346188E-15,1.));
#5796=DIRECTION('center_axis',(0.,-1.,1.13155776346188E-15));
#5797=DIRECTION('ref_axis',(0.,-1.13155776346188E-15,-1.));
#5798=DIRECTION('',(0.,-1.13155776346188E-15,-1.));
#5799=DIRECTION('',(-1.,0.,0.));
#5800=DIRECTION('center_axis',(1.,0.,0.));
#5801=DIRECTION('ref_axis',(0.,0.,-1.));
#5802=DIRECTION('',(0.,1.13155776346188E-15,1.));
#5803=DIRECTION('',(0.,1.,-2.55143167064149E-16));
#5804=DIRECTION('center_axis',(0.,-1.,1.13155776346188E-15));
#5805=DIRECTION('ref_axis',(0.,-1.13155776346188E-15,-1.));
#5806=DIRECTION('',(1.,0.,0.));
#5807=DIRECTION('',(0.,-1.13155776346188E-15,-1.));
#5808=DIRECTION('center_axis',(-1.,0.,0.));
#5809=DIRECTION('ref_axis',(0.,0.,1.));
#5810=DIRECTION('',(0.,-1.,2.55143167064149E-16));
#5811=DIRECTION('center_axis',(-1.,-6.12496792947311E-17,6.12323399573677E-17));
#5812=DIRECTION('ref_axis',(6.12323399573677E-17,0.,1.));
#5813=DIRECTION('',(6.12496792947311E-17,-1.,2.55143167064149E-16));
#5814=DIRECTION('',(-6.12323399573677E-17,-2.21981745717296E-16,-1.));
#5815=DIRECTION('',(-6.12496792947311E-17,1.,-2.55143167064149E-16));
#5816=DIRECTION('',(6.12323399573677E-17,2.21981745717296E-16,1.));
#5817=DIRECTION('center_axis',(-6.12150055286441E-17,1.,-2.21981745717296E-16));
#5818=DIRECTION('ref_axis',(0.,2.21981745717296E-16,1.));
#5819=DIRECTION('',(1.,6.12150055286441E-17,-1.56185903824277E-32));
#5820=DIRECTION('',(-1.,-6.12150055286441E-17,1.56185903824277E-32));
#5821=DIRECTION('',(-6.12323399573677E-17,-2.21981745717296E-16,-1.));
#5822=DIRECTION('center_axis',(-1.,-6.12496792947311E-17,6.12323399573677E-17));
#5823=DIRECTION('ref_axis',(6.12323399573677E-17,0.,1.));
#5824=DIRECTION('',(-6.12496792947311E-17,1.,-2.55143167064149E-16));
#5825=DIRECTION('',(6.12496792947311E-17,-1.,2.55143167064149E-16));
#5826=DIRECTION('',(6.12323399573677E-17,2.21981745717296E-16,1.));
#5827=DIRECTION('center_axis',(6.12150055286441E-17,-1.,2.21981745717296E-16));
#5828=DIRECTION('ref_axis',(0.,-2.21981745717296E-16,-1.));
#5829=DIRECTION('',(-1.,-6.12150055286441E-17,1.56185903824277E-32));
#5830=DIRECTION('',(1.,6.12150055286441E-17,-1.56185903824277E-32));
#5831=DIRECTION('center_axis',(0.,-1.,3.35324433846162E-16));
#5832=DIRECTION('ref_axis',(0.,-3.35324433846162E-16,-1.));
#5833=DIRECTION('',(-1.,0.,0.));
#5834=DIRECTION('',(0.,-3.35324433846162E-16,-1.));
#5835=DIRECTION('',(1.,0.,0.));
#5836=DIRECTION('',(0.,3.35324433846162E-16,1.));
#5837=DIRECTION('',(-1.,0.,0.));
#5838=DIRECTION('center_axis',(0.,-1.,3.35324433846162E-16));
#5839=DIRECTION('ref_axis',(0.,-3.35324433846162E-16,-1.));
#5840=DIRECTION('',(0.,-3.35324433846162E-16,-1.));
#5841=DIRECTION('',(-1.,0.,0.));
#5842=DIRECTION('',(0.,3.35324433846162E-16,1.));
#5843=DIRECTION('',(1.,0.,0.));
#5844=DIRECTION('center_axis',(0.,2.55143167064149E-16,1.));
#5845=DIRECTION('ref_axis',(1.,0.,0.));
#5846=DIRECTION('',(0.,1.,-2.55143167064149E-16));
#5847=DIRECTION('',(0.,1.,-2.55143167064149E-16));
#5848=DIRECTION('center_axis',(1.,0.,0.));
#5849=DIRECTION('ref_axis',(0.,0.,-1.));
#5850=DIRECTION('',(0.,1.,-2.55143167064149E-16));
#5851=DIRECTION('center_axis',(0.,-2.55143167064149E-16,-1.));
#5852=DIRECTION('ref_axis',(-1.,0.,0.));
#5853=DIRECTION('',(0.,1.,-2.55143167064149E-16));
#5854=DIRECTION('center_axis',(-1.,0.,0.));
#5855=DIRECTION('ref_axis',(0.,0.,1.));
#5856=DIRECTION('center_axis',(0.,0.,-1.));
#5857=DIRECTION('ref_axis',(-1.,0.,0.));
#5858=DIRECTION('center_axis',(0.824434350012501,-0.565957597810529,0.));
#5859=DIRECTION('ref_axis',(0.565957597810529,0.824434350012501,0.));
#5860=DIRECTION('center_axis',(0.,0.,1.));
#5861=DIRECTION('ref_axis',(-0.366885364187504,-0.930266160593302,0.));
#5862=DIRECTION('center_axis',(0.,0.,-1.));
#5863=DIRECTION('ref_axis',(-0.366885364187504,-0.930266160593302,0.));
#5864=DIRECTION('center_axis',(0.,0.,-1.));
#5865=DIRECTION('ref_axis',(-1.,0.,0.));
#5866=DIRECTION('center_axis',(0.,1.,0.));
#5867=DIRECTION('ref_axis',(-1.,0.,0.));
#5868=DIRECTION('center_axis',(0.,0.,-1.));
#5869=DIRECTION('ref_axis',(-0.46585534352923,0.884860892403582,0.));
#5870=DIRECTION('center_axis',(0.,0.,1.));
#5871=DIRECTION('ref_axis',(-0.46585534352923,0.884860892403582,0.));
#5872=DIRECTION('center_axis',(0.,-1.,0.));
#5873=DIRECTION('ref_axis',(-0.707106781186548,0.,0.707106781186548));
#5874=DIRECTION('center_axis',(0.,1.,0.));
#5875=DIRECTION('ref_axis',(-1.,0.,0.));
#5876=DIRECTION('',(0.,1.,0.));
#5877=DIRECTION('',(0.,-1.,0.));
#5878=DIRECTION('center_axis',(-1.,0.,0.));
#5879=DIRECTION('ref_axis',(0.,-0.419370187957974,-0.907815314616411));
#5880=DIRECTION('center_axis',(0.,0.,-1.));
#5881=DIRECTION('ref_axis',(5.06080911426458E-17,-1.,0.));
#5882=DIRECTION('center_axis',(0.215137310952735,-0.976583809734744,0.));
#5883=DIRECTION('ref_axis',(0.,0.,1.));
#5884=DIRECTION('center_axis',(0.,-0.2416439580707,0.970364981606368));
#5885=DIRECTION('ref_axis',(0.,-0.970364981606367,-0.2416439580707));
#5886=DIRECTION('center_axis',(1.,0.,0.));
#5887=DIRECTION('ref_axis',(0.,-0.976681963234805,0.214691272975423));
#5888=DIRECTION('',(1.,0.,0.));
#5889=DIRECTION('center_axis',(1.,0.,0.));
#5890=DIRECTION('ref_axis',(0.,-0.976681963234805,0.214691272975423));
#5891=DIRECTION('',(-1.,0.,0.));
#5892=DIRECTION('',(-1.,0.,0.));
#5893=DIRECTION('',(1.,0.,0.));
#5894=DIRECTION('center_axis',(0.,0.,1.));
#5895=DIRECTION('ref_axis',(0.,1.,0.));
#5896=DIRECTION('',(0.,-1.,0.));
#5897=DIRECTION('',(1.,0.,0.));
#5898=DIRECTION('',(0.,1.,0.));
#5899=DIRECTION('',(-1.,0.,0.));
#5900=DIRECTION('',(0.,-1.,0.));
#5901=DIRECTION('',(1.,0.,0.));
#5902=DIRECTION('',(0.,1.,0.));
#5903=DIRECTION('',(1.,0.,0.));
#5904=DIRECTION('',(0.,-1.,0.));
#5905=DIRECTION('',(1.,0.,0.));
#5906=DIRECTION('',(0.,-1.,0.));
#5907=DIRECTION('',(1.,0.,0.));
#5908=DIRECTION('',(0.,-1.,0.));
#5909=DIRECTION('',(1.,0.,0.));
#5910=DIRECTION('center_axis',(0.,0.,-1.));
#5911=DIRECTION('ref_axis',(1.,0.,0.));
#5912=DIRECTION('center_axis',(0.,0.,-1.));
#5913=DIRECTION('ref_axis',(1.,0.,0.));
#5914=DIRECTION('center_axis',(0.,0.,-1.));
#5915=DIRECTION('ref_axis',(1.,0.,0.));
#5916=DIRECTION('center_axis',(0.,0.,-1.));
#5917=DIRECTION('ref_axis',(1.,0.,0.));
#5918=DIRECTION('center_axis',(0.,0.,-1.));
#5919=DIRECTION('ref_axis',(1.,0.,0.));
#5920=DIRECTION('center_axis',(0.,0.,-1.));
#5921=DIRECTION('ref_axis',(1.,0.,0.));
#5922=DIRECTION('center_axis',(0.,0.,-1.));
#5923=DIRECTION('ref_axis',(1.,0.,0.));
#5924=DIRECTION('center_axis',(0.,0.,-1.));
#5925=DIRECTION('ref_axis',(1.,0.,0.));
#5926=DIRECTION('center_axis',(0.,0.,-1.));
#5927=DIRECTION('ref_axis',(1.,0.,0.));
#5928=DIRECTION('center_axis',(0.,0.,-1.));
#5929=DIRECTION('ref_axis',(1.,0.,0.));
#5930=DIRECTION('center_axis',(0.,0.,-1.));
#5931=DIRECTION('ref_axis',(1.,0.,0.));
#5932=DIRECTION('center_axis',(0.,0.,-1.));
#5933=DIRECTION('ref_axis',(1.,0.,0.));
#5934=DIRECTION('center_axis',(0.,0.,-1.));
#5935=DIRECTION('ref_axis',(1.,0.,0.));
#5936=DIRECTION('',(0.,0.,1.));
#5937=DIRECTION('center_axis',(0.,0.,-1.));
#5938=DIRECTION('ref_axis',(1.,0.,0.));
#5939=DIRECTION('',(0.,0.,-1.));
#5940=DIRECTION('center_axis',(0.,0.,-1.));
#5941=DIRECTION('ref_axis',(1.,0.,0.));
#5942=DIRECTION('',(0.,0.,-1.));
#5943=DIRECTION('center_axis',(0.,0.,1.));
#5944=DIRECTION('ref_axis',(1.,0.,0.));
#5945=DIRECTION('',(0.,0.,1.));
#5946=DIRECTION('center_axis',(0.,0.,-1.));
#5947=DIRECTION('ref_axis',(1.,0.,0.));
#5948=DIRECTION('',(0.,0.,-1.));
#5949=DIRECTION('center_axis',(0.,0.,-1.));
#5950=DIRECTION('ref_axis',(1.,0.,0.));
#5951=DIRECTION('',(0.,0.,1.));
#5952=DIRECTION('center_axis',(0.,-0.419370187957991,-0.907815314616403));
#5953=DIRECTION('ref_axis',(0.,-0.907815314616403,0.419370187957991));
#5954=DIRECTION('center_axis',(0.,-0.419370187957991,-0.907815314616403));
#5955=DIRECTION('ref_axis',(0.,-0.907815314616403,0.419370187957991));
#5956=DIRECTION('',(0.,0.,-1.));
#5957=DIRECTION('center_axis',(0.,0.,-1.));
#5958=DIRECTION('ref_axis',(1.,0.,0.));
#5959=DIRECTION('center_axis',(0.,0.419370187957991,0.907815314616403));
#5960=DIRECTION('ref_axis',(0.,-0.907815314616403,0.419370187957991));
#5961=DIRECTION('',(0.,-0.907815314616403,0.419370187957991));
#5962=DIRECTION('',(1.,0.,0.));
#5963=DIRECTION('center_axis',(0.,0.419370187957991,0.907815314616403));
#5964=DIRECTION('ref_axis',(0.,-0.907815314616403,0.419370187957991));
#5965=DIRECTION('',(1.,0.,0.));
#5966=DIRECTION('',(0.,-0.907815314616403,0.419370187957991));
#5967=DIRECTION('center_axis',(0.,-0.907815314616403,0.419370187957991));
#5968=DIRECTION('ref_axis',(-0.707106781186549,-0.296539503732572,-0.641922365030256));
#5969=DIRECTION('center_axis',(0.,-0.907815314616401,0.419370187957995));
#5970=DIRECTION('ref_axis',(-1.,0.,0.));
#5971=DIRECTION('center_axis',(0.,1.,0.));
#5972=DIRECTION('ref_axis',(0.707106781186548,0.,0.707106781186548));
#5973=DIRECTION('center_axis',(0.,1.,0.));
#5974=DIRECTION('ref_axis',(0.707106781186548,0.,0.707106781186548));
#5975=DIRECTION('',(0.,-1.,0.));
#5976=DIRECTION('center_axis',(0.,1.,0.));
#5977=DIRECTION('ref_axis',(0.707106781186548,0.,0.707106781186548));
#5978=DIRECTION('center_axis',(0.,-0.316227766016838,-0.948683298050514));
#5979=DIRECTION('ref_axis',(0.,-0.948683298050514,0.316227766016838));
#5980=DIRECTION('',(0.,1.,0.));
#5981=DIRECTION('center_axis',(1.,0.,0.));
#5982=DIRECTION('ref_axis',(0.,1.,0.));
#5983=DIRECTION('',(0.,0.948683298050514,-0.316227766016838));
#5984=DIRECTION('',(0.,1.,0.));
#5985=DIRECTION('',(0.,0.,1.));
#5986=DIRECTION('center_axis',(0.,0.,1.));
#5987=DIRECTION('ref_axis',(0.707106781186548,-0.707106781186547,0.));
#5988=DIRECTION('center_axis',(0.,0.,-1.));
#5989=DIRECTION('ref_axis',(1.,0.,0.));
#5990=DIRECTION('',(0.,0.,-1.));
#5991=DIRECTION('center_axis',(0.,0.,-1.));
#5992=DIRECTION('ref_axis',(0.707106781186548,-0.707106781186547,0.));
#5993=DIRECTION('',(0.,0.,1.));
#5994=DIRECTION('center_axis',(0.,1.,0.));
#5995=DIRECTION('ref_axis',(0.707106781186548,0.,0.707106781186548));
#5996=DIRECTION('center_axis',(0.,1.,0.));
#5997=DIRECTION('ref_axis',(0.,0.,1.));
#5998=DIRECTION('',(0.,1.,0.));
#5999=DIRECTION('center_axis',(0.,1.,0.));
#6000=DIRECTION('ref_axis',(0.707106781186548,0.,0.707106781186548));
#6001=DIRECTION('',(0.,-1.,0.));
#6002=DIRECTION('center_axis',(-0.408248290463862,-0.816496580927727,-0.408248290463863));
#6003=DIRECTION('ref_axis',(0.577350269189627,-0.577350269189623,0.577350269189627));
#6004=DIRECTION('center_axis',(1.,0.,0.));
#6005=DIRECTION('ref_axis',(0.,-0.707106781186546,0.707106781186549));
#6006=DIRECTION('center_axis',(0.,-1.,0.));
#6007=DIRECTION('ref_axis',(1.,0.,0.));
#6008=DIRECTION('',(1.,0.,0.));
#6009=DIRECTION('',(0.,0.,1.));
#6010=DIRECTION('',(0.,0.,1.));
#6011=DIRECTION('',(-1.,0.,0.));
#6012=DIRECTION('center_axis',(1.,0.,0.));
#6013=DIRECTION('ref_axis',(0.,-0.707106781186547,0.707106781186548));
#6014=DIRECTION('',(-1.,0.,0.));
#6015=DIRECTION('center_axis',(1.,0.,0.));
#6016=DIRECTION('ref_axis',(0.,-0.707106781186547,0.707106781186548));
#6017=DIRECTION('center_axis',(0.,0.,1.));
#6018=DIRECTION('ref_axis',(1.,0.,0.));
#6019=DIRECTION('',(1.,0.,0.));
#6020=DIRECTION('',(0.,-1.,0.));
#6021=DIRECTION('center_axis',(-1.,0.,0.));
#6022=DIRECTION('ref_axis',(0.,-1.,0.));
#6023=DIRECTION('',(0.,0.,1.));
#6024=DIRECTION('',(0.,1.,0.));
#6025=DIRECTION('center_axis',(-1.,0.,0.));
#6026=DIRECTION('ref_axis',(0.,0.707106781186548,0.707106781186548));
#6027=DIRECTION('center_axis',(-1.,0.,0.));
#6028=DIRECTION('ref_axis',(0.,0.,1.));
#6029=DIRECTION('',(-1.,0.,0.));
#6030=DIRECTION('center_axis',(-0.707106781186546,0.707106781186549,0.));
#6031=DIRECTION('ref_axis',(0.707106781186549,0.707106781186546,0.));
#6032=DIRECTION('center_axis',(0.,0.,1.));
#6033=DIRECTION('ref_axis',(0.,1.,0.));
#6034=DIRECTION('center_axis',(0.,0.,-1.));
#6035=DIRECTION('ref_axis',(1.,0.,0.));
#6036=DIRECTION('center_axis',(0.,0.,-1.));
#6037=DIRECTION('ref_axis',(1.,0.,0.));
#6038=DIRECTION('center_axis',(0.,0.,-1.));
#6039=DIRECTION('ref_axis',(1.,0.,0.));
#6040=DIRECTION('center_axis',(-1.,0.,0.));
#6041=DIRECTION('ref_axis',(0.,0.707106781186548,0.707106781186548));
#6042=DIRECTION('center_axis',(1.,0.,0.));
#6043=DIRECTION('ref_axis',(0.,0.707106781186548,0.707106781186548));
#6044=DIRECTION('center_axis',(1.,0.,0.));
#6045=DIRECTION('ref_axis',(0.,0.707106781186548,0.707106781186548));
#6046=DIRECTION('',(-1.,0.,0.));
#6047=DIRECTION('center_axis',(0.,-1.,0.));
#6048=DIRECTION('ref_axis',(1.,0.,0.));
#6049=DIRECTION('',(0.,0.,1.));
#6050=DIRECTION('',(1.,0.,0.));
#6051=DIRECTION('',(0.970142500145332,0.,-0.242535625036333));
#6052=DIRECTION('',(0.,0.,-1.));
#6053=DIRECTION('center_axis',(1.,0.,0.));
#6054=DIRECTION('ref_axis',(0.,0.,-1.));
#6055=DIRECTION('',(0.,7.40148683083438E-17,-1.));
#6056=DIRECTION('',(0.,0.948683298050514,-0.316227766016838));
#6057=DIRECTION('',(0.,0.,-1.));
#6058=DIRECTION('',(0.,1.,0.));
#6059=DIRECTION('center_axis',(0.,1.,0.));
#6060=DIRECTION('ref_axis',(0.707106781186549,0.,0.707106781186546));
#6061=DIRECTION('',(0.,1.,0.));
#6062=DIRECTION('center_axis',(0.,1.,0.));
#6063=DIRECTION('ref_axis',(0.707106781186549,0.,0.707106781186546));
#6064=DIRECTION('center_axis',(-1.,0.,0.));
#6065=DIRECTION('ref_axis',(0.,0.,1.));
#6066=DIRECTION('',(0.,1.,0.));
#6067=DIRECTION('',(0.,0.,1.));
#6068=DIRECTION('center_axis',(1.,0.,0.));
#6069=DIRECTION('ref_axis',(0.,-0.70710678118655,0.707106781186545));
#6070=DIRECTION('',(1.,0.,0.));
#6071=DIRECTION('',(-1.,0.,0.));
#6072=DIRECTION('center_axis',(0.,1.,0.));
#6073=DIRECTION('ref_axis',(0.,0.,1.));
#6074=DIRECTION('center_axis',(0.,1.,0.));
#6075=DIRECTION('ref_axis',(0.,0.,-1.));
#6076=DIRECTION('',(0.,0.,1.));
#6077=DIRECTION('center_axis',(0.,-1.,0.));
#6078=DIRECTION('ref_axis',(0.707106781186547,0.,-0.707106781186548));
#6079=DIRECTION('',(-1.,0.,0.));
#6080=DIRECTION('',(1.,0.,0.));
#6081=DIRECTION('',(0.,0.,1.));
#6082=DIRECTION('center_axis',(-1.,0.,0.));
#6083=DIRECTION('ref_axis',(0.,0.70710678118654,0.707106781186555));
#6084=DIRECTION('center_axis',(1.,0.,0.));
#6085=DIRECTION('ref_axis',(0.,0.70710678118654,0.707106781186555));
#6086=DIRECTION('',(-1.,0.,0.));
#6087=DIRECTION('center_axis',(0.,0.,-1.));
#6088=DIRECTION('ref_axis',(7.27366154732462E-16,-1.,0.));
#6089=DIRECTION('',(0.,0.,-1.));
#6090=DIRECTION('center_axis',(0.,0.,-1.));
#6091=DIRECTION('ref_axis',(1.,0.,0.));
#6092=DIRECTION('',(0.,0.,1.));
#6093=DIRECTION('center_axis',(0.,0.,-1.));
#6094=DIRECTION('ref_axis',(1.,0.,0.));
#6095=DIRECTION('',(0.,0.,-1.));
#6096=DIRECTION('center_axis',(0.,0.,-1.));
#6097=DIRECTION('ref_axis',(1.,0.,0.));
#6098=DIRECTION('',(0.,0.,1.));
#6099=DIRECTION('center_axis',(0.,-1.,0.));
#6100=DIRECTION('ref_axis',(0.,0.,-1.));
#6101=DIRECTION('',(0.,0.,-1.));
#6102=DIRECTION('',(1.,0.,0.));
#6103=DIRECTION('',(0.,0.,1.));
#6104=DIRECTION('',(-0.970142500145332,0.,0.242535625036333));
#6105=DIRECTION('',(-1.,0.,0.));
#6106=DIRECTION('',(0.,0.,-1.));
#6107=DIRECTION('',(-1.,0.,0.));
#6108=DIRECTION('',(-1.,0.,0.));
#6109=DIRECTION('center_axis',(-1.,0.,0.));
#6110=DIRECTION('ref_axis',(0.,0.70710678118654,0.707106781186555));
#6111=DIRECTION('',(1.,0.,0.));
#6112=DIRECTION('center_axis',(-1.,0.,0.));
#6113=DIRECTION('ref_axis',(0.,0.70710678118654,0.707106781186555));
#6114=DIRECTION('center_axis',(1.,0.,0.));
#6115=DIRECTION('ref_axis',(0.,1.,0.));
#6116=DIRECTION('',(1.,0.,0.));
#6117=DIRECTION('center_axis',(-0.408248290463859,-0.81649658092773,0.408248290463858));
#6118=DIRECTION('ref_axis',(-0.577350269189628,0.577350269189622,0.577350269189627));
#6119=DIRECTION('center_axis',(0.,0.,1.));
#6120=DIRECTION('ref_axis',(-0.707106781186552,0.707106781186543,0.));
#6121=DIRECTION('center_axis',(0.,1.,0.));
#6122=DIRECTION('ref_axis',(-0.707106781186547,0.,0.707106781186548));
#6123=DIRECTION('center_axis',(0.,-1.,0.));
#6124=DIRECTION('ref_axis',(-0.707106781186548,0.,0.707106781186548));
#6125=DIRECTION('',(0.,-1.,0.));
#6126=DIRECTION('center_axis',(0.,0.707106781186549,0.707106781186546));
#6127=DIRECTION('ref_axis',(0.,0.707106781186546,-0.707106781186549));
#6128=DIRECTION('',(0.,1.,0.));
#6129=DIRECTION('center_axis',(0.,0.,-1.));
#6130=DIRECTION('ref_axis',(-0.707106781186555,0.70710678118654,0.));
#6131=DIRECTION('center_axis',(0.,0.,-1.));
#6132=DIRECTION('ref_axis',(-0.707106781186548,0.707106781186547,0.));
#6133=DIRECTION('',(0.,0.,1.));
#6134=DIRECTION('center_axis',(0.,-1.,0.));
#6135=DIRECTION('ref_axis',(0.707106781186547,0.,-0.707106781186548));
#6136=DIRECTION('',(0.,1.,0.));
#6137=DIRECTION('center_axis',(0.,0.707106781186547,-0.707106781186548));
#6138=DIRECTION('ref_axis',(0.,-0.707106781186548,-0.707106781186547));
#6139=DIRECTION('',(0.,-1.,0.));
#6140=DIRECTION('center_axis',(0.,0.,1.));
#6141=DIRECTION('ref_axis',(1.,0.,0.));
#6142=DIRECTION('',(-1.,0.,0.));
#6143=DIRECTION('',(0.,-1.,0.));
#6144=DIRECTION('',(1.,0.,0.));
#6145=DIRECTION('center_axis',(0.,1.,0.));
#6146=DIRECTION('ref_axis',(0.707106781186548,0.,-0.707106781186548));
#6147=DIRECTION('center_axis',(0.,0.707106781186548,-0.707106781186548));
#6148=DIRECTION('ref_axis',(0.,-0.707106781186547,-0.707106781186547));
#6149=DIRECTION('',(0.,1.,0.));
#6150=DIRECTION('center_axis',(0.,1.,0.));
#6151=DIRECTION('ref_axis',(1.,0.,0.));
#6152=DIRECTION('',(0.,-1.,0.));
#6153=DIRECTION('center_axis',(0.,0.,1.));
#6154=DIRECTION('ref_axis',(1.,0.,0.));
#6155=DIRECTION('center_axis',(0.,0.,1.));
#6156=DIRECTION('ref_axis',(-0.707106781186548,0.707106781186547,0.));
#6157=DIRECTION('center_axis',(1.,0.,0.));
#6158=DIRECTION('ref_axis',(0.,0.,-1.));
#6159=DIRECTION('',(0.,0.,1.));
#6160=DIRECTION('',(0.,-1.,0.));
#6161=DIRECTION('',(0.,0.,-1.));
#6162=DIRECTION('',(0.,0.,-1.));
#6163=DIRECTION('',(0.,-1.,0.));
#6164=DIRECTION('',(0.,0.,1.));
#6165=DIRECTION('',(0.,0.,1.));
#6166=DIRECTION('',(0.,-1.,0.));
#6167=DIRECTION('',(0.,0.,-1.));
#6168=DIRECTION('',(0.,0.,-1.));
#6169=DIRECTION('center_axis',(-1.,0.,0.));
#6170=DIRECTION('ref_axis',(0.,-0.419370187957994,-0.907815314616402));
#6171=DIRECTION('center_axis',(0.,0.,1.));
#6172=DIRECTION('ref_axis',(0.707106781186546,-0.707106781186549,0.));
#6173=DIRECTION('',(0.,0.,1.));
#6174=DIRECTION('center_axis',(0.,0.,-1.));
#6175=DIRECTION('ref_axis',(-1.,0.,0.));
#6176=DIRECTION('',(0.,1.,0.));
#6177=DIRECTION('',(1.,0.,0.));
#6178=DIRECTION('center_axis',(0.,0.,-1.));
#6179=DIRECTION('ref_axis',(-0.999578190212456,0.0290420669304279,0.));
#6180=DIRECTION('center_axis',(0.,0.,-1.));
#6181=DIRECTION('ref_axis',(1.,0.,0.));
#6182=DIRECTION('center_axis',(0.,0.,1.));
#6183=DIRECTION('ref_axis',(-0.465855343529235,0.884860892403579,0.));
#6184=DIRECTION('',(0.,0.,1.));
#6185=DIRECTION('center_axis',(0.,0.,1.));
#6186=DIRECTION('ref_axis',(-0.465855343529235,0.884860892403579,0.));
#6187=DIRECTION('',(0.,0.,-1.));
#6188=DIRECTION('center_axis',(0.,0.,1.));
#6189=DIRECTION('ref_axis',(-0.465855343529235,0.884860892403579,0.));
#6190=DIRECTION('center_axis',(0.,0.707106781186549,-0.707106781186546));
#6191=DIRECTION('ref_axis',(0.,0.707106781186546,0.707106781186549));
#6192=DIRECTION('center_axis',(0.,0.,-1.));
#6193=DIRECTION('ref_axis',(-0.999578190212456,-0.0290420669304279,0.));
#6194=DIRECTION('center_axis',(0.,0.,-1.));
#6195=DIRECTION('ref_axis',(1.,0.,0.));
#6196=DIRECTION('center_axis',(0.,0.,-1.));
#6197=DIRECTION('ref_axis',(-0.465855343529233,-0.88486089240358,0.));
#6198=DIRECTION('center_axis',(0.,0.707106781186549,0.707106781186546));
#6199=DIRECTION('ref_axis',(0.,-0.707106781186546,0.707106781186549));
#6200=DIRECTION('center_axis',(0.,0.,1.));
#6201=DIRECTION('ref_axis',(-0.465855343529233,-0.88486089240358,0.));
#6202=DIRECTION('',(0.,0.,1.));
#6203=DIRECTION('center_axis',(0.,0.,1.));
#6204=DIRECTION('ref_axis',(-0.465855343529233,-0.88486089240358,0.));
#6205=DIRECTION('',(0.,0.,-1.));
#6206=DIRECTION('center_axis',(0.,0.,1.));
#6207=DIRECTION('ref_axis',(-0.999578190212456,0.0290420669304279,0.));
#6208=DIRECTION('',(0.,0.,-1.));
#6209=DIRECTION('center_axis',(0.,0.707106781186196,-0.707106781186899));
#6210=DIRECTION('ref_axis',(0.,-0.707106781186899,-0.707106781186196));
#6211=DIRECTION('center_axis',(0.,-1.,0.));
#6212=DIRECTION('ref_axis',(-0.707106781186549,0.,0.707106781186546));
#6213=DIRECTION('center_axis',(0.,0.707106781186196,0.707106781186899));
#6214=DIRECTION('ref_axis',(0.,0.707106781186899,-0.707106781186196));
#6215=DIRECTION('',(0.,1.,0.));
#6216=DIRECTION('center_axis',(0.,0.,-1.));
#6217=DIRECTION('ref_axis',(-0.999578190212456,-0.0290420669304279,0.));
#6218=DIRECTION('',(0.,0.,1.));
#6219=DIRECTION('center_axis',(0.,0.,1.));
#6220=DIRECTION('ref_axis',(1.,0.,0.));
#6221=DIRECTION('center_axis',(0.,0.,1.));
#6222=DIRECTION('ref_axis',(1.,0.,0.));
#6223=DIRECTION('center_axis',(0.,0.,1.));
#6224=DIRECTION('ref_axis',(1.,0.,0.));
#6225=DIRECTION('center_axis',(0.,0.,-1.));
#6226=DIRECTION('ref_axis',(1.,0.,0.));
#6227=DIRECTION('',(0.,0.,-1.));
#6228=DIRECTION('',(0.,0.,1.));
#6229=DIRECTION('center_axis',(0.,0.,-1.));
#6230=DIRECTION('ref_axis',(1.,0.,0.));
#6231=DIRECTION('',(0.,0.,1.));
#6232=DIRECTION('center_axis',(0.,0.,1.));
#6233=DIRECTION('ref_axis',(1.,0.,0.));
#6234=DIRECTION('',(0.,0.,-1.));
#6235=DIRECTION('center_axis',(0.,0.,1.));
#6236=DIRECTION('ref_axis',(1.,0.,0.));
#6237=DIRECTION('',(0.,0.,1.));
#6238=DIRECTION('center_axis',(0.,0.,1.));
#6239=DIRECTION('ref_axis',(1.,0.,0.));
#6240=DIRECTION('',(0.,0.,-1.));
#6241=DIRECTION('center_axis',(0.,0.,-1.));
#6242=DIRECTION('ref_axis',(1.,0.,0.));
#6243=DIRECTION('',(0.,0.,-1.));
#6244=DIRECTION('',(0.,0.,1.));
#6245=DIRECTION('center_axis',(0.,0.,1.));
#6246=DIRECTION('ref_axis',(1.,0.,0.));
#6247=DIRECTION('',(0.,0.,-1.));
#6248=DIRECTION('',(0.,0.,1.));
#6249=DIRECTION('',(0.,0.,1.));
#6250=DIRECTION('center_axis',(0.,0.,1.));
#6251=DIRECTION('ref_axis',(1.,0.,0.));
#6252=DIRECTION('',(0.,0.,-1.));
#6253=DIRECTION('',(0.,0.,-1.));
#6254=DIRECTION('',(0.,0.,1.));
#6255=DIRECTION('center_axis',(0.,0.,-1.));
#6256=DIRECTION('ref_axis',(1.,0.,0.));
#6257=DIRECTION('',(0.,0.,1.));
#6258=DIRECTION('center_axis',(0.,0.,1.));
#6259=DIRECTION('ref_axis',(1.,0.,0.));
#6260=DIRECTION('',(0.,0.,-1.));
#6261=DIRECTION('center_axis',(0.,0.,1.));
#6262=DIRECTION('ref_axis',(1.,0.,0.));
#6263=DIRECTION('center_axis',(0.,0.,-1.));
#6264=DIRECTION('ref_axis',(1.,0.,0.));
#6265=DIRECTION('',(0.,0.,1.));
#6266=DIRECTION('center_axis',(0.,0.,1.));
#6267=DIRECTION('ref_axis',(1.,0.,0.));
#6268=DIRECTION('',(0.,0.,-1.));
#6269=DIRECTION('center_axis',(0.,0.,-1.));
#6270=DIRECTION('ref_axis',(1.,0.,0.));
#6271=DIRECTION('',(0.,0.,-1.));
#6272=DIRECTION('center_axis',(0.,0.,-1.));
#6273=DIRECTION('ref_axis',(1.,0.,0.));
#6274=DIRECTION('',(0.,0.,1.));
#6275=DIRECTION('center_axis',(0.,0.,-1.));
#6276=DIRECTION('ref_axis',(1.,0.,0.));
#6277=DIRECTION('center_axis',(0.,0.,1.));
#6278=DIRECTION('ref_axis',(-0.465855343529233,0.88486089240358,0.));
#6279=DIRECTION('',(0.,0.,-1.));
#6280=DIRECTION('center_axis',(0.,0.,1.));
#6281=DIRECTION('ref_axis',(-0.465855343529233,0.88486089240358,0.));
#6282=DIRECTION('center_axis',(0.,-0.707106781186549,0.707106781186546));
#6283=DIRECTION('ref_axis',(0.,-0.707106781186546,-0.707106781186549));
#6284=DIRECTION('center_axis',(0.,-1.,0.));
#6285=DIRECTION('ref_axis',(-0.707106781186547,0.,0.707106781186548));
#6286=DIRECTION('',(0.,1.,0.));
#6287=DIRECTION('center_axis',(0.,0.,-1.));
#6288=DIRECTION('ref_axis',(1.,0.,0.));
#6289=DIRECTION('center_axis',(0.,0.,-1.));
#6290=DIRECTION('ref_axis',(1.,0.,0.));
#6291=DIRECTION('center_axis',(0.,0.,-1.));
#6292=DIRECTION('ref_axis',(1.,0.,0.));
#6293=DIRECTION('center_axis',(0.,0.,-1.));
#6294=DIRECTION('ref_axis',(1.,0.,0.));
#6295=DIRECTION('',(0.,0.,-1.));
#6296=DIRECTION('center_axis',(0.,0.,1.));
#6297=DIRECTION('ref_axis',(1.,0.,0.));
#6298=DIRECTION('',(0.,0.,1.));
#6299=DIRECTION('center_axis',(0.,0.,-1.));
#6300=DIRECTION('ref_axis',(1.,0.,0.));
#6301=DIRECTION('center_axis',(0.,0.,-1.));
#6302=DIRECTION('ref_axis',(-0.465855343529235,-0.884860892403579,0.));
#6303=DIRECTION('',(0.,0.,1.));
#6304=DIRECTION('center_axis',(0.,0.,-1.));
#6305=DIRECTION('ref_axis',(-0.465855343529235,-0.884860892403579,0.));
#6306=DIRECTION('center_axis',(0.,0.707106781186549,0.707106781186546));
#6307=DIRECTION('ref_axis',(0.,-0.707106781186546,0.707106781186549));
#6308=DIRECTION('center_axis',(0.,0.,1.));
#6309=DIRECTION('ref_axis',(-0.465855343529235,-0.884860892403579,0.));
#6310=DIRECTION('center_axis',(0.,-1.,0.));
#6311=DIRECTION('ref_axis',(-0.707106781186547,0.,0.707106781186548));
#6312=DIRECTION('',(0.,1.,0.));
#6313=DIRECTION('center_axis',(0.,0.,1.));
#6314=DIRECTION('ref_axis',(0.,1.,0.));
#6315=DIRECTION('center_axis',(0.,0.,-1.));
#6316=DIRECTION('ref_axis',(1.,0.,0.));
#6317=DIRECTION('center_axis',(0.,0.,-1.));
#6318=DIRECTION('ref_axis',(1.,0.,0.));
#6319=DIRECTION('center_axis',(0.,0.,-1.));
#6320=DIRECTION('ref_axis',(1.,0.,0.));
#6321=DIRECTION('center_axis',(0.,0.,-1.));
#6322=DIRECTION('ref_axis',(1.,0.,0.));
#6323=DIRECTION('center_axis',(0.,0.,-1.));
#6324=DIRECTION('ref_axis',(1.,0.,0.));
#6325=DIRECTION('center_axis',(0.,0.,-1.));
#6326=DIRECTION('ref_axis',(1.,0.,0.));
#6327=DIRECTION('',(0.,0.,-1.));
#6328=DIRECTION('center_axis',(0.,0.,1.));
#6329=DIRECTION('ref_axis',(1.,0.,0.));
#6330=DIRECTION('',(0.,0.,1.));
#6331=DIRECTION('center_axis',(0.,0.,-1.));
#6332=DIRECTION('ref_axis',(1.,0.,0.));
#6333=DIRECTION('center_axis',(0.,1.,0.));
#6334=DIRECTION('ref_axis',(-1.,0.,0.));
#6335=DIRECTION('',(1.,0.,0.));
#6336=DIRECTION('center_axis',(0.,1.,0.));
#6337=DIRECTION('ref_axis',(-1.,0.,0.));
#6338=DIRECTION('center_axis',(0.,1.,0.));
#6339=DIRECTION('ref_axis',(-1.,0.,0.));
#6340=DIRECTION('',(-1.,0.,0.));
#6341=DIRECTION('center_axis',(0.,1.,0.));
#6342=DIRECTION('ref_axis',(-1.,0.,0.));
#6343=DIRECTION('center_axis',(0.,1.,0.));
#6344=DIRECTION('ref_axis',(1.49307989451785E-15,0.,1.));
#6345=DIRECTION('center_axis',(0.,-1.,0.));
#6346=DIRECTION('ref_axis',(-1.,0.,0.));
#6347=DIRECTION('',(0.,1.,0.));
#6348=DIRECTION('center_axis',(0.,1.,0.));
#6349=DIRECTION('ref_axis',(-1.,0.,0.));
#6350=DIRECTION('',(0.,-1.,0.));
#6351=DIRECTION('center_axis',(0.,1.,0.));
#6352=DIRECTION('ref_axis',(1.96005385927235E-15,0.,1.));
#6353=DIRECTION('',(0.,1.,0.));
#6354=DIRECTION('center_axis',(0.,1.,0.));
#6355=DIRECTION('ref_axis',(-1.,0.,0.));
#6356=DIRECTION('',(0.,-1.,0.));
#6357=DIRECTION('center_axis',(0.,1.,0.));
#6358=DIRECTION('ref_axis',(1.49307989451785E-15,0.,1.));
#6359=DIRECTION('',(0.,-1.,0.));
#6360=DIRECTION('center_axis',(0.,-1.,0.));
#6361=DIRECTION('ref_axis',(-1.,0.,0.));
#6362=DIRECTION('',(0.,1.,0.));
#6363=DIRECTION('center_axis',(0.,0.,1.));
#6364=DIRECTION('ref_axis',(0.,1.,0.));
#6365=DIRECTION('',(1.,0.,0.));
#6366=DIRECTION('',(0.,-1.,0.));
#6367=DIRECTION('',(-1.,0.,0.));
#6368=DIRECTION('',(0.,1.,0.));
#6369=DIRECTION('',(1.,0.,0.));
#6370=DIRECTION('',(-4.38256058456118E-31,1.,0.));
#6371=DIRECTION('',(-1.,0.,0.));
#6372=DIRECTION('',(0.,-1.,0.));
#6373=DIRECTION('',(1.,0.,0.));
#6374=DIRECTION('',(0.,1.,0.));
#6375=DIRECTION('',(-1.,0.,0.));
#6376=DIRECTION('',(1.,0.,0.));
#6377=DIRECTION('',(0.,1.,0.));
#6378=DIRECTION('',(-1.,0.,0.));
#6379=DIRECTION('',(-1.,0.,0.));
#6380=DIRECTION('',(0.,-1.,0.));
#6381=DIRECTION('',(1.,0.,0.));
#6382=DIRECTION('',(-1.,0.,0.));
#6383=DIRECTION('',(0.,-1.,0.));
#6384=DIRECTION('',(1.,0.,0.));
#6385=DIRECTION('center_axis',(0.,1.,0.));
#6386=DIRECTION('ref_axis',(-1.,0.,0.));
#6387=DIRECTION('',(0.,0.,1.));
#6388=DIRECTION('',(-1.,0.,0.));
#6389=DIRECTION('',(0.,0.,1.));
#6390=DIRECTION('center_axis',(0.,-1.,0.));
#6391=DIRECTION('ref_axis',(1.,0.,0.));
#6392=DIRECTION('',(0.,0.,1.));
#6393=DIRECTION('',(1.,0.,0.));
#6394=DIRECTION('',(0.,0.,1.));
#6395=DIRECTION('center_axis',(-1.,0.,0.));
#6396=DIRECTION('ref_axis',(0.,-1.,0.));
#6397=DIRECTION('',(0.,-1.,0.));
#6398=DIRECTION('center_axis',(1.,0.,0.));
#6399=DIRECTION('ref_axis',(0.,1.,0.));
#6400=DIRECTION('',(0.,1.,0.));
#6401=DIRECTION('center_axis',(0.,0.,1.));
#6402=DIRECTION('ref_axis',(1.,0.,0.));
#6403=DIRECTION('center_axis',(-1.,0.,0.));
#6404=DIRECTION('ref_axis',(0.,-1.,0.));
#6405=DIRECTION('',(0.,0.,1.));
#6406=DIRECTION('',(0.,-1.,0.));
#6407=DIRECTION('',(0.,0.,1.));
#6408=DIRECTION('center_axis',(0.,1.,0.));
#6409=DIRECTION('ref_axis',(-1.,0.,0.));
#6410=DIRECTION('',(0.,0.,1.));
#6411=DIRECTION('',(-1.,0.,0.));
#6412=DIRECTION('center_axis',(1.,0.,0.));
#6413=DIRECTION('ref_axis',(0.,1.,0.));
#6414=DIRECTION('',(0.,0.,1.));
#6415=DIRECTION('',(0.,1.,0.));
#6416=DIRECTION('center_axis',(0.,-1.,0.));
#6417=DIRECTION('ref_axis',(1.,0.,0.));
#6418=DIRECTION('',(1.,0.,0.));
#6419=DIRECTION('center_axis',(0.,0.,1.));
#6420=DIRECTION('ref_axis',(1.,0.,0.));
#6421=DIRECTION('center_axis',(0.,-1.,0.));
#6422=DIRECTION('ref_axis',(0.,0.,1.));
#6423=DIRECTION('',(1.,0.,0.));
#6424=DIRECTION('center_axis',(0.,-1.,0.));
#6425=DIRECTION('ref_axis',(0.,0.,-1.));
#6426=DIRECTION('center_axis',(0.,1.,0.));
#6427=DIRECTION('ref_axis',(0.,0.,-1.));
#6428=DIRECTION('center_axis',(0.,1.,0.));
#6429=DIRECTION('ref_axis',(0.,0.,-1.));
#6430=DIRECTION('center_axis',(0.,1.,0.));
#6431=DIRECTION('ref_axis',(0.,0.,-1.));
#6432=DIRECTION('',(0.,1.,0.));
#6433=DIRECTION('center_axis',(1.,0.,0.));
#6434=DIRECTION('ref_axis',(0.,1.,0.));
#6435=DIRECTION('',(0.,-1.,0.));
#6436=DIRECTION('',(0.,-0.891957726530874,-0.452118805273431));
#6437=DIRECTION('',(0.,1.,0.));
#6438=DIRECTION('',(0.,0.,-1.));
#6439=DIRECTION('center_axis',(0.,0.,-1.));
#6440=DIRECTION('ref_axis',(0.,1.,0.));
#6441=DIRECTION('',(0.,-1.,0.));
#6442=DIRECTION('',(0.,1.,0.));
#6443=DIRECTION('',(1.,0.,0.));
#6444=DIRECTION('center_axis',(-1.,0.,0.));
#6445=DIRECTION('ref_axis',(0.,-1.,0.));
#6446=DIRECTION('',(0.,1.,0.));
#6447=DIRECTION('center_axis',(-0.242535625036333,0.,-0.970142500145332));
#6448=DIRECTION('ref_axis',(-0.970142500145332,0.,0.242535625036333));
#6449=DIRECTION('',(-0.970142500145332,0.,0.242535625036333));
#6450=DIRECTION('',(0.,1.,0.));
#6451=DIRECTION('',(-0.970142500145332,0.,0.242535625036333));
#6452=DIRECTION('',(0.,1.,0.));
#6453=DIRECTION('',(-0.784464540552736,-0.588348405414552,0.196116135138184));
#6454=DIRECTION('',(0.,1.,0.));
#6455=DIRECTION('',(0.970142500145332,0.,-0.242535625036333));
#6456=DIRECTION('',(0.,1.,0.));
#6457=DIRECTION('',(0.970142500145332,0.,-0.242535625036333));
#6458=DIRECTION('center_axis',(0.,1.,0.));
#6459=DIRECTION('ref_axis',(0.,0.,1.));
#6460=DIRECTION('',(0.,0.,1.));
#6461=DIRECTION('',(1.,0.,0.));
#6462=DIRECTION('',(0.,0.,1.));
#6463=DIRECTION('center_axis',(0.,0.452118805273431,-0.891957726530874));
#6464=DIRECTION('ref_axis',(0.,0.891957726530874,0.452118805273431));
#6465=DIRECTION('',(0.,0.891957726530874,0.452118805273431));
#6466=DIRECTION('',(0.,0.891957726530874,0.452118805273431));
#6467=DIRECTION('',(1.,0.,0.));
#6468=DIRECTION('center_axis',(1.,0.,0.));
#6469=DIRECTION('ref_axis',(0.,0.,-1.));
#6470=DIRECTION('center_axis',(0.,0.,-1.));
#6471=DIRECTION('ref_axis',(1.,0.,0.));
#6472=DIRECTION('center_axis',(1.,0.,0.));
#6473=DIRECTION('ref_axis',(0.,0.,-1.));
#6474=DIRECTION('',(0.,0.,-1.));
#6475=DIRECTION('',(0.,1.,0.));
#6476=DIRECTION('center_axis',(-1.,0.,0.));
#6477=DIRECTION('ref_axis',(0.,-1.,0.));
#6478=DIRECTION('',(0.,0.,1.));
#6479=DIRECTION('',(0.,1.,0.));
#6480=DIRECTION('',(0.,0.948683298050514,-0.316227766016838));
#6481=DIRECTION('',(0.,0.,1.));
#6482=DIRECTION('',(0.,0.,1.));
#6483=DIRECTION('center_axis',(0.,-1.,0.));
#6484=DIRECTION('ref_axis',(1.,0.,0.));
#6485=DIRECTION('',(-1.,0.,0.));
#6486=DIRECTION('',(1.,0.,0.));
#6487=DIRECTION('center_axis',(0.,1.,0.));
#6488=DIRECTION('ref_axis',(-1.,0.,0.));
#6489=DIRECTION('center_axis',(0.,0.,-1.));
#6490=DIRECTION('ref_axis',(-1.,0.,0.));
#6491=DIRECTION('center_axis',(0.,-0.316227766016838,-0.948683298050514));
#6492=DIRECTION('ref_axis',(0.,0.948683298050514,-0.316227766016838));
#6493=DIRECTION('',(1.,0.,0.));
#6494=DIRECTION('',(0.,0.948683298050514,-0.316227766016838));
#6495=DIRECTION('center_axis',(0.,-0.316227766016838,-0.948683298050514));
#6496=DIRECTION('ref_axis',(0.,0.948683298050514,-0.316227766016838));
#6497=DIRECTION('',(1.,0.,0.));
#6498=DIRECTION('',(0.,0.948683298050514,-0.316227766016838));
#6499=DIRECTION('',(1.,0.,0.));
#6500=DIRECTION('center_axis',(0.,0.,-1.));
#6501=DIRECTION('ref_axis',(0.,1.,0.));
#6502=DIRECTION('',(1.,0.,0.));
#6503=DIRECTION('',(0.,1.,0.));
#6504=DIRECTION('center_axis',(0.,0.,-1.));
#6505=DIRECTION('ref_axis',(0.,1.,0.));
#6506=DIRECTION('',(0.,1.,0.));
#6507=DIRECTION('center_axis',(-1.,0.,0.));
#6508=DIRECTION('ref_axis',(0.,-1.,0.));
#6509=DIRECTION('',(0.,0.,1.));
#6510=DIRECTION('center_axis',(0.,1.,0.));
#6511=DIRECTION('ref_axis',(0.,0.,1.));
#6512=DIRECTION('center_axis',(0.,-1.,-7.40148683083438E-17));
#6513=DIRECTION('ref_axis',(0.,7.40148683083438E-17,-1.));
#6514=DIRECTION('',(0.,7.40148683083438E-17,-1.));
#6515=DIRECTION('center_axis',(1.,0.,0.));
#6516=DIRECTION('ref_axis',(0.,0.,-1.));
#6517=DIRECTION('center_axis',(0.,0.,-1.));
#6518=DIRECTION('ref_axis',(1.,0.,0.));
#6519=DIRECTION('center_axis',(0.,1.,0.));
#6520=DIRECTION('ref_axis',(0.,0.,1.));
#6521=DIRECTION('',(-1.,0.,0.));
#6522=DIRECTION('center_axis',(0.,0.,-1.));
#6523=DIRECTION('ref_axis',(-1.,0.,0.));
#6524=DIRECTION('center_axis',(-1.,0.,0.));
#6525=DIRECTION('ref_axis',(0.,1.,0.));
#6526=DIRECTION('center_axis',(-1.,0.,0.));
#6527=DIRECTION('ref_axis',(0.,1.,0.));
#6528=DIRECTION('',(-1.,0.,0.));
#6529=DIRECTION('center_axis',(1.,4.38256058456118E-31,7.40148683083438E-16));
#6530=DIRECTION('ref_axis',(-4.38256058456118E-31,1.,-3.24374644519634E-46));
#6531=DIRECTION('center_axis',(0.,0.,1.));
#6532=DIRECTION('ref_axis',(1.,0.,0.));
#6533=DIRECTION('center_axis',(0.,0.,1.));
#6534=DIRECTION('ref_axis',(1.,0.,0.));
#6535=DIRECTION('center_axis',(0.,0.,-1.));
#6536=DIRECTION('ref_axis',(1.,0.,0.));
#6537=DIRECTION('center_axis',(0.,0.,-1.));
#6538=DIRECTION('ref_axis',(1.,0.,0.));
#6539=DIRECTION('',(0.,0.,1.));
#6540=DIRECTION('center_axis',(0.,0.,-1.));
#6541=DIRECTION('ref_axis',(1.,0.,0.));
#6542=DIRECTION('center_axis',(0.,0.,-1.));
#6543=DIRECTION('ref_axis',(1.,0.,0.));
#6544=DIRECTION('center_axis',(0.,0.,-1.));
#6545=DIRECTION('ref_axis',(1.,0.,0.));
#6546=DIRECTION('center_axis',(0.,0.,-1.));
#6547=DIRECTION('ref_axis',(1.,0.,0.));
#6548=DIRECTION('',(0.,0.,-1.));
#6549=DIRECTION('center_axis',(0.,1.,0.));
#6550=DIRECTION('ref_axis',(0.,0.,1.));
#6551=DIRECTION('',(-1.,0.,0.));
#6552=DIRECTION('',(0.,0.,-1.));
#6553=DIRECTION('',(1.,0.,0.));
#6554=DIRECTION('center_axis',(-1.,0.,0.));
#6555=DIRECTION('ref_axis',(0.,0.,1.));
#6556=DIRECTION('',(0.,0.,1.));
#6557=DIRECTION('',(0.,-1.,0.));
#6558=DIRECTION('',(0.,1.,0.));
#6559=DIRECTION('center_axis',(-1.,0.,0.));
#6560=DIRECTION('ref_axis',(0.,0.,1.));
#6561=DIRECTION('',(0.,-1.,0.));
#6562=DIRECTION('',(0.,1.,0.));
#6563=DIRECTION('center_axis',(0.,0.,-1.));
#6564=DIRECTION('ref_axis',(0.,1.,0.));
#6565=DIRECTION('center_axis',(0.,0.,1.));
#6566=DIRECTION('ref_axis',(1.,0.,0.));
#6567=DIRECTION('',(1.,0.,0.));
#6568=DIRECTION('',(1.,0.,0.));
#6569=DIRECTION('center_axis',(0.,0.,1.));
#6570=DIRECTION('ref_axis',(1.,0.,0.));
#6571=DIRECTION('',(-1.,0.,0.));
#6572=DIRECTION('center_axis',(0.,0.,-1.));
#6573=DIRECTION('ref_axis',(0.,1.,0.));
#6574=DIRECTION('',(-1.,0.,0.));
#6575=DIRECTION('center_axis',(0.,0.,1.));
#6576=DIRECTION('ref_axis',(1.,0.,0.));
#6577=DIRECTION('',(1.,0.,0.));
#6578=DIRECTION('center_axis',(0.,0.,1.));
#6579=DIRECTION('ref_axis',(1.,0.,0.));
#6580=DIRECTION('center_axis',(0.,0.,-1.));
#6581=DIRECTION('ref_axis',(0.,1.,0.));
#6582=DIRECTION('center_axis',(0.,0.,1.));
#6583=DIRECTION('ref_axis',(1.,0.,0.));
#6584=DIRECTION('',(0.,-1.,0.));
#6585=DIRECTION('center_axis',(0.,0.,1.));
#6586=DIRECTION('ref_axis',(1.,0.,0.));
#6587=DIRECTION('',(-4.38256058456118E-31,1.,0.));
#6588=DIRECTION('center_axis',(0.,0.,1.));
#6589=DIRECTION('ref_axis',(1.,0.,0.));
#6590=DIRECTION('center_axis',(0.,0.,1.));
#6591=DIRECTION('ref_axis',(1.,0.,0.));
#6592=DIRECTION('center_axis',(1.,0.,0.));
#6593=DIRECTION('ref_axis',(0.,0.,-1.));
#6594=DIRECTION('',(0.,-1.,0.));
#6595=DIRECTION('',(0.,1.,0.));
#6596=DIRECTION('center_axis',(1.,0.,0.));
#6597=DIRECTION('ref_axis',(0.,0.,-1.));
#6598=DIRECTION('',(0.,-1.,0.));
#6599=DIRECTION('',(0.,1.,0.));
#6600=DIRECTION('center_axis',(1.,0.,0.));
#6601=DIRECTION('ref_axis',(0.,0.,-1.));
#6602=DIRECTION('',(0.,1.,0.));
#6603=DIRECTION('',(0.,-1.,0.));
#6604=DIRECTION('center_axis',(0.,0.,-1.));
#6605=DIRECTION('ref_axis',(0.,1.,0.));
#6606=DIRECTION('center_axis',(0.,0.,1.));
#6607=DIRECTION('ref_axis',(1.,0.,0.));
#6608=DIRECTION('',(1.,0.,0.));
#6609=DIRECTION('',(0.,-1.,0.));
#6610=DIRECTION('',(-1.,0.,0.));
#6611=DIRECTION('center_axis',(0.,0.,1.));
#6612=DIRECTION('ref_axis',(1.,0.,0.));
#6613=DIRECTION('center_axis',(0.,1.,0.));
#6614=DIRECTION('ref_axis',(0.,0.,1.));
#6615=DIRECTION('',(1.,0.,0.));
#6616=DIRECTION('',(0.,0.,1.));
#6617=DIRECTION('center_axis',(-1.,0.,0.));
#6618=DIRECTION('ref_axis',(0.,0.,1.));
#6619=DIRECTION('',(0.,0.,-1.));
#6620=DIRECTION('',(0.,1.,0.));
#6621=DIRECTION('center_axis',(0.,-1.,0.));
#6622=DIRECTION('ref_axis',(0.,0.,-1.));
#6623=DIRECTION('',(0.,0.,-1.));
#6624=DIRECTION('',(-1.,0.,0.));
#6625=DIRECTION('',(0.,0.,1.));
#6626=DIRECTION('center_axis',(0.,0.,-1.));
#6627=DIRECTION('ref_axis',(1.,0.,0.));
#6628=DIRECTION('',(0.,0.,-1.));
#6629=DIRECTION('center_axis',(0.,0.,-1.));
#6630=DIRECTION('ref_axis',(1.,0.,0.));
#6631=DIRECTION('center_axis',(0.,0.,-1.));
#6632=DIRECTION('ref_axis',(1.,0.,0.));
#6633=DIRECTION('center_axis',(0.,0.,-1.));
#6634=DIRECTION('ref_axis',(1.,0.,0.));
#6635=DIRECTION('center_axis',(0.,0.,-1.));
#6636=DIRECTION('ref_axis',(0.0540872203093425,0.998536214966292,0.));
#6637=DIRECTION('center_axis',(0.,0.,-1.));
#6638=DIRECTION('ref_axis',(1.,0.,0.));
#6639=DIRECTION('',(0.,0.,1.));
#6640=DIRECTION('center_axis',(0.,0.,-1.));
#6641=DIRECTION('ref_axis',(1.,0.,0.));
#6642=DIRECTION('',(0.,0.,-1.));
#6643=DIRECTION('center_axis',(0.,0.,-1.));
#6644=DIRECTION('ref_axis',(6.12323399573677E-17,1.,0.));
#6645=DIRECTION('center_axis',(0.,0.,-1.));
#6646=DIRECTION('ref_axis',(1.,0.,0.));
#6647=DIRECTION('',(0.,0.,1.));
#6648=DIRECTION('center_axis',(0.,0.,-1.));
#6649=DIRECTION('ref_axis',(1.,0.,0.));
#6650=DIRECTION('',(0.,0.,-1.));
#6651=DIRECTION('center_axis',(1.,4.38256058456118E-31,7.40148683083438E-16));
#6652=DIRECTION('ref_axis',(-2.62743462060903E-46,1.,-5.9211894646675E-16));
#6653=DIRECTION('',(4.38256058456118E-31,-1.,0.));
#6654=DIRECTION('',(-7.40148683083438E-16,0.,1.));
#6655=DIRECTION('',(0.,1.,-5.9211894646675E-16));
#6656=DIRECTION('',(-7.40148683083438E-16,0.,1.));
#6657=DIRECTION('center_axis',(0.,0.,-1.));
#6658=DIRECTION('ref_axis',(-1.83697019872103E-16,-1.,0.));
#6659=DIRECTION('center_axis',(0.,0.,-1.));
#6660=DIRECTION('ref_axis',(1.,0.,0.));
#6661=DIRECTION('',(0.,0.,1.));
#6662=DIRECTION('center_axis',(0.,0.,-1.));
#6663=DIRECTION('ref_axis',(1.,0.,0.));
#6664=DIRECTION('',(0.,0.,-1.));
#6665=DIRECTION('center_axis',(0.,1.,0.));
#6666=DIRECTION('ref_axis',(-1.,0.,0.));
#6667=DIRECTION('',(1.,0.,0.));
#6668=DIRECTION('',(-1.,0.,0.));
#6669=DIRECTION('',(-7.40148683083438E-16,0.,1.));
#6670=DIRECTION('center_axis',(0.,1.,0.));
#6671=DIRECTION('ref_axis',(-1.,0.,0.));
#6672=DIRECTION('',(-1.,0.,0.));
#6673=DIRECTION('',(-7.40148683083438E-16,0.,1.));
#6674=DIRECTION('',(-7.40148683083438E-16,0.,1.));
#6675=DIRECTION('',(-1.,0.,0.));
#6676=DIRECTION('center_axis',(-1.,0.,-7.40148683083438E-16));
#6677=DIRECTION('ref_axis',(0.,-1.,0.));
#6678=DIRECTION('',(0.,1.,0.));
#6679=DIRECTION('',(0.,-1.,0.));
#6680=DIRECTION('',(-7.40148683083438E-16,0.,1.));
#6681=DIRECTION('center_axis',(-1.,0.,-7.40148683083438E-16));
#6682=DIRECTION('ref_axis',(0.,-1.,0.));
#6683=DIRECTION('',(-7.40148683083438E-16,0.,1.));
#6684=DIRECTION('center_axis',(0.,-1.,0.));
#6685=DIRECTION('ref_axis',(1.,0.,5.9211894646675E-16));
#6686=DIRECTION('',(-1.,0.,0.));
#6687=DIRECTION('',(1.,0.,5.9211894646675E-16));
#6688=DIRECTION('center_axis',(0.,-1.,0.));
#6689=DIRECTION('ref_axis',(1.,0.,5.9211894646675E-16));
#6690=DIRECTION('',(1.,0.,0.));
#6691=DIRECTION('',(0.,0.,-1.));
#6692=DIRECTION('',(1.,0.,0.));
#6693=DIRECTION('',(-7.40148683083438E-16,0.,1.));
#6694=DIRECTION('center_axis',(0.,0.,-1.));
#6695=DIRECTION('ref_axis',(1.,0.,0.));
#6696=DIRECTION('center_axis',(0.,0.,-1.));
#6697=DIRECTION('ref_axis',(1.,0.,0.));
#6698=DIRECTION('center_axis',(0.,0.,-1.));
#6699=DIRECTION('ref_axis',(1.,0.,0.));
#6700=DIRECTION('',(-4.38256058456118E-31,1.,0.));
#6701=DIRECTION('center_axis',(0.,0.,-1.));
#6702=DIRECTION('ref_axis',(0.17695189316207,-0.984219501689719,0.));
#6703=DIRECTION('',(0.,0.,1.));
#6704=DIRECTION('center_axis',(0.,0.,-1.));
#6705=DIRECTION('ref_axis',(1.,0.,0.));
#6706=DIRECTION('center_axis',(0.,0.,-1.));
#6707=DIRECTION('ref_axis',(1.,0.,0.));
#6708=DIRECTION('center_axis',(0.,0.,-1.));
#6709=DIRECTION('ref_axis',(1.,0.,0.));
#6710=DIRECTION('center_axis',(0.,0.,-1.));
#6711=DIRECTION('ref_axis',(1.,0.,0.));
#6712=DIRECTION('center_axis',(0.,0.,-1.));
#6713=DIRECTION('ref_axis',(1.,0.,0.));
#6714=DIRECTION('',(-4.38256058456118E-31,1.,0.));
#6715=DIRECTION('center_axis',(0.,0.,-1.));
#6716=DIRECTION('ref_axis',(1.,0.,0.));
#6717=DIRECTION('center_axis',(1.,4.38256058456118E-31,7.40148683083438E-16));
#6718=DIRECTION('ref_axis',(-2.62743462060903E-46,1.,-5.9211894646675E-16));
#6719=DIRECTION('center_axis',(-7.40148683083438E-16,0.,1.));
#6720=DIRECTION('ref_axis',(1.,0.,7.40148683083438E-16));
#6721=DIRECTION('center_axis',(1.,0.,0.));
#6722=DIRECTION('ref_axis',(0.,0.,-1.));
#6723=DIRECTION('',(0.,0.,-1.));
#6724=DIRECTION('',(0.,0.,-1.));
#6725=DIRECTION('center_axis',(0.,1.,0.));
#6726=DIRECTION('ref_axis',(0.,0.,-1.));
#6727=DIRECTION('',(0.,0.,-1.));
#6728=DIRECTION('center_axis',(-1.,0.,0.));
#6729=DIRECTION('ref_axis',(0.,0.,1.));
#6730=DIRECTION('',(0.,0.,-1.));
#6731=DIRECTION('center_axis',(0.,-1.,0.));
#6732=DIRECTION('ref_axis',(0.,0.,1.));
#6733=DIRECTION('center_axis',(0.,-1.,2.22044604925031E-16));
#6734=DIRECTION('ref_axis',(0.,-2.22044604925031E-16,-1.));
#6735=DIRECTION('center_axis',(0.,-1.,2.22044604925031E-16));
#6736=DIRECTION('ref_axis',(0.,-2.22044604925031E-16,-1.));
#6737=DIRECTION('',(0.,1.,-2.22044604925031E-16));
#6738=DIRECTION('center_axis',(0.,1.,-2.22044604925031E-16));
#6739=DIRECTION('ref_axis',(0.,-2.22044604925031E-16,-1.));
#6740=DIRECTION('',(0.,1.,-2.22044604925031E-16));
#6741=DIRECTION('center_axis',(0.,1.,0.));
#6742=DIRECTION('ref_axis',(0.,0.,-1.));
#6743=DIRECTION('',(0.,-1.,2.22044604925031E-16));
#6744=DIRECTION('center_axis',(0.,1.,-2.22044604925031E-16));
#6745=DIRECTION('ref_axis',(0.,-2.22044604925031E-16,-1.));
#6746=DIRECTION('',(0.,1.,-2.22044604925031E-16));
#6747=DIRECTION('center_axis',(0.,1.,0.));
#6748=DIRECTION('ref_axis',(0.,0.,-1.));
#6749=DIRECTION('',(0.,-1.,2.22044604925031E-16));
#6750=DIRECTION('center_axis',(0.,1.,-2.22044604925031E-16));
#6751=DIRECTION('ref_axis',(0.,-2.22044604925031E-16,-1.));
#6752=DIRECTION('center_axis',(0.,-1.,2.22044604925031E-16));
#6753=DIRECTION('ref_axis',(0.,-2.22044604925031E-16,-1.));
#6754=DIRECTION('center_axis',(0.,1.,0.));
#6755=DIRECTION('ref_axis',(0.,0.,1.));
#6756=DIRECTION('',(1.,0.,0.));
#6757=DIRECTION('',(0.,0.,-1.));
#6758=DIRECTION('',(-1.,0.,0.));
#6759=DIRECTION('center_axis',(0.,1.,0.));
#6760=DIRECTION('ref_axis',(0.,0.,1.));
#6761=DIRECTION('',(-1.,0.,0.));
#6762=DIRECTION('',(0.,0.,-1.));
#6763=DIRECTION('center_axis',(0.,0.,1.));
#6764=DIRECTION('ref_axis',(0.,-1.,0.));
#6765=DIRECTION('',(-1.,0.,0.));
#6766=DIRECTION('',(0.,-1.,0.));
#6767=DIRECTION('center_axis',(0.,0.,1.));
#6768=DIRECTION('ref_axis',(0.,-1.,0.));
#6769=DIRECTION('',(0.,1.,0.));
#6770=DIRECTION('',(1.,0.,0.));
#6771=DIRECTION('center_axis',(0.,0.,1.));
#6772=DIRECTION('ref_axis',(0.,-1.,0.));
#6773=DIRECTION('',(1.,0.,0.));
#6774=DIRECTION('',(0.,-1.,0.));
#6775=DIRECTION('center_axis',(1.,0.,0.));
#6776=DIRECTION('ref_axis',(0.,0.,1.));
#6777=DIRECTION('',(0.,0.,-1.));
#6778=DIRECTION('center_axis',(0.,-1.,0.));
#6779=DIRECTION('ref_axis',(0.,0.,-1.));
#6780=DIRECTION('',(0.,0.,-1.));
#6781=DIRECTION('center_axis',(-1.,0.,0.));
#6782=DIRECTION('ref_axis',(0.,0.,-1.));
#6783=DIRECTION('center_axis',(0.,-1.,2.22044604925031E-16));
#6784=DIRECTION('ref_axis',(0.,-2.22044604925031E-16,-1.));
#6785=DIRECTION('center_axis',(0.,-1.,2.22044604925031E-16));
#6786=DIRECTION('ref_axis',(0.,-2.22044604925031E-16,-1.));
#6787=DIRECTION('',(0.,1.,-2.22044604925031E-16));
#6788=DIRECTION('center_axis',(0.,1.,-2.22044604925031E-16));
#6789=DIRECTION('ref_axis',(0.,-2.22044604925031E-16,-1.));
#6790=DIRECTION('',(0.,1.,-2.22044604925031E-16));
#6791=DIRECTION('center_axis',(0.,1.,0.));
#6792=DIRECTION('ref_axis',(0.,0.,-1.));
#6793=DIRECTION('',(0.,-1.,2.22044604925031E-16));
#6794=DIRECTION('center_axis',(0.,1.,-2.22044604925031E-16));
#6795=DIRECTION('ref_axis',(0.,-2.22044604925031E-16,-1.));
#6796=DIRECTION('',(0.,1.,-2.22044604925031E-16));
#6797=DIRECTION('center_axis',(0.,1.,0.));
#6798=DIRECTION('ref_axis',(0.,0.,-1.));
#6799=DIRECTION('',(0.,-1.,2.22044604925031E-16));
#6800=DIRECTION('center_axis',(0.,1.,-2.22044604925031E-16));
#6801=DIRECTION('ref_axis',(0.,-2.22044604925031E-16,-1.));
#6802=DIRECTION('center_axis',(0.,-1.,2.22044604925031E-16));
#6803=DIRECTION('ref_axis',(0.,-2.22044604925031E-16,-1.));
#6804=DIRECTION('center_axis',(0.,1.,0.));
#6805=DIRECTION('ref_axis',(0.,0.,1.));
#6806=DIRECTION('',(1.,0.,0.));
#6807=DIRECTION('',(0.,0.,-1.));
#6808=DIRECTION('',(-1.,0.,0.));
#6809=DIRECTION('center_axis',(0.,1.,0.));
#6810=DIRECTION('ref_axis',(0.,0.,1.));
#6811=DIRECTION('',(-1.,0.,0.));
#6812=DIRECTION('',(0.,0.,-1.));
#6813=DIRECTION('center_axis',(0.,0.,1.));
#6814=DIRECTION('ref_axis',(0.,-1.,0.));
#6815=DIRECTION('',(-1.,0.,0.));
#6816=DIRECTION('',(0.,-1.,0.));
#6817=DIRECTION('center_axis',(0.,0.,1.));
#6818=DIRECTION('ref_axis',(0.,-1.,0.));
#6819=DIRECTION('',(0.,1.,0.));
#6820=DIRECTION('',(1.,0.,0.));
#6821=DIRECTION('center_axis',(0.,0.,1.));
#6822=DIRECTION('ref_axis',(0.,-1.,0.));
#6823=DIRECTION('',(1.,0.,0.));
#6824=DIRECTION('',(0.,-1.,0.));
#6825=DIRECTION('center_axis',(1.,0.,0.));
#6826=DIRECTION('ref_axis',(0.,0.,1.));
#6827=DIRECTION('',(0.,0.,-1.));
#6828=DIRECTION('center_axis',(0.,-1.,0.));
#6829=DIRECTION('ref_axis',(0.,0.,-1.));
#6830=DIRECTION('',(0.,0.,-1.));
#6831=DIRECTION('center_axis',(-1.,0.,0.));
#6832=DIRECTION('ref_axis',(0.,0.,-1.));
#6833=DIRECTION('',(-3.23957203833468E-15,-1.27435162241614E-15,1.));
#6834=DIRECTION('',(1.,-3.60822483003164E-15,3.23957203833467E-15));
#6835=DIRECTION('',(-2.22044604925031E-16,-3.6977854932236E-32,1.));
#6836=DIRECTION('',(-1.,1.08663078535187E-14,-2.22044604925031E-16));
#6837=CARTESIAN_POINT('',(0.,0.,0.));
#6838=CARTESIAN_POINT('',(0.,0.,0.));
#6839=CARTESIAN_POINT('Ctrl Pts',(-40.0575008392334,-31.1368498437768,17.0000000000008));
#6840=CARTESIAN_POINT('Ctrl Pts',(-40.0575008392334,-31.1368498437764,17.0106650731201));
#6841=CARTESIAN_POINT('Ctrl Pts',(-40.0575008392334,-31.1251881425446,17.029459969069));
#6842=CARTESIAN_POINT('Ctrl Pts',(-40.0575008392334,-31.1020131651932,17.0648749233569));
#6843=CARTESIAN_POINT('Ctrl Pts',(-40.0575008392334,-31.0579622914213,17.127478857805));
#6844=CARTESIAN_POINT('Ctrl Pts',(-40.0575008392334,-30.9720366716655,17.248957787259));
#6845=CARTESIAN_POINT('Ctrl Pts',(-40.0575008392334,-30.7948922991974,17.4931322444196));
#6846=CARTESIAN_POINT('Ctrl Pts',(-40.0575008392334,-30.5826898730807,17.7647481146567));
#6847=CARTESIAN_POINT('Ctrl Pts',(-40.0575008392334,-30.3533617120102,18.0201258679171));
#6848=CARTESIAN_POINT('Ctrl Pts',(-40.0575008392334,-30.170686893525,18.202041119784));
#6849=CARTESIAN_POINT('Ctrl Pts',(-40.0575008392334,-29.8469177148089,18.4849376284781));
#6850=CARTESIAN_POINT('Ctrl Pts',(-40.0575008392334,-29.2633440714552,18.8585953732164));
#6851=CARTESIAN_POINT('Ctrl Pts',(-40.0575008392334,-28.6638969368795,19.));
#6852=CARTESIAN_POINT('Ctrl Pts',(-40.0575008392334,-28.3200807045766,19.));
#6853=CARTESIAN_POINT('Ctrl Pts',(-40.0575008392334,-31.1346246292645,17.0000000000007));
#6854=CARTESIAN_POINT('Ctrl Pts',(-40.0575008392334,-31.1346246292641,17.0096493287662));
#6855=CARTESIAN_POINT('Ctrl Pts',(-40.0574993969599,-31.1207419076669,17.0266547558389));
#6856=CARTESIAN_POINT('Ctrl Pts',(-40.0574968719349,-31.0931590830442,17.0586955301619));
#6857=CARTESIAN_POINT('Ctrl Pts',(-40.057488849829,-31.0407564546859,17.1153270204469));
#6858=CARTESIAN_POINT('Ctrl Pts',(-40.0574619092316,-30.9387644197514,17.2251403879046));
#6859=CARTESIAN_POINT('Ctrl Pts',(-40.057335641203,-30.7300961183378,17.4453437532858));
#6860=CARTESIAN_POINT('Ctrl Pts',(-40.0571502884311,-30.4875743867042,17.6876673751665));
#6861=CARTESIAN_POINT('Ctrl Pts',(-40.0572868660225,-30.2375163790229,17.911259001933));
#6862=CARTESIAN_POINT('Ctrl Pts',(-40.0573714852479,-30.0446677776209,18.0682424446023));
#6863=CARTESIAN_POINT('Ctrl Pts',(-40.057682946837,-29.7136023567705,18.3083629294652));
#6864=CARTESIAN_POINT('Ctrl Pts',(-40.0581795895151,-29.1512406429213,18.6123614328939));
#6865=CARTESIAN_POINT('Ctrl Pts',(-40.0570768141552,-28.6179782479171,18.7113136827214));
#6866=CARTESIAN_POINT('Ctrl Pts',(-40.0575008392334,-28.3200807045766,18.7008006996581));
#6867=CARTESIAN_POINT('Ctrl Pts',(-40.0574878412841,-31.1307305038682,17.0000000000006));
#6868=CARTESIAN_POINT('Ctrl Pts',(-40.0574878412841,-31.1307305038677,17.0078717761471));
#6869=CARTESIAN_POINT('Ctrl Pts',(-40.0574426843098,-31.1129608867595,17.0217439673763));
#6870=CARTESIAN_POINT('Ctrl Pts',(-40.0572264566677,-31.0776641453516,17.0478769810321));
#6871=CARTESIAN_POINT('Ctrl Pts',(-40.0564837861947,-31.010645322448,17.0940474383938));
#6872=CARTESIAN_POINT('Ctrl Pts',(-40.0536748082874,-30.8805352226339,17.1834139669813));
#6873=CARTESIAN_POINT('Ctrl Pts',(-40.0427536933423,-30.616691933907,17.3615175239215));
#6874=CARTESIAN_POINT('Ctrl Pts',(-40.0195035724931,-30.3211380012093,17.5523220129455));
#6875=CARTESIAN_POINT('Ctrl Pts',(-39.9904367061707,-30.0350299929184,17.7204525258256));
#6876=CARTESIAN_POINT('Ctrl Pts',(-39.9669844967963,-29.8246531617585,17.833992179532));
#6877=CARTESIAN_POINT('Ctrl Pts',(-39.9267342130163,-29.481426272474,17.9999701501013));
#6878=CARTESIAN_POINT('Ctrl Pts',(-39.8644752227018,-28.9573612489945,18.1842278946256));
#6879=CARTESIAN_POINT('Ctrl Pts',(-39.824684704945,-28.5391034577892,18.2101911750879));
#6880=CARTESIAN_POINT('Ctrl Pts',(-39.806252282966,-28.3200807045766,18.1829433051119));
#6881=CARTESIAN_POINT('Ctrl Pts',(-40.0574520974541,-31.1268365303174,17.0000000000004));
#6882=CARTESIAN_POINT('Ctrl Pts',(-40.0574520974541,-31.1268365303168,17.006094292841));
#6883=CARTESIAN_POINT('Ctrl Pts',(-40.0572813778237,-31.1051801439279,17.0168345517938));
#6884=CARTESIAN_POINT('Ctrl Pts',(-40.0564688341904,-31.0621796737132,17.0370688361891));
#6885=CARTESIAN_POINT('Ctrl Pts',(-40.0536769500006,-30.9805994353232,17.0728247321132));
#6886=CARTESIAN_POINT('Ctrl Pts',(-40.0431528547374,-30.822828382957,17.1420878374058));
#6887=CARTESIAN_POINT('Ctrl Pts',(-40.0024001965629,-30.5069309403087,17.2805049359421));
#6888=CARTESIAN_POINT('Ctrl Pts',(-39.918177392926,-30.171871019322,17.430566412615));
#6889=CARTESIAN_POINT('Ctrl Pts',(-39.8188586072281,-29.8710789264255,17.5658045319645));
#6890=CARTESIAN_POINT('Ctrl Pts',(-39.7416091183502,-29.6605394438245,17.6590702495774));
#6891=CARTESIAN_POINT('Ctrl Pts',(-39.6140429284459,-29.3325620315816,17.7989409463895));
#6892=CARTESIAN_POINT('Ctrl Pts',(-39.4321032065663,-28.8692279917164,17.9673760797064));
#6893=CARTESIAN_POINT('Ctrl Pts',(-39.3283159019095,-28.5109629204432,18.0122370741058));
#6894=CARTESIAN_POINT('Ctrl Pts',(-39.2819003144898,-28.3200807045766,18.));
#6895=CARTESIAN_POINT('Ctrl Pts',(-40.0574326010528,-31.1251677333167,17.0000000000004));
#6896=CARTESIAN_POINT('Ctrl Pts',(-40.0574326010528,-31.125167733316,17.00533253656));
#6897=CARTESIAN_POINT('Ctrl Pts',(-40.0571932274813,-31.1018456014285,17.0147299845345));
#6898=CARTESIAN_POINT('Ctrl Pts',(-40.0560554679847,-31.055546724096,17.0324374616784));
#6899=CARTESIAN_POINT('Ctrl Pts',(-40.0521452207009,-30.9677433771818,17.0637394289025));
#6900=CARTESIAN_POINT('Ctrl Pts',(-40.0374254357568,-30.7982630882162,17.1244788936295));
#6901=CARTESIAN_POINT('Ctrl Pts',(-39.9805231665657,-30.4610514005228,17.2465661222098));
#6902=CARTESIAN_POINT('Ctrl Pts',(-39.8643629756343,-30.1132602831086,17.3823740573283));
#6903=CARTESIAN_POINT('Ctrl Pts',(-39.7306518597719,-29.8123439134082,17.5100629339585));
#6904=CARTESIAN_POINT('Ctrl Pts',(-39.6283147347339,-29.6064721230633,17.601020559892));
#6905=CARTESIAN_POINT('Ctrl Pts',(-39.4622024417089,-29.292055643018,17.7424688142391));
#6906=CARTESIAN_POINT('Ctrl Pts',(-39.2342013978882,-28.858623646507,17.9292976866082));
#6907=CARTESIAN_POINT('Ctrl Pts',(-39.1115231221501,-28.5110871157897,18.));
#6908=CARTESIAN_POINT('Ctrl Pts',(-39.0575008392334,-28.3200807045766,18.));
#6909=CARTESIAN_POINT('',(-40.0575008392334,-28.3200807045766,19.));
#6910=CARTESIAN_POINT('',(-39.0575008392334,-28.3200807045766,18.));
#6911=CARTESIAN_POINT('Origin',(-39.0575008392334,-28.3200807045766,19.));
#6912=CARTESIAN_POINT('',(-40.0574326010528,-31.1251677333164,17.0000000000004));
#6913=CARTESIAN_POINT('Ctrl Pts',(-39.0575008392334,-28.3200807045766,18.));
#6914=CARTESIAN_POINT('Ctrl Pts',(-39.1115231221501,-28.5110871157897,18.));
#6915=CARTESIAN_POINT('Ctrl Pts',(-39.2342013978882,-28.858623646507,17.9292976866082));
#6916=CARTESIAN_POINT('Ctrl Pts',(-39.4622024417089,-29.292055643018,17.7424688142391));
#6917=CARTESIAN_POINT('Ctrl Pts',(-39.6283147347339,-29.6064721230633,17.601020559892));
#6918=CARTESIAN_POINT('Ctrl Pts',(-39.7306518597719,-29.8123439134082,17.5100629339585));
#6919=CARTESIAN_POINT('Ctrl Pts',(-39.8643629756343,-30.1132602831086,17.3823740573283));
#6920=CARTESIAN_POINT('Ctrl Pts',(-39.9805231665657,-30.4610514005228,17.2465661222098));
#6921=CARTESIAN_POINT('Ctrl Pts',(-40.0374254357568,-30.7982630882162,17.1244788936295));
#6922=CARTESIAN_POINT('Ctrl Pts',(-40.0521452207009,-30.9677433771818,17.0637394289025));
#6923=CARTESIAN_POINT('Ctrl Pts',(-40.0560554679847,-31.055546724096,17.0324374616784));
#6924=CARTESIAN_POINT('Ctrl Pts',(-40.0571932274813,-31.1018456014285,17.0147299845345));
#6925=CARTESIAN_POINT('Ctrl Pts',(-40.0574326010528,-31.125167733316,17.00533253656));
#6926=CARTESIAN_POINT('Ctrl Pts',(-40.0574326010528,-31.1251677333167,17.0000000000004));
#6927=CARTESIAN_POINT('',(-40.057500735173,-31.132225354552,17.0166608116766));
#6928=CARTESIAN_POINT('Ctrl Pts',(-40.0575006311126,-31.1320108143869,17.016520858213));
#6929=CARTESIAN_POINT('Ctrl Pts',(-40.0575006167014,-31.132010687232,17.0164708583804));
#6930=CARTESIAN_POINT('Ctrl Pts',(-40.0575006015075,-31.1320105600785,17.0164208585484));
#6931=CARTESIAN_POINT('Ctrl Pts',(-40.05750059055,-31.1320104708336,17.0163857650722));
#6932=CARTESIAN_POINT('Ctrl Pts',(-40.0575000606594,-31.1320061550744,17.0146886934046));
#6933=CARTESIAN_POINT('Ctrl Pts',(-40.0574986956508,-31.1318886068137,17.0129602802414));
#6934=CARTESIAN_POINT('Ctrl Pts',(-40.0574960105282,-31.1316068096313,17.0112524188578));
#6935=CARTESIAN_POINT('Ctrl Pts',(-40.0574935295369,-31.1313464355405,17.0096743943684));
#6936=CARTESIAN_POINT('Ctrl Pts',(-40.0574899545941,-31.1309474375487,17.0081141255214));
#6937=CARTESIAN_POINT('Ctrl Pts',(-40.0574846074331,-31.1303485767485,17.0066462053567));
#6938=CARTESIAN_POINT('Ctrl Pts',(-40.0574817058954,-31.1300236160453,17.0058496657123));
#6939=CARTESIAN_POINT('Ctrl Pts',(-40.0574782802027,-31.1296409922746,17.0050828109363));
#6940=CARTESIAN_POINT('Ctrl Pts',(-40.0574742055489,-31.12920040204,17.0043512376459));
#6941=CARTESIAN_POINT('Ctrl Pts',(-40.0574711494994,-31.1288699529613,17.0038025470467));
#6942=CARTESIAN_POINT('Ctrl Pts',(-40.057467730958,-31.1285067802343,17.0032737544579));
#6943=CARTESIAN_POINT('Ctrl Pts',(-40.0574638238388,-31.1281051288591,17.0027691552302));
#6944=CARTESIAN_POINT('Ctrl Pts',(-40.0574576368793,-31.1274691101807,17.0019701176726));
#6945=CARTESIAN_POINT('Ctrl Pts',(-40.0574504390267,-31.1267595866326,17.0012530638772));
#6946=CARTESIAN_POINT('Ctrl Pts',(-40.0574419939721,-31.1259947647152,17.0006272540729));
#6947=CARTESIAN_POINT('Ctrl Pts',(-40.0574393757139,-31.1257576435406,17.0004332314483));
#6948=CARTESIAN_POINT('Ctrl Pts',(-40.0574366335512,-31.1255149181932,17.0002477439594));
#6949=CARTESIAN_POINT('Ctrl Pts',(-40.0574337494033,-31.125266361182,17.0000703788339));
#6950=CARTESIAN_POINT('Ctrl Pts',(-40.0574335494622,-31.1252491301764,17.0000580831459));
#6951=CARTESIAN_POINT('Ctrl Pts',(-40.0574330765286,-31.125208431731,17.0000290415743));
#6952=CARTESIAN_POINT('Ctrl Pts',(-40.0574326010528,-31.1251677333167,17.0000000000027));
#6953=CARTESIAN_POINT('',(-40.0575008392334,-31.1320108142626,17.0176618981861));
#6954=CARTESIAN_POINT('Ctrl Pts',(-40.0575008392334,-31.132225354552,17.0166608116766));
#6955=CARTESIAN_POINT('Ctrl Pts',(-40.0575008392334,-31.1321538411222,17.0169945071797));
#6956=CARTESIAN_POINT('Ctrl Pts',(-40.0575008392334,-31.1320823276924,17.0173282026829));
#6957=CARTESIAN_POINT('Ctrl Pts',(-40.0575008392334,-31.1320108142626,17.0176618981861));
#6958=CARTESIAN_POINT('Ctrl Pts',(-40.0575008392334,-31.1320108142626,17.0176618981861));
#6959=CARTESIAN_POINT('Ctrl Pts',(-40.0575008392334,-31.130015035774,17.0215973095299));
#6960=CARTESIAN_POINT('Ctrl Pts',(-40.0575008392334,-31.1217893140098,17.0346539054154));
#6961=CARTESIAN_POINT('Ctrl Pts',(-40.0575008392334,-31.1020131651932,17.0648749233569));
#6962=CARTESIAN_POINT('Ctrl Pts',(-40.0575008392334,-31.0579622914213,17.127478857805));
#6963=CARTESIAN_POINT('Ctrl Pts',(-40.0575008392334,-30.9720366716655,17.248957787259));
#6964=CARTESIAN_POINT('Ctrl Pts',(-40.0575008392334,-30.7948922991974,17.4931322444196));
#6965=CARTESIAN_POINT('Ctrl Pts',(-40.0575008392334,-30.5826898730807,17.7647481146567));
#6966=CARTESIAN_POINT('Ctrl Pts',(-40.0575008392334,-30.3533617120102,18.0201258679171));
#6967=CARTESIAN_POINT('Ctrl Pts',(-40.0575008392334,-30.170686893525,18.202041119784));
#6968=CARTESIAN_POINT('Ctrl Pts',(-40.0575008392334,-29.8469177148089,18.4849376284781));
#6969=CARTESIAN_POINT('Ctrl Pts',(-40.0575008392334,-29.2633440714552,18.8585953732164));
#6970=CARTESIAN_POINT('Ctrl Pts',(-40.0575008392334,-28.6638969368795,19.));
#6971=CARTESIAN_POINT('Ctrl Pts',(-40.0575008392334,-28.3200807045766,19.));
#6972=CARTESIAN_POINT('Origin',(-39.0575008392334,-26.8408990142031,19.));
#6973=CARTESIAN_POINT('',(-40.0575008392334,-23.8408990142031,19.));
#6974=CARTESIAN_POINT('',(-39.0575008392334,-24.8408990142031,18.));
#6975=CARTESIAN_POINT('Origin',(-39.0575008392334,-24.8408990142031,19.));
#6976=CARTESIAN_POINT('',(-39.0575008392334,-26.8408990142031,18.));
#6977=CARTESIAN_POINT('',(-40.0575008392334,-26.8408990142031,19.));
#6978=CARTESIAN_POINT('Origin',(-38.057569077414,-31.1485319542369,17.));
#6979=CARTESIAN_POINT('',(-38.057569077414,-28.1485319542369,18.));
#6980=CARTESIAN_POINT('Origin',(-38.057569077414,-31.1485319542369,18.));
#6981=CARTESIAN_POINT('',(-38.057569077414,-29.1485319542369,17.));
#6982=CARTESIAN_POINT('Origin',(-38.057569077414,-28.1485319542369,17.));
#6983=CARTESIAN_POINT('Origin',(-38.057569077414,-31.1485319542369,17.));
#6984=CARTESIAN_POINT('Origin',(-30.0575008392334,-26.8408990142031,18.));
#6985=CARTESIAN_POINT('',(-21.0575008392334,-24.8408990142031,18.));
#6986=CARTESIAN_POINT('',(-30.0575008392334,-24.8408990142031,18.));
#6987=CARTESIAN_POINT('',(-21.0575008392334,-28.3201289562569,18.));
#6988=CARTESIAN_POINT('',(-21.0575008392334,-26.8408990142031,18.));
#6989=CARTESIAN_POINT('',(-22.057569077414,-28.1485319542369,18.));
#6990=CARTESIAN_POINT('Origin',(-22.057569077414,-31.1485319542369,18.));
#6991=CARTESIAN_POINT('',(-30.0575349583237,-28.1485319542369,18.));
#6992=CARTESIAN_POINT('Origin',(-30.0575008392334,-24.8408990142031,19.));
#6993=CARTESIAN_POINT('',(-20.0575008392334,-23.8408990142031,19.));
#6994=CARTESIAN_POINT('',(-30.0575008392334,-23.8408990142031,19.));
#6995=CARTESIAN_POINT('Origin',(-21.0575008392334,-24.8408990142031,19.));
#6996=CARTESIAN_POINT('Origin',(-21.0575008392334,-26.8408990142031,19.));
#6997=CARTESIAN_POINT('',(-20.0575008392334,-28.3201289562569,19.));
#6998=CARTESIAN_POINT('',(-20.0575008392334,-26.8408990142031,19.));
#6999=CARTESIAN_POINT('Origin',(-21.0575008392334,-28.3201289562569,19.));
#7000=CARTESIAN_POINT('Ctrl Pts',(-20.0575008392334,-28.3201289562569,19.));
#7001=CARTESIAN_POINT('Ctrl Pts',(-20.0575008392334,-28.6560424110307,19.));
#7002=CARTESIAN_POINT('Ctrl Pts',(-20.0575008392334,-29.4376569646695,18.8203243067425));
#7003=CARTESIAN_POINT('Ctrl Pts',(-20.0575008392334,-30.0662181279952,18.3231523267943));
#7004=CARTESIAN_POINT('Ctrl Pts',(-20.0575008392334,-30.3724719196853,17.9963754827633));
#7005=CARTESIAN_POINT('Ctrl Pts',(-20.0575008392334,-28.3201289562569,18.7008006996581));
#7006=CARTESIAN_POINT('Ctrl Pts',(-20.0579151673709,-28.6111807153605,18.7110732635132));
#7007=CARTESIAN_POINT('Ctrl Pts',(-20.058021801816,-29.3055879160563,18.5868671807488));
#7008=CARTESIAN_POINT('Ctrl Pts',(-20.0572141277341,-29.9292791730924,18.1746161131884));
#7009=CARTESIAN_POINT('Ctrl Pts',(-20.0575008392334,-30.2590389745037,17.8900666356127));
#7010=CARTESIAN_POINT('Ctrl Pts',(-20.3087228530454,-28.3201289562569,18.1829114579086));
#7011=CARTESIAN_POINT('Ctrl Pts',(-20.2907119582648,-28.5341215285518,18.2095362020521));
#7012=CARTESIAN_POINT('Ctrl Pts',(-20.2393300245042,-29.0770094237891,18.1787702608171));
#7013=CARTESIAN_POINT('Ctrl Pts',(-20.1612154919727,-29.6901687895613,17.9152250498789));
#7014=CARTESIAN_POINT('Ctrl Pts',(-20.1221790736852,-30.0606898554719,17.7041747314235));
#7015=CARTESIAN_POINT('Ctrl Pts',(-20.833101363977,-28.3201289562569,18.));
#7016=CARTESIAN_POINT('Ctrl Pts',(-20.7877472449062,-28.5066287527139,18.0119572270207));
#7017=CARTESIAN_POINT('Ctrl Pts',(-20.6555239525501,-28.9718416432524,17.9563612571929));
#7018=CARTESIAN_POINT('Ctrl Pts',(-20.4189345193055,-29.5166036737034,17.7238031592577));
#7019=CARTESIAN_POINT('Ctrl Pts',(-20.2875457258654,-29.8991760728524,17.5528047392072));
#7020=CARTESIAN_POINT('Ctrl Pts',(-21.0575008392334,-28.3201289562569,18.));
#7021=CARTESIAN_POINT('Ctrl Pts',(-21.004713980592,-28.5067500892321,18.));
#7022=CARTESIAN_POINT('Ctrl Pts',(-20.8493536332102,-28.9588721837701,17.9101621533712));
#7023=CARTESIAN_POINT('Ctrl Pts',(-20.5482581238016,-29.461269463084,17.6615761633971));
#7024=CARTESIAN_POINT('Ctrl Pts',(-20.3724904593892,-29.8408990142031,17.4981877413816));
#7025=CARTESIAN_POINT('',(-20.0575008392334,-29.8406797724944,18.4714081573617));
#7026=CARTESIAN_POINT('',(-20.3724904593892,-29.8408990142031,17.4981877413816));
#7027=CARTESIAN_POINT('Ctrl Pts',(-20.0575008392334,-29.8408990142031,18.4712478998306));
#7028=CARTESIAN_POINT('Ctrl Pts',(-20.0575129683208,-29.8408990142031,18.2995405466677));
#7029=CARTESIAN_POINT('Ctrl Pts',(-20.0873009676385,-29.8408990141214,18.1242588418452));
#7030=CARTESIAN_POINT('Ctrl Pts',(-20.2058673929725,-29.8408990141214,17.7549552086043));
#7031=CARTESIAN_POINT('Ctrl Pts',(-20.2970777812234,-29.8408990142031,17.6018805122479));
#7032=CARTESIAN_POINT('Ctrl Pts',(-20.3724904593891,-29.8408990142031,17.4981877413817));
#7033=CARTESIAN_POINT('Ctrl Pts',(-20.3724904593892,-29.8408990142031,17.4981877413816));
#7034=CARTESIAN_POINT('Ctrl Pts',(-20.5482581238016,-29.461269463084,17.6615761633971));
#7035=CARTESIAN_POINT('Ctrl Pts',(-20.8493536332102,-28.9588721837701,17.9101621533712));
#7036=CARTESIAN_POINT('Ctrl Pts',(-21.004713980592,-28.5067500892321,18.));
#7037=CARTESIAN_POINT('Ctrl Pts',(-21.0575008392334,-28.3201289562569,18.));
#7038=CARTESIAN_POINT('Ctrl Pts',(-20.0575008392334,-28.3201289562569,19.));
#7039=CARTESIAN_POINT('Ctrl Pts',(-20.0575008392334,-28.6560424110307,19.));
#7040=CARTESIAN_POINT('Ctrl Pts',(-20.0575008392334,-29.2005657051579,18.8748262811744));
#7041=CARTESIAN_POINT('Ctrl Pts',(-20.0575008392334,-29.6708057990082,18.5955583589914));
#7042=CARTESIAN_POINT('Ctrl Pts',(-20.0575008392334,-29.8404605307857,18.4715684148928));
#7043=CARTESIAN_POINT('Origin',(-20.0575008392334,-26.8408990142031,19.));
#7044=CARTESIAN_POINT('',(-20.0575008392334,-23.8408990142031,20.));
#7045=CARTESIAN_POINT('',(-20.0575008392334,-23.8408990142031,19.));
#7046=CARTESIAN_POINT('',(-20.0575008392334,-29.8408990142031,20.));
#7047=CARTESIAN_POINT('',(-20.0575008392334,-26.8408990142031,20.));
#7048=CARTESIAN_POINT('',(-20.0575008392334,-29.8408990142031,19.));
#7049=CARTESIAN_POINT('Origin',(-30.0575008392334,-23.8408990142031,19.));
#7050=CARTESIAN_POINT('',(-40.0575008392334,-23.8408990142031,20.));
#7051=CARTESIAN_POINT('',(-40.0575008392334,-23.8408990142031,19.));
#7052=CARTESIAN_POINT('',(-30.0575008392334,-23.8408990142031,20.));
#7053=CARTESIAN_POINT('Origin',(-40.0575008392334,-26.8408990142031,19.));
#7054=CARTESIAN_POINT('',(-40.0575008392334,-31.1320108142626,20.));
#7055=CARTESIAN_POINT('',(-40.0575008392334,-31.1320108142626,7.50000000000002));
#7056=CARTESIAN_POINT('',(-40.0575008392334,-26.8408990142031,20.));
#7057=CARTESIAN_POINT('Origin',(-22.057569077414,-31.1485319542369,17.));
#7058=CARTESIAN_POINT('',(-20.5442627323078,-29.8408990142031,17.));
#7059=CARTESIAN_POINT('Ctrl Pts',(-20.3724904593892,-29.8408990142031,17.4981877413816));
#7060=CARTESIAN_POINT('Ctrl Pts',(-20.406936311247,-29.8408990142031,17.4508245405133));
#7061=CARTESIAN_POINT('Ctrl Pts',(-20.4367452120349,-29.8408990142031,17.401063879122));
#7062=CARTESIAN_POINT('Ctrl Pts',(-20.5107433784539,-29.8408990142031,17.2491037843916));
#7063=CARTESIAN_POINT('Ctrl Pts',(-20.5442627323078,-29.8408990142031,17.1151057163053));
#7064=CARTESIAN_POINT('Ctrl Pts',(-20.5442627323078,-29.8408990142031,17.));
#7065=CARTESIAN_POINT('',(-22.057569077414,-29.1485319542369,17.));
#7066=CARTESIAN_POINT('Origin',(-22.057569077414,-31.1485319542369,17.));
#7067=CARTESIAN_POINT('Origin',(-22.057569077414,-28.1485319542369,17.));
#7068=CARTESIAN_POINT('Origin',(-30.0575349583237,-28.1485319542369,17.));
#7069=CARTESIAN_POINT('',(-30.0575349583237,-29.1485319542369,17.));
#7070=CARTESIAN_POINT('Origin',(-38.057569077414,-31.1485319542369,7.50000000000002));
#7071=CARTESIAN_POINT('',(-38.057569077414,-29.1485319542369,7.00000000000002));
#7072=CARTESIAN_POINT('',(-38.057569077414,-29.1485319542369,7.50000000000002));
#7073=CARTESIAN_POINT('',(-40.057569077414,-31.1485319542369,3.00000000000002));
#7074=CARTESIAN_POINT('Origin',(-38.057569077414,-31.1485319542369,3.00000000000002));
#7075=CARTESIAN_POINT('',(-40.057569077414,-31.1485319542369,20.));
#7076=CARTESIAN_POINT('',(-40.057569077414,-31.1485319542369,7.50000000000002));
#7077=CARTESIAN_POINT('Origin',(-38.057569077414,-31.1485319542369,20.));
#7078=CARTESIAN_POINT('Origin',(-30.057569077414,-29.1485319542369,12.5));
#7079=CARTESIAN_POINT('',(-22.057569077414,-29.1485319542369,7.00000000000002));
#7080=CARTESIAN_POINT('',(-22.057569077414,-29.1485319542369,7.50000000000002));
#7081=CARTESIAN_POINT('',(-30.057569077414,-29.1485319542369,7.00000000000002));
#7082=CARTESIAN_POINT('Origin',(-22.057569077414,-31.1485319542369,7.50000000000002));
#7083=CARTESIAN_POINT('',(-20.5442627323078,-29.8408990142031,20.));
#7084=CARTESIAN_POINT('',(-20.5442627323078,-29.8408990142031,7.50000000000002));
#7085=CARTESIAN_POINT('',(-20.057569077414,-31.1485319542369,20.));
#7086=CARTESIAN_POINT('Origin',(-22.057569077414,-31.1485319542369,20.));
#7087=CARTESIAN_POINT('',(-20.057569077414,-31.1485319542369,3.00000000000002));
#7088=CARTESIAN_POINT('',(-20.057569077414,-31.1485319542369,7.50000000000002));
#7089=CARTESIAN_POINT('Origin',(-22.057569077414,-31.1485319542369,3.00000000000002));
#7090=CARTESIAN_POINT('Ctrl Pts',(-40.057569077414,-31.1485319542369,3.00000000000002));
#7091=CARTESIAN_POINT('Ctrl Pts',(-40.057569077414,-30.2509340532112,3.44879895051285));
#7092=CARTESIAN_POINT('Ctrl Pts',(-39.7953606501548,-28.7603577900941,4.19408708207142));
#7093=CARTESIAN_POINT('Ctrl Pts',(-38.9541238684223,-27.4222146022217,4.86315867600761));
#7094=CARTESIAN_POINT('Ctrl Pts',(-38.3567683777559,-27.1485319542369,5.00000000000002));
#7095=CARTESIAN_POINT('Ctrl Pts',(-38.057569077414,-27.1485319542369,5.00000000000002));
#7096=CARTESIAN_POINT('Ctrl Pts',(-40.057569077414,-31.1485319542369,3.00000000000002));
#7097=CARTESIAN_POINT('Ctrl Pts',(-40.057569077414,-30.3364195675946,3.53428446489625));
#7098=CARTESIAN_POINT('Ctrl Pts',(-39.6757771189599,-28.9864102183458,4.41960455908201));
#7099=CARTESIAN_POINT('Ctrl Pts',(-38.706566002293,-27.914822383118,4.96414885869852));
#7100=CARTESIAN_POINT('Ctrl Pts',(-38.2658755912684,-27.7469305549206,5.00000000000002));
#7101=CARTESIAN_POINT('Ctrl Pts',(-38.057569077414,-27.7469305549206,5.00000000000002));
#7102=CARTESIAN_POINT('Ctrl Pts',(-40.057569077414,-31.1485319542369,3.00000000000002));
#7103=CARTESIAN_POINT('Ctrl Pts',(-40.057569077414,-30.4860192177655,3.68388411506719));
#7104=CARTESIAN_POINT('Ctrl Pts',(-39.5877550883324,-29.3874960373829,4.81878581601221));
#7105=CARTESIAN_POINT('Ctrl Pts',(-38.4983435751156,-28.7740221911845,5.49246443443867));
#7106=CARTESIAN_POINT('Ctrl Pts',(-38.18777829004,-28.7830722372739,5.50194946229362));
#7107=CARTESIAN_POINT('Ctrl Pts',(-38.057569077414,-28.7830722372739,5.50194946229362));
#7108=CARTESIAN_POINT('Ctrl Pts',(-40.057569077414,-31.1485319542369,3.00000000000002));
#7109=CARTESIAN_POINT('Ctrl Pts',(-40.057569077414,-30.6356188679365,3.83348376523813));
#7110=CARTESIAN_POINT('Ctrl Pts',(-39.7052102919723,-29.7870737887551,5.21698765921985));
#7111=CARTESIAN_POINT('Ctrl Pts',(-38.7701399359902,-29.2100902637154,6.35642282289491));
#7112=CARTESIAN_POINT('Ctrl Pts',(-38.2895654453899,-29.1485319542369,6.5512010494872));
#7113=CARTESIAN_POINT('Ctrl Pts',(-38.057569077414,-29.1485319542369,6.5512010494872));
#7114=CARTESIAN_POINT('Ctrl Pts',(-40.057569077414,-31.1485319542369,3.00000000000002));
#7115=CARTESIAN_POINT('Ctrl Pts',(-40.057569077414,-30.699733003724,3.89759790102568));
#7116=CARTESIAN_POINT('Ctrl Pts',(-39.7953606501548,-29.9544448721655,5.38817416414283));
#7117=CARTESIAN_POINT('Ctrl Pts',(-38.9541238684223,-29.2853732782293,6.7263173520152));
#7118=CARTESIAN_POINT('Ctrl Pts',(-38.3567683777559,-29.1485319542369,7.00000000000002));
#7119=CARTESIAN_POINT('Ctrl Pts',(-38.057569077414,-29.1485319542369,7.00000000000002));
#7120=CARTESIAN_POINT('',(-38.057569077414,-27.1485319542369,5.00000000000002));
#7121=CARTESIAN_POINT('Origin',(-38.057569077414,-27.1485319542369,7.00000000000002));
#7122=CARTESIAN_POINT('Origin',(-38.057569077414,-31.1485319542369,3.00000000000002));
#7123=CARTESIAN_POINT('Origin',(-30.057569077414,-27.1485319542369,7.00000000000002));
#7124=CARTESIAN_POINT('',(-22.057569077414,-27.1485319542369,5.00000000000002));
#7125=CARTESIAN_POINT('Origin',(-22.057569077414,-27.1485319542369,7.00000000000002));
#7126=CARTESIAN_POINT('',(-30.057569077414,-27.1485319542369,5.00000000000002));
#7127=CARTESIAN_POINT('Ctrl Pts',(-22.0580570430386,-27.1477674485142,5.00000009529724));
#7128=CARTESIAN_POINT('Ctrl Pts',(-21.7585785324804,-27.1476182774083,5.00007471128208));
#7129=CARTESIAN_POINT('Ctrl Pts',(-21.3099668630914,-27.3533520901446,4.89716581849465));
#7130=CARTESIAN_POINT('Ctrl Pts',(-20.6722429095877,-28.1545244550524,4.49655776165035));
#7131=CARTESIAN_POINT('Ctrl Pts',(-20.194056896053,-29.353207972581,3.89733290708303));
#7132=CARTESIAN_POINT('Ctrl Pts',(-20.057569077414,-30.550060532234,3.29912647902279));
#7133=CARTESIAN_POINT('Ctrl Pts',(-20.057569077414,-31.1485319542369,3.00000000000002));
#7134=CARTESIAN_POINT('Ctrl Pts',(-22.0579087241843,-27.7464261888682,4.99975571967089));
#7135=CARTESIAN_POINT('Ctrl Pts',(-21.8494648063542,-27.7463322955592,4.99977885208508));
#7136=CARTESIAN_POINT('Ctrl Pts',(-21.5177511566391,-27.8758155800692,4.96789337340288));
#7137=CARTESIAN_POINT('Ctrl Pts',(-20.8604557005394,-28.4950278801551,4.6754502508078));
#7138=CARTESIAN_POINT('Ctrl Pts',(-20.2506167342558,-29.5231522328091,4.07001372089452));
#7139=CARTESIAN_POINT('Ctrl Pts',(-20.057569077414,-30.6070751489293,3.35614109571809));
#7140=CARTESIAN_POINT('Ctrl Pts',(-20.057569077414,-31.1485319542369,3.00000000000002));
#7141=CARTESIAN_POINT('Ctrl Pts',(-22.0577812604387,-28.7833085711726,5.50172938404225));
#7142=CARTESIAN_POINT('Ctrl Pts',(-21.9275719133095,-28.7833080780074,5.50173967921578));
#7143=CARTESIAN_POINT('Ctrl Pts',(-21.695357147233,-28.7839548745128,5.4875726515901));
#7144=CARTESIAN_POINT('Ctrl Pts',(-21.0107865052327,-29.0935396091565,5.13911207408031));
#7145=CARTESIAN_POINT('Ctrl Pts',(-20.2925508409254,-29.8222303048937,4.36892921785188));
#7146=CARTESIAN_POINT('Ctrl Pts',(-20.057569077414,-30.7068568465187,3.45592279330756));
#7147=CARTESIAN_POINT('Ctrl Pts',(-20.057569077414,-31.1485319542369,3.00000000000002));
#7148=CARTESIAN_POINT('Ctrl Pts',(-22.0579473675601,-29.1487101706943,6.55171283646791));
#7149=CARTESIAN_POINT('Ctrl Pts',(-21.8257847509964,-29.1486742409563,6.5518204845161));
#7150=CARTESIAN_POINT('Ctrl Pts',(-21.4644747857649,-29.1982139192909,6.40336398785113));
#7151=CARTESIAN_POINT('Ctrl Pts',(-20.8130052121143,-29.5190435578282,5.73741753149006));
#7152=CARTESIAN_POINT('Ctrl Pts',(-20.2368782233492,-30.1222823788305,4.66727900589867));
#7153=CARTESIAN_POINT('Ctrl Pts',(-20.057569077414,-30.8066385441082,3.55570449089705));
#7154=CARTESIAN_POINT('Ctrl Pts',(-20.057569077414,-31.1485319542369,3.00000000000002));
#7155=CARTESIAN_POINT('Ctrl Pts',(-22.0580570407329,-29.1485318628834,7.00076607419014));
#7156=CARTESIAN_POINT('Ctrl Pts',(-21.7585799458993,-29.1484572466456,7.00091524554325));
#7157=CARTESIAN_POINT('Ctrl Pts',(-21.3099686241683,-29.2513664887228,6.79518109158643));
#7158=CARTESIAN_POINT('Ctrl Pts',(-20.6722431265236,-29.6519725145676,5.99401040405439));
#7159=CARTESIAN_POINT('Ctrl Pts',(-20.1940560721131,-30.2511984555023,4.79532539994466));
#7160=CARTESIAN_POINT('Ctrl Pts',(-20.057569077414,-30.8494056250024,3.59847157179121));
#7161=CARTESIAN_POINT('Ctrl Pts',(-20.057569077414,-31.1485319542369,3.00000000000002));
#7162=CARTESIAN_POINT('Origin',(-22.057569077414,-31.1485319542369,3.00000000000002));
#7163=CARTESIAN_POINT('Origin',(-38.057569077414,-17.6485319542369,3.00000000000002));
#7164=CARTESIAN_POINT('',(-38.057569077414,-1.14853195423686,5.00000000000002));
#7165=CARTESIAN_POINT('',(-38.057569077414,-17.6485319542369,5.00000000000002));
#7166=CARTESIAN_POINT('',(-40.057569077414,0.851468045763138,3.00000000000002));
#7167=CARTESIAN_POINT('Origin',(-38.057569077414,-1.14853195423686,3.00000000000002));
#7168=CARTESIAN_POINT('',(-40.057569077414,-17.6485319542369,3.00000000000002));
#7169=CARTESIAN_POINT('Origin',(-30.057569077414,-1.14853195423686,3.00000000000002));
#7170=CARTESIAN_POINT('',(-22.057569077414,-1.14853195423686,5.00000000000002));
#7171=CARTESIAN_POINT('',(-30.057569077414,-1.14853195423686,5.00000000000002));
#7172=CARTESIAN_POINT('',(-20.057569077414,0.851468045763138,3.00000000000002));
#7173=CARTESIAN_POINT('Origin',(-22.057569077414,-1.14853195423686,3.00000000000002));
#7174=CARTESIAN_POINT('',(-30.057569077414,0.851468045763138,3.00000000000002));
#7175=CARTESIAN_POINT('Origin',(-22.057569077414,-17.6485319542369,3.00000000000002));
#7176=CARTESIAN_POINT('',(-20.057569077414,-17.6485319542369,3.00000000000002));
#7177=CARTESIAN_POINT('',(-22.057569077414,-17.6485319542369,5.00000000000002));
#7178=CARTESIAN_POINT('Origin',(-40.057569077414,-17.6485319542369,2.50000000000002));
#7179=CARTESIAN_POINT('',(-40.057569077414,0.851468045763138,1.44086681519632E-14));
#7180=CARTESIAN_POINT('',(-40.057569077414,0.851468045763138,2.50000000000002));
#7181=CARTESIAN_POINT('',(-40.057569077414,-36.1485319542369,2.29304802339762E-14));
#7182=CARTESIAN_POINT('',(-40.057569077414,-17.6485319542369,1.86695741929697E-14));
#7183=CARTESIAN_POINT('',(-40.057569077414,-36.1485319542369,20.));
#7184=CARTESIAN_POINT('',(-40.057569077414,-36.1485319542369,2.50000000000002));
#7185=CARTESIAN_POINT('',(-40.057569077414,-32.6485319542369,20.));
#7186=CARTESIAN_POINT('Origin',(-30.057569077414,0.851468045763138,2.50000000000002));
#7187=CARTESIAN_POINT('',(-20.057569077414,0.851468045763138,1.44086681519632E-14));
#7188=CARTESIAN_POINT('',(-20.057569077414,0.851468045763138,2.50000000000002));
#7189=CARTESIAN_POINT('',(-30.057569077414,0.851468045763138,1.44086681519632E-14));
#7190=CARTESIAN_POINT('Origin',(-20.057569077414,-17.6485319542369,2.50000000000002));
#7191=CARTESIAN_POINT('',(-20.057569077414,-36.1485319542369,20.));
#7192=CARTESIAN_POINT('',(-20.057569077414,-32.6485319542369,20.));
#7193=CARTESIAN_POINT('',(-20.057569077414,-36.1485319542369,2.29304802339762E-14));
#7194=CARTESIAN_POINT('',(-20.057569077414,-36.1485319542369,2.50000000000002));
#7195=CARTESIAN_POINT('',(-20.057569077414,-17.6485319542369,1.86695741929697E-14));
#7196=CARTESIAN_POINT('Origin',(-30.0575008392334,-26.8408990142031,20.));
#7197=CARTESIAN_POINT('',(-30.057569077414,-36.1485319542369,20.));
#7198=CARTESIAN_POINT('',(-30.0575008392334,-29.8408990142031,20.));
#7199=CARTESIAN_POINT('Origin',(-30.057569077414,-36.1485319542369,2.50000000000002));
#7200=CARTESIAN_POINT('',(-30.057569077414,-36.1485319542369,2.29304802339762E-14));
#7201=CARTESIAN_POINT('Origin',(-30.057569077414,-17.6485319542369,1.86695741929697E-14));
#7202=CARTESIAN_POINT('Origin',(-30.057569077414,-17.6485319542369,5.00000000000002));
#7203=CARTESIAN_POINT('Origin',(-30.0575008392334,-29.8408990142031,19.));
#7204=CARTESIAN_POINT('Ctrl Pts',(-40.9995002746582,12.0121501452569,17.0000000000007));
#7205=CARTESIAN_POINT('Ctrl Pts',(-40.9995002746582,12.0121501452573,17.0106650731198));
#7206=CARTESIAN_POINT('Ctrl Pts',(-40.9995002746582,12.0238119271742,17.0294600133195));
#7207=CARTESIAN_POINT('Ctrl Pts',(-40.9995002746582,12.0469870259346,17.0648750376495));
#7208=CARTESIAN_POINT('Ctrl Pts',(-40.9995002746582,12.0910382344669,17.1274791648095));
#7209=CARTESIAN_POINT('Ctrl Pts',(-40.9995002746582,12.1769648661806,17.2489587320752));
#7210=CARTESIAN_POINT('Ctrl Pts',(-40.9995002746582,12.3541129668342,17.4931357060697));
#7211=CARTESIAN_POINT('Ctrl Pts',(-40.9995002746582,12.5663201706967,17.7647551371347));
#7212=CARTESIAN_POINT('Ctrl Pts',(-40.9995002746582,12.7956489070229,18.0201333260573));
#7213=CARTESIAN_POINT('Ctrl Pts',(-40.9995002746582,12.9783245406566,18.2020494107755));
#7214=CARTESIAN_POINT('Ctrl Pts',(-40.9995002746582,13.302093987913,18.4849460121552));
#7215=CARTESIAN_POINT('Ctrl Pts',(-40.9995002746582,13.8856666051795,18.8586049659263));
#7216=CARTESIAN_POINT('Ctrl Pts',(-40.9995002746582,14.4851030521533,19.));
#7217=CARTESIAN_POINT('Ctrl Pts',(-40.9995002746582,14.8289192844562,19.));
#7218=CARTESIAN_POINT('Ctrl Pts',(-40.9995002746582,12.0143753597694,17.0000000000007));
#7219=CARTESIAN_POINT('Ctrl Pts',(-40.9995002746582,12.0143753597698,17.009649328766));
#7220=CARTESIAN_POINT('Ctrl Pts',(-40.9994988426864,12.0282581752052,17.0266547853614));
#7221=CARTESIAN_POINT('Ctrl Pts',(-40.9994963351157,12.0558411402516,17.0586956047896));
#7222=CARTESIAN_POINT('Ctrl Pts',(-40.9994883711043,12.1082441551057,17.1153272106109));
#7223=CARTESIAN_POINT('Ctrl Pts',(-40.9994616115723,12.2102373482039,17.225140959722));
#7224=CARTESIAN_POINT('Ctrl Pts',(-40.9993362704693,12.4189098902838,17.445345643973));
#7225=CARTESIAN_POINT('Ctrl Pts',(-40.9991519555465,12.6614368612734,17.6876709883371));
#7226=CARTESIAN_POINT('Ctrl Pts',(-40.9992884788119,12.9114954475698,17.9112628266275));
#7227=CARTESIAN_POINT('Ctrl Pts',(-40.9993727170227,13.1043447087881,18.0682467446264));
#7228=CARTESIAN_POINT('Ctrl Pts',(-40.9996836146954,13.4354103062685,18.308367348963));
#7229=CARTESIAN_POINT('Ctrl Pts',(-41.0001783453092,13.9977696352112,18.6123668497987));
#7230=CARTESIAN_POINT('Ctrl Pts',(-40.99907624958,14.5310217411157,18.7113136827214));
#7231=CARTESIAN_POINT('Ctrl Pts',(-40.9995002746582,14.8289192844562,18.7008006996581));
#7232=CARTESIAN_POINT('Ctrl Pts',(-40.999487276709,12.018269485166,17.0000000000006));
#7233=CARTESIAN_POINT('Ctrl Pts',(-40.999487276709,12.0182694851665,17.007871776147));
#7234=CARTESIAN_POINT('Ctrl Pts',(-40.9994421244709,12.0360392338707,17.0217439927862));
#7235=CARTESIAN_POINT('Ctrl Pts',(-40.9992259052991,12.0713361750376,17.0478770450209));
#7236=CARTESIAN_POINT('Ctrl Pts',(-40.9984832613097,12.1383555569791,17.0940476047609));
#7237=CARTESIAN_POINT('Ctrl Pts',(-40.9956743778633,12.2684673555792,17.1834144584558));
#7238=CARTESIAN_POINT('Ctrl Pts',(-40.9847537094805,12.532317135451,17.3615192197543));
#7239=CARTESIAN_POINT('Ctrl Pts',(-40.9615046208654,12.8278797153322,17.5523249986161));
#7240=CARTESIAN_POINT('Ctrl Pts',(-40.9324380293053,13.1139887954126,17.7204555484826));
#7241=CARTESIAN_POINT('Ctrl Pts',(-40.9089865775346,13.3243672737366,17.8339949577469));
#7242=CARTESIAN_POINT('Ctrl Pts',(-40.8687371457631,13.667594739676,17.9999722354267));
#7243=CARTESIAN_POINT('Ctrl Pts',(-40.8064813457306,14.1916587360984,18.1842264852304));
#7244=CARTESIAN_POINT('Ctrl Pts',(-40.7667008430509,14.6098965312437,18.210171134226));
#7245=CARTESIAN_POINT('Ctrl Pts',(-40.7482684210719,14.8289192844562,18.18292326425));
#7246=CARTESIAN_POINT('Ctrl Pts',(-40.9994515328789,12.0221634587171,17.0000000000004));
#7247=CARTESIAN_POINT('Ctrl Pts',(-40.9994515328789,12.0221634587177,17.0060942928408));
#7248=CARTESIAN_POINT('Ctrl Pts',(-40.9992808065476,12.0438199986397,17.0168345709279));
#7249=CARTESIAN_POINT('Ctrl Pts',(-40.9984682512238,12.0868206996378,17.037068884598));
#7250=CARTESIAN_POINT('Ctrl Pts',(-40.995676330255,12.1684015822418,17.0728248563422));
#7251=CARTESIAN_POINT('Ctrl Pts',(-40.9851521100629,12.3261745629389,17.1420882107949));
#7252=CARTESIAN_POINT('Ctrl Pts',(-40.9443988488135,12.6420793181858,17.2805061915557));
#7253=CARTESIAN_POINT('Ctrl Pts',(-40.8601751241307,12.9771485936707,17.4305688444723));
#7254=CARTESIAN_POINT('Ctrl Pts',(-40.7608561824312,13.2779417340948,17.5658071162248));
#7255=CARTESIAN_POINT('Ctrl Pts',(-40.6836065582225,13.4884825907454,17.6590731626711));
#7256=CARTESIAN_POINT('Ctrl Pts',(-40.5560401837391,13.8164604801994,17.7989439865581));
#7257=CARTESIAN_POINT('Ctrl Pts',(-40.3741014158593,14.2797910997211,17.9673796519952));
#7258=CARTESIAN_POINT('Ctrl Pts',(-40.2703153373343,14.6380370685899,18.0122370741058));
#7259=CARTESIAN_POINT('Ctrl Pts',(-40.2238997499146,14.8289192844562,18.));
#7260=CARTESIAN_POINT('Ctrl Pts',(-40.9994320364776,12.023832255718,17.0000000000004));
#7261=CARTESIAN_POINT('Ctrl Pts',(-40.9994320364776,12.0238322557187,17.0053325365599));
#7262=CARTESIAN_POINT('Ctrl Pts',(-40.9991926614346,12.0471545567075,17.0147300066598));
#7263=CARTESIAN_POINT('Ctrl Pts',(-40.9980548993824,12.0934536888858,17.0324375188248));
#7264=CARTESIAN_POINT('Ctrl Pts',(-40.994144644789,12.1812577510647,17.0637395824048));
#7265=CARTESIAN_POINT('Ctrl Pts',(-40.9794248335684,12.3507401834987,17.1244793660376));
#7266=CARTESIAN_POINT('Ctrl Pts',(-40.9225224433773,12.6879601095464,17.2465678530349));
#7267=CARTESIAN_POINT('Ctrl Pts',(-40.8063621567047,13.0357619738158,17.3823775685674));
#7268=CARTESIAN_POINT('Ctrl Pts',(-40.6726510000911,13.336679572344,17.5100666630286));
#7269=CARTESIAN_POINT('Ctrl Pts',(-40.5703139890666,13.5425531212559,17.6010247053878));
#7270=CARTESIAN_POINT('Ctrl Pts',(-40.4042015067787,13.8569702520504,17.7424730060776));
#7271=CARTESIAN_POINT('Ctrl Pts',(-40.176202080949,14.2903992173129,17.9293024829631));
#7272=CARTESIAN_POINT('Ctrl Pts',(-40.0535225575749,14.6379128732433,18.));
#7273=CARTESIAN_POINT('Ctrl Pts',(-39.9995002746582,14.8289192844562,18.));
#7274=CARTESIAN_POINT('',(-40.9995002746582,14.8289192844562,19.));
#7275=CARTESIAN_POINT('',(-39.9995002746582,14.8289192844562,18.));
#7276=CARTESIAN_POINT('Origin',(-39.9995002746582,14.8289192844562,19.));
#7277=CARTESIAN_POINT('',(-40.9994320364776,12.0238322557182,17.0000000000004));
#7278=CARTESIAN_POINT('Ctrl Pts',(-39.9995002746582,14.8289192844562,18.));
#7279=CARTESIAN_POINT('Ctrl Pts',(-40.0535225575749,14.6379128732433,18.));
#7280=CARTESIAN_POINT('Ctrl Pts',(-40.176202080949,14.2903992173129,17.9293024829631));
#7281=CARTESIAN_POINT('Ctrl Pts',(-40.4042015067787,13.8569702520504,17.7424730060776));
#7282=CARTESIAN_POINT('Ctrl Pts',(-40.5703139890666,13.5425531212559,17.6010247053878));
#7283=CARTESIAN_POINT('Ctrl Pts',(-40.6726510000911,13.336679572344,17.5100666630286));
#7284=CARTESIAN_POINT('Ctrl Pts',(-40.8063621567047,13.0357619738158,17.3823775685674));
#7285=CARTESIAN_POINT('Ctrl Pts',(-40.9225224433773,12.6879601095464,17.2465678530349));
#7286=CARTESIAN_POINT('Ctrl Pts',(-40.9794248335684,12.3507401834987,17.1244793660376));
#7287=CARTESIAN_POINT('Ctrl Pts',(-40.994144644789,12.1812577510647,17.0637395824048));
#7288=CARTESIAN_POINT('Ctrl Pts',(-40.9980548993824,12.0934536888858,17.0324375188248));
#7289=CARTESIAN_POINT('Ctrl Pts',(-40.9991926614346,12.0471545567075,17.0147300066598));
#7290=CARTESIAN_POINT('Ctrl Pts',(-40.9994320364776,12.0238322557187,17.0053325365599));
#7291=CARTESIAN_POINT('Ctrl Pts',(-40.9994320364776,12.023832255718,17.0000000000004));
#7292=CARTESIAN_POINT('',(-40.9995001708677,12.0167746428882,17.016660806708));
#7293=CARTESIAN_POINT('Ctrl Pts',(-40.9995000670772,12.016989174648,17.0165208582145));
#7294=CARTESIAN_POINT('Ctrl Pts',(-40.9995000526861,12.0169893018029,17.0164708583819));
#7295=CARTESIAN_POINT('Ctrl Pts',(-40.9995000375118,12.0169894289565,17.0164208585499));
#7296=CARTESIAN_POINT('Ctrl Pts',(-40.9995000265678,12.016989518202,17.0163857648203));
#7297=CARTESIAN_POINT('Ctrl Pts',(-40.9994994973329,12.0169938339633,17.0146886927291));
#7298=CARTESIAN_POINT('Ctrl Pts',(-40.9994981325551,12.0171113823074,17.0129602790145));
#7299=CARTESIAN_POINT('Ctrl Pts',(-40.9994954473333,12.0173931796988,17.0112524171249));
#7300=CARTESIAN_POINT('Ctrl Pts',(-40.9994929662521,12.0176535538058,17.0096743932396));
#7301=CARTESIAN_POINT('Ctrl Pts',(-40.9994893909519,12.0180525517018,17.0081141250045));
#7302=CARTESIAN_POINT('Ctrl Pts',(-40.9994840434669,12.0186514122893,17.0066462053588));
#7303=CARTESIAN_POINT('Ctrl Pts',(-40.9994811417443,12.0189763738947,17.0058496635014));
#7304=CARTESIAN_POINT('Ctrl Pts',(-40.9994777158773,12.0193589989144,17.0050828066858));
#7305=CARTESIAN_POINT('Ctrl Pts',(-40.9994736410958,12.0197995906941,17.0043512315593));
#7306=CARTESIAN_POINT('Ctrl Pts',(-40.9994705849703,12.0201300387899,17.0038025431393));
#7307=CARTESIAN_POINT('Ctrl Pts',(-40.999467166385,12.0204932102886,17.0032737525918));
#7308=CARTESIAN_POINT('Ctrl Pts',(-40.999463259256,12.020894860176,17.0027691552335));
#7309=CARTESIAN_POINT('Ctrl Pts',(-40.9994570674425,12.0215313739058,17.0019694957375));
#7310=CARTESIAN_POINT('Ctrl Pts',(-40.9994498603488,12.0222417699122,17.0012516860487));
#7311=CARTESIAN_POINT('Ctrl Pts',(-40.9994414093389,12.0230070400987,17.0006257509312));
#7312=CARTESIAN_POINT('Ctrl Pts',(-40.9994387963098,12.0232436595475,17.0004322135047));
#7313=CARTESIAN_POINT('Ctrl Pts',(-40.999436060442,12.0234858068794,17.0002472173609));
#7314=CARTESIAN_POINT('Ctrl Pts',(-40.9994331844413,12.023733661189,17.0000703546531));
#7315=CARTESIAN_POINT('Ctrl Pts',(-40.9994329848883,12.0237508587039,17.0000580829316));
#7316=CARTESIAN_POINT('Ctrl Pts',(-40.9994325119543,12.0237915572258,17.0000290414672));
#7317=CARTESIAN_POINT('Ctrl Pts',(-40.9994320364776,12.0238322557179,17.0000000000027));
#7318=CARTESIAN_POINT('',(-40.9995002746582,12.0169891747712,17.0176618520152));
#7319=CARTESIAN_POINT('Ctrl Pts',(-40.9995002746582,12.0167746428882,17.016660806708));
#7320=CARTESIAN_POINT('Ctrl Pts',(-40.9995002746582,12.0168461535158,17.0169944884771));
#7321=CARTESIAN_POINT('Ctrl Pts',(-40.9995002746582,12.0169176641435,17.0173281702461));
#7322=CARTESIAN_POINT('Ctrl Pts',(-40.9995002746582,12.0169891747712,17.0176618520152));
#7323=CARTESIAN_POINT('Ctrl Pts',(-40.9995002746582,12.0169891747712,17.0176618520152));
#7324=CARTESIAN_POINT('Ctrl Pts',(-40.9995002746582,12.0189849727578,17.0215972932419));
#7325=CARTESIAN_POINT('Ctrl Pts',(-40.9995002746582,12.0272107605158,17.0346539400739));
#7326=CARTESIAN_POINT('Ctrl Pts',(-40.9995002746582,12.0469870259346,17.0648750376495));
#7327=CARTESIAN_POINT('Ctrl Pts',(-40.9995002746582,12.0910382344669,17.1274791648095));
#7328=CARTESIAN_POINT('Ctrl Pts',(-40.9995002746582,12.1769648661806,17.2489587320752));
#7329=CARTESIAN_POINT('Ctrl Pts',(-40.9995002746582,12.3541129668342,17.4931357060697));
#7330=CARTESIAN_POINT('Ctrl Pts',(-40.9995002746582,12.5663201706967,17.7647551371347));
#7331=CARTESIAN_POINT('Ctrl Pts',(-40.9995002746582,12.7956489070229,18.0201333260573));
#7332=CARTESIAN_POINT('Ctrl Pts',(-40.9995002746582,12.9783245406566,18.2020494107755));
#7333=CARTESIAN_POINT('Ctrl Pts',(-40.9995002746582,13.302093987913,18.4849460121552));
#7334=CARTESIAN_POINT('Ctrl Pts',(-40.9995002746582,13.8856666051795,18.8586049659263));
#7335=CARTESIAN_POINT('Ctrl Pts',(-40.9995002746582,14.4851030521533,19.));
#7336=CARTESIAN_POINT('Ctrl Pts',(-40.9995002746582,14.8289192844562,19.));
#7337=CARTESIAN_POINT('Origin',(-39.9995002746582,16.3081009748296,19.));
#7338=CARTESIAN_POINT('',(-40.9995002746582,19.3081009748297,19.));
#7339=CARTESIAN_POINT('',(-39.9995002746582,18.3081009748297,18.));
#7340=CARTESIAN_POINT('Origin',(-39.9995002746582,18.3081009748297,19.));
#7341=CARTESIAN_POINT('',(-39.9995002746582,16.3081009748296,18.));
#7342=CARTESIAN_POINT('',(-40.9995002746582,16.3081009748296,19.));
#7343=CARTESIAN_POINT('Origin',(-38.9995685128388,12.0004680347959,17.));
#7344=CARTESIAN_POINT('',(-38.9995685128388,15.0004680347959,18.));
#7345=CARTESIAN_POINT('Origin',(-38.9995685128388,12.0004680347959,18.));
#7346=CARTESIAN_POINT('',(-38.9995685128388,14.0004680347959,17.));
#7347=CARTESIAN_POINT('Origin',(-38.9995685128388,15.0004680347959,17.));
#7348=CARTESIAN_POINT('Origin',(-38.9995685128388,12.0004680347959,17.));
#7349=CARTESIAN_POINT('Origin',(-30.9995002746582,16.3081009748296,18.));
#7350=CARTESIAN_POINT('',(-21.9995002746582,18.3081009748297,18.));
#7351=CARTESIAN_POINT('',(-30.9995002746582,18.3081009748297,18.));
#7352=CARTESIAN_POINT('',(-21.9995002746582,14.8288710327759,18.));
#7353=CARTESIAN_POINT('',(-21.9995002746582,16.3081009748296,18.));
#7354=CARTESIAN_POINT('',(-22.9995685128388,15.0004680347959,18.));
#7355=CARTESIAN_POINT('Origin',(-22.9995685128388,12.0004680347959,18.));
#7356=CARTESIAN_POINT('',(-30.9995343937485,15.0004680347959,18.));
#7357=CARTESIAN_POINT('Origin',(-30.9995002746582,18.3081009748297,19.));
#7358=CARTESIAN_POINT('',(-20.9995002746582,19.3081009748297,19.));
#7359=CARTESIAN_POINT('',(-30.9995002746582,19.3081009748297,19.));
#7360=CARTESIAN_POINT('Origin',(-21.9995002746582,18.3081009748297,19.));
#7361=CARTESIAN_POINT('Origin',(-21.9995002746582,16.3081009748296,19.));
#7362=CARTESIAN_POINT('',(-20.9995002746582,14.8288710327759,19.));
#7363=CARTESIAN_POINT('',(-20.9995002746582,16.3081009748296,19.));
#7364=CARTESIAN_POINT('Origin',(-21.9995002746582,14.8288710327759,19.));
#7365=CARTESIAN_POINT('Ctrl Pts',(-20.9995002746582,14.8288710327759,19.));
#7366=CARTESIAN_POINT('Ctrl Pts',(-20.9995002746582,14.3809864206261,19.));
#7367=CARTESIAN_POINT('Ctrl Pts',(-20.9995002746582,13.606621279894,18.7584318190915));
#7368=CARTESIAN_POINT('Ctrl Pts',(-20.9995002746582,13.0062184278745,18.2414581315351));
#7369=CARTESIAN_POINT('Ctrl Pts',(-20.9995002746582,12.7765280693475,17.9963754827633));
#7370=CARTESIAN_POINT('Ctrl Pts',(-20.9995002746582,14.8288710327759,18.7008006996581));
#7371=CARTESIAN_POINT('Ctrl Pts',(-21.000052712182,14.4408020156257,18.7144974516418));
#7372=CARTESIAN_POINT('Ctrl Pts',(-20.9993585300983,13.7458381633337,18.5384652197807));
#7373=CARTESIAN_POINT('Ctrl Pts',(-20.9992852410199,13.1372808814799,18.103478757508));
#7374=CARTESIAN_POINT('Ctrl Pts',(-20.9995002746582,12.8899610145291,17.8900666356127));
#7375=CARTESIAN_POINT('Ctrl Pts',(-21.2506950475992,14.8288710327759,18.1828787727051));
#7376=CARTESIAN_POINT('Ctrl Pts',(-21.2266805209148,14.5435475993646,18.2183784320215));
#7377=CARTESIAN_POINT('Ctrl Pts',(-21.1706238816245,13.9873376082849,18.1544039611272));
#7378=CARTESIAN_POINT('Ctrl Pts',(-21.0934528246669,13.3662020168245,17.8624614814103));
#7379=CARTESIAN_POINT('Ctrl Pts',(-21.0641755090699,13.0883111995348,17.7041737323975));
#7380=CARTESIAN_POINT('Ctrl Pts',(-21.7751007994018,14.8288710327759,18.));
#7381=CARTESIAN_POINT('Ctrl Pts',(-21.7146286398597,14.5802046342887,18.0159429695668));
#7382=CARTESIAN_POINT('Ctrl Pts',(-21.5680445890638,14.1095183662282,17.9311069766612));
#7383=CARTESIAN_POINT('Ctrl Pts',(-21.3280867627024,13.5367532339797,17.6810535624861));
#7384=CARTESIAN_POINT('Ctrl Pts',(-21.2295451612902,13.2498239161804,17.5528047392072));
#7385=CARTESIAN_POINT('Ctrl Pts',(-21.9995002746582,14.8288710327759,18.));
#7386=CARTESIAN_POINT('Ctrl Pts',(-21.9291177955606,14.5800428522623,18.));
#7387=CARTESIAN_POINT('Ctrl Pts',(-21.7556819122486,14.1301116623303,17.8792159095458));
#7388=CARTESIAN_POINT('Ctrl Pts',(-21.4463156515942,13.5928231564647,17.6207290657676));
#7389=CARTESIAN_POINT('Ctrl Pts',(-21.314489894814,13.3081009748296,17.4981877413816));
#7390=CARTESIAN_POINT('',(-20.9995002686346,13.3080960363749,18.4723920218106));
#7391=CARTESIAN_POINT('',(-21.314489894814,13.3081009748296,17.4981877413816));
#7392=CARTESIAN_POINT('Ctrl Pts',(-20.9995002565873,13.3081009748296,18.4723785496311));
#7393=CARTESIAN_POINT('Ctrl Pts',(-20.9994201692543,13.3081009748296,18.300306831368));
#7394=CARTESIAN_POINT('Ctrl Pts',(-21.0294411877939,13.3081009748316,18.1245826086246));
#7395=CARTESIAN_POINT('Ctrl Pts',(-21.1491826110622,13.3081009748316,17.7517539654749));
#7396=CARTESIAN_POINT('Ctrl Pts',(-21.2410822671001,13.3081009748296,17.5991235588795));
#7397=CARTESIAN_POINT('Ctrl Pts',(-21.314489894814,13.3081009748296,17.4981877413816));
#7398=CARTESIAN_POINT('Ctrl Pts',(-21.314489894814,13.3081009748296,17.4981877413816));
#7399=CARTESIAN_POINT('Ctrl Pts',(-21.4463156515942,13.5928231564647,17.6207290657676));
#7400=CARTESIAN_POINT('Ctrl Pts',(-21.7556819122486,14.1301116623303,17.8792159095458));
#7401=CARTESIAN_POINT('Ctrl Pts',(-21.9291177955606,14.5800428522623,18.));
#7402=CARTESIAN_POINT('Ctrl Pts',(-21.9995002746582,14.8288710327759,18.));
#7403=CARTESIAN_POINT('Ctrl Pts',(-20.9995002746582,14.8288710327759,19.));
#7404=CARTESIAN_POINT('Ctrl Pts',(-20.9995002746582,14.3809864206261,19.));
#7405=CARTESIAN_POINT('Ctrl Pts',(-20.9995002746582,13.8418379091796,18.8318091578522));
#7406=CARTESIAN_POINT('Ctrl Pts',(-20.9995002746582,13.3870190569224,18.5301132170625));
#7407=CARTESIAN_POINT('Ctrl Pts',(-20.9995002746582,13.3080861706926,18.4724055161059));
#7408=CARTESIAN_POINT('Origin',(-20.9995002746582,16.3081009748296,19.));
#7409=CARTESIAN_POINT('',(-20.9995002746582,19.3081009748297,20.));
#7410=CARTESIAN_POINT('',(-20.9995002746582,19.3081009748297,19.));
#7411=CARTESIAN_POINT('',(-20.9995002746582,13.3081009748296,20.));
#7412=CARTESIAN_POINT('',(-20.9995002746582,16.3081009748296,20.));
#7413=CARTESIAN_POINT('',(-20.9995002746582,13.3081009748296,19.));
#7414=CARTESIAN_POINT('Origin',(-30.9995002746582,19.3081009748297,19.));
#7415=CARTESIAN_POINT('',(-40.9995002746582,19.3081009748297,20.));
#7416=CARTESIAN_POINT('',(-40.9995002746582,19.3081009748297,19.));
#7417=CARTESIAN_POINT('',(-30.9995002746582,19.3081009748297,20.));
#7418=CARTESIAN_POINT('Origin',(-40.9995002746582,16.3081009748296,19.));
#7419=CARTESIAN_POINT('',(-40.9995002746582,12.0169891747712,20.));
#7420=CARTESIAN_POINT('',(-40.9995002746582,12.0169891747712,7.50000000000002));
#7421=CARTESIAN_POINT('',(-40.9995002746582,16.3081009748296,20.));
#7422=CARTESIAN_POINT('Origin',(-22.9995685128388,12.0004680347959,17.));
#7423=CARTESIAN_POINT('',(-21.4862621677326,13.3081009748296,17.));
#7424=CARTESIAN_POINT('Ctrl Pts',(-21.3144898948139,13.3081009748296,17.4981877413816));
#7425=CARTESIAN_POINT('Ctrl Pts',(-21.3489357466718,13.3081009748296,17.4508245405133));
#7426=CARTESIAN_POINT('Ctrl Pts',(-21.3787446474596,13.3081009748296,17.401063879122));
#7427=CARTESIAN_POINT('Ctrl Pts',(-21.4527428138787,13.3081009748296,17.2491037843916));
#7428=CARTESIAN_POINT('Ctrl Pts',(-21.4862621677326,13.3081009748296,17.1151057163053));
#7429=CARTESIAN_POINT('Ctrl Pts',(-21.4862621677326,13.3081009748296,17.));
#7430=CARTESIAN_POINT('',(-22.9995685128388,14.0004680347959,17.));
#7431=CARTESIAN_POINT('Origin',(-22.9995685128388,12.0004680347959,17.));
#7432=CARTESIAN_POINT('Origin',(-22.9995685128388,15.0004680347959,17.));
#7433=CARTESIAN_POINT('Origin',(-30.9995343937485,15.0004680347959,17.));
#7434=CARTESIAN_POINT('',(-30.9995343937485,14.0004680347959,17.));
#7435=CARTESIAN_POINT('Origin',(-38.9995685128388,12.0004680347959,7.50000000000002));
#7436=CARTESIAN_POINT('',(-38.9995685128388,14.0004680347959,7.00000000000001));
#7437=CARTESIAN_POINT('',(-38.9995685128388,14.0004680347959,7.50000000000002));
#7438=CARTESIAN_POINT('',(-40.9995685128388,12.0004680347959,3.00000000000001));
#7439=CARTESIAN_POINT('Origin',(-38.9995685128388,12.0004680347959,3.00000000000001));
#7440=CARTESIAN_POINT('',(-40.9995685128388,12.0004680347959,20.));
#7441=CARTESIAN_POINT('',(-40.9995685128388,12.0004680347959,7.50000000000002));
#7442=CARTESIAN_POINT('Origin',(-38.9995685128388,12.0004680347959,20.));
#7443=CARTESIAN_POINT('Origin',(-30.9995685128388,14.0004680347959,12.5));
#7444=CARTESIAN_POINT('',(-22.9995685128388,14.0004680347959,7.00000000000001));
#7445=CARTESIAN_POINT('',(-22.9995685128388,14.0004680347959,7.50000000000002));
#7446=CARTESIAN_POINT('',(-30.9995685128388,14.0004680347959,7.00000000000001));
#7447=CARTESIAN_POINT('Origin',(-22.9995685128388,12.0004680347959,7.50000000000002));
#7448=CARTESIAN_POINT('',(-21.4862621677326,13.3081009748296,20.));
#7449=CARTESIAN_POINT('',(-21.4862621677326,13.3081009748296,7.50000000000002));
#7450=CARTESIAN_POINT('',(-20.9995685128388,12.0004680347959,20.));
#7451=CARTESIAN_POINT('Origin',(-22.9995685128388,12.0004680347959,20.));
#7452=CARTESIAN_POINT('',(-20.9995685128388,12.0004680347959,3.00000000000001));
#7453=CARTESIAN_POINT('',(-20.9995685128388,12.0004680347959,7.50000000000002));
#7454=CARTESIAN_POINT('Origin',(-22.9995685128388,12.0004680347959,3.00000000000002));
#7455=CARTESIAN_POINT('Ctrl Pts',(-40.9995685128388,12.0004680347959,3.00000000000002));
#7456=CARTESIAN_POINT('Ctrl Pts',(-40.9995685128388,12.8980659358215,3.44879895051284));
#7457=CARTESIAN_POINT('Ctrl Pts',(-40.7374130509108,14.3886846256253,4.1941082954147));
#7458=CARTESIAN_POINT('Ctrl Pts',(-39.8961459295578,15.7268164584452,4.86317421182465));
#7459=CARTESIAN_POINT('Ctrl Pts',(-39.2987678131807,16.0004680347959,5.00000000000001));
#7460=CARTESIAN_POINT('Ctrl Pts',(-38.9995685128388,16.0004680347959,5.00000000000001));
#7461=CARTESIAN_POINT('Ctrl Pts',(-40.9995685128388,12.0004680347959,3.00000000000002));
#7462=CARTESIAN_POINT('Ctrl Pts',(-40.9995685128388,12.8125804214381,3.53428446489624));
#7463=CARTESIAN_POINT('Ctrl Pts',(-40.6179054972305,14.1624930910999,4.41939192287206));
#7464=CARTESIAN_POINT('Ctrl Pts',(-39.6486134634394,15.2340991752833,4.96398718472985));
#7465=CARTESIAN_POINT('Ctrl Pts',(-39.2078750266932,15.4020694341121,5.00000000000001));
#7466=CARTESIAN_POINT('Ctrl Pts',(-38.9995685128388,15.4020694341121,5.00000000000001));
#7467=CARTESIAN_POINT('Ctrl Pts',(-40.9995685128388,12.0004680347959,3.00000000000002));
#7468=CARTESIAN_POINT('Ctrl Pts',(-40.9995685128388,12.6629807712672,3.68388411506718));
#7469=CARTESIAN_POINT('Ctrl Pts',(-40.5297973687153,13.7613906383444,4.81868966255745));
#7470=CARTESIAN_POINT('Ctrl Pts',(-39.4401321566265,14.3748143241353,5.49231134545891));
#7471=CARTESIAN_POINT('Ctrl Pts',(-39.1297777254648,14.3658662421815,5.50187562120379));
#7472=CARTESIAN_POINT('Ctrl Pts',(-38.9995685128388,14.3658662421815,5.50187562120379));
#7473=CARTESIAN_POINT('Ctrl Pts',(-40.9995685128388,12.0004680347959,3.00000000000002));
#7474=CARTESIAN_POINT('Ctrl Pts',(-40.9995685128388,12.5133811210963,3.83348376523813));
#7475=CARTESIAN_POINT('Ctrl Pts',(-40.6472941930468,13.3618656562931,5.21701331497951));
#7476=CARTESIAN_POINT('Ctrl Pts',(-39.7121125400342,13.9388418702435,6.35641830314399));
#7477=CARTESIAN_POINT('Ctrl Pts',(-39.2315648808147,14.0004680347959,6.55120104948719));
#7478=CARTESIAN_POINT('Ctrl Pts',(-38.9995685128388,14.0004680347959,6.55120104948719));
#7479=CARTESIAN_POINT('Ctrl Pts',(-40.9995685128388,12.0004680347959,3.00000000000002));
#7480=CARTESIAN_POINT('Ctrl Pts',(-40.9995685128388,12.4492669853087,3.89759790102567));
#7481=CARTESIAN_POINT('Ctrl Pts',(-40.7374130509108,13.1945763302106,5.38821659082939));
#7482=CARTESIAN_POINT('Ctrl Pts',(-39.8961459295578,13.8636422466205,6.72634842364929));
#7483=CARTESIAN_POINT('Ctrl Pts',(-39.2987678131807,14.0004680347959,7.00000000000001));
#7484=CARTESIAN_POINT('Ctrl Pts',(-38.9995685128388,14.0004680347959,7.00000000000001));
#7485=CARTESIAN_POINT('',(-38.9995685128388,16.0004680347959,5.00000000000001));
#7486=CARTESIAN_POINT('Origin',(-38.9995685128388,16.0004680347959,7.00000000000001));
#7487=CARTESIAN_POINT('Origin',(-38.9995685128388,12.0004680347959,3.00000000000001));
#7488=CARTESIAN_POINT('Origin',(-30.9995685128388,16.0004680347959,7.00000000000001));
#7489=CARTESIAN_POINT('',(-22.9995685128388,16.0004680347959,5.00000000000001));
#7490=CARTESIAN_POINT('Origin',(-22.9995685128388,16.0004680347959,7.00000000000001));
#7491=CARTESIAN_POINT('',(-30.9995685128388,16.0004680347959,5.00000000000001));
#7492=CARTESIAN_POINT('Ctrl Pts',(-23.0000921499887,16.001288642109,5.00000011155977));
#7493=CARTESIAN_POINT('Ctrl Pts',(-22.8502556964517,16.0013667125665,5.00003916284811));
#7494=CARTESIAN_POINT('Ctrl Pts',(-22.4009736619381,15.901150601585,4.94991048470672));
#7495=CARTESIAN_POINT('Ctrl Pts',(-21.7096675352298,15.2354416716348,4.61698357413433));
#7496=CARTESIAN_POINT('Ctrl Pts',(-21.1360810167126,13.7954362786416,3.89713119336073));
#7497=CARTESIAN_POINT('Ctrl Pts',(-20.9995685128388,12.5989448011796,3.29912113464197));
#7498=CARTESIAN_POINT('Ctrl Pts',(-20.9995685128388,12.0004680347959,3.00000000000002));
#7499=CARTESIAN_POINT('Ctrl Pts',(-22.9999330012991,15.4026108651498,4.99973785212453));
#7500=CARTESIAN_POINT('Ctrl Pts',(-22.8956345727624,15.4026599315079,4.9997506772876));
#7501=CARTESIAN_POINT('Ctrl Pts',(-22.5872065695657,15.3396823354252,4.98329650288033));
#7502=CARTESIAN_POINT('Ctrl Pts',(-21.9307648997965,14.8609359186786,4.79676379892886));
#7503=CARTESIAN_POINT('Ctrl Pts',(-21.1900915079749,13.6250364068522,4.06936858078615));
#7504=CARTESIAN_POINT('Ctrl Pts',(-20.9995685128388,12.541928403024,3.35613753279755));
#7505=CARTESIAN_POINT('Ctrl Pts',(-20.9995685128388,12.0004680347959,3.00000000000002));
#7506=CARTESIAN_POINT('Ctrl Pts',(-22.9997962315743,14.3655839584494,5.50160491728531));
#7507=CARTESIAN_POINT('Ctrl Pts',(-22.9346317500614,14.3655840310919,5.50160992483894));
#7508=CARTESIAN_POINT('Ctrl Pts',(-22.748977506748,14.3655096479368,5.49520025465348));
#7509=CARTESIAN_POINT('Ctrl Pts',(-22.1092655584745,14.203219833912,5.29534820956049));
#7510=CARTESIAN_POINT('Ctrl Pts',(-21.2295538395247,13.3253194266683,4.3674505743737));
#7511=CARTESIAN_POINT('Ctrl Pts',(-20.9995685128388,12.4421431465688,3.45592278925273));
#7512=CARTESIAN_POINT('Ctrl Pts',(-20.9995685128388,12.0004680347959,3.00000000000002));
#7513=CARTESIAN_POINT('Ctrl Pts',(-22.9999744652295,14.0002768463799,6.55175029270029));
#7514=CARTESIAN_POINT('Ctrl Pts',(-22.8838115751867,14.000296115536,6.55180650835766));
#7515=CARTESIAN_POINT('Ctrl Pts',(-22.539138414712,13.975568031047,6.47965009861882));
#7516=CARTESIAN_POINT('Ctrl Pts',(-21.874878595298,13.751213761049,5.95302662169741));
#7517=CARTESIAN_POINT('Ctrl Pts',(-21.1770070985152,13.0261996911297,4.66659480426617));
#7518=CARTESIAN_POINT('Ctrl Pts',(-20.9995685128388,12.3423578901137,3.55570804570792));
#7519=CARTESIAN_POINT('Ctrl Pts',(-20.9995685128388,12.0004680347959,3.00000000000002));
#7520=CARTESIAN_POINT('Ctrl Pts',(-23.0000921472691,14.0004681417031,7.00082204737713));
#7521=CARTESIAN_POINT('Ctrl Pts',(-22.8502564722382,14.0005071932564,7.00090011808593));
#7522=CARTESIAN_POINT('Ctrl Pts',(-22.400976015524,13.9503781744237,6.90068368402423));
#7523=CARTESIAN_POINT('Ctrl Pts',(-21.7096681674273,13.6174531790959,6.23497642092665));
#7524=CARTESIAN_POINT('Ctrl Pts',(-21.136080131268,12.8975999066368,4.79496967121425));
#7525=CARTESIAN_POINT('Ctrl Pts',(-20.9995685128388,12.2995890318141,3.59847690400753));
#7526=CARTESIAN_POINT('Ctrl Pts',(-20.9995685128388,12.0004680347959,3.00000000000002));
#7527=CARTESIAN_POINT('Origin',(-22.9995685128388,12.0004680347959,3.00000000000001));
#7528=CARTESIAN_POINT('Origin',(-38.9995685128388,25.5004680347959,3.00000000000001));
#7529=CARTESIAN_POINT('',(-38.9995685128388,42.0004680347959,5.00000000000001));
#7530=CARTESIAN_POINT('',(-38.9995685128388,25.5004680347959,5.00000000000001));
#7531=CARTESIAN_POINT('',(-40.9995685128388,44.0004680347959,3.00000000000001));
#7532=CARTESIAN_POINT('Origin',(-38.9995685128388,42.0004680347959,3.00000000000001));
#7533=CARTESIAN_POINT('',(-40.9995685128388,25.5004680347959,3.00000000000001));
#7534=CARTESIAN_POINT('Origin',(-30.9995685128388,42.0004680347959,3.00000000000001));
#7535=CARTESIAN_POINT('',(-22.9995685128388,42.0004680347959,5.00000000000001));
#7536=CARTESIAN_POINT('',(-30.9995685128388,42.0004680347959,5.00000000000001));
#7537=CARTESIAN_POINT('',(-20.9995685128388,44.0004680347959,3.00000000000001));
#7538=CARTESIAN_POINT('Origin',(-22.9995685128388,42.0004680347959,3.00000000000001));
#7539=CARTESIAN_POINT('',(-30.9995685128388,44.0004680347959,3.00000000000001));
#7540=CARTESIAN_POINT('Origin',(-22.9995685128388,25.5004680347959,3.00000000000001));
#7541=CARTESIAN_POINT('',(-20.9995685128388,25.5004680347959,3.00000000000001));
#7542=CARTESIAN_POINT('',(-22.9995685128388,25.5004680347959,5.00000000000001));
#7543=CARTESIAN_POINT('Origin',(-40.9995685128388,25.5004680347959,2.50000000000001));
#7544=CARTESIAN_POINT('',(-40.9995685128388,44.0004680347959,5.41586165249944E-15));
#7545=CARTESIAN_POINT('',(-40.9995685128388,44.0004680347959,2.50000000000001));
#7546=CARTESIAN_POINT('',(-40.9995685128388,7.00046803479588,1.39376737345124E-14));
#7547=CARTESIAN_POINT('',(-40.9995685128388,25.5004680347959,9.67676769350594E-15));
#7548=CARTESIAN_POINT('',(-40.9995685128388,7.00046803479589,20.));
#7549=CARTESIAN_POINT('',(-40.9995685128388,7.00046803479588,2.50000000000002));
#7550=CARTESIAN_POINT('',(-40.9995685128388,10.5004680347959,20.));
#7551=CARTESIAN_POINT('Origin',(-30.9995685128388,44.0004680347959,2.50000000000001));
#7552=CARTESIAN_POINT('',(-20.9995685128388,44.0004680347959,5.41586165249944E-15));
#7553=CARTESIAN_POINT('',(-20.9995685128388,44.0004680347959,2.50000000000001));
#7554=CARTESIAN_POINT('',(-30.9995685128388,44.0004680347959,5.41586165249944E-15));
#7555=CARTESIAN_POINT('Origin',(-20.9995685128388,25.5004680347959,2.50000000000001));
#7556=CARTESIAN_POINT('',(-20.9995685128388,7.00046803479589,20.));
#7557=CARTESIAN_POINT('',(-20.9995685128388,10.5004680347959,20.));
#7558=CARTESIAN_POINT('',(-20.9995685128388,7.00046803479588,1.39376737345124E-14));
#7559=CARTESIAN_POINT('',(-20.9995685128388,7.00046803479588,2.50000000000002));
#7560=CARTESIAN_POINT('',(-20.9995685128388,25.5004680347959,9.67676769350594E-15));
#7561=CARTESIAN_POINT('Origin',(-30.9995002746582,16.3081009748296,20.));
#7562=CARTESIAN_POINT('',(-30.9995685128388,7.00046803479589,20.));
#7563=CARTESIAN_POINT('',(-30.9995002746582,13.3081009748296,20.));
#7564=CARTESIAN_POINT('Origin',(-30.9995685128388,7.00046803479588,2.50000000000002));
#7565=CARTESIAN_POINT('',(-30.9995685128388,7.00046803479588,1.39376737345124E-14));
#7566=CARTESIAN_POINT('Origin',(-30.9995685128388,25.5004680347959,9.67676769350594E-15));
#7567=CARTESIAN_POINT('Origin',(-30.9995685128388,25.5004680347959,5.00000000000001));
#7568=CARTESIAN_POINT('Origin',(-30.9995002746582,13.3081009748296,19.));
#7569=CARTESIAN_POINT('',(0.,0.,0.));
#7570=CARTESIAN_POINT('Origin',(-46.,-43.2499996425151,2.99150000000001));
#7571=CARTESIAN_POINT('',(-46.,-28.228280493188,2.9915));
#7572=CARTESIAN_POINT('Origin',(-46.,-43.2499996425151,2.99150000000001));
#7573=CARTESIAN_POINT('',(-46.,-28.228280493188,20.));
#7574=CARTESIAN_POINT('',(-46.,-28.228280493188,2.9915));
#7575=CARTESIAN_POINT('Origin',(-46.,-43.2499996425151,20.));
#7576=CARTESIAN_POINT('Origin',(-46.,-43.2499996425151,2.99150000000001));
#7577=CARTESIAN_POINT('',(-35.3272281217409,-33.2915,2.9915));
#7578=CARTESIAN_POINT('',(-54.7861432737889,-33.2915,2.99150000000001));
#7579=CARTESIAN_POINT('',(-45.5283428488824,-33.2915,2.9915));
#7580=CARTESIAN_POINT('',(-35.3272281217409,-52.750415152048,2.99150000000001));
#7581=CARTESIAN_POINT('',(-35.3272281217409,-43.1354786092696,2.9915));
#7582=CARTESIAN_POINT('',(-54.7861432737889,-52.750415152048,2.99150000000001));
#7583=CARTESIAN_POINT('',(-45.5283428488824,-52.750415152048,2.99150000000001));
#7584=CARTESIAN_POINT('',(-54.7861432737889,-43.1354786092696,2.99150000000001));
#7585=CARTESIAN_POINT('Origin',(-45.0566856977649,-52.750415152048,5.11161696959041));
#7586=CARTESIAN_POINT('',(-35.3272281217409,-52.750415152048,1.24344978758018E-14));
#7587=CARTESIAN_POINT('',(-35.3272281217409,-52.750415152048,5.11161696959041));
#7588=CARTESIAN_POINT('',(-54.7861432737889,-52.750415152048,1.24344978758018E-14));
#7589=CARTESIAN_POINT('',(-30.7783428488825,-52.750415152048,1.28785870856518E-14));
#7590=CARTESIAN_POINT('',(-54.7861432737889,-52.750415152048,5.11161696959041));
#7591=CARTESIAN_POINT('Origin',(-35.3272281217409,-43.020957576024,5.1116169695904));
#7592=CARTESIAN_POINT('',(-35.3272281217409,-33.2915,7.105427357601E-15));
#7593=CARTESIAN_POINT('',(-35.3272281217409,-33.2915,5.1116169695904));
#7594=CARTESIAN_POINT('',(-35.3272281217409,-42.760478788012,1.02140518265514E-14));
#7595=CARTESIAN_POINT('Origin',(12.9006995750936,-32.712457576024,5.1116169695904));
#7596=CARTESIAN_POINT('',(5.9915,-32.712457576024,18.0085));
#7597=CARTESIAN_POINT('',(5.9915,-32.712457576024,17.9915));
#7598=CARTESIAN_POINT('',(5.9915,-32.712457576024,12.0558084847952));
#7599=CARTESIAN_POINT('',(-0.207100849812894,-32.712457576024,18.0085));
#7600=CARTESIAN_POINT('',(12.9006995750936,-32.712457576024,18.0085));
#7601=CARTESIAN_POINT('',(-0.207100849812894,-32.712457576024,7.105427357601E-15));
#7602=CARTESIAN_POINT('',(-0.207100849812894,-32.712457576024,5.1116169695904));
#7603=CARTESIAN_POINT('',(26.0085,-32.712457576024,7.105427357601E-15));
#7604=CARTESIAN_POINT('',(-1.79965021245323,-32.712457576024,7.54951656745106E-15));
#7605=CARTESIAN_POINT('',(26.0085,-32.712457576024,17.9915));
#7606=CARTESIAN_POINT('',(26.0085,-32.712457576024,5.1116169695904));
#7607=CARTESIAN_POINT('',(14.7003497875468,-32.712457576024,17.9915));
#7608=CARTESIAN_POINT('Origin',(26.0085,-42.441915152048,5.1116169695904));
#7609=CARTESIAN_POINT('',(26.0085,-52.171372728072,17.9915));
#7610=CARTESIAN_POINT('',(26.0085,-43.220957576024,17.9915));
#7611=CARTESIAN_POINT('',(26.0085,-52.171372728072,1.24344978758018E-14));
#7612=CARTESIAN_POINT('',(26.0085,-42.470957576024,1.02140518265514E-14));
#7613=CARTESIAN_POINT('',(26.0085,-52.171372728072,5.11161696959041));
#7614=CARTESIAN_POINT('Origin',(-0.207100849812894,-42.441915152048,5.1116169695904));
#7615=CARTESIAN_POINT('',(-0.207100849812894,-52.171372728072,1.24344978758018E-14));
#7616=CARTESIAN_POINT('',(-0.207100849812896,-42.470957576024,1.02140518265514E-14));
#7617=CARTESIAN_POINT('',(-0.207100849812894,-52.171372728072,18.0085));
#7618=CARTESIAN_POINT('',(-0.207100849812894,-42.441915152048,18.0085));
#7619=CARTESIAN_POINT('',(-0.207100849812894,-52.171372728072,5.11161696959041));
#7620=CARTESIAN_POINT('Origin',(12.9006995750936,-52.171372728072,5.11161696959041));
#7621=CARTESIAN_POINT('',(5.9915,-52.171372728072,17.9915));
#7622=CARTESIAN_POINT('',(5.9915,-52.171372728072,18.0085));
#7623=CARTESIAN_POINT('',(5.9915,-52.171372728072,12.0558084847952));
#7624=CARTESIAN_POINT('',(13.3323510295489,-52.171372728072,17.9915));
#7625=CARTESIAN_POINT('',(14.7003497875468,-52.171372728072,17.9915));
#7626=CARTESIAN_POINT('',(19.6676489704511,-52.171372728072,17.9915));
#7627=CARTESIAN_POINT('Origin',(16.5,-52.171372728072,19.5));
#7628=CARTESIAN_POINT('',(14.7003497875468,-52.171372728072,17.9915));
#7629=CARTESIAN_POINT('',(-1.79965021245323,-52.171372728072,1.28785870856518E-14));
#7630=CARTESIAN_POINT('',(12.9006995750936,-52.171372728072,18.0085));
#7631=CARTESIAN_POINT('Origin',(12.9006995750936,-42.441915152048,18.0085));
#7632=CARTESIAN_POINT('',(5.9915,-43.220957576024,18.0085));
#7633=CARTESIAN_POINT('Origin',(16.5,-44.,17.9915));
#7634=CARTESIAN_POINT('',(5.9915,-59.0085,17.9915));
#7635=CARTESIAN_POINT('',(5.9915,-44.,17.9915));
#7636=CARTESIAN_POINT('',(13.3323510295489,-59.0085,17.9915));
#7637=CARTESIAN_POINT('',(16.5,-59.0085,17.9915));
#7638=CARTESIAN_POINT('',(13.3323510295489,-45.9915,17.9915));
#7639=CARTESIAN_POINT('Origin',(16.5,-44.,17.9915));
#7640=CARTESIAN_POINT('',(19.6676489704511,-59.0085,17.9915));
#7641=CARTESIAN_POINT('',(19.6676489704511,-45.9915,17.9915));
#7642=CARTESIAN_POINT('',(27.0085,-59.0085,17.9915));
#7643=CARTESIAN_POINT('',(16.5,-59.0085,17.9915));
#7644=CARTESIAN_POINT('',(27.0085,-28.9915,17.9915));
#7645=CARTESIAN_POINT('',(27.0085,-44.,17.9915));
#7646=CARTESIAN_POINT('',(5.9915,-28.9915,17.9915));
#7647=CARTESIAN_POINT('',(16.5,-28.9915,17.9915));
#7648=CARTESIAN_POINT('',(5.9915,-44.,17.9915));
#7649=CARTESIAN_POINT('Origin',(-45.0566856977649,-33.2915,5.1116169695904));
#7650=CARTESIAN_POINT('',(-54.7861432737889,-33.2915,7.105427357601E-15));
#7651=CARTESIAN_POINT('',(-54.7861432737889,-33.2915,5.1116169695904));
#7652=CARTESIAN_POINT('',(-30.7783428488825,-33.2915,7.99360577730113E-15));
#7653=CARTESIAN_POINT('Origin',(-54.7861432737889,-43.020957576024,5.1116169695904));
#7654=CARTESIAN_POINT('',(-54.7861432737889,-42.760478788012,1.02140518265514E-14));
#7655=CARTESIAN_POINT('Origin',(16.5,-45.9915,19.5));
#7656=CARTESIAN_POINT('',(13.0273105163289,-59.0085,20.));
#7657=CARTESIAN_POINT('Origin',(16.5,-59.0085,19.5));
#7658=CARTESIAN_POINT('',(13.0273105163289,-61.,20.));
#7659=CARTESIAN_POINT('',(13.0273105163289,-45.9915,20.));
#7660=CARTESIAN_POINT('',(19.9726894836711,-61.,20.));
#7661=CARTESIAN_POINT('Origin',(16.5,-61.,19.5));
#7662=CARTESIAN_POINT('',(19.9726894836711,-59.0085,20.));
#7663=CARTESIAN_POINT('',(19.9726894836711,-45.9915,20.));
#7664=CARTESIAN_POINT('Origin',(16.5,-59.0085,19.5));
#7665=CARTESIAN_POINT('Origin',(16.5,-59.0085,19.));
#7666=CARTESIAN_POINT('',(27.0085,-59.0085,20.));
#7667=CARTESIAN_POINT('',(-7.105427357601E-15,-59.0085,20.));
#7668=CARTESIAN_POINT('',(27.0085,-59.0085,19.));
#7669=CARTESIAN_POINT('Origin',(16.5,-59.0085,19.));
#7670=CARTESIAN_POINT('',(5.9915,-59.0085,20.));
#7671=CARTESIAN_POINT('',(5.9915,-59.0085,19.));
#7672=CARTESIAN_POINT('',(-7.105427357601E-15,-59.0085,20.));
#7673=CARTESIAN_POINT('Origin',(5.9915,-44.,19.));
#7674=CARTESIAN_POINT('',(5.9915,-28.9915,20.));
#7675=CARTESIAN_POINT('',(5.9915,-28.9915,19.));
#7676=CARTESIAN_POINT('',(5.9915,-43.25,20.));
#7677=CARTESIAN_POINT('Origin',(16.5,-28.9915,19.));
#7678=CARTESIAN_POINT('',(27.0085,-28.9915,20.));
#7679=CARTESIAN_POINT('',(-7.105427357601E-15,-28.9915,20.));
#7680=CARTESIAN_POINT('',(27.0085,-28.9915,19.));
#7681=CARTESIAN_POINT('Origin',(27.0085,-44.,19.));
#7682=CARTESIAN_POINT('',(27.0085,-43.25,20.));
#7683=CARTESIAN_POINT('Origin',(-24.0085,-44.25,10.));
#7684=CARTESIAN_POINT('',(-24.0085,-29.2415,7.105427357601E-15));
#7685=CARTESIAN_POINT('',(-24.0085,-59.2585,1.4210854715202E-14));
#7686=CARTESIAN_POINT('',(-24.0085,-43.375,9.76996261670138E-15));
#7687=CARTESIAN_POINT('',(-24.0085,-29.2415,20.));
#7688=CARTESIAN_POINT('',(-24.0085,-29.2415,10.));
#7689=CARTESIAN_POINT('',(-24.0085,-59.2585,20.));
#7690=CARTESIAN_POINT('',(-24.0085,-43.375,20.));
#7691=CARTESIAN_POINT('',(-24.0085,-59.2585,10.));
#7692=CARTESIAN_POINT('Origin',(-14.,-59.2585,10.));
#7693=CARTESIAN_POINT('',(-3.9915,-59.2585,1.4210854715202E-14));
#7694=CARTESIAN_POINT('',(-15.25,-59.2585,1.4210854715202E-14));
#7695=CARTESIAN_POINT('',(-3.9915,-59.2585,20.));
#7696=CARTESIAN_POINT('',(-15.25,-59.2585,20.));
#7697=CARTESIAN_POINT('',(-3.9915,-59.2585,10.));
#7698=CARTESIAN_POINT('Origin',(-3.9915,-44.25,10.));
#7699=CARTESIAN_POINT('',(-3.9915,-29.2415,7.105427357601E-15));
#7700=CARTESIAN_POINT('',(-3.9915,-43.375,9.76996261670138E-15));
#7701=CARTESIAN_POINT('',(-3.9915,-29.2415,20.));
#7702=CARTESIAN_POINT('',(-3.9915,-43.375,20.));
#7703=CARTESIAN_POINT('',(-3.9915,-29.2415,10.));
#7704=CARTESIAN_POINT('Origin',(-14.,-29.2415,10.));
#7705=CARTESIAN_POINT('',(-15.25,-29.2415,6.21724893790088E-15));
#7706=CARTESIAN_POINT('',(-15.25,-29.2415,20.));
#7707=CARTESIAN_POINT('Origin',(-16.5,-61.,10.));
#7708=CARTESIAN_POINT('',(-63.,-61.,20.));
#7709=CARTESIAN_POINT('',(-16.5,-61.,20.));
#7710=CARTESIAN_POINT('',(-63.,-61.,1.47693676995743E-14));
#7711=CARTESIAN_POINT('',(-63.,-61.,10.));
#7712=CARTESIAN_POINT('',(30.,-61.,1.47693676995743E-14));
#7713=CARTESIAN_POINT('',(-16.5,-61.,1.47693676995743E-14));
#7714=CARTESIAN_POINT('',(30.,-61.,20.));
#7715=CARTESIAN_POINT('',(30.,-61.,10.));
#7716=CARTESIAN_POINT('',(-16.5,-61.,20.));
#7717=CARTESIAN_POINT('Origin',(-16.5,-24.,10.));
#7718=CARTESIAN_POINT('',(30.,-24.,20.));
#7719=CARTESIAN_POINT('',(30.,-24.,5.32907051820075E-15));
#7720=CARTESIAN_POINT('',(30.,-24.,10.));
#7721=CARTESIAN_POINT('',(-63.,-24.,5.32907051820075E-15));
#7722=CARTESIAN_POINT('',(-16.5,-24.,5.32907051820075E-15));
#7723=CARTESIAN_POINT('',(-63.,-24.,20.));
#7724=CARTESIAN_POINT('',(-63.,-24.,10.));
#7725=CARTESIAN_POINT('',(-16.5,-24.,20.));
#7726=CARTESIAN_POINT('Origin',(-16.5,-42.5,1.00492191088875E-14));
#7727=CARTESIAN_POINT('',(-63.,-42.5,1.00492191088875E-14));
#7728=CARTESIAN_POINT('',(30.,-42.5,1.00492191088875E-14));
#7729=CARTESIAN_POINT('Origin',(-63.,-42.5,10.));
#7730=CARTESIAN_POINT('',(-63.,-42.5,20.));
#7731=CARTESIAN_POINT('Origin',(-16.5,-42.5,20.));
#7732=CARTESIAN_POINT('',(30.,-42.5,20.));
#7733=CARTESIAN_POINT('Origin',(30.,-42.5,10.));
#7734=CARTESIAN_POINT('Origin',(0.826599885109207,109.323235826663,28.2323612821185));
#7735=CARTESIAN_POINT('',(-6.86808480437894,98.1143353806387,28.2323612821185));
#7736=CARTESIAN_POINT('',(-7.3491487625179,97.4135661831281,29.0823612821185));
#7737=CARTESIAN_POINT('Origin',(-7.3491487625179,97.4135661831281,28.2323612821185));
#7738=CARTESIAN_POINT('',(-0.753155362270683,94.9640063791722,29.0823612821185));
#7739=CARTESIAN_POINT('Origin',(0.826599885109207,109.323235826663,29.0823612821185));
#7740=CARTESIAN_POINT('',(-1.20141823629834,95.8794728051437,28.2323612821185));
#7741=CARTESIAN_POINT('Ctrl Pts',(-1.20141823629837,95.8794728051437,28.2323612821185));
#7742=CARTESIAN_POINT('Ctrl Pts',(-1.20141823629837,95.8794728051437,28.3076156861566));
#7743=CARTESIAN_POINT('Ctrl Pts',(-1.19615962885217,95.8685724054776,28.3821512499709));
#7744=CARTESIAN_POINT('Ctrl Pts',(-1.17263240411533,95.8198761197338,28.547518758792));
#7745=CARTESIAN_POINT('Ctrl Pts',(-1.15139672837902,95.7759535478175,28.6335586503312));
#7746=CARTESIAN_POINT('Ctrl Pts',(-1.09203099401484,95.6535715894139,28.7996284884766));
#7747=CARTESIAN_POINT('Ctrl Pts',(-1.05211865044075,95.5715087982888,28.8742418062867));
#7748=CARTESIAN_POINT('Ctrl Pts',(-0.954346331878119,95.3714595421919,29.0020644622917));
#7749=CARTESIAN_POINT('Ctrl Pts',(-0.89463645657376,95.2498806054226,29.0477101873123));
#7750=CARTESIAN_POINT('Ctrl Pts',(-0.806699909350329,95.0719450029793,29.07782493284));
#7751=CARTESIAN_POINT('Ctrl Pts',(-0.779954189188695,95.0179606205144,29.0823612821185));
#7752=CARTESIAN_POINT('Ctrl Pts',(-0.753155362270699,94.9640063791722,29.0823612821185));
#7753=CARTESIAN_POINT('Origin',(0.826599885109207,109.323235826663,28.2323612821185));
#7754=CARTESIAN_POINT('Origin',(-8.,96.4654666806137,28.2323612821185));
#7755=CARTESIAN_POINT('',(-10.,96.4654666806137,28.2323612821185));
#7756=CARTESIAN_POINT('',(-9.15,96.4654666806137,29.0823612821185));
#7757=CARTESIAN_POINT('Origin',(-9.15,96.4654666806137,28.2323612821185));
#7758=CARTESIAN_POINT('Origin',(-8.,96.4654666806137,29.0823612821185));
#7759=CARTESIAN_POINT('Origin',(-8.,96.4654666806137,28.2323612821185));
#7760=CARTESIAN_POINT('Origin',(-9.15,61.1290082288437,28.2323612821185));
#7761=CARTESIAN_POINT('',(-10.,41.4935697510188,28.2323612821185));
#7762=CARTESIAN_POINT('',(-9.15,41.4935697510188,29.0823612821185));
#7763=CARTESIAN_POINT('Origin',(-9.15,41.4935697510188,28.2323612821185));
#7764=CARTESIAN_POINT('',(-9.15,61.1290082288437,29.0823612821185));
#7765=CARTESIAN_POINT('',(-10.,61.1290082288437,28.2323612821185));
#7766=CARTESIAN_POINT('Ctrl Pts',(-7.99934747688234,39.1487403989582,29.0823603267689));
#7767=CARTESIAN_POINT('Ctrl Pts',(-8.11832486628394,39.1485762003428,29.0823603289652));
#7768=CARTESIAN_POINT('Ctrl Pts',(-8.29651433573371,39.2156558822874,29.0823594296122));
#7769=CARTESIAN_POINT('Ctrl Pts',(-8.68391260637184,39.591783328475,29.0823625339942));
#7770=CARTESIAN_POINT('Ctrl Pts',(-8.90670826216103,40.1128446761156,29.0823598707625));
#7771=CARTESIAN_POINT('Ctrl Pts',(-9.01748753820329,40.6160400837661,29.0823607729807));
#7772=CARTESIAN_POINT('Ctrl Pts',(-7.99905048635307,38.9290380811809,29.0826985667617));
#7773=CARTESIAN_POINT('Ctrl Pts',(-8.17219163426372,38.9287797236002,29.082698197131));
#7774=CARTESIAN_POINT('Ctrl Pts',(-8.42152513215467,39.0343587042492,29.0828495742396));
#7775=CARTESIAN_POINT('Ctrl Pts',(-8.86591437943621,39.5010499600396,29.0822724032137));
#7776=CARTESIAN_POINT('Ctrl Pts',(-9.07638657812595,40.0579257798699,29.0827176530646));
#7777=CARTESIAN_POINT('Ctrl Pts',(-9.17639588553804,40.5810815383884,29.082541414873));
#7778=CARTESIAN_POINT('Ctrl Pts',(-7.99845397026415,38.4908324553461,28.9038808189636));
#7779=CARTESIAN_POINT('Ctrl Pts',(-8.28038558154506,38.4903868804782,28.9038617412137));
#7780=CARTESIAN_POINT('Ctrl Pts',(-8.67210711666635,38.6725138898081,28.9116588744967));
#7781=CARTESIAN_POINT('Ctrl Pts',(-9.23049884400881,39.3213467937415,28.9425850343923));
#7782=CARTESIAN_POINT('Ctrl Pts',(-9.41556719070708,39.9480830628058,28.9688676613474));
#7783=CARTESIAN_POINT('Ctrl Pts',(-9.49381387120308,40.5112523978218,28.9868460872141));
#7784=CARTESIAN_POINT('Ctrl Pts',(-7.99810419878994,38.2325087334573,28.3082808297673));
#7785=CARTESIAN_POINT('Ctrl Pts',(-8.34381997607903,38.2319878559361,28.3082125911207));
#7786=CARTESIAN_POINT('Ctrl Pts',(-8.82385737908118,38.4449014630632,28.3361006588007));
#7787=CARTESIAN_POINT('Ctrl Pts',(-9.49816316442089,39.1769193449927,28.4515736856551));
#7788=CARTESIAN_POINT('Ctrl Pts',(-9.7073121861227,39.8510484523122,28.5573187350751));
#7789=CARTESIAN_POINT('Ctrl Pts',(-9.79032855354155,40.4460216592547,28.6341228950223));
#7790=CARTESIAN_POINT('Ctrl Pts',(-7.99831166177786,38.3851134129526,27.7559947037346));
#7791=CARTESIAN_POINT('Ctrl Pts',(-8.30618250719796,38.3847133112595,27.7559113342728));
#7792=CARTESIAN_POINT('Ctrl Pts',(-8.74371187741395,38.5482412584626,27.7899801787347));
#7793=CARTESIAN_POINT('Ctrl Pts',(-9.4584796854623,39.1769946850469,27.9423299532843));
#7794=CARTESIAN_POINT('Ctrl Pts',(-9.74786374156477,39.8328162292673,28.1005019123705));
#7795=CARTESIAN_POINT('Ctrl Pts',(-9.87444123914915,40.4275175563318,28.2271626911599));
#7796=CARTESIAN_POINT('Ctrl Pts',(-7.99866001481807,38.6424124981949,27.5290885494653));
#7797=CARTESIAN_POINT('Ctrl Pts',(-8.24299530770374,38.6421530314274,27.5290250302894));
#7798=CARTESIAN_POINT('Ctrl Pts',(-8.60078573061703,38.748177807817,27.5549784631441));
#7799=CARTESIAN_POINT('Ctrl Pts',(-9.29642277009605,39.2454415763965,27.6848552134506));
#7800=CARTESIAN_POINT('Ctrl Pts',(-9.65175665250736,39.8598491314931,27.8427018904083));
#7801=CARTESIAN_POINT('Ctrl Pts',(-9.82112938310411,40.4392457639848,27.98369753186));
#7802=CARTESIAN_POINT('Ctrl Pts',(-7.99886387787314,38.7922241309734,27.4601700270567));
#7803=CARTESIAN_POINT('Ctrl Pts',(-8.20601802735689,38.7920385737802,27.460123810004));
#7804=CARTESIAN_POINT('Ctrl Pts',(-8.51623403074006,38.8678438335528,27.4790047758073));
#7805=CARTESIAN_POINT('Ctrl Pts',(-9.19035948032598,39.2928692805371,27.5847980480378));
#7806=CARTESIAN_POINT('Ctrl Pts',(-9.57796545496485,39.8816898531597,27.7313897946489));
#7807=CARTESIAN_POINT('Ctrl Pts',(-9.77070480920907,40.4503386916233,27.8730233267191));
#7808=CARTESIAN_POINT('',(-8.,38.7910340966194,27.4607182646946));
#7809=CARTESIAN_POINT('',(-8.,39.1474987563836,29.0823612821185));
#7810=CARTESIAN_POINT('Origin',(-8.,39.1474987563836,28.2323612821185));
#7811=CARTESIAN_POINT('',(-9.01808121945788,40.6144613599192,29.0823612821185));
#7812=CARTESIAN_POINT('Origin',(-8.,41.8897060782718,29.0823612821185));
#7813=CARTESIAN_POINT('',(-9.7705760338398,40.448689913313,27.8735139861577));
#7814=CARTESIAN_POINT('Origin',(-9.01808121945788,40.6144613599192,28.2323612821185));
#7815=CARTESIAN_POINT('Origin',(-8.,41.8897060782718,28.2323612821185));
#7816=CARTESIAN_POINT('Origin',(-8.67984657065484,39.1474987563836,28.2323612821185));
#7817=CARTESIAN_POINT('',(76.2757492383887,38.7910340966194,27.4607182646946));
#7818=CARTESIAN_POINT('',(83.4273593002511,38.7910340966194,27.4607182646946));
#7819=CARTESIAN_POINT('Ctrl Pts',(76.2757492383887,38.7910340966194,27.4607182646945));
#7820=CARTESIAN_POINT('Ctrl Pts',(76.6359528322996,38.6928411374057,27.5060790325716));
#7821=CARTESIAN_POINT('Ctrl Pts',(77.0035440051818,38.6087231486417,27.5676939930448));
#7822=CARTESIAN_POINT('Ctrl Pts',(77.7915326612186,38.4625949261375,27.7168657740685));
#7823=CARTESIAN_POINT('Ctrl Pts',(78.212559880186,38.4051184063606,27.8079525863651));
#7824=CARTESIAN_POINT('Ctrl Pts',(79.0411193547545,38.3301842525227,27.9804912001083));
#7825=CARTESIAN_POINT('Ctrl Pts',(79.4460598791301,38.3123778765052,28.0740163548517));
#7826=CARTESIAN_POINT('Ctrl Pts',(79.8515542693199,38.3123778765052,28.0740163548517));
#7827=CARTESIAN_POINT('Ctrl Pts',(80.2570486595097,38.3123778765052,28.0740163548517));
#7828=CARTESIAN_POINT('Ctrl Pts',(80.6619891838853,38.3301842525227,27.9804912001083));
#7829=CARTESIAN_POINT('Ctrl Pts',(81.4905486584538,38.4051184063606,27.8079525863651));
#7830=CARTESIAN_POINT('Ctrl Pts',(81.9115758774213,38.4625949261375,27.7168657740685));
#7831=CARTESIAN_POINT('Ctrl Pts',(82.699564533458,38.6087231486417,27.5676939930448));
#7832=CARTESIAN_POINT('Ctrl Pts',(83.0671557063402,38.6928411374057,27.5060790325716));
#7833=CARTESIAN_POINT('Ctrl Pts',(83.4273593002511,38.7910340966194,27.4607182646945));
#7834=CARTESIAN_POINT('',(182.570153429345,38.7910340966194,27.4607182646946));
#7835=CARTESIAN_POINT('',(-8.67984657065484,38.7910340966194,27.4607182646946));
#7836=CARTESIAN_POINT('',(182.570153429345,39.1474987563836,29.0823612821185));
#7837=CARTESIAN_POINT('Origin',(182.570153429345,39.1474987563836,28.2323612821185));
#7838=CARTESIAN_POINT('',(84.5431381493103,39.1474987563836,29.0823612821185));
#7839=CARTESIAN_POINT('',(-8.67984657065484,39.1474987563836,29.0823612821185));
#7840=CARTESIAN_POINT('',(75.1599703893295,39.1474987563836,29.0823612821185));
#7841=CARTESIAN_POINT('Ctrl Pts',(84.5431381493103,39.1474987563836,29.0823612821185));
#7842=CARTESIAN_POINT('Ctrl Pts',(83.8451944131527,38.8908945310981,29.0823612821185));
#7843=CARTESIAN_POINT('Ctrl Pts',(83.0913013527508,38.6813686171445,28.9711870994639));
#7844=CARTESIAN_POINT('Ctrl Pts',(81.9115758774213,38.4625949261375,28.7478567901685));
#7845=CARTESIAN_POINT('Ctrl Pts',(81.4905486584538,38.4051184063606,28.6567699778719));
#7846=CARTESIAN_POINT('Ctrl Pts',(80.6619891838853,38.3301842525227,28.4842313641287));
#7847=CARTESIAN_POINT('Ctrl Pts',(80.2570486595097,38.3123778765052,28.3907062093853));
#7848=CARTESIAN_POINT('Ctrl Pts',(79.4460598791301,38.3123778765052,28.3907062093853));
#7849=CARTESIAN_POINT('Ctrl Pts',(79.0411193547545,38.3301842525227,28.4842313641287));
#7850=CARTESIAN_POINT('Ctrl Pts',(78.212559880186,38.4051184063606,28.6567699778719));
#7851=CARTESIAN_POINT('Ctrl Pts',(77.7915326612186,38.4625949261375,28.7478567901685));
#7852=CARTESIAN_POINT('Ctrl Pts',(76.611807185889,38.6813686171445,28.9711870994639));
#7853=CARTESIAN_POINT('Ctrl Pts',(75.857914125487,38.8908945310981,29.0823612821185));
#7854=CARTESIAN_POINT('Ctrl Pts',(75.1599703893295,39.1474987563837,29.0823612821185));
#7855=CARTESIAN_POINT('',(-8.67984657065484,39.1474987563836,29.0823612821185));
#7856=CARTESIAN_POINT('',(-8.67984657065484,38.7910340966194,27.4607182646946));
#7857=CARTESIAN_POINT('Ctrl Pts',(-9.99999754639157,41.4970671705647,28.2329390818749));
#7858=CARTESIAN_POINT('Ctrl Pts',(-10.0006168493602,41.0749671900665,28.1234362530635));
#7859=CARTESIAN_POINT('Ctrl Pts',(-9.88124932602924,40.7107122558091,27.9840868883728));
#7860=CARTESIAN_POINT('Ctrl Pts',(-9.7694751918389,40.4465362658565,27.8722032306658));
#7861=CARTESIAN_POINT('Ctrl Pts',(-9.99991167360714,41.4970671531994,28.3601227045523));
#7862=CARTESIAN_POINT('Ctrl Pts',(-10.016954017465,41.0749985879691,28.2610707951303));
#7863=CARTESIAN_POINT('Ctrl Pts',(-9.92239692959504,40.7001475682162,28.1308598372941));
#7864=CARTESIAN_POINT('Ctrl Pts',(-9.83679693514713,40.4317179531605,28.0195578866724));
#7865=CARTESIAN_POINT('Ctrl Pts',(-9.94157134612072,41.496996856787,28.6139405699857));
#7866=CARTESIAN_POINT('Ctrl Pts',(-9.98158411007683,41.0834616430897,28.5431848244857));
#7867=CARTESIAN_POINT('Ctrl Pts',(-9.92681431702976,40.698100321225,28.4452050650913));
#7868=CARTESIAN_POINT('Ctrl Pts',(-9.88596703034601,40.4208949004562,28.3537818798827));
#7869=CARTESIAN_POINT('Ctrl Pts',(-9.65710176080884,41.4966549105962,28.9710085021835));
#7870=CARTESIAN_POINT('Ctrl Pts',(-9.69883253022576,41.1244265835536,28.9520134258164));
#7871=CARTESIAN_POINT('Ctrl Pts',(-9.66522563604064,40.7610617878942,28.9244827781347));
#7872=CARTESIAN_POINT('Ctrl Pts',(-9.6486113106813,40.4731395205394,28.8958067006553));
#7873=CARTESIAN_POINT('Ctrl Pts',(-9.34060731517775,41.4962747886975,29.0823586546934));
#7874=CARTESIAN_POINT('Ctrl Pts',(-9.35675885435062,41.1699123219215,29.0826794223442));
#7875=CARTESIAN_POINT('Ctrl Pts',(-9.3012374927244,40.8500212261119,29.0816268079458));
#7876=CARTESIAN_POINT('Ctrl Pts',(-9.25566070127075,40.5596326470597,29.0823673796437));
#7877=CARTESIAN_POINT('Ctrl Pts',(-9.14999842331907,41.4960454960014,29.0823612821185));
#7878=CARTESIAN_POINT('Ctrl Pts',(-9.15037904178036,41.1973496289845,29.0823612821185));
#7879=CARTESIAN_POINT('Ctrl Pts',(-9.08177976061132,40.9037070856153,29.0823612821185));
#7880=CARTESIAN_POINT('Ctrl Pts',(-9.01754871615692,40.6120437458039,29.0823612821185));
#7881=CARTESIAN_POINT('Ctrl Pts',(-9.01808121945789,40.6144613599192,29.0823612821185));
#7882=CARTESIAN_POINT('Ctrl Pts',(-9.08198077573105,40.904523887099,29.0823612821185));
#7883=CARTESIAN_POINT('Ctrl Pts',(-9.15,41.1965522044566,29.0823612821185));
#7884=CARTESIAN_POINT('Ctrl Pts',(-9.15,41.4935697510188,29.0823612821185));
#7885=CARTESIAN_POINT('Ctrl Pts',(-10.,41.4935697510188,28.2323612821185));
#7886=CARTESIAN_POINT('Ctrl Pts',(-10.,41.4411385832429,28.2187319915313));
#7887=CARTESIAN_POINT('Ctrl Pts',(-9.99825201711852,41.3893774324491,28.2045766469796));
#7888=CARTESIAN_POINT('Ctrl Pts',(-9.99491284821223,41.3385122649538,28.1900484091993));
#7889=CARTESIAN_POINT('Ctrl Pts',(-9.99161733392423,41.2883120831283,28.1757101063078));
#7890=CARTESIAN_POINT('Ctrl Pts',(-9.98677269620854,41.2389851084649,28.1610086982737));
#7891=CARTESIAN_POINT('Ctrl Pts',(-9.98057201566855,41.1907159572834,28.1460815410818));
#7892=CARTESIAN_POINT('Ctrl Pts',(-9.97431346723657,41.1419963339306,28.131015076097));
#7893=CARTESIAN_POINT('Ctrl Pts',(-9.96667414520767,41.0943548103265,28.1157187418745));
#7894=CARTESIAN_POINT('Ctrl Pts',(-9.95788546020835,41.0479405310935,28.100321969818));
#7895=CARTESIAN_POINT('Ctrl Pts',(-9.94900631602466,41.0010485242093,28.084766723605));
#7896=CARTESIAN_POINT('Ctrl Pts',(-9.9389548058699,40.9554094105491,28.0691090459469));
#7897=CARTESIAN_POINT('Ctrl Pts',(-9.9279916888401,40.9111303296471,28.053468897633));
#7898=CARTESIAN_POINT('Ctrl Pts',(-9.91682374213797,40.8660239594251,28.0375365362154));
#7899=CARTESIAN_POINT('Ctrl Pts',(-9.90471061145166,40.8223290439018,28.0216224355517));
#7900=CARTESIAN_POINT('Ctrl Pts',(-9.89193865965022,40.780107627744,28.0058382405529));
#7901=CARTESIAN_POINT('Ctrl Pts',(-9.87903879189576,40.7374633480513,27.9898959608402));
#7902=CARTESIAN_POINT('Ctrl Pts',(-9.86546761850188,40.6963220934149,27.9740862124183));
#7903=CARTESIAN_POINT('Ctrl Pts',(-9.85151886161951,40.6566962300302,27.9585081144545));
#7904=CARTESIAN_POINT('Ctrl Pts',(-9.8373099325269,40.6163312650505,27.9426394538111));
#7905=CARTESIAN_POINT('Ctrl Pts',(-9.8227099113777,40.5775385187647,27.9270111642165));
#7906=CARTESIAN_POINT('Ctrl Pts',(-9.80801646238835,40.540280551289,27.9117114847877));
#7907=CARTESIAN_POINT('Ctrl Pts',(-9.79554707099592,40.508662094705,27.8987276243534));
#7908=CARTESIAN_POINT('Ctrl Pts',(-9.78301032151215,40.4781479412403,27.8859801162934));
#7909=CARTESIAN_POINT('Ctrl Pts',(-9.77057603383981,40.448689913313,27.8735139861577));
#7910=CARTESIAN_POINT('Origin',(50.0701534293452,133.629008228844,29.0823612821185));
#7911=CARTESIAN_POINT('',(-87.4298465706548,283.629008228844,29.0823612821185));
#7912=CARTESIAN_POINT('',(-87.4298465706548,-16.3709917711563,29.0823612821185));
#7913=CARTESIAN_POINT('',(-87.4298465706548,133.629008228844,29.0823612821185));
#7914=CARTESIAN_POINT('',(187.570153429345,-16.3709917711563,29.0823612821185));
#7915=CARTESIAN_POINT('',(50.0701534293452,-16.3709917711563,29.0823612821185));
#7916=CARTESIAN_POINT('',(187.570153429345,283.629008228844,29.0823612821185));
#7917=CARTESIAN_POINT('',(187.570153429345,133.629008228844,29.0823612821185));
#7918=CARTESIAN_POINT('',(50.0701534293452,283.629008228844,29.0823612821185));
#7919=CARTESIAN_POINT('',(182.570153429345,-12.,29.0823612821185));
#7920=CARTESIAN_POINT('',(182.570153429345,74.3145041144219,29.0823612821185));
#7921=CARTESIAN_POINT('',(-10.,-12.,29.0823612821185));
#7922=CARTESIAN_POINT('',(-8.67984657065484,-12.,29.0823612821185));
#7923=CARTESIAN_POINT('',(-10.,-13.3709917711563,29.0823612821185));
#7924=CARTESIAN_POINT('',(-10.,61.1290082288437,29.0823612821185));
#7925=CARTESIAN_POINT('',(-72.,-13.3709917711563,29.0823612821185));
#7926=CARTESIAN_POINT('',(5.03507671467258,-13.3709917711563,29.0823612821185));
#7927=CARTESIAN_POINT('',(-72.,278.629008228844,29.0823612821185));
#7928=CARTESIAN_POINT('',(-72.,61.1290082288437,29.0823612821185));
#7929=CARTESIAN_POINT('',(-10.,278.629008228844,29.0823612821185));
#7930=CARTESIAN_POINT('',(5.03507671467258,278.629008228844,29.0823612821185));
#7931=CARTESIAN_POINT('',(-10.,274.728392540351,29.0823612821185));
#7932=CARTESIAN_POINT('',(-10.,61.1290082288437,29.0823612821185));
#7933=CARTESIAN_POINT('',(182.570153429345,274.728392540351,29.0823612821185));
#7934=CARTESIAN_POINT('',(-8.67984657065484,274.728392540351,29.0823612821185));
#7935=CARTESIAN_POINT('',(182.570153429345,228.,29.0823612821185));
#7936=CARTESIAN_POINT('',(182.570153429345,192.99660224951,29.0823612821185));
#7937=CARTESIAN_POINT('',(89.1614570061718,228.,29.0823612821185));
#7938=CARTESIAN_POINT('',(-8.67984657065484,228.,29.0823612821185));
#7939=CARTESIAN_POINT('',(92.0106406300482,224.174865398678,29.0823612821185));
#7940=CARTESIAN_POINT('Origin',(79.8515542693199,218.09175430715,29.0823612821185));
#7941=CARTESIAN_POINT('',(122.430317523927,214.290913222816,29.0823612821185));
#7942=CARTESIAN_POINT('Origin',(79.8515542693199,135.,29.0823612821185));
#7943=CARTESIAN_POINT('',(142.104132527731,199.997049934442,29.0823612821185));
#7944=CARTESIAN_POINT('Origin',(128.691662038172,202.222641326912,29.0823612821185));
#7945=CARTESIAN_POINT('',(160.904526774938,174.120527194856,29.0823612821185));
#7946=CARTESIAN_POINT('Origin',(79.8515542693199,135.,29.0823612821185));
#7947=CARTESIAN_POINT('',(168.419255418014,150.992570563724,29.0823612821185));
#7948=CARTESIAN_POINT('Origin',(158.876508653531,160.676764173337,29.0823612821185));
#7949=CARTESIAN_POINT('',(168.419255418014,119.007429436276,29.0823612821185));
#7950=CARTESIAN_POINT('Origin',(79.8515542693199,135.,29.0823612821185));
#7951=CARTESIAN_POINT('',(160.904526774938,95.8794728051438,29.0823612821185));
#7952=CARTESIAN_POINT('Origin',(158.876508653531,109.323235826663,29.0823612821185));
#7953=CARTESIAN_POINT('',(142.104132527731,70.0029500655577,29.0823612821185));
#7954=CARTESIAN_POINT('Origin',(79.8515542693199,135.,29.0823612821185));
#7955=CARTESIAN_POINT('',(122.430317523927,55.7090867771843,29.0823612821185));
#7956=CARTESIAN_POINT('Origin',(128.691662038172,67.7773586730881,29.0823612821185));
#7957=CARTESIAN_POINT('',(92.0106406300483,45.825134601322,29.0823612821185));
#7958=CARTESIAN_POINT('Origin',(79.8515542693199,135.,29.0823612821185));
#7959=CARTESIAN_POINT('Origin',(79.8515542693199,51.9082456928502,29.0823612821185));
#7960=CARTESIAN_POINT('Origin',(79.8515542693199,51.9082456928502,40.0823612821185));
#7961=CARTESIAN_POINT('',(67.6924679085915,45.8251346013219,40.0823612821185));
#7962=CARTESIAN_POINT('',(66.2556864529749,51.9082456928502,40.0823612821185));
#7963=CARTESIAN_POINT('Origin',(79.8515542693199,51.9082456928502,40.0823612821185));
#7964=CARTESIAN_POINT('',(67.6924679085916,45.825134601322,29.0823612821185));
#7965=CARTESIAN_POINT('',(67.6924679085915,45.8251346013219,40.0823612821185));
#7966=CARTESIAN_POINT('Origin',(79.8515542693199,51.9082456928502,29.0823612821185));
#7967=CARTESIAN_POINT('',(92.0106406300484,45.8251346013219,40.0823612821185));
#7968=CARTESIAN_POINT('',(92.0106406300484,45.8251346013219,40.0823612821185));
#7969=CARTESIAN_POINT('',(88.7490033119045,62.1884705062547,40.0823612821185));
#7970=CARTESIAN_POINT('Origin',(79.8515542693199,51.9082456928502,40.0823612821185));
#7971=CARTESIAN_POINT('',(88.7490033119045,62.1884705062547,30.0823612821185));
#7972=CARTESIAN_POINT('',(88.7490033119045,62.1884705062547,40.0823612821185));
#7973=CARTESIAN_POINT('',(70.9541052267354,62.1884705062547,30.0823612821185));
#7974=CARTESIAN_POINT('Origin',(79.8515542693199,51.9082456928502,30.0823612821185));
#7975=CARTESIAN_POINT('',(70.9541052267354,62.1884705062547,40.0823612821185));
#7976=CARTESIAN_POINT('',(70.9541052267354,62.1884705062547,40.0823612821185));
#7977=CARTESIAN_POINT('Origin',(79.8515542693199,51.9082456928502,40.0823612821185));
#7978=CARTESIAN_POINT('',(66.2556864529749,51.9082456928502,20.0823612821185));
#7979=CARTESIAN_POINT('',(66.2556864529749,51.9082456928502,40.0823612821185));
#7980=CARTESIAN_POINT('',(89.1614570061718,42.,20.0823612821185));
#7981=CARTESIAN_POINT('Origin',(79.8515542693199,51.9082456928502,20.0823612821185));
#7982=CARTESIAN_POINT('',(86.4121416056977,40.,18.0823612821185));
#7983=CARTESIAN_POINT('Ctrl Pts',(89.1614570061718,42.,20.0823612821185));
#7984=CARTESIAN_POINT('Ctrl Pts',(88.8878572789003,41.7429225184066,20.0823612821185));
#7985=CARTESIAN_POINT('Ctrl Pts',(88.5802083999667,41.4768920977297,20.0306964991148));
#7986=CARTESIAN_POINT('Ctrl Pts',(87.9621247455981,40.9894001939192,19.8283109303355));
#7987=CARTESIAN_POINT('Ctrl Pts',(87.6516765472489,40.7676174678516,19.6784058747163));
#7988=CARTESIAN_POINT('Ctrl Pts',(87.1109257058086,40.4081541124317,19.3189425192964));
#7989=CARTESIAN_POINT('Ctrl Pts',(86.8084429170748,40.2251182496711,19.0568381459528));
#7990=CARTESIAN_POINT('Ctrl Pts',(86.5632899186282,40.0843362336309,18.6656285864064));
#7991=CARTESIAN_POINT('Ctrl Pts',(86.5078565028583,40.0531560918075,18.5555239375772));
#7992=CARTESIAN_POINT('Ctrl Pts',(86.4319615503061,40.0108615712214,18.3219700086972));
#7993=CARTESIAN_POINT('Ctrl Pts',(86.4121416056977,40.,18.1982670356189));
#7994=CARTESIAN_POINT('Ctrl Pts',(86.4121416056977,40.,18.0823612821185));
#7995=CARTESIAN_POINT('',(86.4121416056977,40.,26.9022299356562));
#7996=CARTESIAN_POINT('',(86.4121416056977,40.,40.0823612821185));
#7997=CARTESIAN_POINT('Origin',(79.8515542693199,51.9082456928502,21.4011515179929));
#7998=CARTESIAN_POINT('',(73.2909669329421,40.,26.9022299356562));
#7999=CARTESIAN_POINT('Origin',(79.8515542693199,51.9082456928502,21.4011515179929));
#8000=CARTESIAN_POINT('',(73.2909669329421,40.,18.0823612821185));
#8001=CARTESIAN_POINT('',(73.2909669329421,40.,40.0823612821185));
#8002=CARTESIAN_POINT('',(70.5416515324681,42.,20.0823612821185));
#8003=CARTESIAN_POINT('Ctrl Pts',(73.2909669329421,40.,18.0823612821185));
#8004=CARTESIAN_POINT('Ctrl Pts',(73.2909669329421,40.,18.1982670356189));
#8005=CARTESIAN_POINT('Ctrl Pts',(73.2711469883338,40.0108615712214,18.3219700086972));
#8006=CARTESIAN_POINT('Ctrl Pts',(73.1952520357816,40.0531560918075,18.5555239375772));
#8007=CARTESIAN_POINT('Ctrl Pts',(73.1398186200116,40.0843362336309,18.6656285864064));
#8008=CARTESIAN_POINT('Ctrl Pts',(72.894665621565,40.2251182496711,19.0568381459528));
#8009=CARTESIAN_POINT('Ctrl Pts',(72.5921828328312,40.4081541124317,19.3189425192964));
#8010=CARTESIAN_POINT('Ctrl Pts',(72.051431991391,40.7676174678516,19.6784058747163));
#8011=CARTESIAN_POINT('Ctrl Pts',(71.7409837930417,40.9894001939192,19.8283109303355));
#8012=CARTESIAN_POINT('Ctrl Pts',(71.1229001386732,41.4768920977297,20.0306964991148));
#8013=CARTESIAN_POINT('Ctrl Pts',(70.8152512597396,41.7429225184066,20.0823612821185));
#8014=CARTESIAN_POINT('Ctrl Pts',(70.5416515324681,42.,20.0823612821185));
#8015=CARTESIAN_POINT('Origin',(79.8515542693199,51.9082456928502,20.0823612821185));
#8016=CARTESIAN_POINT('Origin',(-67.4298465706548,40.,26.9022299356562));
#8017=CARTESIAN_POINT('',(-8.,40.,26.9022299356562));
#8018=CARTESIAN_POINT('',(-8.,10.6279564131373,40.470804117441));
#8019=CARTESIAN_POINT('',(-67.4298465706548,40.,26.9022299356562));
#8020=CARTESIAN_POINT('Origin',(-67.4298465706548,40.,26.9022299356562));
#8021=CARTESIAN_POINT('',(182.570153429345,40.,26.9022299356562));
#8022=CARTESIAN_POINT('',(-67.4298465706548,40.,26.9022299356562));
#8023=CARTESIAN_POINT('',(182.570153429345,40.,26.9022299356562));
#8024=CARTESIAN_POINT('Origin',(-8.,11.4666967890533,42.2864347466738));
#8025=CARTESIAN_POINT('Origin',(-8.,40.838740375916,28.717860564889));
#8026=CARTESIAN_POINT('Origin',(-14.,4.0751309748734,16.));
#8027=CARTESIAN_POINT('',(-14.,40.,20.));
#8028=CARTESIAN_POINT('',(-10.,40.,16.));
#8029=CARTESIAN_POINT('Origin',(-14.,40.,16.));
#8030=CARTESIAN_POINT('',(-14.,-7.99045289190858,20.));
#8031=CARTESIAN_POINT('',(-14.,4.0751309748734,20.));
#8032=CARTESIAN_POINT('',(-11.7841266829593,-7.99045289190858,19.3301509639695));
#8033=CARTESIAN_POINT('Origin',(-14.,-7.99045289190858,16.));
#8034=CARTESIAN_POINT('',(-10.,2.,16.));
#8035=CARTESIAN_POINT('Origin',(-14.,2.,16.));
#8036=CARTESIAN_POINT('',(-10.,4.0751309748734,16.));
#8037=CARTESIAN_POINT('Origin',(-10.,-7.99045289190857,10.));
#8038=CARTESIAN_POINT('',(-10.,16.5695318798214,11.1434893733929));
#8039=CARTESIAN_POINT('',(-10.,-18.1169462970203,22.7056487656734));
#8040=CARTESIAN_POINT('',(-10.,40.,11.1434893733929));
#8041=CARTESIAN_POINT('',(-10.,2.59927005433258,11.1434893733929));
#8042=CARTESIAN_POINT('',(-10.,40.,40.5717446866964));
#8043=CARTESIAN_POINT('Origin',(-34.,235.433837610763,5.));
#8044=CARTESIAN_POINT('',(-30.,235.433837610763,21.));
#8045=CARTESIAN_POINT('',(-34.,231.433837610763,21.));
#8046=CARTESIAN_POINT('Origin',(-34.,235.433837610763,21.));
#8047=CARTESIAN_POINT('',(-34.,231.433837610763,5.));
#8048=CARTESIAN_POINT('',(-34.,231.433837610763,5.));
#8049=CARTESIAN_POINT('',(-30.,235.433837610763,5.));
#8050=CARTESIAN_POINT('Origin',(-34.,235.433837610763,5.));
#8051=CARTESIAN_POINT('',(-30.,235.433837610763,5.));
#8052=CARTESIAN_POINT('Origin',(-34.,243.575378208072,21.));
#8053=CARTESIAN_POINT('',(-34.,235.433837610763,25.));
#8054=CARTESIAN_POINT('Origin',(-34.,235.433837610763,21.));
#8055=CARTESIAN_POINT('',(-30.,278.629008228844,21.));
#8056=CARTESIAN_POINT('',(-30.,243.575378208072,21.));
#8057=CARTESIAN_POINT('',(-34.,278.629008228844,25.));
#8058=CARTESIAN_POINT('Origin',(-34.,278.629008228844,21.));
#8059=CARTESIAN_POINT('',(-34.,243.575378208072,25.));
#8060=CARTESIAN_POINT('Origin',(-34.,235.433837610763,21.));
#8061=CARTESIAN_POINT('Origin',(-34.,235.433837610763,21.));
#8062=CARTESIAN_POINT('Origin',(-67.4298465706548,231.433837610763,5.));
#8063=CARTESIAN_POINT('',(-67.4298465706548,231.433837610763,21.));
#8064=CARTESIAN_POINT('',(-58.0723849279911,231.433837610763,21.));
#8065=CARTESIAN_POINT('',(-67.4298465706548,231.433837610763,19.3574616426637));
#8066=CARTESIAN_POINT('',(-67.4298465706548,231.433837610763,5.));
#8067=CARTESIAN_POINT('',(-67.4298465706548,231.433837610763,5.));
#8068=CARTESIAN_POINT('',(-67.4298465706548,231.433837610763,11.0205903205296));
#8069=CARTESIAN_POINT('',(-67.4298465706548,231.433837610763,5.));
#8070=CARTESIAN_POINT('Origin',(-58.0723849279911,235.433837610763,21.));
#8071=CARTESIAN_POINT('',(-67.4298465706548,235.433837610763,25.));
#8072=CARTESIAN_POINT('',(-58.0723849279911,235.433837610763,25.));
#8073=CARTESIAN_POINT('Origin',(-67.4298465706548,235.433837610763,21.));
#8074=CARTESIAN_POINT('Origin',(-48.7149232853274,255.716918805382,25.));
#8075=CARTESIAN_POINT('',(-67.4298465706548,278.629008228844,25.));
#8076=CARTESIAN_POINT('',(-44.3574616426637,278.629008228844,25.));
#8077=CARTESIAN_POINT('',(-67.4298465706548,280.,25.));
#8078=CARTESIAN_POINT('Origin',(-67.4298465706548,280.,5.));
#8079=CARTESIAN_POINT('',(-67.4298465706548,278.629008228844,19.3574616426637));
#8080=CARTESIAN_POINT('',(-67.4298465706548,278.629008228844,22.5));
#8081=CARTESIAN_POINT('',(-67.4298465706548,134.314504114422,19.3574616426637));
#8082=CARTESIAN_POINT('Origin',(5.03507671467258,-13.3709917711563,27.0823612821185));
#8083=CARTESIAN_POINT('',(-10.,-11.3709917711563,27.0823612821185));
#8084=CARTESIAN_POINT('Origin',(-10.,-13.3709917711563,27.0823612821185));
#8085=CARTESIAN_POINT('',(-70.,-11.3709917711563,27.0823612821185));
#8086=CARTESIAN_POINT('',(5.03507671467258,-11.3709917711563,27.0823612821185));
#8087=CARTESIAN_POINT('Origin',(-72.,-13.3709917711563,27.0823612821185));
#8088=CARTESIAN_POINT('Origin',(50.0701534293452,133.629008228844,29.0823612821185));
#8089=CARTESIAN_POINT('',(37.2727910147125,55.7090867771843,29.0823612821185));
#8090=CARTESIAN_POINT('Origin',(79.8515542693199,135.,29.0823612821185));
#8091=CARTESIAN_POINT('',(17.5989760109087,70.0029500655577,29.0823612821185));
#8092=CARTESIAN_POINT('Origin',(31.0114465004677,67.7773586730881,29.0823612821185));
#8093=CARTESIAN_POINT('Origin',(79.8515542693199,135.,29.0823612821185));
#8094=CARTESIAN_POINT('Origin',(-8.67984657065484,-12.,27.0823612821185));
#8095=CARTESIAN_POINT('',(-10.,-10.,27.0823612821185));
#8096=CARTESIAN_POINT('Origin',(-10.,-12.,27.0823612821185));
#8097=CARTESIAN_POINT('',(182.570153429345,-10.,27.0823612821185));
#8098=CARTESIAN_POINT('Origin',(182.570153429345,-12.,27.0823612821185));
#8099=CARTESIAN_POINT('',(-8.67984657065484,-10.,27.0823612821185));
#8100=CARTESIAN_POINT('Origin',(-40.,-11.3709917711563,40.));
#8101=CARTESIAN_POINT('',(-10.,-11.3709917711563,10.));
#8102=CARTESIAN_POINT('',(-10.,-11.3709917711563,10.));
#8103=CARTESIAN_POINT('',(-30.,-11.3709917711563,10.));
#8104=CARTESIAN_POINT('',(-30.,-11.3709917711563,10.));
#8105=CARTESIAN_POINT('',(-70.,-11.3709917711563,20.));
#8106=CARTESIAN_POINT('',(-70.,-11.3709917711563,20.));
#8107=CARTESIAN_POINT('',(-70.,-11.3709917711563,50.));
#8108=CARTESIAN_POINT('Origin',(-10.,-11.3709917711563,70.));
#8109=CARTESIAN_POINT('',(-10.,-10.,20.));
#8110=CARTESIAN_POINT('',(-10.,-10.,49.5411806410593));
#8111=CARTESIAN_POINT('',(-10.,-7.99045289190857,19.3301509639695));
#8112=CARTESIAN_POINT('',(-10.,-18.1169462970203,22.7056487656734));
#8113=CARTESIAN_POINT('',(-10.,-7.99045289190857,10.));
#8114=CARTESIAN_POINT('',(-10.,-7.99045289190858,40.));
#8115=CARTESIAN_POINT('',(-10.,-11.3709917711563,10.));
#8116=CARTESIAN_POINT('Origin',(-72.,61.1290082288437,27.0823612821185));
#8117=CARTESIAN_POINT('',(-70.,278.629008228844,27.0823612821185));
#8118=CARTESIAN_POINT('',(-70.,61.1290082288437,27.0823612821185));
#8119=CARTESIAN_POINT('Origin',(-72.,278.629008228844,27.0823612821185));
#8120=CARTESIAN_POINT('Origin',(-70.,-11.3709917711563,20.));
#8121=CARTESIAN_POINT('',(-70.,278.629008228844,20.));
#8122=CARTESIAN_POINT('',(-70.,-11.3709917711563,20.));
#8123=CARTESIAN_POINT('',(-70.,278.629008228844,50.));
#8124=CARTESIAN_POINT('Origin',(6.21085384933253,42.,18.0823612821185));
#8125=CARTESIAN_POINT('',(6.21085384933253,40.,18.0823612821185));
#8126=CARTESIAN_POINT('',(6.21085384933253,42.,20.0823612821185));
#8127=CARTESIAN_POINT('Origin',(-67.4298465706548,40.,11.1434893733929));
#8128=CARTESIAN_POINT('',(-10.,40.,24.9022299356562));
#8129=CARTESIAN_POINT('Origin',(-8.,40.,24.9022299356562));
#8130=CARTESIAN_POINT('',(-10.,40.,22.));
#8131=CARTESIAN_POINT('',(-10.,40.,40.5717446866964));
#8132=CARTESIAN_POINT('',(-12.,40.,20.));
#8133=CARTESIAN_POINT('Origin',(-12.,40.,22.));
#8134=CARTESIAN_POINT('',(-52.8350653004973,40.,20.));
#8135=CARTESIAN_POINT('',(182.570153429345,40.,11.1434893733929));
#8136=CARTESIAN_POINT('',(-67.4298465706548,40.,11.1434893733929));
#8137=CARTESIAN_POINT('',(182.570153429345,40.,11.1434893733929));
#8138=CARTESIAN_POINT('Origin',(-8.67984657065484,228.,27.0823612821185));
#8139=CARTESIAN_POINT('',(86.4121416056977,230.,27.0823612821185));
#8140=CARTESIAN_POINT('Ctrl Pts',(86.4121416056981,230.,27.0823612821185));
#8141=CARTESIAN_POINT('Ctrl Pts',(86.4121416056981,230.,27.214150316192));
#8142=CARTESIAN_POINT('Ctrl Pts',(86.435922195105,229.986965964049,27.3415432800593));
#8143=CARTESIAN_POINT('Ctrl Pts',(86.5199909543373,229.94003979955,27.5838538263527));
#8144=CARTESIAN_POINT('Ctrl Pts',(86.5802608744732,229.906111992769,27.6987708292932));
#8145=CARTESIAN_POINT('Ctrl Pts',(86.7963316744327,229.781295025473,28.0203819039746));
#8146=CARTESIAN_POINT('Ctrl Pts',(86.987472088054,229.66650147392,28.2038912575138));
#8147=CARTESIAN_POINT('Ctrl Pts',(87.4701668558602,229.358020238174,28.5809397242711));
#8148=CARTESIAN_POINT('Ctrl Pts',(87.8158235358509,229.119400226174,28.7658417631187));
#8149=CARTESIAN_POINT('Ctrl Pts',(88.507502475772,228.585234238528,29.0174746359871));
#8150=CARTESIAN_POINT('Ctrl Pts',(88.8537554195345,228.289119984745,29.0823612821185));
#8151=CARTESIAN_POINT('Ctrl Pts',(89.161457006172,228.,29.0823612821185));
#8152=CARTESIAN_POINT('',(182.570153429345,230.,27.0823612821185));
#8153=CARTESIAN_POINT('Origin',(182.570153429345,228.,27.0823612821185));
#8154=CARTESIAN_POINT('',(-8.67984657065484,230.,27.0823612821185));
#8155=CARTESIAN_POINT('Origin',(79.8515542693199,218.09175430715,40.0823612821185));
#8156=CARTESIAN_POINT('',(86.4121416056977,230.,18.0823612821185));
#8157=CARTESIAN_POINT('',(86.4121416056977,230.,40.0823612821185));
#8158=CARTESIAN_POINT('',(89.1614570061718,228.,20.0823612821185));
#8159=CARTESIAN_POINT('Ctrl Pts',(86.4121416056981,230.,18.0823612821185));
#8160=CARTESIAN_POINT('Ctrl Pts',(86.4121416056981,230.,18.1982670356189));
#8161=CARTESIAN_POINT('Ctrl Pts',(86.4319615503064,229.989138428779,18.3219700086972));
#8162=CARTESIAN_POINT('Ctrl Pts',(86.5078565028586,229.946843908192,18.5555239375772));
#8163=CARTESIAN_POINT('Ctrl Pts',(86.5632899186286,229.915663766369,18.6656285864064));
#8164=CARTESIAN_POINT('Ctrl Pts',(86.8084429170751,229.774881750329,19.0568381459528));
#8165=CARTESIAN_POINT('Ctrl Pts',(87.1109257058089,229.591845887568,19.3189425192964));
#8166=CARTESIAN_POINT('Ctrl Pts',(87.6516765472492,229.232382532148,19.6784058747163));
#8167=CARTESIAN_POINT('Ctrl Pts',(87.9621247455984,229.010599806081,19.8283109303355));
#8168=CARTESIAN_POINT('Ctrl Pts',(88.5802083999669,228.52310790227,20.0306964991149));
#8169=CARTESIAN_POINT('Ctrl Pts',(88.8878572789005,228.257077481593,20.0823612821185));
#8170=CARTESIAN_POINT('Ctrl Pts',(89.161457006172,228.,20.0823612821185));
#8171=CARTESIAN_POINT('',(70.5416515324681,228.,20.0823612821185));
#8172=CARTESIAN_POINT('Origin',(79.8515542693199,218.09175430715,20.0823612821185));
#8173=CARTESIAN_POINT('',(73.2909669329421,230.,18.0823612821185));
#8174=CARTESIAN_POINT('Ctrl Pts',(70.5416515324679,228.,20.0823612821185));
#8175=CARTESIAN_POINT('Ctrl Pts',(70.8152512597393,228.257077481593,20.0823612821185));
#8176=CARTESIAN_POINT('Ctrl Pts',(71.1229001386729,228.52310790227,20.0306964991149));
#8177=CARTESIAN_POINT('Ctrl Pts',(71.7409837930414,229.010599806081,19.8283109303355));
#8178=CARTESIAN_POINT('Ctrl Pts',(72.0514319913907,229.232382532148,19.6784058747163));
#8179=CARTESIAN_POINT('Ctrl Pts',(72.5921828328309,229.591845887568,19.3189425192964));
#8180=CARTESIAN_POINT('Ctrl Pts',(72.8946656215647,229.774881750329,19.0568381459528));
#8181=CARTESIAN_POINT('Ctrl Pts',(73.1398186200112,229.915663766369,18.6656285864064));
#8182=CARTESIAN_POINT('Ctrl Pts',(73.1952520357812,229.946843908192,18.5555239375772));
#8183=CARTESIAN_POINT('Ctrl Pts',(73.2711469883334,229.989138428779,18.3219700086972));
#8184=CARTESIAN_POINT('Ctrl Pts',(73.2909669329417,230.,18.1982670356189));
#8185=CARTESIAN_POINT('Ctrl Pts',(73.2909669329417,230.,18.0823612821185));
#8186=CARTESIAN_POINT('',(73.2909669329421,230.,27.0823612821185));
#8187=CARTESIAN_POINT('',(73.2909669329421,230.,40.0823612821185));
#8188=CARTESIAN_POINT('',(70.5416515324681,228.,29.0823612821185));
#8189=CARTESIAN_POINT('Ctrl Pts',(70.5416515324679,228.,29.0823612821185));
#8190=CARTESIAN_POINT('Ctrl Pts',(70.8493531191054,228.289119984745,29.0823612821185));
#8191=CARTESIAN_POINT('Ctrl Pts',(71.1956060628678,228.585234238528,29.0174746359871));
#8192=CARTESIAN_POINT('Ctrl Pts',(71.8872850027889,229.119400226174,28.7658417631187));
#8193=CARTESIAN_POINT('Ctrl Pts',(72.2329416827797,229.358020238174,28.5809397242711));
#8194=CARTESIAN_POINT('Ctrl Pts',(72.7156364505858,229.66650147392,28.2038912575138));
#8195=CARTESIAN_POINT('Ctrl Pts',(72.9067768642071,229.781295025473,28.0203819039747));
#8196=CARTESIAN_POINT('Ctrl Pts',(73.1228476641667,229.906111992769,27.6987708292932));
#8197=CARTESIAN_POINT('Ctrl Pts',(73.1831175843025,229.94003979955,27.5838538263528));
#8198=CARTESIAN_POINT('Ctrl Pts',(73.2671863435349,229.986965964049,27.3415432800594));
#8199=CARTESIAN_POINT('Ctrl Pts',(73.2909669329417,230.,27.214150316192));
#8200=CARTESIAN_POINT('Ctrl Pts',(73.2909669329417,230.,27.0823612821185));
#8201=CARTESIAN_POINT('',(67.6924679085915,224.174865398678,29.0823612821185));
#8202=CARTESIAN_POINT('Origin',(79.8515542693199,218.09175430715,29.0823612821185));
#8203=CARTESIAN_POINT('',(67.6924679085915,224.174865398678,40.0823612821185));
#8204=CARTESIAN_POINT('',(67.6924679085915,224.174865398678,40.0823612821185));
#8205=CARTESIAN_POINT('',(92.0106406300483,224.174865398678,40.0823612821185));
#8206=CARTESIAN_POINT('Origin',(79.8515542693199,218.09175430715,40.0823612821185));
#8207=CARTESIAN_POINT('',(92.0106406300483,224.174865398678,40.0823612821185));
#8208=CARTESIAN_POINT('',(88.4061152115348,207.524488399383,29.0286815034331));
#8209=CARTESIAN_POINT('',(80.4061152115348,204.507201173502,37.0286815034331));
#8210=CARTESIAN_POINT('Ctrl Pts',(88.4061152115348,207.524488399383,29.0286815034331));
#8211=CARTESIAN_POINT('Ctrl Pts',(88.4061152115348,207.524488399383,30.0705106585147));
#8212=CARTESIAN_POINT('Ctrl Pts',(88.1921262025741,207.342966054717,31.1492310293913));
#8213=CARTESIAN_POINT('Ctrl Pts',(87.3735162466983,206.755015519164,33.0998065155484));
#8214=CARTESIAN_POINT('Ctrl Pts',(86.7690496079679,206.36148495285,33.9755907435096));
#8215=CARTESIAN_POINT('Ctrl Pts',(85.3866679193486,205.649249336193,35.365623745344));
#8216=CARTESIAN_POINT('Ctrl Pts',(84.5061889879769,205.276676020951,35.9807078537788));
#8217=CARTESIAN_POINT('Ctrl Pts',(82.5383294052571,204.724888661224,36.812956814527));
#8218=CARTESIAN_POINT('Ctrl Pts',(81.4491906170971,204.54978254324,37.0286815034331));
#8219=CARTESIAN_POINT('Ctrl Pts',(80.4061152115348,204.507201173502,37.0286815034331));
#8220=CARTESIAN_POINT('Ctrl Pts',(80.4061152115348,204.507201173502,37.0286815034331));
#8221=CARTESIAN_POINT('Ctrl Pts',(79.384960305267,204.465514662257,37.0286815034331));
#8222=CARTESIAN_POINT('Ctrl Pts',(78.3062984173955,204.547124942085,36.8210611927922));
#8223=CARTESIAN_POINT('Ctrl Pts',(76.3439072625904,204.918250140489,36.0021221795541));
#8224=CARTESIAN_POINT('Ctrl Pts',(75.4588643436405,205.20315836899,35.3918710315023));
#8225=CARTESIAN_POINT('Ctrl Pts',(74.0575248743167,205.768818743822,33.9970459743596));
#8226=CARTESIAN_POINT('Ctrl Pts',(73.443784010911,206.091088358101,33.1106291833894));
#8227=CARTESIAN_POINT('Ctrl Pts',(72.6178571787583,206.570072259327,31.1451301699326));
#8228=CARTESIAN_POINT('Ctrl Pts',(72.4061152115348,206.715768243677,30.0631927619467));
#8229=CARTESIAN_POINT('Ctrl Pts',(72.4061152115348,206.715768243677,27.9941702449195));
#8230=CARTESIAN_POINT('Ctrl Pts',(72.6178571787583,206.570072259327,26.9122328369336));
#8231=CARTESIAN_POINT('Ctrl Pts',(73.443784010911,206.091088358101,24.9467338234768));
#8232=CARTESIAN_POINT('Ctrl Pts',(74.0575248743167,205.768818743822,24.0603170325067));
#8233=CARTESIAN_POINT('Ctrl Pts',(75.4588643436405,205.20315836899,22.6654919753639));
#8234=CARTESIAN_POINT('Ctrl Pts',(76.3439072625904,204.918250140489,22.0552408273121));
#8235=CARTESIAN_POINT('Ctrl Pts',(78.3062984173955,204.547124942085,21.236301814074));
#8236=CARTESIAN_POINT('Ctrl Pts',(79.384960305267,204.465514662257,21.0286815034331));
#8237=CARTESIAN_POINT('Ctrl Pts',(81.4491906170971,204.54978254324,21.0286815034331));
#8238=CARTESIAN_POINT('Ctrl Pts',(82.5383294052571,204.724888661224,21.2444061923392));
#8239=CARTESIAN_POINT('Ctrl Pts',(84.5061889879769,205.276676020951,22.0766551530874));
#8240=CARTESIAN_POINT('Ctrl Pts',(85.3866679193486,205.649249336193,22.6917392615222));
#8241=CARTESIAN_POINT('Ctrl Pts',(86.7690496079679,206.36148495285,24.0817722633566));
#8242=CARTESIAN_POINT('Ctrl Pts',(87.3735162466983,206.755015519164,24.9575564913178));
#8243=CARTESIAN_POINT('Ctrl Pts',(88.1921262025741,207.342966054717,26.9081319774749));
#8244=CARTESIAN_POINT('Ctrl Pts',(88.4061152115348,207.524488399383,27.9868523483515));
#8245=CARTESIAN_POINT('Ctrl Pts',(88.4061152115348,207.524488399383,29.0286815034331));
#8246=CARTESIAN_POINT('Origin',(-67.4298465706548,230.,29.0823612821185));
#8247=CARTESIAN_POINT('',(182.570153429345,230.,5.));
#8248=CARTESIAN_POINT('',(182.570153429345,230.,5.));
#8249=CARTESIAN_POINT('',(-67.4298465706548,230.,5.));
#8250=CARTESIAN_POINT('',(-67.4298465706548,230.,5.));
#8251=CARTESIAN_POINT('',(-67.4298465706548,230.,19.3574616426637));
#8252=CARTESIAN_POINT('',(-67.4298465706548,230.,5.));
#8253=CARTESIAN_POINT('',(-30.,230.,10.));
#8254=CARTESIAN_POINT('',(-49.8590291252633,230.,14.9647572813158));
#8255=CARTESIAN_POINT('',(-11.4641016151378,230.,10.));
#8256=CARTESIAN_POINT('',(-38.7149232853274,230.,10.));
#8257=CARTESIAN_POINT('',(-8.,230.,12.));
#8258=CARTESIAN_POINT('Ctrl Pts',(-8.,230.,12.));
#8259=CARTESIAN_POINT('Ctrl Pts',(-8.27709822208096,230.,11.722901777919));
#8260=CARTESIAN_POINT('Ctrl Pts',(-8.58155067196299,230.,11.4173180252879));
#8261=CARTESIAN_POINT('Ctrl Pts',(-9.22971292230173,230.,10.8578775365535));
#8262=CARTESIAN_POINT('Ctrl Pts',(-9.57551811363875,230.,10.6064531055631));
#8263=CARTESIAN_POINT('Ctrl Pts',(-10.1450253145856,230.,10.2999378216496));
#8264=CARTESIAN_POINT('Ctrl Pts',(-10.4018829341513,230.,10.1891622617136));
#8265=CARTESIAN_POINT('Ctrl Pts',(-10.9339020518596,230.,10.0389086562628));
#8266=CARTESIAN_POINT('Ctrl Pts',(-11.2092241932622,230.,10.));
#8267=CARTESIAN_POINT('Ctrl Pts',(-11.4641016151378,230.,10.));
#8268=CARTESIAN_POINT('',(-8.,230.,27.0823612821185));
#8269=CARTESIAN_POINT('',(-8.,230.,49.5411806410593));
#8270=CARTESIAN_POINT('',(-8.67984657065484,230.,27.0823612821185));
#8271=CARTESIAN_POINT('',(6.21085384933253,230.,18.0823612821185));
#8272=CARTESIAN_POINT('Origin',(6.21085384933253,228.,18.0823612821185));
#8273=CARTESIAN_POINT('',(6.21085384933253,228.,20.0823612821185));
#8274=CARTESIAN_POINT('Origin',(-8.67984657065484,228.,27.0823612821185));
#8275=CARTESIAN_POINT('',(-8.,228.,29.0823612821185));
#8276=CARTESIAN_POINT('Origin',(-8.,228.,27.0823612821185));
#8277=CARTESIAN_POINT('',(-8.67984657065484,228.,29.0823612821185));
#8278=CARTESIAN_POINT('Origin',(-8.,228.,27.0823612821185));
#8279=CARTESIAN_POINT('',(-10.,228.,27.0823612821185));
#8280=CARTESIAN_POINT('Origin',(-8.,228.,27.0823612821185));
#8281=CARTESIAN_POINT('Origin',(-8.,228.,27.0823612821185));
#8282=CARTESIAN_POINT('Origin',(-8.,61.1290082288437,27.0823612821185));
#8283=CARTESIAN_POINT('',(-10.,173.534533319386,27.0823612821185));
#8284=CARTESIAN_POINT('',(-10.,61.1290082288437,27.0823612821185));
#8285=CARTESIAN_POINT('',(-8.,171.534533319386,29.0823612821185));
#8286=CARTESIAN_POINT('Origin',(-8.,173.534533319386,27.0823612821185));
#8287=CARTESIAN_POINT('',(-8.,61.1290082288437,29.0823612821185));
#8288=CARTESIAN_POINT('Origin',(-8.,228.,49.5411806410593));
#8289=CARTESIAN_POINT('',(-10.,228.,12.));
#8290=CARTESIAN_POINT('Origin',(-8.,228.,12.));
#8291=CARTESIAN_POINT('',(-10.,228.,49.5411806410593));
#8292=CARTESIAN_POINT('Origin',(-12.,2.38486153524956,22.));
#8293=CARTESIAN_POINT('',(-10.,42.2718825752193,22.));
#8294=CARTESIAN_POINT('',(-10.,2.38486153524956,22.));
#8295=CARTESIAN_POINT('',(-12.,40.2718825752193,20.));
#8296=CARTESIAN_POINT('Origin',(-12.,42.2718825752193,22.));
#8297=CARTESIAN_POINT('',(-12.,2.38486153524956,20.));
#8298=CARTESIAN_POINT('Origin',(-38.2402840303397,16.1407148416554,20.));
#8299=CARTESIAN_POINT('',(-66.4805680606795,40.2718825752193,20.));
#8300=CARTESIAN_POINT('',(-66.4805680606795,40.2718825752193,20.));
#8301=CARTESIAN_POINT('',(-66.4805680606795,-7.99045289190857,20.));
#8302=CARTESIAN_POINT('',(-66.4805680606795,-7.99045289190858,20.));
#8303=CARTESIAN_POINT('',(-10.,-7.99045289190858,20.));
#8304=CARTESIAN_POINT('Origin',(-12.,-11.3709917711563,12.));
#8305=CARTESIAN_POINT('',(-10.,42.2718825752193,12.));
#8306=CARTESIAN_POINT('',(-12.,40.2718825752193,10.));
#8307=CARTESIAN_POINT('Origin',(-12.,42.2718825752193,12.));
#8308=CARTESIAN_POINT('',(-10.,-11.3709917711563,12.));
#8309=CARTESIAN_POINT('',(-12.,228.,10.));
#8310=CARTESIAN_POINT('Origin',(-12.,228.,12.));
#8311=CARTESIAN_POINT('',(-12.,-11.3709917711563,10.));
#8312=CARTESIAN_POINT('Origin',(-8.,228.,12.));
#8313=CARTESIAN_POINT('Origin',(-8.,228.,10.));
#8314=CARTESIAN_POINT('Origin',(-10.,-11.3709917711563,70.));
#8315=CARTESIAN_POINT('',(-10.,96.4654666806137,18.0823612821185));
#8316=CARTESIAN_POINT('',(-10.,96.4654666806137,40.0823612821185));
#8317=CARTESIAN_POINT('',(-10.,122.181004972712,18.0823612821185));
#8318=CARTESIAN_POINT('',(-10.,48.9761220277534,18.0823612821185));
#8319=CARTESIAN_POINT('',(-9.99999999999856,122.181009095367,27.4960386681104));
#8320=CARTESIAN_POINT('',(-10.,122.181004972712,40.0823612821185));
#8321=CARTESIAN_POINT('',(-10.,129.890752260387,29.0823612821185));
#8322=CARTESIAN_POINT('Ctrl Pts',(-9.99999999999999,129.890752260387,29.0823612821185));
#8323=CARTESIAN_POINT('Ctrl Pts',(-9.99999999999999,129.890752260387,29.0250864578339));
#8324=CARTESIAN_POINT('Ctrl Pts',(-9.99999999999999,129.80947520044,28.9336443020873));
#8325=CARTESIAN_POINT('Ctrl Pts',(-9.99999999999999,129.613979930717,28.8196014557711));
#8326=CARTESIAN_POINT('Ctrl Pts',(-9.99999999999999,129.240958016594,28.6751092988713));
#8327=CARTESIAN_POINT('Ctrl Pts',(-9.99999999999999,128.471208010567,28.4665475202673));
#8328=CARTESIAN_POINT('Ctrl Pts',(-9.99999999999999,127.356471368196,28.2396374394078));
#8329=CARTESIAN_POINT('Ctrl Pts',(-9.99999999999999,126.011497397408,28.0082870846104));
#8330=CARTESIAN_POINT('Ctrl Pts',(-9.99999999999999,124.288519895462,27.7501441689069));
#8331=CARTESIAN_POINT('Ctrl Pts',(-9.99999999999999,123.009208262811,27.5879323344533));
#8332=CARTESIAN_POINT('Ctrl Pts',(-9.99999999999999,122.181013191473,27.4960388903242));
#8333=CARTESIAN_POINT('',(-10.,129.890752260387,42.0823612821185));
#8334=CARTESIAN_POINT('',(-10.,129.890752260387,26.5823612821185));
#8335=CARTESIAN_POINT('',(-10.,140.109247739613,42.0823612821185));
#8336=CARTESIAN_POINT('',(-10.,21.8145041144219,42.0823612821185));
#8337=CARTESIAN_POINT('',(-10.,140.109247739613,29.0823612821185));
#8338=CARTESIAN_POINT('',(-10.,140.109247739613,26.5823612821185));
#8339=CARTESIAN_POINT('',(-10.,147.818947631628,27.4952575974146));
#8340=CARTESIAN_POINT('Ctrl Pts',(-10.,147.818900235967,27.4952587278509));
#8341=CARTESIAN_POINT('Ctrl Pts',(-9.99999999999999,146.535552906088,27.6366808706945));
#8342=CARTESIAN_POINT('Ctrl Pts',(-9.99999999999999,144.80338558277,27.8699873927984));
#8343=CARTESIAN_POINT('Ctrl Pts',(-9.99999999999999,142.641910427736,28.2383797089609));
#8344=CARTESIAN_POINT('Ctrl Pts',(-9.99999999999999,141.527930695041,28.4670666815311));
#8345=CARTESIAN_POINT('Ctrl Pts',(-9.99999999999999,140.759326397841,28.6749151019492));
#8346=CARTESIAN_POINT('Ctrl Pts',(-9.99999999999999,140.386341065618,28.8195569837633));
#8347=CARTESIAN_POINT('Ctrl Pts',(-9.99999999999999,140.189964272175,28.9337931517941));
#8348=CARTESIAN_POINT('Ctrl Pts',(-9.99999999999999,140.109247739613,29.025504768489));
#8349=CARTESIAN_POINT('Ctrl Pts',(-9.99999999999999,140.109247739613,29.0823612821185));
#8350=CARTESIAN_POINT('',(-10.,147.818995027288,18.0823612821185));
#8351=CARTESIAN_POINT('',(-10.,147.818995027288,40.0823612821185));
#8352=CARTESIAN_POINT('',(-10.,173.534533319386,18.0823612821185));
#8353=CARTESIAN_POINT('',(-10.,74.6528862010904,18.0823612821185));
#8354=CARTESIAN_POINT('',(-10.,173.534533319386,40.0823612821185));
#8355=CARTESIAN_POINT('',(-10.,42.2718825752193,40.));
#8356=CARTESIAN_POINT('Origin',(-10.,40.,26.9022299356562));
#8357=CARTESIAN_POINT('Origin',(-12.,42.2718825752193,40.));
#8358=CARTESIAN_POINT('',(-12.,40.2718825752193,40.));
#8359=CARTESIAN_POINT('Origin',(-10.,-11.3709917711563,10.));
#8360=CARTESIAN_POINT('',(-30.,40.2718825752193,10.));
#8361=CARTESIAN_POINT('',(-30.,-11.3709917711563,10.));
#8362=CARTESIAN_POINT('',(-10.,40.2718825752193,10.));
#8363=CARTESIAN_POINT('Ctrl Pts',(-9.99662607231949,140.225365766345,29.0823620397497));
#8364=CARTESIAN_POINT('Ctrl Pts',(-9.99664877185016,140.224979330127,29.0823612821185));
#8365=CARTESIAN_POINT('Ctrl Pts',(-9.99185701682925,140.307404234587,29.0823612821185));
#8366=CARTESIAN_POINT('Ctrl Pts',(-9.97985840453274,140.507741919489,29.0823612821185));
#8367=CARTESIAN_POINT('Ctrl Pts',(-9.95613121599602,140.88762502986,29.0823612821185));
#8368=CARTESIAN_POINT('Ctrl Pts',(-9.90293986648376,141.669610009933,29.0823612821185));
#8369=CARTESIAN_POINT('Ctrl Pts',(-9.81318214908067,142.800220979857,29.0823612821185));
#8370=CARTESIAN_POINT('Ctrl Pts',(-9.55635713568971,145.515697993427,29.0823612821185));
#8371=CARTESIAN_POINT('Ctrl Pts',(-9.25437895464852,147.783629508415,29.0823612821185));
#8372=CARTESIAN_POINT('Ctrl Pts',(-8.96074221923514,149.5731256918,29.0823612821185));
#8373=CARTESIAN_POINT('Ctrl Pts',(-9.99775039952239,140.206038308477,29.0824952442495));
#8374=CARTESIAN_POINT('Ctrl Pts',(-9.99776553880275,140.205648969531,29.0729677529824));
#8375=CARTESIAN_POINT('Ctrl Pts',(-9.99456951138589,140.287845282079,29.0576713496962));
#8376=CARTESIAN_POINT('Ctrl Pts',(-9.98656091111519,140.487643300644,29.0388272890147));
#8377=CARTESIAN_POINT('Ctrl Pts',(-9.97070724408146,140.866552444584,29.0153442731686));
#8378=CARTESIAN_POINT('Ctrl Pts',(-9.93504895404523,141.646739031669,28.9828082214105));
#8379=CARTESIAN_POINT('Ctrl Pts',(-9.87459018070203,142.77550802468,28.9499988305223));
#8380=CARTESIAN_POINT('Ctrl Pts',(-9.69965714191228,145.488944350484,28.8951127828323));
#8381=CARTESIAN_POINT('Ctrl Pts',(-9.48926316903356,147.761734098182,28.8861683845003));
#8382=CARTESIAN_POINT('Ctrl Pts',(-9.27347990055152,149.55773175522,28.9117671332317));
#8383=CARTESIAN_POINT('Ctrl Pts',(-9.99943761470406,140.167339655247,29.0827634153628));
#8384=CARTESIAN_POINT('Ctrl Pts',(-9.99944139475206,140.16695270323,29.0541634562279));
#8385=CARTESIAN_POINT('Ctrl Pts',(-9.99864339793006,140.248645079448,29.0082160800518));
#8386=CARTESIAN_POINT('Ctrl Pts',(-9.99663936284604,140.447241141253,28.9513573492659));
#8387=CARTESIAN_POINT('Ctrl Pts',(-9.99266963031,140.823940565174,28.8799787188167));
#8388=CARTESIAN_POINT('Ctrl Pts',(-9.98370448338112,141.599889210956,28.779276320856));
#8389=CARTESIAN_POINT('Ctrl Pts',(-9.96841928606179,142.723608129918,28.6730232084265));
#8390=CARTESIAN_POINT('Ctrl Pts',(-9.92312306193865,145.42873723189,28.4769395665109));
#8391=CARTESIAN_POINT('Ctrl Pts',(-9.86743459621931,147.704825007412,28.3956924219082));
#8392=CARTESIAN_POINT('Ctrl Pts',(-9.80447567731416,149.511553301426,28.4000218768525));
#8393=CARTESIAN_POINT('Ctrl Pts',(-10.0000000902765,140.128608323439,29.0830318117195));
#8394=CARTESIAN_POINT('Ctrl Pts',(-10.0000000972121,140.128223983058,29.0353434500137));
#8395=CARTESIAN_POINT('Ctrl Pts',(-9.99999863164963,140.209364988307,28.9586835218085));
#8396=CARTESIAN_POINT('Ctrl Pts',(-9.99999733406931,140.406635586004,28.8634778981345));
#8397=CARTESIAN_POINT('Ctrl Pts',(-9.99999082191721,140.780858480732,28.7432486340174));
#8398=CARTESIAN_POINT('Ctrl Pts',(-9.99996210061587,141.551909585391,28.5710990580529));
#8399=CARTESIAN_POINT('Ctrl Pts',(-9.99989330617748,142.669133794276,28.3831924725244));
#8400=CARTESIAN_POINT('Ctrl Pts',(-9.99998491876133,145.361548038863,28.0126386171093));
#8401=CARTESIAN_POINT('Ctrl Pts',(-9.9994600911327,147.633383955367,27.7979344109627));
#8402=CARTESIAN_POINT('Ctrl Pts',(-10.000031404494,149.447514051907,27.6903449719099));
#8403=CARTESIAN_POINT('Ctrl Pts',(-9.99999999997825,140.109241103836,29.0831660206846));
#8404=CARTESIAN_POINT('Ctrl Pts',(-9.99999999997477,140.108858069142,29.0259326891734));
#8405=CARTESIAN_POINT('Ctrl Pts',(-10.0000000007118,140.189723416527,28.9339158276804));
#8406=CARTESIAN_POINT('Ctrl Pts',(-10.0000000014145,140.386331285012,28.8195358168092));
#8407=CARTESIAN_POINT('Ctrl Pts',(-10.0000000047058,140.759316020812,28.6748821697399));
#8408=CARTESIAN_POINT('Ctrl Pts',(-10.0000000188911,141.527919138814,28.4670165448569));
#8409=CARTESIAN_POINT('Ctrl Pts',(-10.0000000526289,142.641897307887,28.2383099188553));
#8410=CARTESIAN_POINT('Ctrl Pts',(-10.0000000102411,145.327949679135,27.7804684009295));
#8411=CARTESIAN_POINT('Ctrl Pts',(-10.0000002652669,147.597661849839,27.4992182337481));
#8412=CARTESIAN_POINT('Ctrl Pts',(-9.99999999243441,149.41546297111,27.3351579265988));
#8413=CARTESIAN_POINT('',(-8.96074221923514,149.5731256918,29.0823612821185));
#8414=CARTESIAN_POINT('Ctrl Pts',(-8.9607422192354,149.573125691799,29.0823612821184));
#8415=CARTESIAN_POINT('Ctrl Pts',(-9.13587743012906,149.477203652133,28.9947052349175));
#8416=CARTESIAN_POINT('Ctrl Pts',(-9.28878392279673,149.359369198966,28.88658166675));
#8417=CARTESIAN_POINT('Ctrl Pts',(-9.55210570365926,149.094537195349,28.6453975542744));
#8418=CARTESIAN_POINT('Ctrl Pts',(-9.66196446200882,148.945653792921,28.5107517010702));
#8419=CARTESIAN_POINT('Ctrl Pts',(-9.90348420671548,148.511078552206,28.1172023794215));
#8420=CARTESIAN_POINT('Ctrl Pts',(-9.98583903161106,148.205615467355,27.8387945236286));
#8421=CARTESIAN_POINT('Ctrl Pts',(-10.0000546349226,147.858610815559,27.5287876272138));
#8422=CARTESIAN_POINT('Ctrl Pts',(-9.99999387489958,147.826688018428,27.4993735558164));
#8423=CARTESIAN_POINT('Ctrl Pts',(-9.99999936950098,147.820596013961,27.4956861634265));
#8424=CARTESIAN_POINT('Ctrl Pts',(-9.99999953362897,147.820378201374,27.4955663021274));
#8425=CARTESIAN_POINT('Ctrl Pts',(-9.99999982236086,147.819882439887,27.4953475902415));
#8426=CARTESIAN_POINT('Ctrl Pts',(-9.99999991220123,147.819633105607,27.4952756237638));
#8427=CARTESIAN_POINT('Ctrl Pts',(-9.99999997483141,147.81932115822,27.4952407374591));
#8428=CARTESIAN_POINT('Ctrl Pts',(-9.99999998573159,147.819245691201,27.4952367830185));
#8429=CARTESIAN_POINT('Ctrl Pts',(-9.99999999665431,147.819120701173,27.4952382298147));
#8430=CARTESIAN_POINT('Ctrl Pts',(-9.99999999912527,147.819071767963,27.4952408173653));
#8431=CARTESIAN_POINT('Ctrl Pts',(-10.0000000001585,147.818997570059,27.4952478221827));
#8432=CARTESIAN_POINT('Ctrl Pts',(-10.0000000000297,147.81897233806,27.4952507488226));
#8433=CARTESIAN_POINT('Ctrl Pts',(-9.99999999942731,147.818947165591,27.4952542055826));
#8434=CARTESIAN_POINT('',(-9.99662623339364,140.225367006422,29.0823612821185));
#8435=CARTESIAN_POINT('Origin',(-8.,140.109247739613,29.0823612821185));
#8436=CARTESIAN_POINT('Origin',(79.8515542693199,135.,29.0823612821185));
#8437=CARTESIAN_POINT('Origin',(-8.,147.818995027288,40.0823612821185));
#8438=CARTESIAN_POINT('',(-8.96074221923513,149.5731256918,40.0823612821185));
#8439=CARTESIAN_POINT('',(-8.96074221923523,149.573125691799,40.0823612821185));
#8440=CARTESIAN_POINT('',(-6.86808480437894,149.467863727313,40.0823612821185));
#8441=CARTESIAN_POINT('Origin',(-8.,147.818995027288,40.0823612821185));
#8442=CARTESIAN_POINT('',(-6.86808480437894,149.467863727313,20.0823612821185));
#8443=CARTESIAN_POINT('',(-6.86808480437894,149.467863727313,40.0823612821185));
#8444=CARTESIAN_POINT('',(-8.,149.818995027288,20.0823612821185));
#8445=CARTESIAN_POINT('Origin',(-8.,147.818995027288,20.0823612821185));
#8446=CARTESIAN_POINT('Origin',(-8.,147.818995027288,18.0823612821185));
#8447=CARTESIAN_POINT('Ctrl Pts',(-8.96074221923514,120.4268743082,29.0823612821185));
#8448=CARTESIAN_POINT('Ctrl Pts',(-9.18074712985545,121.767639615806,29.0823612821185));
#8449=CARTESIAN_POINT('Ctrl Pts',(-9.43523550456926,123.573372692586,29.0823612821185));
#8450=CARTESIAN_POINT('Ctrl Pts',(-9.68437321195169,125.838456892933,29.0823612821185));
#8451=CARTESIAN_POINT('Ctrl Pts',(-9.81309487157717,127.198122603906,29.0823612821185));
#8452=CARTESIAN_POINT('Ctrl Pts',(-9.90287229600011,128.329516372772,29.0823612821185));
#8453=CARTESIAN_POINT('Ctrl Pts',(-9.95615263676913,129.112663650373,29.0823612821185));
#8454=CARTESIAN_POINT('Ctrl Pts',(-9.97987785686563,129.492585213905,29.0823612821185));
#8455=CARTESIAN_POINT('Ctrl Pts',(-9.99180848001209,129.691788827325,29.0823612821185));
#8456=CARTESIAN_POINT('Ctrl Pts',(-9.99662623339362,129.774632993578,29.0823612821185));
#8457=CARTESIAN_POINT('Ctrl Pts',(-9.99662623195102,129.774636923204,29.0823620291371));
#8458=CARTESIAN_POINT('Ctrl Pts',(-9.27347990055152,120.44226824478,28.9117671332317));
#8459=CARTESIAN_POINT('Ctrl Pts',(-9.43515374094794,121.787904728086,28.8925874811398));
#8460=CARTESIAN_POINT('Ctrl Pts',(-9.61517728920813,123.598317911173,28.8922576476406));
#8461=CARTESIAN_POINT('Ctrl Pts',(-9.78685438536489,125.8641468984,28.9222978525497));
#8462=CARTESIAN_POINT('Ctrl Pts',(-9.87448530032637,127.222877133749,28.9502298258691));
#8463=CARTESIAN_POINT('Ctrl Pts',(-9.93501580613004,128.352381008428,28.9827253640199));
#8464=CARTESIAN_POINT('Ctrl Pts',(-9.97071634003269,129.133738035983,29.015373340293));
#8465=CARTESIAN_POINT('Ctrl Pts',(-9.9865739961503,129.512682795302,29.0388342551582));
#8466=CARTESIAN_POINT('Ctrl Pts',(-9.99453664114531,129.711350139606,29.0576248374664));
#8467=CARTESIAN_POINT('Ctrl Pts',(-9.99775050598066,129.793964429285,29.0728262188009));
#8468=CARTESIAN_POINT('Ctrl Pts',(-9.99775050598066,129.793964429285,29.0823612821185));
#8469=CARTESIAN_POINT('Ctrl Pts',(-9.80443821083011,120.488442724773,28.4000659141396));
#8470=CARTESIAN_POINT('Ctrl Pts',(-9.85161884292246,121.842118405091,28.3968208280431));
#8471=CARTESIAN_POINT('Ctrl Pts',(-9.90051710737546,123.657323116612,28.4461994822886));
#8472=CARTESIAN_POINT('Ctrl Pts',(-9.94579352065999,125.920157783717,28.5744189320845));
#8473=CARTESIAN_POINT('Ctrl Pts',(-9.96835363388265,127.274808690325,28.6737380178009));
#8474=CARTESIAN_POINT('Ctrl Pts',(-9.98369649904875,128.399226357525,28.7790250373725));
#8475=CARTESIAN_POINT('Ctrl Pts',(-9.9926710612181,129.176346068943,28.8800895368868));
#8476=CARTESIAN_POINT('Ctrl Pts',(-9.99664208014685,129.553079616633,28.9513859510843));
#8477=CARTESIAN_POINT('Ctrl Pts',(-9.99863496356429,129.750552100321,29.0080801505033));
#8478=CARTESIAN_POINT('Ctrl Pts',(-9.99943750608296,129.832659963292,29.0537399809973));
#8479=CARTESIAN_POINT('Ctrl Pts',(-9.99943750608296,129.832659963292,29.0823612821185));
#8480=CARTESIAN_POINT('Ctrl Pts',(-10.000000047263,120.552475680263,27.6904587590292));
#8481=CARTESIAN_POINT('Ctrl Pts',(-9.99957962787648,121.911696855625,27.7710558173447));
#8482=CARTESIAN_POINT('Ctrl Pts',(-9.99994727363654,123.726065243265,27.9294228335555));
#8483=CARTESIAN_POINT('Ctrl Pts',(-9.99982297703765,125.981053270121,28.1969560061891));
#8484=CARTESIAN_POINT('Ctrl Pts',(-9.99989694962981,127.329252403433,28.3843128668525));
#8485=CARTESIAN_POINT('Ctrl Pts',(-9.99996229955475,128.447214859024,28.5706972501701));
#8486=CARTESIAN_POINT('Ctrl Pts',(-9.99998590448479,129.219420998646,28.7434326431455));
#8487=CARTESIAN_POINT('Ctrl Pts',(-9.9999966314865,129.59367990253,28.8635287860535));
#8488=CARTESIAN_POINT('Ctrl Pts',(-9.9999980367117,129.789834215848,28.9584557878908));
#8489=CARTESIAN_POINT('Ctrl Pts',(-10.0000000001359,129.871388169061,29.0346376284687));
#8490=CARTESIAN_POINT('Ctrl Pts',(-10.0000000001359,129.871388169061,29.0823612821185));
#8491=CARTESIAN_POINT('Ctrl Pts',(-9.99999999999997,120.584521613082,27.3353287631241));
#8492=CARTESIAN_POINT('Ctrl Pts',(-10.0000000003048,121.946492839842,27.4582292496125));
#8493=CARTESIAN_POINT('Ctrl Pts',(-10.0000000000382,123.76044128815,27.6710252712506));
#8494=CARTESIAN_POINT('Ctrl Pts',(-10.0000000001283,126.011497419481,28.008286947819));
#8495=CARTESIAN_POINT('Ctrl Pts',(-10.0000000000747,127.356471387931,28.2396373345132));
#8496=CARTESIAN_POINT('Ctrl Pts',(-10.0000000000273,128.471208027963,28.4665474447552));
#8497=CARTESIAN_POINT('Ctrl Pts',(-10.0000000000102,129.240958032209,28.6751092493346));
#8498=CARTESIAN_POINT('Ctrl Pts',(-10.0000000000024,129.613979945435,28.8196014239223));
#8499=CARTESIAN_POINT('Ctrl Pts',(-10.0000000000014,129.80947521468,28.9336442840981));
#8500=CARTESIAN_POINT('Ctrl Pts',(-9.99999999999999,129.890752274427,29.025086450909));
#8501=CARTESIAN_POINT('Ctrl Pts',(-9.99999999999999,129.890752274427,29.0823612821185));
#8502=CARTESIAN_POINT('',(-9.99662623339365,129.774632993578,29.0823612821185));
#8503=CARTESIAN_POINT('Origin',(-8.,129.890752260387,29.0823612821185));
#8504=CARTESIAN_POINT('',(-8.96074221923515,120.4268743082,29.0823612821185));
#8505=CARTESIAN_POINT('Ctrl Pts',(-9.9999999999957,122.181009120811,27.4960384444064));
#8506=CARTESIAN_POINT('Ctrl Pts',(-10.0000000000684,122.180974092236,27.4960344603992));
#8507=CARTESIAN_POINT('Ctrl Pts',(-9.99999999945029,122.180946331031,27.4960322099325));
#8508=CARTESIAN_POINT('Ctrl Pts',(-9.99999999577805,122.180868077803,27.4960284394066));
#8509=CARTESIAN_POINT('Ctrl Pts',(-9.99999999237359,122.180825084555,27.4960282189777));
#8510=CARTESIAN_POINT('Ctrl Pts',(-9.9999999767582,122.180685003281,27.496033375897));
#8511=CARTESIAN_POINT('Ctrl Pts',(-9.99999995906505,122.18058934584,27.4960460599471));
#8512=CARTESIAN_POINT('Ctrl Pts',(-9.99999985008993,122.180162433042,27.4961368909776));
#8513=CARTESIAN_POINT('Ctrl Pts',(-9.99999968653463,122.179788024125,27.4963103349499));
#8514=CARTESIAN_POINT('Ctrl Pts',(-9.99999487138507,122.174101404988,27.4999456792508));
#8515=CARTESIAN_POINT('Ctrl Pts',(-10.0000411393764,122.145534358094,27.5260891793853));
#8516=CARTESIAN_POINT('Ctrl Pts',(-9.98738495218243,121.799800101965,27.8342731127714));
#8517=CARTESIAN_POINT('Ctrl Pts',(-9.90475905158426,121.490954432548,28.1155704294168));
#8518=CARTESIAN_POINT('Ctrl Pts',(-9.66157285370546,121.053785340126,28.5113115436826));
#8519=CARTESIAN_POINT('Ctrl Pts',(-9.55174378008635,120.905043619999,28.6458063251266));
#8520=CARTESIAN_POINT('Ctrl Pts',(-9.28855468051283,120.640453742522,28.8867449743013));
#8521=CARTESIAN_POINT('Ctrl Pts',(-9.13574481641586,120.522723714969,28.9947716087428));
#8522=CARTESIAN_POINT('Ctrl Pts',(-8.96074221923539,120.426874308201,29.0823612821184));
#8523=CARTESIAN_POINT('Origin',(79.8515542693199,135.,29.0823612821185));
#8524=CARTESIAN_POINT('Origin',(-8.,122.181004972712,40.0823612821185));
#8525=CARTESIAN_POINT('',(-8.,120.181004972712,20.0823612821185));
#8526=CARTESIAN_POINT('Origin',(-8.,122.181004972712,18.0823612821185));
#8527=CARTESIAN_POINT('',(-6.86808480437895,120.532136272687,20.0823612821185));
#8528=CARTESIAN_POINT('Origin',(-8.,122.181004972712,20.0823612821185));
#8529=CARTESIAN_POINT('',(-6.86808480437895,120.532136272687,40.0823612821185));
#8530=CARTESIAN_POINT('',(-6.86808480437894,120.532136272687,40.0823612821185));
#8531=CARTESIAN_POINT('',(-8.96074221923513,120.4268743082,40.0823612821185));
#8532=CARTESIAN_POINT('Origin',(-8.,122.181004972712,40.0823612821185));
#8533=CARTESIAN_POINT('',(-8.96074221923523,120.426874308201,40.0823612821185));
#8534=CARTESIAN_POINT('Origin',(-8.,140.109247739613,26.5823612821185));
#8535=CARTESIAN_POINT('',(-9.99662623339364,140.225367006422,42.1984805489278));
#8536=CARTESIAN_POINT('',(-9.99662623339364,140.225367006422,26.5823612821185));
#8537=CARTESIAN_POINT('Origin',(-8.,140.109247739613,42.0823612821185));
#8538=CARTESIAN_POINT('Origin',(-8.,21.8145041144219,42.0823612821185));
#8539=CARTESIAN_POINT('',(-9.99662623339364,129.774632993578,42.1984805489278));
#8540=CARTESIAN_POINT('Origin',(-8.,129.890752260387,42.0823612821185));
#8541=CARTESIAN_POINT('',(-8.,115.452508793588,44.0823612821185));
#8542=CARTESIAN_POINT('Ctrl Pts',(-9.99662623339364,129.774632993578,42.1984805489278));
#8543=CARTESIAN_POINT('Ctrl Pts',(-9.99181517564489,129.691908701775,42.2812048407311));
#8544=CARTESIAN_POINT('Ctrl Pts',(-9.98418221667688,129.563809117336,42.3373322215998));
#8545=CARTESIAN_POINT('Ctrl Pts',(-9.95190763965297,129.040889868255,42.5507380821109));
#8546=CARTESIAN_POINT('Ctrl Pts',(-9.91929733217212,128.563781024119,42.655298392327));
#8547=CARTESIAN_POINT('Ctrl Pts',(-9.8454811629877,127.605907206892,42.8608837388191));
#8548=CARTESIAN_POINT('Ctrl Pts',(-9.80413359564963,127.122612602603,42.9498881904861));
#8549=CARTESIAN_POINT('Ctrl Pts',(-9.60022583006862,124.925728301173,43.330806425843));
#8550=CARTESIAN_POINT('Ctrl Pts',(-9.36487039403212,122.989543871064,43.5873066364281));
#8551=CARTESIAN_POINT('Ctrl Pts',(-8.75922142555881,119.127005611582,43.9668456651096));
#8552=CARTESIAN_POINT('Ctrl Pts',(-8.38881253190554,117.199934326952,44.0823612821185));
#8553=CARTESIAN_POINT('Ctrl Pts',(-8.00000000000001,115.452508793588,44.0823612821185));
#8554=CARTESIAN_POINT('',(-8.,154.547491206412,44.0823612821185));
#8555=CARTESIAN_POINT('',(-8.,21.8145041144219,44.0823612821185));
#8556=CARTESIAN_POINT('Ctrl Pts',(-8.00000000000001,154.547491206412,44.0823612821185));
#8557=CARTESIAN_POINT('Ctrl Pts',(-8.38881253190555,152.800065673048,44.0823612821185));
#8558=CARTESIAN_POINT('Ctrl Pts',(-8.75922142555881,150.872994388418,43.9668456651096));
#8559=CARTESIAN_POINT('Ctrl Pts',(-9.36487039403212,147.010456128936,43.5873066364281));
#8560=CARTESIAN_POINT('Ctrl Pts',(-9.60022583006862,145.074271698827,43.330806425843));
#8561=CARTESIAN_POINT('Ctrl Pts',(-9.80413359564963,142.877387397397,42.9498881904861));
#8562=CARTESIAN_POINT('Ctrl Pts',(-9.8454811629877,142.394092793108,42.8608837388191));
#8563=CARTESIAN_POINT('Ctrl Pts',(-9.91929733217212,141.436218975881,42.655298392327));
#8564=CARTESIAN_POINT('Ctrl Pts',(-9.95190763965297,140.959110131745,42.5507380821109));
#8565=CARTESIAN_POINT('Ctrl Pts',(-9.98418221667688,140.436190882664,42.3373322215998));
#8566=CARTESIAN_POINT('Ctrl Pts',(-9.99181517564489,140.308091298225,42.2812048407311));
#8567=CARTESIAN_POINT('Ctrl Pts',(-9.99662623339364,140.225367006422,42.1984805489278));
#8568=CARTESIAN_POINT('Origin',(-8.,129.890752260387,26.5823612821185));
#8569=CARTESIAN_POINT('',(-9.99662623339364,129.774632993578,26.5823612821185));
#8570=CARTESIAN_POINT('Origin',(139.85155426932,55.,44.0823612821185));
#8571=CARTESIAN_POINT('Origin',(79.8515542693199,135.,44.0823612821185));
#8572=CARTESIAN_POINT('Origin',(79.8515542693199,135.,26.5823612821185));
#8573=CARTESIAN_POINT('',(-1.20141823629834,95.8794728051437,40.0823612821185));
#8574=CARTESIAN_POINT('Origin',(79.8515542693199,135.,40.0823612821185));
#8575=CARTESIAN_POINT('',(-1.20141823629834,95.8794728051437,40.0823612821185));
#8576=CARTESIAN_POINT('',(17.5989760109087,70.0029500655577,30.0823612821185));
#8577=CARTESIAN_POINT('',(17.5989760109087,70.0029500655577,40.0823612821185));
#8578=CARTESIAN_POINT('',(10.,78.2482567125885,30.0823612821185));
#8579=CARTESIAN_POINT('Origin',(79.8515542693199,135.,30.0823612821185));
#8580=CARTESIAN_POINT('',(10.,78.2482567125885,40.0823612821185));
#8581=CARTESIAN_POINT('',(10.,78.2482567125885,26.5823612821185));
#8582=CARTESIAN_POINT('',(37.2727910147125,55.7090867771842,40.0823612821185));
#8583=CARTESIAN_POINT('Origin',(79.8515542693199,135.,40.0823612821185));
#8584=CARTESIAN_POINT('',(37.2727910147125,55.7090867771842,40.0823612821185));
#8585=CARTESIAN_POINT('Origin',(79.8515542693199,135.,40.0823612821185));
#8586=CARTESIAN_POINT('',(122.430317523927,55.7090867771842,40.0823612821185));
#8587=CARTESIAN_POINT('',(122.430317523927,55.7090867771842,40.0823612821185));
#8588=CARTESIAN_POINT('',(148.407,76.6891874463426,40.0823612821185));
#8589=CARTESIAN_POINT('Origin',(79.8515542693199,135.,40.0823612821185));
#8590=CARTESIAN_POINT('',(148.407,76.6891874463426,30.0823612821185));
#8591=CARTESIAN_POINT('',(148.407,76.6891874463426,26.5823612821185));
#8592=CARTESIAN_POINT('',(142.104132527731,70.0029500655577,30.0823612821185));
#8593=CARTESIAN_POINT('Origin',(79.8515542693199,135.,30.0823612821185));
#8594=CARTESIAN_POINT('',(142.104132527731,70.0029500655577,40.0823612821185));
#8595=CARTESIAN_POINT('',(160.904526774938,95.8794728051437,40.0823612821185));
#8596=CARTESIAN_POINT('',(160.904526774938,95.8794728051437,40.0823612821185));
#8597=CARTESIAN_POINT('',(168.419255418014,119.007429436276,40.0823612821185));
#8598=CARTESIAN_POINT('Origin',(79.8515542693199,135.,40.0823612821185));
#8599=CARTESIAN_POINT('',(168.419255418014,119.007429436276,40.0823612821185));
#8600=CARTESIAN_POINT('',(168.419255418014,150.992570563724,30.0823612821185));
#8601=CARTESIAN_POINT('',(168.419255418014,150.992570563724,40.0823612821185));
#8602=CARTESIAN_POINT('',(168.419255418014,150.992570563724,40.0823612821185));
#8603=CARTESIAN_POINT('',(168.419255418014,150.992570563724,40.0823612821185));
#8604=CARTESIAN_POINT('',(160.904526774938,174.120527194856,40.0823612821185));
#8605=CARTESIAN_POINT('Origin',(79.8515542693199,135.,40.0823612821185));
#8606=CARTESIAN_POINT('',(160.904526774938,174.120527194856,30.0823612821185));
#8607=CARTESIAN_POINT('',(160.904526774938,174.120527194856,40.0823612821185));
#8608=CARTESIAN_POINT('',(160.904526774938,174.120527194856,40.0823612821185));
#8609=CARTESIAN_POINT('',(142.104132527731,199.997049934442,30.0823612821185));
#8610=CARTESIAN_POINT('',(142.104132527731,199.997049934442,40.0823612821185));
#8611=CARTESIAN_POINT('',(148.407,193.310812553657,30.0823612821185));
#8612=CARTESIAN_POINT('Origin',(79.8515542693199,135.,30.0823612821185));
#8613=CARTESIAN_POINT('',(148.407,193.310812553657,40.0823612821185));
#8614=CARTESIAN_POINT('',(148.407,193.310812553657,26.5823612821185));
#8615=CARTESIAN_POINT('',(122.430317523927,214.290913222816,40.0823612821185));
#8616=CARTESIAN_POINT('Origin',(79.8515542693199,135.,40.0823612821185));
#8617=CARTESIAN_POINT('',(122.430317523927,214.290913222816,40.0823612821185));
#8618=CARTESIAN_POINT('Origin',(79.8515542693199,135.,40.0823612821185));
#8619=CARTESIAN_POINT('',(37.2727910147124,214.290913222816,29.0823612821185));
#8620=CARTESIAN_POINT('Origin',(79.8515542693199,135.,29.0823612821185));
#8621=CARTESIAN_POINT('',(37.2727910147125,214.290913222816,40.0823612821185));
#8622=CARTESIAN_POINT('',(37.2727910147125,214.290913222816,40.0823612821185));
#8623=CARTESIAN_POINT('',(10.,191.751743287412,40.0823612821185));
#8624=CARTESIAN_POINT('Origin',(79.8515542693199,135.,40.0823612821185));
#8625=CARTESIAN_POINT('',(10.,191.751743287412,30.0823612821185));
#8626=CARTESIAN_POINT('',(10.,191.751743287412,26.5823612821185));
#8627=CARTESIAN_POINT('',(17.5989760109086,199.997049934442,30.0823612821185));
#8628=CARTESIAN_POINT('Origin',(79.8515542693199,135.,30.0823612821185));
#8629=CARTESIAN_POINT('',(17.5989760109087,199.997049934442,29.0823612821185));
#8630=CARTESIAN_POINT('',(17.5989760109086,199.997049934442,40.0823612821185));
#8631=CARTESIAN_POINT('',(-1.20141823629836,174.120527194856,29.0823612821185));
#8632=CARTESIAN_POINT('Origin',(79.8515542693199,135.,29.0823612821185));
#8633=CARTESIAN_POINT('',(-1.20141823629833,174.120527194856,40.0823612821185));
#8634=CARTESIAN_POINT('',(-1.20141823629833,174.120527194856,40.0823612821185));
#8635=CARTESIAN_POINT('Origin',(79.8515542693199,135.,40.0823612821185));
#8636=CARTESIAN_POINT('Origin',(-8.,96.4654666806137,40.0823612821185));
#8637=CARTESIAN_POINT('',(-6.86808480437895,98.1143353806387,20.0823612821185));
#8638=CARTESIAN_POINT('',(-6.86808480437894,98.1143353806387,40.0823612821185));
#8639=CARTESIAN_POINT('',(-8.,98.4654666806137,20.0823612821185));
#8640=CARTESIAN_POINT('Origin',(-8.,96.4654666806137,20.0823612821185));
#8641=CARTESIAN_POINT('Origin',(-8.,96.4654666806137,18.0823612821185));
#8642=CARTESIAN_POINT('Origin',(-8.,48.9761220277534,18.0823612821185));
#8643=CARTESIAN_POINT('',(-8.,48.9761220277534,20.0823612821185));
#8644=CARTESIAN_POINT('Origin',(0.826599885109207,109.323235826663,20.0823612821185));
#8645=CARTESIAN_POINT('Origin',(0.826599885109207,109.323235826663,20.0823612821185));
#8646=CARTESIAN_POINT('Origin',(0.826599885109207,109.323235826663,40.0823612821185));
#8647=CARTESIAN_POINT('',(10.,99.2884786292193,40.0823612821185));
#8648=CARTESIAN_POINT('Origin',(0.826599885109207,109.323235826663,40.0823612821185));
#8649=CARTESIAN_POINT('',(10.,99.2884786292193,30.0823612821185));
#8650=CARTESIAN_POINT('',(10.,99.2884786292193,40.0823612821185));
#8651=CARTESIAN_POINT('',(10.,119.357993024107,30.0823612821185));
#8652=CARTESIAN_POINT('Origin',(0.826599885109207,109.323235826663,30.0823612821185));
#8653=CARTESIAN_POINT('',(10.,119.357993024107,40.0823612821185));
#8654=CARTESIAN_POINT('',(10.,119.357993024107,40.0823612821185));
#8655=CARTESIAN_POINT('Origin',(0.826599885109207,109.323235826663,40.0823612821185));
#8656=CARTESIAN_POINT('Origin',(-8.,173.534533319386,40.0823612821185));
#8657=CARTESIAN_POINT('',(-6.86808480437894,171.885664619361,20.0823612821185));
#8658=CARTESIAN_POINT('',(-6.86808480437894,171.885664619361,29.0823612821185));
#8659=CARTESIAN_POINT('',(-6.86808480437894,171.885664619361,40.0823612821185));
#8660=CARTESIAN_POINT('Origin',(-8.,173.534533319386,29.0823612821185));
#8661=CARTESIAN_POINT('',(-8.,171.534533319386,20.0823612821185));
#8662=CARTESIAN_POINT('Origin',(-8.,173.534533319386,18.0823612821185));
#8663=CARTESIAN_POINT('Origin',(-8.,173.534533319386,20.0823612821185));
#8664=CARTESIAN_POINT('Origin',(-8.,74.6528862010904,18.0823612821185));
#8665=CARTESIAN_POINT('',(-8.,74.6528862010904,20.0823612821185));
#8666=CARTESIAN_POINT('Origin',(50.0701534293452,133.629008228844,29.0823612821185));
#8667=CARTESIAN_POINT('Origin',(0.826599885109212,160.676764173337,29.0823612821185));
#8668=CARTESIAN_POINT('Origin',(31.0114465004677,202.222641326912,29.0823612821185));
#8669=CARTESIAN_POINT('Origin',(0.826599885109212,160.676764173337,20.0823612821185));
#8670=CARTESIAN_POINT('Origin',(0.826599885109212,160.676764173337,20.0823612821185));
#8671=CARTESIAN_POINT('Origin',(0.826599885109212,160.676764173337,40.0823612821185));
#8672=CARTESIAN_POINT('',(10.,150.642006975893,40.0823612821185));
#8673=CARTESIAN_POINT('Origin',(0.826599885109212,160.676764173337,40.0823612821185));
#8674=CARTESIAN_POINT('',(10.,150.642006975893,30.0823612821185));
#8675=CARTESIAN_POINT('',(10.,150.642006975893,40.0823612821185));
#8676=CARTESIAN_POINT('',(10.,170.711521370781,30.0823612821185));
#8677=CARTESIAN_POINT('Origin',(0.826599885109212,160.676764173337,30.0823612821185));
#8678=CARTESIAN_POINT('',(10.,170.711521370781,40.0823612821185));
#8679=CARTESIAN_POINT('',(10.,170.711521370781,40.0823612821185));
#8680=CARTESIAN_POINT('Origin',(0.826599885109212,160.676764173337,40.0823612821185));
#8681=CARTESIAN_POINT('Ctrl Pts',(-10.,40.838740375916,28.717860564889));
#8682=CARTESIAN_POINT('Ctrl Pts',(-10.,42.2986123013351,28.0434648437546));
#8683=CARTESIAN_POINT('Ctrl Pts',(-10.,41.9533639264696,26.4728473897054));
#8684=CARTESIAN_POINT('Ctrl Pts',(-10.,41.6081155516042,24.9022299356562));
#8685=CARTESIAN_POINT('Ctrl Pts',(-10.,40.,24.9022299356562));
#8686=CARTESIAN_POINT('Ctrl Pts',(-10.,40.,26.9022299356562));
#8687=CARTESIAN_POINT('Ctrl Pts',(-10.,40.,26.9022299356562));
#8688=CARTESIAN_POINT('Ctrl Pts',(-10.,40.,26.9022299356562));
#8689=CARTESIAN_POINT('Ctrl Pts',(-10.,40.,26.9022299356562));
#8690=CARTESIAN_POINT('Ctrl Pts',(-10.,40.,26.9022299356562));
#8691=CARTESIAN_POINT('Ctrl Pts',(-8.,40.,26.9022299356562));
#8692=CARTESIAN_POINT('Ctrl Pts',(-8.,40.,26.9022299356562));
#8693=CARTESIAN_POINT('Ctrl Pts',(-8.,40.,26.9022299356562));
#8694=CARTESIAN_POINT('Ctrl Pts',(-8.,40.,26.9022299356562));
#8695=CARTESIAN_POINT('Ctrl Pts',(-8.,40.,26.9022299356562));
#8696=CARTESIAN_POINT('Origin',(161.703197572023,-0.261424618689792,-2.47333029919049));
#8697=CARTESIAN_POINT('',(157.094815447028,-0.261424618689787,-5.91763871788147));
#8698=CARTESIAN_POINT('',(166.311579697018,-0.261424618689787,-5.91763871788147));
#8699=CARTESIAN_POINT('',(105.886675500684,-0.261424618689787,-5.91763871788147));
#8700=CARTESIAN_POINT('Origin',(161.703197572023,-0.261424618689792,-2.47333029919049));
#8701=CARTESIAN_POINT('Origin',(161.703197572023,271.73857538131,-2.47333029919049));
#8702=CARTESIAN_POINT('',(166.311579697018,271.73857538131,-5.91763871788147));
#8703=CARTESIAN_POINT('',(157.094815447028,271.73857538131,-5.91763871788147));
#8704=CARTESIAN_POINT('',(105.886675500684,271.73857538131,-5.91763871788147));
#8705=CARTESIAN_POINT('Origin',(161.703197572023,271.73857538131,-2.47333029919049));
#8706=CARTESIAN_POINT('Origin',(161.703197572023,-0.261424618689792,-2.47333029919049));
#8707=CARTESIAN_POINT('',(166.311579697018,230.,-5.91763871788147));
#8708=CARTESIAN_POINT('',(157.094815447028,230.,-5.91763871788147));
#8709=CARTESIAN_POINT('Origin',(161.703197572023,230.,-2.47333029919049));
#8710=CARTESIAN_POINT('',(166.311579697018,40.,-5.91763871788147));
#8711=CARTESIAN_POINT('',(166.311579697018,-0.261424618689787,-5.91763871788147));
#8712=CARTESIAN_POINT('',(157.094815447028,40.,-5.91763871788147));
#8713=CARTESIAN_POINT('Origin',(161.703197572023,40.,-2.47333029919049));
#8714=CARTESIAN_POINT('',(157.094815447028,-0.261424618689787,-5.91763871788147));
#8715=CARTESIAN_POINT('Origin',(161.703197572023,-0.261424618689792,-2.47333029919049));
#8716=CARTESIAN_POINT('',(166.311579697018,270.,-5.91763871788147));
#8717=CARTESIAN_POINT('',(166.311579697018,-0.261424618689787,-5.91763871788147));
#8718=CARTESIAN_POINT('',(157.094815447028,270.,-5.91763871788147));
#8719=CARTESIAN_POINT('Origin',(161.703197572023,270.,-2.47333029919049));
#8720=CARTESIAN_POINT('',(157.094815447028,-0.261424618689787,-5.91763871788147));
#8721=CARTESIAN_POINT('Origin',(161.703197572023,-0.261424618689792,-2.47333029919049));
#8722=CARTESIAN_POINT('',(157.094815447028,0.,-5.91763871788147));
#8723=CARTESIAN_POINT('',(157.094815447028,-0.261424618689787,-5.91763871788147));
#8724=CARTESIAN_POINT('',(166.311579697018,0.,-5.91763871788147));
#8725=CARTESIAN_POINT('Origin',(161.703197572023,0.,-2.47333029919049));
#8726=CARTESIAN_POINT('',(166.311579697018,-0.261424618689787,-5.91763871788147));
#8727=CARTESIAN_POINT('Origin',(50.0701534293452,133.629008228844,-5.91763871788147));
#8728=CARTESIAN_POINT('',(-87.4298465706548,283.629008228844,-5.91763871788147));
#8729=CARTESIAN_POINT('',(187.570153429345,283.629008228844,-5.91763871788147));
#8730=CARTESIAN_POINT('',(50.0701534293452,283.629008228844,-5.91763871788147));
#8731=CARTESIAN_POINT('',(187.570153429345,-16.3709917711563,-5.91763871788147));
#8732=CARTESIAN_POINT('',(187.570153429345,133.629008228844,-5.91763871788147));
#8733=CARTESIAN_POINT('',(-87.4298465706548,-16.3709917711563,-5.91763871788147));
#8734=CARTESIAN_POINT('',(50.0701534293452,-16.3709917711563,-5.91763871788147));
#8735=CARTESIAN_POINT('',(-87.4298465706548,133.629008228844,-5.91763871788147));
#8736=CARTESIAN_POINT('',(18.1941373490086,73.5822411539267,-5.91763871788147));
#8737=CARTESIAN_POINT('',(138.194137349009,73.5822411539267,-5.9176387178814));
#8738=CARTESIAN_POINT('',(34.1321453891769,73.5822411539267,-5.91763871788147));
#8739=CARTESIAN_POINT('',(138.194137349009,193.582241153927,-5.91763871788147));
#8740=CARTESIAN_POINT('',(138.194137349009,103.605624691385,-5.91763871788147));
#8741=CARTESIAN_POINT('',(18.1941373490086,193.582241153927,-5.91763871788147));
#8742=CARTESIAN_POINT('',(94.1321453891769,193.582241153927,-5.91763871788147));
#8743=CARTESIAN_POINT('',(18.1941373490086,163.605624691385,-5.91763871788147));
#8744=CARTESIAN_POINT('',(170.,0.,-5.91763871788147));
#8745=CARTESIAN_POINT('',(90.0350767146726,0.,-5.91763871788147));
#8746=CARTESIAN_POINT('',(170.,40.,-5.91763871788147));
#8747=CARTESIAN_POINT('',(170.,66.8145041144219,-5.91763871788147));
#8748=CARTESIAN_POINT('',(110.035076714673,40.,-5.91763871788147));
#8749=CARTESIAN_POINT('',(170.,230.,-5.91763871788147));
#8750=CARTESIAN_POINT('',(90.0350767146726,230.,-5.91763871788147));
#8751=CARTESIAN_POINT('',(170.,270.,-5.91763871788147));
#8752=CARTESIAN_POINT('',(170.,181.814504114422,-5.91763871788147));
#8753=CARTESIAN_POINT('',(110.035076714673,270.,-5.91763871788147));
#8754=CARTESIAN_POINT('',(130.,270.,-5.91763871788147));
#8755=CARTESIAN_POINT('',(110.035076714673,270.,-5.91763871788147));
#8756=CARTESIAN_POINT('',(130.,230.,-5.91763871788147));
#8757=CARTESIAN_POINT('',(130.,201.814504114422,-5.91763871788147));
#8758=CARTESIAN_POINT('',(90.0350767146726,230.,-5.91763871788147));
#8759=CARTESIAN_POINT('',(130.,40.,-5.91763871788147));
#8760=CARTESIAN_POINT('',(110.035076714673,40.,-5.91763871788147));
#8761=CARTESIAN_POINT('',(130.,0.,-5.91763871788147));
#8762=CARTESIAN_POINT('',(130.,86.8145041144219,-5.91763871788147));
#8763=CARTESIAN_POINT('',(90.0350767146726,0.,-5.91763871788147));
#8764=CARTESIAN_POINT('Origin',(170.,40.,-5.91763871788147));
#8765=CARTESIAN_POINT('',(170.,40.,4.08236128211853));
#8766=CARTESIAN_POINT('',(170.,40.,-5.91763871788147));
#8767=CARTESIAN_POINT('',(130.,40.,4.08236128211853));
#8768=CARTESIAN_POINT('',(130.,40.,4.08236128211853));
#8769=CARTESIAN_POINT('',(130.,40.,-5.91763871788147));
#8770=CARTESIAN_POINT('Origin',(130.,0.,-5.91763871788147));
#8771=CARTESIAN_POINT('',(130.,0.,4.08236128211853));
#8772=CARTESIAN_POINT('',(130.,0.,-5.91763871788147));
#8773=CARTESIAN_POINT('',(170.,0.,4.08236128211853));
#8774=CARTESIAN_POINT('',(170.,0.,4.08236128211853));
#8775=CARTESIAN_POINT('',(170.,0.,-5.91763871788147));
#8776=CARTESIAN_POINT('Origin',(130.,40.,-5.91763871788147));
#8777=CARTESIAN_POINT('',(130.,0.,4.08236128211853));
#8778=CARTESIAN_POINT('Origin',(170.,0.,-5.91763871788147));
#8779=CARTESIAN_POINT('',(170.,40.,4.08236128211853));
#8780=CARTESIAN_POINT('Origin',(150.,20.,4.08236128211853));
#8781=CARTESIAN_POINT('Origin',(130.,270.,-5.91763871788147));
#8782=CARTESIAN_POINT('',(130.,270.,4.08236128211853));
#8783=CARTESIAN_POINT('',(130.,270.,-5.91763871788147));
#8784=CARTESIAN_POINT('',(130.,230.,4.08236128211853));
#8785=CARTESIAN_POINT('',(130.,270.,4.08236128211853));
#8786=CARTESIAN_POINT('',(130.,230.,-5.91763871788147));
#8787=CARTESIAN_POINT('Origin',(170.,270.,-5.91763871788147));
#8788=CARTESIAN_POINT('',(170.,270.,4.08236128211853));
#8789=CARTESIAN_POINT('',(170.,270.,-5.91763871788147));
#8790=CARTESIAN_POINT('',(170.,270.,4.08236128211853));
#8791=CARTESIAN_POINT('Origin',(170.,230.,-5.91763871788147));
#8792=CARTESIAN_POINT('',(170.,230.,4.08236128211853));
#8793=CARTESIAN_POINT('',(170.,230.,-5.91763871788147));
#8794=CARTESIAN_POINT('',(170.,230.,4.08236128211853));
#8795=CARTESIAN_POINT('Origin',(130.,230.,-5.91763871788147));
#8796=CARTESIAN_POINT('',(130.,230.,4.08236128211853));
#8797=CARTESIAN_POINT('Origin',(150.,250.,4.08236128211853));
#8798=CARTESIAN_POINT('Origin',(80.4061152115348,200.000470506255,29.0286815034331));
#8799=CARTESIAN_POINT('',(72.4758088540231,200.000470506255,30.0823612821185));
#8800=CARTESIAN_POINT('',(88.3364215690464,200.000470506255,30.0823612821185));
#8801=CARTESIAN_POINT('',(79.2035,200.000470506255,30.0823612821185));
#8802=CARTESIAN_POINT('Origin',(80.4061152115348,200.000470506255,29.0286815034331));
#8803=CARTESIAN_POINT('Origin',(80.4061152115348,212.500470506255,29.0286815034331));
#8804=CARTESIAN_POINT('',(80.4061152115348,200.000470506255,37.0286815034331));
#8805=CARTESIAN_POINT('Origin',(80.4061152115348,200.000470506255,29.0286815034331));
#8806=CARTESIAN_POINT('Origin',(80.4061152115348,200.000470506255,29.0286815034331));
#8807=CARTESIAN_POINT('',(80.4061152115348,212.500470506255,37.0286815034331));
#8808=CARTESIAN_POINT('Origin',(-30.,231.433837610763,5.));
#8809=CARTESIAN_POINT('',(-30.,255.,5.));
#8810=CARTESIAN_POINT('',(-30.,230.716918805382,5.));
#8811=CARTESIAN_POINT('',(-30.,264.864196270175,10.));
#8812=CARTESIAN_POINT('',(-30.,245.625515094615,0.248226693476873));
#8813=CARTESIAN_POINT('',(-30.,278.629008228844,10.));
#8814=CARTESIAN_POINT('',(-30.,-11.3709917711563,10.));
#8815=CARTESIAN_POINT('',(-30.,278.629008228844,22.5));
#8816=CARTESIAN_POINT('Origin',(-67.4298465706548,230.,5.));
#8817=CARTESIAN_POINT('',(-67.4298465706548,255.,5.));
#8818=CARTESIAN_POINT('',(182.570153429345,255.,5.));
#8819=CARTESIAN_POINT('',(182.570153429345,255.,5.));
#8820=CARTESIAN_POINT('',(-67.4298465706548,255.,5.));
#8821=CARTESIAN_POINT('Origin',(-67.4298465706548,252.364196270175,17.0411806410593));
#8822=CARTESIAN_POINT('',(-67.4298465706548,120.49660224951,19.3574616426637));
#8823=CARTESIAN_POINT('Origin',(-30.,-11.3709917711563,10.));
#8824=CARTESIAN_POINT('',(-70.,278.629008228844,20.));
#8825=CARTESIAN_POINT('',(-30.,-7.99045289190858,10.));
#8826=CARTESIAN_POINT('',(-30.,-11.3709917711563,10.));
#8827=CARTESIAN_POINT('',(-66.4805680606795,-7.99045289190858,19.1201420151699));
#8828=CARTESIAN_POINT('',(-47.1673261462021,-7.99045289190858,14.2918315365505));
#8829=CARTESIAN_POINT('',(-66.4805680606795,-7.36042604550959,19.1201420151699));
#8830=CARTESIAN_POINT('',(-66.4805680606794,14.4504454020315,19.1201420151699));
#8831=CARTESIAN_POINT('',(-67.4298465706548,-8.07238492799113,19.3574616426637));
#8832=CARTESIAN_POINT('',(-56.4486431996991,0.163517600225682,16.6121607999248));
#8833=CARTESIAN_POINT('',(-67.4298465706548,40.,19.3574616426637));
#8834=CARTESIAN_POINT('',(-67.4298465706548,1.81450411442187,19.3574616426637));
#8835=CARTESIAN_POINT('',(-66.4805680606795,40.,19.1201420151699));
#8836=CARTESIAN_POINT('',(-47.7485736065897,40.,14.4371434016474));
#8837=CARTESIAN_POINT('',(-66.4805680606795,40.2718825752193,19.1201420151699));
#8838=CARTESIAN_POINT('',(-66.4805680606794,14.4504454020315,19.1201420151699));
#8839=CARTESIAN_POINT('',(-20.5882352941176,40.2718825752193,7.64705882352941));
#8840=CARTESIAN_POINT('Origin',(-67.4298465706548,274.728392540351,15.));
#8841=CARTESIAN_POINT('',(-10.,274.728392540351,15.));
#8842=CARTESIAN_POINT('',(-10.,274.728392540351,42.5));
#8843=CARTESIAN_POINT('',(182.570153429345,274.728392540351,15.));
#8844=CARTESIAN_POINT('',(-67.4298465706548,274.728392540351,15.));
#8845=CARTESIAN_POINT('',(182.570153429345,274.728392540351,29.0823612821185));
#8846=CARTESIAN_POINT('Origin',(-67.4298465706548,255.,5.));
#8847=CARTESIAN_POINT('',(182.570153429345,274.728392540351,15.));
#8848=CARTESIAN_POINT('',(-10.,264.864196270175,10.));
#8849=CARTESIAN_POINT('',(-10.,162.145442667979,-42.0664587305345));
#8850=CARTESIAN_POINT('',(-38.7149232853274,264.864196270175,9.99999999999999));
#8851=CARTESIAN_POINT('Origin',(182.570153429345,252.364196270175,17.0411806410593));
#8852=CARTESIAN_POINT('Origin',(79.8515542693199,218.09175430715,20.0823612821185));
#8853=CARTESIAN_POINT('Origin',(-10.,-11.3709917711563,70.));
#8854=CARTESIAN_POINT('',(-10.,278.629008228844,10.));
#8855=CARTESIAN_POINT('',(-10.,278.629008228844,10.));
#8856=CARTESIAN_POINT('',(-10.,-11.3709917711563,10.));
#8857=CARTESIAN_POINT('Origin',(-66.4805680606795,40.2718825752193,10.));
#8858=CARTESIAN_POINT('',(-66.4805680606795,40.,11.1434893733929));
#8859=CARTESIAN_POINT('',(-66.4805680606794,40.,10.5717446866964));
#8860=CARTESIAN_POINT('',(-66.4805680606795,16.5695318798214,11.1434893733929));
#8861=CARTESIAN_POINT('',(-66.4805680606794,28.4207072275204,11.1434893733929));
#8862=CARTESIAN_POINT('',(-66.4805680606794,14.1223471588487,11.9592176137171));
#8863=CARTESIAN_POINT('',(-66.4805680606795,-7.99045289190858,10.));
#8864=CARTESIAN_POINT('',(-66.4805680606795,40.2718825752193,10.));
#8865=CARTESIAN_POINT('Origin',(-66.4805680606795,-7.99045289190858,10.));
#8866=CARTESIAN_POINT('',(-38.2402840303397,-7.99045289190858,10.));
#8867=CARTESIAN_POINT('',(-66.9552073156672,-7.99045289190858,19.3301509639695));
#8868=CARTESIAN_POINT('Origin',(-10.,40.2718825752193,10.));
#8869=CARTESIAN_POINT('Origin',(-10.,-11.3709917711563,10.));
#8870=CARTESIAN_POINT('Origin',(-67.4298465706548,-10.,20.));
#8871=CARTESIAN_POINT('',(-67.4298465706548,16.5695318798214,11.1434893733929));
#8872=CARTESIAN_POINT('',(-67.4298465706548,16.5695318798214,11.1434893733929));
#8873=CARTESIAN_POINT('',(-67.4298465706548,-10.,20.));
#8874=CARTESIAN_POINT('Origin',(-67.4298465706548,-10.,20.));
#8875=CARTESIAN_POINT('',(182.570153429345,-10.,20.));
#8876=CARTESIAN_POINT('',(-67.4298465706548,-10.,20.));
#8877=CARTESIAN_POINT('',(182.570153429345,16.5695318798214,11.1434893733929));
#8878=CARTESIAN_POINT('',(182.570153429345,-10.,20.));
#8879=CARTESIAN_POINT('',(-67.4298465706548,16.5695318798214,11.1434893733929));
#8880=CARTESIAN_POINT('Origin',(-67.4298465706548,16.5695318798214,11.1434893733929));
#8881=CARTESIAN_POINT('',(-67.4298465706548,40.,11.1434893733929));
#8882=CARTESIAN_POINT('',(-67.4298465706548,40.,11.1434893733929));
#8883=CARTESIAN_POINT('',(-67.4298465706548,16.5695318798214,11.1434893733929));
#8884=CARTESIAN_POINT('Origin',(-67.4298465706548,16.5695318798214,11.1434893733929));
#8885=CARTESIAN_POINT('',(182.570153429345,16.5695318798214,11.1434893733929));
#8886=CARTESIAN_POINT('Origin',(-67.4298465706548,15.,20.1129253277557));
#8887=CARTESIAN_POINT('',(-67.4298465706548,40.,11.1434893733929));
#8888=CARTESIAN_POINT('Origin',(-67.4298465706548,40.,11.1434893733929));
#8889=CARTESIAN_POINT('Origin',(-67.4298465706548,-10.,29.0823612821185));
#8890=CARTESIAN_POINT('',(182.570153429345,-10.,50.));
#8891=CARTESIAN_POINT('Origin',(182.570153429345,15.,20.1129253277557));
#8892=CARTESIAN_POINT('Origin',(79.8515542693199,51.9082456928502,20.0823612821185));
#8893=CARTESIAN_POINT('Origin',(-40.,278.629008228844,40.));
#8894=CARTESIAN_POINT('',(-30.,278.629008228844,10.));
#8895=CARTESIAN_POINT('Origin',(-10.,-11.3709917711563,10.));
#8896=CARTESIAN_POINT('Origin',(187.570153429345,165.900433121789,14.3447742924855));
#8897=CARTESIAN_POINT('',(187.570153429345,157.768564680949,14.3447742924855));
#8898=CARTESIAN_POINT('Origin',(187.570153429345,165.900433121789,14.3447742924855));
#8899=CARTESIAN_POINT('',(138.194137349009,157.768564680949,14.3447742924855));
#8900=CARTESIAN_POINT('',(187.570153429345,157.768564680949,14.3447742924855));
#8901=CARTESIAN_POINT('Origin',(138.194137349009,165.900433121789,14.3447742924855));
#8902=CARTESIAN_POINT('Origin',(158.876508653531,160.676764173337,20.0823612821185));
#8903=CARTESIAN_POINT('Origin',(158.876508653531,160.676764173337,30.0823612821185));
#8904=CARTESIAN_POINT('Origin',(158.876508653531,160.676764173337,40.0823612821185));
#8905=CARTESIAN_POINT('',(148.407,152.002837136915,30.0823612821185));
#8906=CARTESIAN_POINT('Origin',(158.876508653531,160.676764173337,30.0823612821185));
#8907=CARTESIAN_POINT('',(148.407,152.002837136915,40.0823612821185));
#8908=CARTESIAN_POINT('',(148.407,152.002837136915,40.0823612821185));
#8909=CARTESIAN_POINT('Origin',(158.876508653531,160.676764173337,40.0823612821185));
#8910=CARTESIAN_POINT('Origin',(158.876508653531,160.676764173337,40.0823612821185));
#8911=CARTESIAN_POINT('',(148.407,169.350691209759,30.0823612821185));
#8912=CARTESIAN_POINT('Origin',(158.876508653531,160.676764173337,30.0823612821185));
#8913=CARTESIAN_POINT('',(148.407,169.350691209759,40.0823612821185));
#8914=CARTESIAN_POINT('Origin',(158.876508653531,160.676764173337,40.0823612821185));
#8915=CARTESIAN_POINT('',(148.407,169.350691209759,40.0823612821185));
#8916=CARTESIAN_POINT('Origin',(79.2035,62.1884705062547,35.0823612821185));
#8917=CARTESIAN_POINT('',(43.4054753344731,62.1884705062547,30.0823612821185));
#8918=CARTESIAN_POINT('',(79.2035,62.1884705062547,30.0823612821185));
#8919=CARTESIAN_POINT('',(43.4054753344731,62.1884705062547,40.0823612821185));
#8920=CARTESIAN_POINT('',(43.4054753344731,62.1884705062547,40.0823612821185));
#8921=CARTESIAN_POINT('',(79.2035,62.1884705062547,40.0823612821185));
#8922=CARTESIAN_POINT('Origin',(148.407,131.094470506255,35.0823612821185));
#8923=CARTESIAN_POINT('',(148.407,100.649308790241,30.0823612821185));
#8924=CARTESIAN_POINT('',(148.407,100.649308790241,40.0823612821185));
#8925=CARTESIAN_POINT('',(148.407,100.649308790241,40.0823612821185));
#8926=CARTESIAN_POINT('',(148.407,131.094470506255,30.0823612821185));
#8927=CARTESIAN_POINT('',(148.407,131.094470506255,40.0823612821185));
#8928=CARTESIAN_POINT('Origin',(148.407,131.094470506255,35.0823612821185));
#8929=CARTESIAN_POINT('',(148.407,131.094470506255,30.0823612821185));
#8930=CARTESIAN_POINT('',(148.407,131.094470506255,40.0823612821185));
#8931=CARTESIAN_POINT('Origin',(79.2035,131.094470506255,30.0823612821185));
#8932=CARTESIAN_POINT('',(115.278624405952,200.000470506255,30.0823612821185));
#8933=CARTESIAN_POINT('',(118.194466863736,193.582241153927,30.0823612821185));
#8934=CARTESIAN_POINT('Origin',(128.691662038172,202.222641326912,30.0823612821185));
#8935=CARTESIAN_POINT('',(79.2035,200.000470506255,30.0823612821185));
#8936=CARTESIAN_POINT('',(44.4244841326876,200.000470506255,30.0823612821185));
#8937=CARTESIAN_POINT('',(79.2035,200.000470506255,30.0823612821185));
#8938=CARTESIAN_POINT('',(41.5086416749038,193.582241153927,30.0823612821185));
#8939=CARTESIAN_POINT('Origin',(31.0114465004677,202.222641326912,30.0823612821185));
#8940=CARTESIAN_POINT('',(108.698818674504,193.582241153927,30.0823612821185));
#8941=CARTESIAN_POINT('Origin',(79.2035,131.094470506255,30.0823612821185));
#8942=CARTESIAN_POINT('',(116.297633204167,62.1884705062547,30.0823612821185));
#8943=CARTESIAN_POINT('',(79.2035,62.1884705062547,30.0823612821185));
#8944=CARTESIAN_POINT('',(116.397315326647,73.5822411539267,30.0823612821185));
#8945=CARTESIAN_POINT('Origin',(128.691662038172,67.7773586730881,30.0823612821185));
#8946=CARTESIAN_POINT('',(43.3057932119924,73.5822411539267,30.0823612821185));
#8947=CARTESIAN_POINT('',(48.6988186745043,73.5822411539267,30.0823612821185));
#8948=CARTESIAN_POINT('Origin',(31.0114465004677,67.7773586730881,30.0823612821185));
#8949=CARTESIAN_POINT('Origin',(79.2035,131.094470506255,30.0823612821185));
#8950=CARTESIAN_POINT('',(148.407,117.997162863085,30.0823612821185));
#8951=CARTESIAN_POINT('',(145.280640837186,109.323235826663,30.0823612821185));
#8952=CARTESIAN_POINT('Origin',(158.876508653531,109.323235826663,30.0823612821185));
#8953=CARTESIAN_POINT('',(148.407,131.094470506255,30.0823612821185));
#8954=CARTESIAN_POINT('',(138.194137349009,192.498928833915,30.0823612821185));
#8955=CARTESIAN_POINT('Origin',(128.691662038172,202.222641326912,30.0823612821185));
#8956=CARTESIAN_POINT('',(138.194137349009,77.5010711660854,30.0823612821185));
#8957=CARTESIAN_POINT('',(138.194137349009,102.338355830091,30.0823612821185));
#8958=CARTESIAN_POINT('Origin',(128.691662038172,67.7773586730881,30.0823612821185));
#8959=CARTESIAN_POINT('Origin',(158.876508653531,109.323235826663,30.0823612821185));
#8960=CARTESIAN_POINT('Origin',(10.,131.094470506255,35.0823612821185));
#8961=CARTESIAN_POINT('',(10.,131.094470506255,40.0823612821185));
#8962=CARTESIAN_POINT('',(10.,131.094470506255,30.0823612821185));
#8963=CARTESIAN_POINT('Origin',(10.,131.094470506255,35.0823612821185));
#8964=CARTESIAN_POINT('',(10.,131.094470506255,40.0823612821185));
#8965=CARTESIAN_POINT('',(10.,131.094470506255,30.0823612821185));
#8966=CARTESIAN_POINT('Origin',(10.,131.094470506255,35.0823612821185));
#8967=CARTESIAN_POINT('',(10.,131.094470506255,30.0823612821185));
#8968=CARTESIAN_POINT('',(10.,131.094470506255,40.0823612821185));
#8969=CARTESIAN_POINT('Origin',(79.2035,131.094470506255,30.0823612821185));
#8970=CARTESIAN_POINT('',(18.7170997889429,73.5822411539267,30.0823612821185));
#8971=CARTESIAN_POINT('Origin',(31.0114465004677,67.7773586730881,30.0823612821185));
#8972=CARTESIAN_POINT('',(18.1941373490085,73.5822411539267,30.0823612821185));
#8973=CARTESIAN_POINT('',(48.6988186745043,73.5822411539267,30.0823612821185));
#8974=CARTESIAN_POINT('',(18.1941373490085,193.582241153927,30.0823612821185));
#8975=CARTESIAN_POINT('',(18.1941373490085,162.338355830091,30.0823612821185));
#8976=CARTESIAN_POINT('',(20.5142513260316,193.582241153927,30.0823612821185));
#8977=CARTESIAN_POINT('',(108.698818674504,193.582241153927,30.0823612821185));
#8978=CARTESIAN_POINT('Origin',(31.0114465004677,202.222641326912,30.0823612821185));
#8979=CARTESIAN_POINT('Origin',(79.2035,62.1884705062547,35.0823612821185));
#8980=CARTESIAN_POINT('',(116.297633204167,62.1884705062547,40.0823612821185));
#8981=CARTESIAN_POINT('',(79.2035,62.1884705062547,40.0823612821185));
#8982=CARTESIAN_POINT('',(116.297633204167,62.1884705062547,40.0823612821185));
#8983=CARTESIAN_POINT('Origin',(148.407,131.094470506255,35.0823612821185));
#8984=CARTESIAN_POINT('',(148.407,117.997162863085,40.0823612821185));
#8985=CARTESIAN_POINT('',(148.407,117.997162863085,40.0823612821185));
#8986=CARTESIAN_POINT('',(148.407,131.094470506255,40.0823612821185));
#8987=CARTESIAN_POINT('Origin',(79.2035,200.000470506255,35.0823612821185));
#8988=CARTESIAN_POINT('',(115.278624405952,200.000470506255,40.0823612821185));
#8989=CARTESIAN_POINT('',(115.278624405952,200.000470506255,40.0823612821185));
#8990=CARTESIAN_POINT('',(44.4244841326876,200.000470506255,40.0823612821185));
#8991=CARTESIAN_POINT('',(79.2035,200.000470506255,40.0823612821185));
#8992=CARTESIAN_POINT('',(44.4244841326876,200.000470506255,40.0823612821185));
#8993=CARTESIAN_POINT('Origin',(158.876508653531,109.323235826663,40.0823612821185));
#8994=CARTESIAN_POINT('',(145.280640837186,109.323235826663,20.0823612821185));
#8995=CARTESIAN_POINT('',(145.280640837186,109.323235826663,40.0823612821185));
#8996=CARTESIAN_POINT('Origin',(158.876508653531,109.323235826663,20.0823612821185));
#8997=CARTESIAN_POINT('Origin',(158.876508653531,109.323235826663,40.0823612821185));
#8998=CARTESIAN_POINT('Origin',(158.876508653531,109.323235826663,40.0823612821185));
#8999=CARTESIAN_POINT('Origin',(128.691662038172,202.222641326912,40.0823612821185));
#9000=CARTESIAN_POINT('Origin',(128.691662038172,202.222641326912,40.0823612821185));
#9001=CARTESIAN_POINT('',(118.194466863736,193.582241153927,20.0823612821185));
#9002=CARTESIAN_POINT('',(118.194466863736,193.582241153927,40.0823612821185));
#9003=CARTESIAN_POINT('',(138.194137349009,192.498928833915,20.0823612821185));
#9004=CARTESIAN_POINT('Origin',(128.691662038172,202.222641326912,20.0823612821185));
#9005=CARTESIAN_POINT('',(138.194137349009,192.498928833915,40.0823612821185));
#9006=CARTESIAN_POINT('Origin',(31.0114465004677,202.222641326912,40.0823612821185));
#9007=CARTESIAN_POINT('Origin',(31.0114465004677,202.222641326912,40.0823612821185));
#9008=CARTESIAN_POINT('',(20.5142513260316,193.582241153927,20.0823612821185));
#9009=CARTESIAN_POINT('',(20.5142513260316,193.582241153927,40.0823612821185));
#9010=CARTESIAN_POINT('',(41.5086416749038,193.582241153927,20.0823612821185));
#9011=CARTESIAN_POINT('Origin',(31.0114465004677,202.222641326912,20.0823612821185));
#9012=CARTESIAN_POINT('',(41.5086416749038,193.582241153927,40.0823612821185));
#9013=CARTESIAN_POINT('Origin',(138.194137349009,73.5822411539267,-5.9176387178814));
#9014=CARTESIAN_POINT('',(138.194137349009,193.582241153927,40.0823612821185));
#9015=CARTESIAN_POINT('',(138.194137349009,73.5822411539267,40.0823612821185));
#9016=CARTESIAN_POINT('',(138.194137349009,102.338355830091,40.0823612821185));
#9017=CARTESIAN_POINT('',(138.194137349009,73.5822411539267,42.0823612821186));
#9018=CARTESIAN_POINT('',(138.194137349009,73.5822411539267,-5.9176387178814));
#9019=CARTESIAN_POINT('',(138.194137349009,193.582241153927,42.0823612821185));
#9020=CARTESIAN_POINT('',(138.194137349009,193.582241153927,42.0823612821185));
#9021=CARTESIAN_POINT('',(138.194137349009,193.582241153927,-5.91763871788147));
#9022=CARTESIAN_POINT('Origin',(31.0114465004677,67.7773586730881,40.0823612821185));
#9023=CARTESIAN_POINT('Origin',(31.0114465004677,67.7773586730881,40.0823612821185));
#9024=CARTESIAN_POINT('',(43.3057932119924,73.5822411539267,20.0823612821185));
#9025=CARTESIAN_POINT('',(43.3057932119924,73.5822411539267,40.0823612821185));
#9026=CARTESIAN_POINT('',(18.7170997889429,73.5822411539267,20.0823612821185));
#9027=CARTESIAN_POINT('Origin',(31.0114465004677,67.7773586730881,20.0823612821185));
#9028=CARTESIAN_POINT('',(18.7170997889429,73.5822411539267,40.0823612821185));
#9029=CARTESIAN_POINT('Origin',(138.194137349009,193.582241153927,-5.91763871788147));
#9030=CARTESIAN_POINT('',(18.1941373490085,193.582241153927,40.0823612821185));
#9031=CARTESIAN_POINT('',(108.698818674504,193.582241153927,40.0823612821185));
#9032=CARTESIAN_POINT('',(18.1941373490085,193.582241153927,42.0823612821185));
#9033=CARTESIAN_POINT('',(18.1941373490085,193.582241153927,42.0823612821185));
#9034=CARTESIAN_POINT('',(18.1941373490086,193.582241153927,-5.91763871788147));
#9035=CARTESIAN_POINT('Origin',(138.194137349009,193.582241153927,-5.91763871788147));
#9036=CARTESIAN_POINT('',(84.6027919247381,193.582241153927,20.0823612821185));
#9037=CARTESIAN_POINT('',(18.1941373490086,193.582241153927,-5.91763871788147));
#9038=CARTESIAN_POINT('',(138.194137349009,193.582241153927,20.0823612821185));
#9039=CARTESIAN_POINT('',(138.194137349009,193.582241153927,-5.91763871788147));
#9040=CARTESIAN_POINT('',(133.44289969359,193.582241153927,20.0823612821185));
#9041=CARTESIAN_POINT('Origin',(18.1941373490086,193.582241153927,-5.91763871788147));
#9042=CARTESIAN_POINT('',(18.1941373490085,73.5822411539267,40.0823612821185));
#9043=CARTESIAN_POINT('',(18.1941373490085,162.338355830091,40.0823612821185));
#9044=CARTESIAN_POINT('',(18.1941373490085,73.5822411539267,42.0823612821185));
#9045=CARTESIAN_POINT('',(18.1941373490085,73.5822411539267,42.0823612821185));
#9046=CARTESIAN_POINT('',(18.1941373490086,73.5822411539267,-5.91763871788147));
#9047=CARTESIAN_POINT('Origin',(18.1941373490086,193.582241153927,-5.91763871788147));
#9048=CARTESIAN_POINT('',(18.1941373490086,73.5822411539267,-5.91763871788147));
#9049=CARTESIAN_POINT('Origin',(18.1941373490086,73.5822411539267,-5.91763871788147));
#9050=CARTESIAN_POINT('',(48.6988186745043,73.5822411539267,40.0823612821185));
#9051=CARTESIAN_POINT('',(138.194137349009,73.5822411539267,42.0823612821186));
#9052=CARTESIAN_POINT('Origin',(18.1941373490086,73.5822411539267,-5.91763871788147));
#9053=CARTESIAN_POINT('',(24.6027919247381,73.5822411539267,20.0823612821185));
#9054=CARTESIAN_POINT('',(116.397315326647,73.5822411539267,20.0823612821185));
#9055=CARTESIAN_POINT('',(116.397315326647,73.5822411539267,40.0823612821185));
#9056=CARTESIAN_POINT('',(138.194137349009,73.5822411539267,20.0823612821185));
#9057=CARTESIAN_POINT('',(73.4428996935904,73.5822411539267,20.0823612821185));
#9058=CARTESIAN_POINT('',(138.194137349009,73.5822411539267,-5.9176387178814));
#9059=CARTESIAN_POINT('Origin',(79.8515542693199,218.09175430715,40.0823612821185));
#9060=CARTESIAN_POINT('Origin',(128.691662038172,67.7773586730881,20.0823612821185));
#9061=CARTESIAN_POINT('',(138.194137349009,77.5010711660854,20.0823612821185));
#9062=CARTESIAN_POINT('Origin',(128.691662038172,67.7773586730881,20.0823612821185));
#9063=CARTESIAN_POINT('',(138.194137349009,70.6797999135074,20.0823612821185));
#9064=CARTESIAN_POINT('Origin',(128.691662038172,67.7773586730881,40.0823612821185));
#9065=CARTESIAN_POINT('',(138.194137349009,77.5010711660854,40.0823612821185));
#9066=CARTESIAN_POINT('Origin',(128.691662038172,67.7773586730881,40.0823612821185));
#9067=CARTESIAN_POINT('Origin',(0.826599885109207,109.323235826663,40.0823612821185));
#9068=CARTESIAN_POINT('Origin',(158.876508653531,109.323235826663,20.0823612821185));
#9069=CARTESIAN_POINT('Origin',(31.0114465004677,202.222641326912,20.0823612821185));
#9070=CARTESIAN_POINT('Origin',(128.691662038172,202.222641326912,20.0823612821185));
#9071=CARTESIAN_POINT('',(138.194137349009,137.902441240419,20.0823612821185));
#9072=CARTESIAN_POINT('Origin',(31.0114465004677,67.7773586730881,20.0823612821185));
#9073=CARTESIAN_POINT('Origin',(138.194137349009,73.5822411539267,-5.9176387178814));
#9074=CARTESIAN_POINT('Origin',(78.1941373490085,133.582241153927,42.0823612821185));
#9075=CARTESIAN_POINT('Origin',(-87.4298465706548,133.629008228844,6.58236128211853));
#9076=CARTESIAN_POINT('',(-87.4298465706548,283.629008228844,6.58236128211853));
#9077=CARTESIAN_POINT('',(-87.4298465706548,-16.3709917711563,6.58236128211853));
#9078=CARTESIAN_POINT('Origin',(50.0701534293452,-16.3709917711563,6.58236128211853));
#9079=CARTESIAN_POINT('',(187.570153429345,-16.3709917711563,6.58236128211853));
#9080=CARTESIAN_POINT('Origin',(187.570153429345,133.629008228844,6.58236128211853));
#9081=CARTESIAN_POINT('',(187.570153429345,283.629008228844,6.58236128211853));
#9082=CARTESIAN_POINT('Origin',(50.0701534293452,283.629008228844,6.58236128211853));
#9083=CARTESIAN_POINT('Origin',(-96.1352901208594,208.699646157274,-2.80248922372898));
#9084=CARTESIAN_POINT('',(-96.1352901208594,187.199646157274,2.14851077627103));
#9085=CARTESIAN_POINT('Origin',(-96.1352901208594,187.199646157274,-2.80248922372897));
#9086=CARTESIAN_POINT('',(-96.1352901208594,230.199646157274,2.14851077627101));
#9087=CARTESIAN_POINT('',(-96.1352901208594,208.699646157274,2.14851077627102));
#9088=CARTESIAN_POINT('',(-99.8867203850802,230.199646157274,0.428481524001159));
#9089=CARTESIAN_POINT('Origin',(-96.1352901208594,230.199646157274,-2.80248922372898));
#9090=CARTESIAN_POINT('',(-99.8867203850803,190.199646157274,0.428481524001159));
#9091=CARTESIAN_POINT('',(-99.8867203850803,208.699646157274,0.428481524001159));
#9092=CARTESIAN_POINT('',(-99.3457136903489,190.199646157274,-6.57151847599884));
#9093=CARTESIAN_POINT('Origin',(-96.1352901208594,190.199646157274,-2.80248922372897));
#9094=CARTESIAN_POINT('',(-99.345713690349,230.199646157274,-6.57151847599884));
#9095=CARTESIAN_POINT('',(-99.3457136903489,208.699646157274,-6.57151847599884));
#9096=CARTESIAN_POINT('',(-92.9248665513698,230.199646157274,-6.57151847599884));
#9097=CARTESIAN_POINT('Origin',(-96.1352901208594,230.199646157274,-2.80248922372898));
#9098=CARTESIAN_POINT('',(-92.9248665513698,190.199646157274,-6.57151847599884));
#9099=CARTESIAN_POINT('',(-92.9248665513698,208.699646157274,-6.57151847599884));
#9100=CARTESIAN_POINT('',(-92.5571435217812,190.199646157274,-6.22436998078431));
#9101=CARTESIAN_POINT('Origin',(-96.1352901208594,190.199646157274,-2.80248922372897));
#9102=CARTESIAN_POINT('',(-92.5571435217812,230.199646157274,-6.22436998078432));
#9103=CARTESIAN_POINT('',(-92.5571435217812,208.699646157274,-6.22436998078431));
#9104=CARTESIAN_POINT('Origin',(-96.1352901208594,230.199646157274,-2.80248922372898));
#9105=CARTESIAN_POINT('Origin',(-96.1352901208594,187.199646157274,-2.80248922372897));
#9106=CARTESIAN_POINT('Origin',(-112.637143521781,190.199646157274,-3.07151847599884));
#9107=CARTESIAN_POINT('',(-132.717143521781,190.199646157274,0.428481524001159));
#9108=CARTESIAN_POINT('',(-112.637143521781,190.199646157274,0.428481524001159));
#9109=CARTESIAN_POINT('',(-132.717143521781,190.199646157274,-6.57151847599884));
#9110=CARTESIAN_POINT('',(-132.717143521781,190.199646157274,-3.07151847599884));
#9111=CARTESIAN_POINT('',(-112.637143521781,190.199646157274,-6.57151847599884));
#9112=CARTESIAN_POINT('Origin',(-112.637143521781,190.199646157274,-3.07151847599884));
#9113=CARTESIAN_POINT('',(-92.5571435217812,190.199646157274,-6.57151847599884));
#9114=CARTESIAN_POINT('',(-112.637143521781,190.199646157274,-6.57151847599884));
#9115=CARTESIAN_POINT('',(-92.5571435217812,190.199646157274,-3.07151847599884));
#9116=CARTESIAN_POINT('Origin',(-112.637143521781,210.199646157274,0.428481524001159));
#9117=CARTESIAN_POINT('',(-132.717143521781,230.199646157274,0.428481524001159));
#9118=CARTESIAN_POINT('',(-112.637143521781,230.199646157274,0.428481524001159));
#9119=CARTESIAN_POINT('',(-132.717143521781,210.199646157274,0.428481524001159));
#9120=CARTESIAN_POINT('Origin',(-112.637143521781,210.199646157274,-6.57151847599884));
#9121=CARTESIAN_POINT('',(-132.717143521781,230.199646157274,-6.57151847599884));
#9122=CARTESIAN_POINT('',(-132.717143521781,210.199646157274,-6.57151847599884));
#9123=CARTESIAN_POINT('',(-112.637143521781,230.199646157274,-6.57151847599884));
#9124=CARTESIAN_POINT('Origin',(-112.637143521781,210.199646157274,-6.57151847599884));
#9125=CARTESIAN_POINT('',(-92.5571435217812,230.199646157274,-6.57151847599884));
#9126=CARTESIAN_POINT('',(-112.637143521781,230.199646157274,-6.57151847599884));
#9127=CARTESIAN_POINT('',(-92.5571435217812,210.199646157274,-6.57151847599884));
#9128=CARTESIAN_POINT('Origin',(-132.717143521781,210.199646157274,-3.07151847599884));
#9129=CARTESIAN_POINT('',(-132.717143521781,230.199646157274,-3.07151847599884));
#9130=CARTESIAN_POINT('Origin',(-112.637143521781,230.199646157274,-3.07151847599884));
#9131=CARTESIAN_POINT('',(-92.5571435217812,230.199646157274,-3.07151847599884));
#9132=CARTESIAN_POINT('Origin',(-92.5571435217812,210.199646157274,-3.07151847599884));
#9133=CARTESIAN_POINT('Origin',(-102.914854846693,151.844069733048,-1.89940903264833));
#9134=CARTESIAN_POINT('',(-102.914854846693,130.344069733048,3.05159096735167));
#9135=CARTESIAN_POINT('Origin',(-102.914854846693,130.344069733048,-1.89940903264833));
#9136=CARTESIAN_POINT('',(-102.914854846693,173.344069733048,3.05159096735166));
#9137=CARTESIAN_POINT('',(-102.914854846693,151.844069733048,3.05159096735167));
#9138=CARTESIAN_POINT('',(-106.666285110914,173.344069733048,1.33156171508181));
#9139=CARTESIAN_POINT('Origin',(-102.914854846693,173.344069733048,-1.89940903264834));
#9140=CARTESIAN_POINT('',(-106.666285110914,133.344069733048,1.33156171508181));
#9141=CARTESIAN_POINT('',(-106.666285110914,151.844069733048,1.33156171508181));
#9142=CARTESIAN_POINT('',(-106.125278416183,133.344069733048,-5.6684382849182));
#9143=CARTESIAN_POINT('Origin',(-102.914854846693,133.344069733048,-1.89940903264833));
#9144=CARTESIAN_POINT('',(-106.125278416183,173.344069733048,-5.6684382849182));
#9145=CARTESIAN_POINT('',(-106.125278416183,151.844069733048,-5.6684382849182));
#9146=CARTESIAN_POINT('',(-99.7044312772037,173.344069733048,-5.6684382849182));
#9147=CARTESIAN_POINT('Origin',(-102.914854846693,173.344069733048,-1.89940903264834));
#9148=CARTESIAN_POINT('',(-99.7044312772037,133.344069733048,-5.6684382849182));
#9149=CARTESIAN_POINT('',(-99.7044312772037,151.844069733048,-5.6684382849182));
#9150=CARTESIAN_POINT('',(-99.3367082476151,133.344069733048,-5.32128978970366));
#9151=CARTESIAN_POINT('Origin',(-102.914854846693,133.344069733048,-1.89940903264833));
#9152=CARTESIAN_POINT('',(-99.3367082476151,173.344069733048,-5.32128978970367));
#9153=CARTESIAN_POINT('',(-99.3367082476151,151.844069733048,-5.32128978970367));
#9154=CARTESIAN_POINT('Origin',(-102.914854846693,173.344069733048,-1.89940903264834));
#9155=CARTESIAN_POINT('Origin',(-102.914854846693,130.344069733048,-1.89940903264833));
#9156=CARTESIAN_POINT('Origin',(-119.416708247615,133.344069733048,-2.16843828491819));
#9157=CARTESIAN_POINT('',(-139.496708247615,133.344069733048,1.33156171508181));
#9158=CARTESIAN_POINT('',(-119.416708247615,133.344069733048,1.33156171508181));
#9159=CARTESIAN_POINT('',(-139.496708247615,133.344069733048,-5.6684382849182));
#9160=CARTESIAN_POINT('',(-139.496708247615,133.344069733048,-2.16843828491819));
#9161=CARTESIAN_POINT('',(-119.416708247615,133.344069733048,-5.6684382849182));
#9162=CARTESIAN_POINT('Origin',(-119.416708247615,133.344069733048,-2.16843828491819));
#9163=CARTESIAN_POINT('',(-99.3367082476151,133.344069733048,-5.6684382849182));
#9164=CARTESIAN_POINT('',(-119.416708247615,133.344069733048,-5.6684382849182));
#9165=CARTESIAN_POINT('',(-99.3367082476151,133.344069733048,-2.16843828491819));
#9166=CARTESIAN_POINT('Origin',(-119.416708247615,153.344069733048,1.33156171508181));
#9167=CARTESIAN_POINT('',(-139.496708247615,173.344069733048,1.33156171508181));
#9168=CARTESIAN_POINT('',(-119.416708247615,173.344069733048,1.33156171508181));
#9169=CARTESIAN_POINT('',(-139.496708247615,153.344069733048,1.33156171508181));
#9170=CARTESIAN_POINT('Origin',(-119.416708247615,153.344069733048,-5.6684382849182));
#9171=CARTESIAN_POINT('',(-139.496708247615,173.344069733048,-5.6684382849182));
#9172=CARTESIAN_POINT('',(-139.496708247615,153.344069733048,-5.6684382849182));
#9173=CARTESIAN_POINT('',(-119.416708247615,173.344069733048,-5.6684382849182));
#9174=CARTESIAN_POINT('Origin',(-119.416708247615,153.344069733048,-5.6684382849182));
#9175=CARTESIAN_POINT('',(-99.3367082476151,173.344069733048,-5.6684382849182));
#9176=CARTESIAN_POINT('',(-119.416708247615,173.344069733048,-5.6684382849182));
#9177=CARTESIAN_POINT('',(-99.3367082476151,153.344069733048,-5.6684382849182));
#9178=CARTESIAN_POINT('Origin',(-139.496708247615,153.344069733048,-2.16843828491819));
#9179=CARTESIAN_POINT('',(-139.496708247615,173.344069733048,-2.16843828491819));
#9180=CARTESIAN_POINT('Origin',(-119.416708247615,173.344069733048,-2.16843828491819));
#9181=CARTESIAN_POINT('',(-99.3367082476151,173.344069733048,-2.16843828491819));
#9182=CARTESIAN_POINT('Origin',(-99.3367082476151,153.344069733048,-2.16843828491819));
#9183=CARTESIAN_POINT('',(-91.4737420381356,42.5217294839175,-6.94704005605722));
#9184=CARTESIAN_POINT('',(41.809229449383,254.71111331523,-5.));
#9185=UNCERTAINTY_MEASURE_WITH_UNIT(LENGTH_MEASURE(0.01),#9193,
'DISTANCE_ACCURACY_VALUE',
'Maximum model space distance between geometric entities at asserted c
onnectivities');
#9186=UNCERTAINTY_MEASURE_WITH_UNIT(LENGTH_MEASURE(0.01),#9193,
'DISTANCE_ACCURACY_VALUE',
'Maximum model space distance between geometric entities at asserted c
onnectivities');
#9187=UNCERTAINTY_MEASURE_WITH_UNIT(LENGTH_MEASURE(0.01),#9193,
'DISTANCE_ACCURACY_VALUE',
'Maximum model space distance between geometric entities at asserted c
onnectivities');
#9188=UNCERTAINTY_MEASURE_WITH_UNIT(LENGTH_MEASURE(0.01),#9193,
'DISTANCE_ACCURACY_VALUE',
'Maximum model space distance between geometric entities at asserted c
onnectivities');
#9189=(
GEOMETRIC_REPRESENTATION_CONTEXT(3)
GLOBAL_UNCERTAINTY_ASSIGNED_CONTEXT((#9185))
GLOBAL_UNIT_ASSIGNED_CONTEXT((#9193,#9195,#9196))
REPRESENTATION_CONTEXT('','3D')
);
#9190=(
GEOMETRIC_REPRESENTATION_CONTEXT(3)
GLOBAL_UNCERTAINTY_ASSIGNED_CONTEXT((#9186))
GLOBAL_UNIT_ASSIGNED_CONTEXT((#9193,#9195,#9196))
REPRESENTATION_CONTEXT('','3D')
);
#9191=(
GEOMETRIC_REPRESENTATION_CONTEXT(3)
GLOBAL_UNCERTAINTY_ASSIGNED_CONTEXT((#9187))
GLOBAL_UNIT_ASSIGNED_CONTEXT((#9193,#9195,#9196))
REPRESENTATION_CONTEXT('','3D')
);
#9192=(
GEOMETRIC_REPRESENTATION_CONTEXT(3)
GLOBAL_UNCERTAINTY_ASSIGNED_CONTEXT((#9188))
GLOBAL_UNIT_ASSIGNED_CONTEXT((#9193,#9195,#9196))
REPRESENTATION_CONTEXT('','3D')
);
#9193=(
LENGTH_UNIT()
NAMED_UNIT(*)
SI_UNIT(.MILLI.,.METRE.)
);
#9194=(
LENGTH_UNIT()
NAMED_UNIT(*)
SI_UNIT($,.METRE.)
);
#9195=(
NAMED_UNIT(*)
PLANE_ANGLE_UNIT()
SI_UNIT($,.RADIAN.)
);
#9196=(
NAMED_UNIT(*)
SI_UNIT($,.STERADIAN.)
SOLID_ANGLE_UNIT()
);
#9197=SHAPE_DEFINITION_REPRESENTATION(#9200,#9205);
#9198=SHAPE_DEFINITION_REPRESENTATION(#9201,#9206);
#9199=SHAPE_DEFINITION_REPRESENTATION(#9202,#9207);
#9200=PRODUCT_DEFINITION_SHAPE('',$,#9209);
#9201=PRODUCT_DEFINITION_SHAPE('',$,#9210);
#9202=PRODUCT_DEFINITION_SHAPE('',$,#9211);
#9203=PRODUCT_DEFINITION_SHAPE($,$,#17);
#9204=PRODUCT_DEFINITION_SHAPE($,$,#18);
#9205=SHAPE_REPRESENTATION('',(#4994,#5443,#5444),#9189);
#9206=SHAPE_REPRESENTATION('',(#4995),#9190);
#9207=SHAPE_REPRESENTATION('',(#5086),#9191);
#9208=PRODUCT_DEFINITION_CONTEXT('part definition',#9219,'design');
#9209=PRODUCT_DEFINITION('Laptop Cooler','Laptop Cooler v2 v3',#9212,#9208);
#9210=PRODUCT_DEFINITION('Laptop Hooks.f3d','Laptop Hooks.f3d v1',#9213,
#9208);
#9211=PRODUCT_DEFINITION('LuoT Switch,LED,andPMW Holder.f3d',
'LuoT Switch,LED,andPMW Holder.f3d v1',#9214,#9208);
#9212=PRODUCT_DEFINITION_FORMATION('',$,#9221);
#9213=PRODUCT_DEFINITION_FORMATION('',$,#9222);
#9214=PRODUCT_DEFINITION_FORMATION('',$,#9223);
#9215=PRODUCT_RELATED_PRODUCT_CATEGORY('Laptop Cooler v2 v3',
'Laptop Cooler v2 v3',(#9221));
#9216=PRODUCT_RELATED_PRODUCT_CATEGORY('Laptop Hooks.f3d v1',
'Laptop Hooks.f3d v1',(#9222));
#9217=PRODUCT_RELATED_PRODUCT_CATEGORY(
'LuoT Switch,LED,andPMW Holder.f3d v1',
'LuoT Switch,LED,andPMW Holder.f3d v1',(#9223));
#9218=APPLICATION_PROTOCOL_DEFINITION('international standard',
'automotive_design',2009,#9219);
#9219=APPLICATION_CONTEXT(
'Core Data for Automotive Mechanical Design Process');
#9220=PRODUCT_CONTEXT('part definition',#9219,'mechanical');
#9221=PRODUCT('Laptop Cooler','Laptop Cooler v2 v3',$,(#9220));
#9222=PRODUCT('Laptop Hooks.f3d','Laptop Hooks.f3d v1',$,(#9220));
#9223=PRODUCT('LuoT Switch,LED,andPMW Holder.f3d',
'LuoT Switch,LED,andPMW Holder.f3d v1',$,(#9220));
#9224=PRESENTATION_STYLE_ASSIGNMENT((#9227));
#9225=PRESENTATION_STYLE_ASSIGNMENT((#9228));
#9226=PRESENTATION_STYLE_ASSIGNMENT((#9229));
#9227=SURFACE_STYLE_USAGE(.BOTH.,#9230);
#9228=SURFACE_STYLE_USAGE(.BOTH.,#9231);
#9229=SURFACE_STYLE_USAGE(.BOTH.,#9232);
#9230=SURFACE_SIDE_STYLE('',(#9233));
#9231=SURFACE_SIDE_STYLE('',(#9234));
#9232=SURFACE_SIDE_STYLE('',(#9235));
#9233=SURFACE_STYLE_FILL_AREA(#9236);
#9234=SURFACE_STYLE_FILL_AREA(#9237);
#9235=SURFACE_STYLE_FILL_AREA(#9238);
#9236=FILL_AREA_STYLE('Steel - Satin',(#9239));
#9237=FILL_AREA_STYLE('Opaque(160,160,160)',(#9240));
#9238=FILL_AREA_STYLE('Opaque(233,29,45)',(#9241));
#9239=FILL_AREA_STYLE_COLOUR('Steel - Satin',#9242);
#9240=FILL_AREA_STYLE_COLOUR('Opaque(160,160,160)',#9243);
#9241=FILL_AREA_STYLE_COLOUR('Opaque(233,29,45)',#9244);
#9242=COLOUR_RGB('Steel - Satin',0.627450980392157,0.627450980392157,0.627450980392157);
#9243=COLOUR_RGB('Opaque(160,160,160)',0.627450980392157,0.627450980392157,
0.627450980392157);
#9244=COLOUR_RGB('Opaque(233,29,45)',0.913725490196078,0.113725490196078,
0.176470588235294);
ENDSEC;
END-ISO-10303-21;
