ISO-10303-21;
HEADER;
/* Generated by software containing ST-Developer
 * from STEP Tools, Inc. (www.steptools.com) 
 */

FILE_DESCRIPTION(
/* description */ (''),
/* implementation_level */ '2;1');

FILE_NAME(
/* name */ 'Laptop Cooler v9.step',
/* time_stamp */ '2025-08-01T10:43:49-07:00',
/* author */ (''),
/* organization */ (''),
/* preprocessor_version */ 'ST-DEVELOPER v20.1',
/* originating_system */ 'Autodesk Translation Framework v14.10.0.0',
/* authorisation */ '');

FILE_SCHEMA (('AUTOMOTIVE_DESIGN { 1 0 10303 214 3 1 1 }'));
ENDSEC;

DATA;
#10=MECHANICAL_DESIGN_GEOMETRIC_PRESENTATION_REPRESENTATION('',(#13,#14,
#15),#6162);
#11=SHAPE_REPRESENTATION_RELATIONSHIP('SRR','None',#6169,#12);
#12=ADVANCED_BREP_SHAPE_REPRESENTATION('',(#16,#17,#18),#6161);
#13=STYLED_ITEM('',(#6178),#16);
#14=STYLED_ITEM('',(#6178),#17);
#15=STYLED_ITEM('',(#6178),#18);
#16=MANIFOLD_SOLID_BREP('Body1',#3428);
#17=MANIFOLD_SOLID_BREP('Body2',#3429);
#18=MANIFOLD_SOLID_BREP('Body4',#3430);
#19=(
BOUNDED_SURFACE()
B_SPLINE_SURFACE(2,2,((#5657,#5658,#5659,#5660,#5661),(#5662,#5663,#5664,
#5665,#5666),(#5667,#5668,#5669,#5670,#5671)),.UNSPECIFIED.,.F.,.F.,.F.)
B_SPLINE_SURFACE_WITH_KNOTS((3,3),(3,2,3),(-3.14159265358979,-1.5707963267949),
(-3.14159265358979,-1.78717204784413,-0.432751442098471),.UNSPECIFIED.)
GEOMETRIC_REPRESENTATION_ITEM()
RATIONAL_B_SPLINE_SURFACE(((1.,0.779323832875463,1.,0.779323832875463,1.),
(0.707106781186547,0.551065166966531,0.707106781186547,0.551065166966531,
0.707106781186547),(1.,0.779323832875463,1.,0.779323832875463,1.)))
REPRESENTATION_ITEM('')
SURFACE()
);
#20=SPHERICAL_SURFACE('',#3497,4.);
#21=SPHERICAL_SURFACE('',#3533,2.);
#22=FACE_BOUND('',#1049,.T.);
#23=FACE_BOUND('',#1074,.T.);
#24=FACE_BOUND('',#1113,.T.);
#25=FACE_BOUND('',#1114,.T.);
#26=FACE_BOUND('',#1183,.T.);
#27=FACE_BOUND('',#1189,.T.);
#28=FACE_BOUND('',#1194,.T.);
#29=PLANE('',#3460);
#30=PLANE('',#3482);
#31=PLANE('',#3483);
#32=PLANE('',#3490);
#33=PLANE('',#3499);
#34=PLANE('',#3502);
#35=PLANE('',#3503);
#36=PLANE('',#3507);
#37=PLANE('',#3514);
#38=PLANE('',#3515);
#39=PLANE('',#3518);
#40=PLANE('',#3520);
#41=PLANE('',#3529);
#42=PLANE('',#3542);
#43=PLANE('',#3548);
#44=PLANE('',#3551);
#45=PLANE('',#3569);
#46=PLANE('',#3592);
#47=PLANE('',#3603);
#48=PLANE('',#3606);
#49=PLANE('',#3612);
#50=PLANE('',#3614);
#51=PLANE('',#3623);
#52=PLANE('',#3624);
#53=PLANE('',#3625);
#54=PLANE('',#3626);
#55=PLANE('',#3627);
#56=PLANE('',#3628);
#57=PLANE('',#3629);
#58=PLANE('',#3630);
#59=PLANE('',#3631);
#60=PLANE('',#3632);
#61=PLANE('',#3633);
#62=PLANE('',#3634);
#63=PLANE('',#3639);
#64=PLANE('',#3640);
#65=PLANE('',#3641);
#66=PLANE('',#3642);
#67=PLANE('',#3643);
#68=PLANE('',#3644);
#69=PLANE('',#3645);
#70=PLANE('',#3646);
#71=PLANE('',#3647);
#72=PLANE('',#3648);
#73=PLANE('',#3649);
#74=PLANE('',#3650);
#75=PLANE('',#3651);
#76=PLANE('',#3652);
#77=PLANE('',#3653);
#78=PLANE('',#3654);
#79=PLANE('',#3655);
#80=PLANE('',#3656);
#81=PLANE('',#3657);
#82=PLANE('',#3658);
#83=PLANE('',#3659);
#84=PLANE('',#3660);
#85=PLANE('',#3661);
#86=PLANE('',#3662);
#87=PLANE('',#3674);
#88=PLANE('',#3675);
#89=PLANE('',#3676);
#90=PLANE('',#3677);
#91=PLANE('',#3680);
#92=PLANE('',#3683);
#93=PLANE('',#3688);
#94=PLANE('',#3689);
#95=PLANE('',#3690);
#96=PLANE('',#3691);
#97=PLANE('',#3694);
#98=PLANE('',#3695);
#99=PLANE('',#3696);
#100=PLANE('',#3707);
#101=PLANE('',#3711);
#102=PLANE('',#3712);
#103=PLANE('',#3713);
#104=PLANE('',#3714);
#105=PLANE('',#3715);
#106=PLANE('',#3716);
#107=PLANE('',#3717);
#108=PLANE('',#3718);
#109=PLANE('',#3722);
#110=PLANE('',#3723);
#111=PLANE('',#3724);
#112=PLANE('',#3725);
#113=PLANE('',#3726);
#114=PLANE('',#3727);
#115=PLANE('',#3728);
#116=PLANE('',#3729);
#117=PLANE('',#3730);
#118=PLANE('',#3731);
#119=PLANE('',#3732);
#120=PLANE('',#3740);
#121=PLANE('',#3741);
#122=PLANE('',#3742);
#123=PLANE('',#3743);
#124=PLANE('',#3744);
#125=PLANE('',#3745);
#126=PLANE('',#3746);
#127=PLANE('',#3747);
#128=PLANE('',#3748);
#129=PLANE('',#3756);
#130=PLANE('',#3757);
#131=PLANE('',#3758);
#132=PLANE('',#3759);
#133=PLANE('',#3760);
#134=PLANE('',#3761);
#135=PLANE('',#3762);
#136=PLANE('',#3763);
#137=PLANE('',#3764);
#138=ELLIPSE('',#3455,2.74220732188812,1.15);
#139=ELLIPSE('',#3457,3.19330565342824,2.);
#140=ELLIPSE('',#3477,14.9764688890382,13.595867816345);
#141=ELLIPSE('',#3478,14.9764688890382,13.595867816345);
#142=ELLIPSE('',#3489,12.6491106406735,4.);
#143=ELLIPSE('',#3506,2.8284271247462,2.);
#144=ELLIPSE('',#3537,2.82842712474618,2.);
#145=ELLIPSE('',#3541,2.82842712474619,2.);
#146=ELLIPSE('',#3544,2.82842712474619,2.);
#147=ELLIPSE('',#3557,2.82842712474618,2.);
#148=ELLIPSE('',#3561,2.8284271247462,2.);
#149=ELLIPSE('',#3565,2.82842712474478,2.);
#150=ELLIPSE('',#3567,2.8284271247476,2.);
#151=ELLIPSE('',#3590,2.8284271247462,2.);
#152=ELLIPSE('',#3600,2.8284271247462,2.);
#153=B_SPLINE_SURFACE_WITH_KNOTS('',3,3,((#4779,#4780,#4781,#4782,#4783,
#4784),(#4785,#4786,#4787,#4788,#4789,#4790),(#4791,#4792,#4793,#4794,#4795,
#4796),(#4797,#4798,#4799,#4800,#4801,#4802),(#4803,#4804,#4805,#4806,#4807,
#4808),(#4809,#4810,#4811,#4812,#4813,#4814),(#4815,#4816,#4817,#4818,#4819,
#4820)),.UNSPECIFIED.,.F.,.F.,.F.,(4,1,1,1,4),(4,1,1,4),(0.,0.285714285714286,
0.571428571428571,0.785714285714286,1.),(0.,0.310603708622657,0.465905562933986,
1.0871129801793),.UNSPECIFIED.);
#154=B_SPLINE_SURFACE_WITH_KNOTS('',3,3,((#4870,#4871,#4872,#4873),(#4874,
#4875,#4876,#4877),(#4878,#4879,#4880,#4881),(#4882,#4883,#4884,#4885),
(#4886,#4887,#4888,#4889),(#4890,#4891,#4892,#4893)),.UNSPECIFIED.,.F.,
 .F.,.F.,(4,1,1,4),(4,4),(0.,0.285714285714286,0.571428571428571,1.),(0.,
0.0891052639686765),.UNSPECIFIED.);
#155=B_SPLINE_SURFACE_WITH_KNOTS('',3,3,((#5355,#5356,#5357,#5358,#5359,
#5360,#5361,#5362,#5363,#5364),(#5365,#5366,#5367,#5368,#5369,#5370,#5371,
#5372,#5373,#5374),(#5375,#5376,#5377,#5378,#5379,#5380,#5381,#5382,#5383,
#5384),(#5385,#5386,#5387,#5388,#5389,#5390,#5391,#5392,#5393,#5394),(#5395,
#5396,#5397,#5398,#5399,#5400,#5401,#5402,#5403,#5404)),.UNSPECIFIED.,.F.,
 .F.,.F.,(4,1,4),(4,1,1,1,1,1,1,4),(0.,0.5,1.),(-5.00491001414968,-4.98787377269669,
-4.9708375312437,-4.93676504833772,-4.86862008252576,-4.73233015090184,
-4.59604021927792,-4.05088049278224),.UNSPECIFIED.);
#156=B_SPLINE_SURFACE_WITH_KNOTS('',3,3,((#5431,#5432,#5433,#5434,#5435,
#5436,#5437,#5438,#5439,#5440,#5441),(#5442,#5443,#5444,#5445,#5446,#5447,
#5448,#5449,#5450,#5451,#5452),(#5453,#5454,#5455,#5456,#5457,#5458,#5459,
#5460,#5461,#5462,#5463),(#5464,#5465,#5466,#5467,#5468,#5469,#5470,#5471,
#5472,#5473,#5474),(#5475,#5476,#5477,#5478,#5479,#5480,#5481,#5482,#5483,
#5484,#5485)),.UNSPECIFIED.,.F.,.F.,.F.,(4,1,4),(4,1,1,1,1,1,1,1,4),(0.,
0.5,1.),(-5.17229502674441,-4.76298842937672,-4.62655289692082,-4.49011736446492,
-4.35368183200902,-4.28546406578107,-4.2513551826671,-4.23430074111011,
-4.21724629955312),.UNSPECIFIED.);
#157=LINE('',#4777,#492);
#158=LINE('',#4778,#493);
#159=LINE('',#4847,#494);
#160=LINE('',#4851,#495);
#161=LINE('',#4868,#496);
#162=LINE('',#4869,#497);
#163=LINE('',#4905,#498);
#164=LINE('',#4907,#499);
#165=LINE('',#4909,#500);
#166=LINE('',#4910,#501);
#167=LINE('',#4912,#502);
#168=LINE('',#4914,#503);
#169=LINE('',#4916,#504);
#170=LINE('',#4918,#505);
#171=LINE('',#4920,#506);
#172=LINE('',#4922,#507);
#173=LINE('',#4924,#508);
#174=LINE('',#4926,#509);
#175=LINE('',#4928,#510);
#176=LINE('',#4930,#511);
#177=LINE('',#4954,#512);
#178=LINE('',#4958,#513);
#179=LINE('',#4962,#514);
#180=LINE('',#4966,#515);
#181=LINE('',#4983,#516);
#182=LINE('',#4988,#517);
#183=LINE('',#5006,#518);
#184=LINE('',#5010,#519);
#185=LINE('',#5011,#520);
#186=LINE('',#5014,#521);
#187=LINE('',#5015,#522);
#188=LINE('',#5023,#523);
#189=LINE('',#5028,#524);
#190=LINE('',#5031,#525);
#191=LINE('',#5033,#526);
#192=LINE('',#5034,#527);
#193=LINE('',#5040,#528);
#194=LINE('',#5043,#529);
#195=LINE('',#5048,#530);
#196=LINE('',#5051,#531);
#197=LINE('',#5056,#532);
#198=LINE('',#5058,#533);
#199=LINE('',#5060,#534);
#200=LINE('',#5061,#535);
#201=LINE('',#5064,#536);
#202=LINE('',#5068,#537);
#203=LINE('',#5069,#538);
#204=LINE('',#5072,#539);
#205=LINE('',#5073,#540);
#206=LINE('',#5078,#541);
#207=LINE('',#5091,#542);
#208=LINE('',#5094,#543);
#209=LINE('',#5096,#544);
#210=LINE('',#5098,#545);
#211=LINE('',#5099,#546);
#212=LINE('',#5102,#547);
#213=LINE('',#5104,#548);
#214=LINE('',#5106,#549);
#215=LINE('',#5107,#550);
#216=LINE('',#5110,#551);
#217=LINE('',#5114,#552);
#218=LINE('',#5115,#553);
#219=LINE('',#5117,#554);
#220=LINE('',#5118,#555);
#221=LINE('',#5123,#556);
#222=LINE('',#5126,#557);
#223=LINE('',#5128,#558);
#224=LINE('',#5129,#559);
#225=LINE('',#5146,#560);
#226=LINE('',#5149,#561);
#227=LINE('',#5179,#562);
#228=LINE('',#5196,#563);
#229=LINE('',#5199,#564);
#230=LINE('',#5240,#565);
#231=LINE('',#5242,#566);
#232=LINE('',#5244,#567);
#233=LINE('',#5246,#568);
#234=LINE('',#5248,#569);
#235=LINE('',#5261,#570);
#236=LINE('',#5262,#571);
#237=LINE('',#5263,#572);
#238=LINE('',#5265,#573);
#239=LINE('',#5269,#574);
#240=LINE('',#5276,#575);
#241=LINE('',#5279,#576);
#242=LINE('',#5283,#577);
#243=LINE('',#5286,#578);
#244=LINE('',#5289,#579);
#245=LINE('',#5292,#580);
#246=LINE('',#5294,#581);
#247=LINE('',#5295,#582);
#248=LINE('',#5300,#583);
#249=LINE('',#5303,#584);
#250=LINE('',#5308,#585);
#251=LINE('',#5310,#586);
#252=LINE('',#5312,#587);
#253=LINE('',#5326,#588);
#254=LINE('',#5328,#589);
#255=LINE('',#5330,#590);
#256=LINE('',#5343,#591);
#257=LINE('',#5345,#592);
#258=LINE('',#5346,#593);
#259=LINE('',#5347,#594);
#260=LINE('',#5350,#595);
#261=LINE('',#5353,#596);
#262=LINE('',#5354,#597);
#263=LINE('',#5423,#598);
#264=LINE('',#5427,#599);
#265=LINE('',#5506,#600);
#266=LINE('',#5509,#601);
#267=LINE('',#5512,#602);
#268=LINE('',#5531,#603);
#269=LINE('',#5545,#604);
#270=LINE('',#5551,#605);
#271=LINE('',#5553,#606);
#272=LINE('',#5557,#607);
#273=LINE('',#5560,#608);
#274=LINE('',#5563,#609);
#275=LINE('',#5567,#610);
#276=LINE('',#5570,#611);
#277=LINE('',#5572,#612);
#278=LINE('',#5575,#613);
#279=LINE('',#5577,#614);
#280=LINE('',#5579,#615);
#281=LINE('',#5583,#616);
#282=LINE('',#5584,#617);
#283=LINE('',#5586,#618);
#284=LINE('',#5590,#619);
#285=LINE('',#5593,#620);
#286=LINE('',#5598,#621);
#287=LINE('',#5602,#622);
#288=LINE('',#5606,#623);
#289=LINE('',#5610,#624);
#290=LINE('',#5614,#625);
#291=LINE('',#5619,#626);
#292=LINE('',#5626,#627);
#293=LINE('',#5630,#628);
#294=LINE('',#5635,#629);
#295=LINE('',#5641,#630);
#296=LINE('',#5651,#631);
#297=LINE('',#5655,#632);
#298=LINE('',#5675,#633);
#299=LINE('',#5680,#634);
#300=LINE('',#5687,#635);
#301=LINE('',#5690,#636);
#302=LINE('',#5693,#637);
#303=LINE('',#5696,#638);
#304=LINE('',#5699,#639);
#305=LINE('',#5702,#640);
#306=LINE('',#5706,#641);
#307=LINE('',#5708,#642);
#308=LINE('',#5710,#643);
#309=LINE('',#5711,#644);
#310=LINE('',#5714,#645);
#311=LINE('',#5716,#646);
#312=LINE('',#5718,#647);
#313=LINE('',#5719,#648);
#314=LINE('',#5721,#649);
#315=LINE('',#5723,#650);
#316=LINE('',#5724,#651);
#317=LINE('',#5726,#652);
#318=LINE('',#5728,#653);
#319=LINE('',#5729,#654);
#320=LINE('',#5731,#655);
#321=LINE('',#5733,#656);
#322=LINE('',#5734,#657);
#323=LINE('',#5736,#658);
#324=LINE('',#5738,#659);
#325=LINE('',#5739,#660);
#326=LINE('',#5742,#661);
#327=LINE('',#5744,#662);
#328=LINE('',#5745,#663);
#329=LINE('',#5748,#664);
#330=LINE('',#5750,#665);
#331=LINE('',#5751,#666);
#332=LINE('',#5753,#667);
#333=LINE('',#5755,#668);
#334=LINE('',#5759,#669);
#335=LINE('',#5761,#670);
#336=LINE('',#5762,#671);
#337=LINE('',#5765,#672);
#338=LINE('',#5766,#673);
#339=LINE('',#5769,#674);
#340=LINE('',#5770,#675);
#341=LINE('',#5772,#676);
#342=LINE('',#5777,#677);
#343=LINE('',#5782,#678);
#344=LINE('',#5786,#679);
#345=LINE('',#5788,#680);
#346=LINE('',#5790,#681);
#347=LINE('',#5791,#682);
#348=LINE('',#5793,#683);
#349=LINE('',#5795,#684);
#350=LINE('',#5796,#685);
#351=LINE('',#5798,#686);
#352=LINE('',#5800,#687);
#353=LINE('',#5802,#688);
#354=LINE('',#5804,#689);
#355=LINE('',#5806,#690);
#356=LINE('',#5808,#691);
#357=LINE('',#5810,#692);
#358=LINE('',#5812,#693);
#359=LINE('',#5814,#694);
#360=LINE('',#5815,#695);
#361=LINE('',#5818,#696);
#362=LINE('',#5820,#697);
#363=LINE('',#5821,#698);
#364=LINE('',#5823,#699);
#365=LINE('',#5825,#700);
#366=LINE('',#5826,#701);
#367=LINE('',#5831,#702);
#368=LINE('',#5832,#703);
#369=LINE('',#5835,#704);
#370=LINE('',#5837,#705);
#371=LINE('',#5838,#706);
#372=LINE('',#5839,#707);
#373=LINE('',#5840,#708);
#374=LINE('',#5842,#709);
#375=LINE('',#5843,#710);
#376=LINE('',#5848,#711);
#377=LINE('',#5849,#712);
#378=LINE('',#5852,#713);
#379=LINE('',#5854,#714);
#380=LINE('',#5855,#715);
#381=LINE('',#5858,#716);
#382=LINE('',#5859,#717);
#383=LINE('',#5861,#718);
#384=LINE('',#5863,#719);
#385=LINE('',#5866,#720);
#386=LINE('',#5870,#721);
#387=LINE('',#5876,#722);
#388=LINE('',#5884,#723);
#389=LINE('',#5891,#724);
#390=LINE('',#5894,#725);
#391=LINE('',#5896,#726);
#392=LINE('',#5897,#727);
#393=LINE('',#5901,#728);
#394=LINE('',#5902,#729);
#395=LINE('',#5903,#730);
#396=LINE('',#5905,#731);
#397=LINE('',#5906,#732);
#398=LINE('',#5911,#733);
#399=LINE('',#5913,#734);
#400=LINE('',#5916,#735);
#401=LINE('',#5919,#736);
#402=LINE('',#5923,#737);
#403=LINE('',#5929,#738);
#404=LINE('',#5933,#739);
#405=LINE('',#5937,#740);
#406=LINE('',#5938,#741);
#407=LINE('',#5940,#742);
#408=LINE('',#5941,#743);
#409=LINE('',#5943,#744);
#410=LINE('',#5944,#745);
#411=LINE('',#5949,#746);
#412=LINE('',#5951,#747);
#413=LINE('',#5953,#748);
#414=LINE('',#5957,#749);
#415=LINE('',#5958,#750);
#416=LINE('',#5961,#751);
#417=LINE('',#5962,#752);
#418=LINE('',#5965,#753);
#419=LINE('',#5967,#754);
#420=LINE('',#5968,#755);
#421=LINE('',#5971,#756);
#422=LINE('',#5978,#757);
#423=LINE('',#5981,#758);
#424=LINE('',#5985,#759);
#425=LINE('',#5988,#760);
#426=LINE('',#5992,#761);
#427=LINE('',#5994,#762);
#428=LINE('',#5996,#763);
#429=LINE('',#5997,#764);
#430=LINE('',#6001,#765);
#431=LINE('',#6004,#766);
#432=LINE('',#6007,#767);
#433=LINE('',#6009,#768);
#434=LINE('',#6010,#769);
#435=LINE('',#6012,#770);
#436=LINE('',#6013,#771);
#437=LINE('',#6015,#772);
#438=LINE('',#6016,#773);
#439=LINE('',#6019,#774);
#440=LINE('',#6021,#775);
#441=LINE('',#6022,#776);
#442=LINE('',#6024,#777);
#443=LINE('',#6026,#778);
#444=LINE('',#6027,#779);
#445=LINE('',#6029,#780);
#446=LINE('',#6031,#781);
#447=LINE('',#6033,#782);
#448=LINE('',#6034,#783);
#449=LINE('',#6039,#784);
#450=LINE('',#6041,#785);
#451=LINE('',#6047,#786);
#452=LINE('',#6052,#787);
#453=LINE('',#6053,#788);
#454=LINE('',#6055,#789);
#455=LINE('',#6057,#790);
#456=LINE('',#6063,#791);
#457=LINE('',#6067,#792);
#458=LINE('',#6071,#793);
#459=LINE('',#6075,#794);
#460=LINE('',#6079,#795);
#461=LINE('',#6084,#796);
#462=LINE('',#6086,#797);
#463=LINE('',#6087,#798);
#464=LINE('',#6090,#799);
#465=LINE('',#6091,#800);
#466=LINE('',#6094,#801);
#467=LINE('',#6095,#802);
#468=LINE('',#6098,#803);
#469=LINE('',#6099,#804);
#470=LINE('',#6102,#805);
#471=LINE('',#6103,#806);
#472=LINE('',#6105,#807);
#473=LINE('',#6107,#808);
#474=LINE('',#6113,#809);
#475=LINE('',#6117,#810);
#476=LINE('',#6121,#811);
#477=LINE('',#6125,#812);
#478=LINE('',#6129,#813);
#479=LINE('',#6134,#814);
#480=LINE('',#6136,#815);
#481=LINE('',#6137,#816);
#482=LINE('',#6140,#817);
#483=LINE('',#6141,#818);
#484=LINE('',#6144,#819);
#485=LINE('',#6145,#820);
#486=LINE('',#6148,#821);
#487=LINE('',#6149,#822);
#488=LINE('',#6152,#823);
#489=LINE('',#6153,#824);
#490=LINE('',#6155,#825);
#491=LINE('',#6157,#826);
#492=VECTOR('',#3787,10.);
#493=VECTOR('',#3788,10.);
#494=VECTOR('',#3799,10.);
#495=VECTOR('',#3802,10.);
#496=VECTOR('',#3803,10.);
#497=VECTOR('',#3804,10.);
#498=VECTOR('',#3807,10.);
#499=VECTOR('',#3808,10.);
#500=VECTOR('',#3809,10.);
#501=VECTOR('',#3810,10.);
#502=VECTOR('',#3811,10.);
#503=VECTOR('',#3812,10.);
#504=VECTOR('',#3813,10.);
#505=VECTOR('',#3814,10.);
#506=VECTOR('',#3815,10.);
#507=VECTOR('',#3816,10.);
#508=VECTOR('',#3817,10.);
#509=VECTOR('',#3818,10.);
#510=VECTOR('',#3819,10.);
#511=VECTOR('',#3820,10.);
#512=VECTOR('',#3845,10.);
#513=VECTOR('',#3848,10.);
#514=VECTOR('',#3851,10.);
#515=VECTOR('',#3854,13.595867816345);
#516=VECTOR('',#3857,10.);
#517=VECTOR('',#3862,10.);
#518=VECTOR('',#3867,10.);
#519=VECTOR('',#3872,10.);
#520=VECTOR('',#3873,10.);
#521=VECTOR('',#3876,10.);
#522=VECTOR('',#3877,10.);
#523=VECTOR('',#3886,10.);
#524=VECTOR('',#3891,10.);
#525=VECTOR('',#3894,10.);
#526=VECTOR('',#3895,10.);
#527=VECTOR('',#3896,10.);
#528=VECTOR('',#3901,10.);
#529=VECTOR('',#3904,10.);
#530=VECTOR('',#3909,10.);
#531=VECTOR('',#3912,10.);
#532=VECTOR('',#3919,10.);
#533=VECTOR('',#3920,10.);
#534=VECTOR('',#3921,10.);
#535=VECTOR('',#3922,10.);
#536=VECTOR('',#3925,10.);
#537=VECTOR('',#3930,10.);
#538=VECTOR('',#3931,10.);
#539=VECTOR('',#3934,10.);
#540=VECTOR('',#3935,10.);
#541=VECTOR('',#3940,10.);
#542=VECTOR('',#3957,10.);
#543=VECTOR('',#3960,10.);
#544=VECTOR('',#3961,10.);
#545=VECTOR('',#3962,10.);
#546=VECTOR('',#3963,10.);
#547=VECTOR('',#3966,10.);
#548=VECTOR('',#3967,10.);
#549=VECTOR('',#3968,10.);
#550=VECTOR('',#3969,10.);
#551=VECTOR('',#3972,10.);
#552=VECTOR('',#3977,10.);
#553=VECTOR('',#3978,10.);
#554=VECTOR('',#3981,10.);
#555=VECTOR('',#3982,10.);
#556=VECTOR('',#3987,10.);
#557=VECTOR('',#3990,10.);
#558=VECTOR('',#3991,10.);
#559=VECTOR('',#3992,10.);
#560=VECTOR('',#3997,10.);
#561=VECTOR('',#4000,10.);
#562=VECTOR('',#4003,10.);
#563=VECTOR('',#4006,10.);
#564=VECTOR('',#4009,10.);
#565=VECTOR('',#4012,10.);
#566=VECTOR('',#4013,10.);
#567=VECTOR('',#4014,10.);
#568=VECTOR('',#4015,10.);
#569=VECTOR('',#4016,10.);
#570=VECTOR('',#4017,10.);
#571=VECTOR('',#4018,10.);
#572=VECTOR('',#4019,10.);
#573=VECTOR('',#4022,10.);
#574=VECTOR('',#4027,10.);
#575=VECTOR('',#4036,10.);
#576=VECTOR('',#4039,10.);
#577=VECTOR('',#4044,10.);
#578=VECTOR('',#4047,10.);
#579=VECTOR('',#4050,10.);
#580=VECTOR('',#4053,10.);
#581=VECTOR('',#4054,10.);
#582=VECTOR('',#4055,10.);
#583=VECTOR('',#4060,10.);
#584=VECTOR('',#4063,10.);
#585=VECTOR('',#4070,10.);
#586=VECTOR('',#4071,10.);
#587=VECTOR('',#4072,10.);
#588=VECTOR('',#4073,10.);
#589=VECTOR('',#4074,10.);
#590=VECTOR('',#4075,10.);
#591=VECTOR('',#4076,10.);
#592=VECTOR('',#4077,10.);
#593=VECTOR('',#4078,10.);
#594=VECTOR('',#4079,10.);
#595=VECTOR('',#4084,10.);
#596=VECTOR('',#4087,10.);
#597=VECTOR('',#4088,10.);
#598=VECTOR('',#4095,10.);
#599=VECTOR('',#4098,10.);
#600=VECTOR('',#4113,10.);
#601=VECTOR('',#4116,10.);
#602=VECTOR('',#4119,10.);
#603=VECTOR('',#4126,10.);
#604=VECTOR('',#4129,10.);
#605=VECTOR('',#4138,10.);
#606=VECTOR('',#4139,10.);
#607=VECTOR('',#4142,10.);
#608=VECTOR('',#4145,10.);
#609=VECTOR('',#4148,10.);
#610=VECTOR('',#4151,10.);
#611=VECTOR('',#4154,10.);
#612=VECTOR('',#4155,10.);
#613=VECTOR('',#4158,10.);
#614=VECTOR('',#4159,10.);
#615=VECTOR('',#4160,10.);
#616=VECTOR('',#4163,10.);
#617=VECTOR('',#4164,10.);
#618=VECTOR('',#4165,10.);
#619=VECTOR('',#4168,10.);
#620=VECTOR('',#4171,10.);
#621=VECTOR('',#4176,10.);
#622=VECTOR('',#4179,10.);
#623=VECTOR('',#4182,10.);
#624=VECTOR('',#4185,10.);
#625=VECTOR('',#4190,10.);
#626=VECTOR('',#4197,10.);
#627=VECTOR('',#4206,10.);
#628=VECTOR('',#4209,10.);
#629=VECTOR('',#4214,10.);
#630=VECTOR('',#4223,10.);
#631=VECTOR('',#4238,10.);
#632=VECTOR('',#4241,10.);
#633=VECTOR('',#4246,10.);
#634=VECTOR('',#4251,10.);
#635=VECTOR('',#4258,10.);
#636=VECTOR('',#4261,10.);
#637=VECTOR('',#4264,10.);
#638=VECTOR('',#4267,10.);
#639=VECTOR('',#4270,10.);
#640=VECTOR('',#4273,10.);
#641=VECTOR('',#4276,10.);
#642=VECTOR('',#4277,10.);
#643=VECTOR('',#4278,10.);
#644=VECTOR('',#4279,10.);
#645=VECTOR('',#4280,10.);
#646=VECTOR('',#4281,10.);
#647=VECTOR('',#4282,10.);
#648=VECTOR('',#4283,10.);
#649=VECTOR('',#4284,10.);
#650=VECTOR('',#4285,10.);
#651=VECTOR('',#4286,10.);
#652=VECTOR('',#4287,10.);
#653=VECTOR('',#4288,10.);
#654=VECTOR('',#4289,10.);
#655=VECTOR('',#4290,10.);
#656=VECTOR('',#4291,10.);
#657=VECTOR('',#4292,10.);
#658=VECTOR('',#4293,10.);
#659=VECTOR('',#4294,10.);
#660=VECTOR('',#4295,10.);
#661=VECTOR('',#4298,10.);
#662=VECTOR('',#4299,10.);
#663=VECTOR('',#4300,10.);
#664=VECTOR('',#4303,10.);
#665=VECTOR('',#4304,10.);
#666=VECTOR('',#4305,10.);
#667=VECTOR('',#4308,10.);
#668=VECTOR('',#4311,10.);
#669=VECTOR('',#4316,10.);
#670=VECTOR('',#4317,10.);
#671=VECTOR('',#4318,10.);
#672=VECTOR('',#4321,10.);
#673=VECTOR('',#4322,10.);
#674=VECTOR('',#4325,10.);
#675=VECTOR('',#4326,10.);
#676=VECTOR('',#4329,10.);
#677=VECTOR('',#4334,10.);
#678=VECTOR('',#4341,8.);
#679=VECTOR('',#4346,10.);
#680=VECTOR('',#4347,10.);
#681=VECTOR('',#4348,10.);
#682=VECTOR('',#4349,10.);
#683=VECTOR('',#4352,10.);
#684=VECTOR('',#4353,10.);
#685=VECTOR('',#4354,10.);
#686=VECTOR('',#4357,10.);
#687=VECTOR('',#4360,10.);
#688=VECTOR('',#4361,10.);
#689=VECTOR('',#4362,10.);
#690=VECTOR('',#4363,10.);
#691=VECTOR('',#4364,10.);
#692=VECTOR('',#4365,10.);
#693=VECTOR('',#4366,10.);
#694=VECTOR('',#4367,10.);
#695=VECTOR('',#4368,10.);
#696=VECTOR('',#4371,10.);
#697=VECTOR('',#4372,10.);
#698=VECTOR('',#4373,10.);
#699=VECTOR('',#4376,10.);
#700=VECTOR('',#4377,10.);
#701=VECTOR('',#4378,10.);
#702=VECTOR('',#4385,10.);
#703=VECTOR('',#4386,10.);
#704=VECTOR('',#4389,10.);
#705=VECTOR('',#4390,10.);
#706=VECTOR('',#4391,10.);
#707=VECTOR('',#4392,10.);
#708=VECTOR('',#4393,10.);
#709=VECTOR('',#4396,10.);
#710=VECTOR('',#4397,10.);
#711=VECTOR('',#4404,10.);
#712=VECTOR('',#4405,10.);
#713=VECTOR('',#4408,10.);
#714=VECTOR('',#4409,10.);
#715=VECTOR('',#4410,10.);
#716=VECTOR('',#4413,10.);
#717=VECTOR('',#4414,10.);
#718=VECTOR('',#4417,10.);
#719=VECTOR('',#4420,10.);
#720=VECTOR('',#4425,10.);
#721=VECTOR('',#4432,10.);
#722=VECTOR('',#4439,8.13186844083997);
#723=VECTOR('',#4450,10.);
#724=VECTOR('',#4459,10.);
#725=VECTOR('',#4462,10.);
#726=VECTOR('',#4463,10.);
#727=VECTOR('',#4464,10.);
#728=VECTOR('',#4467,10.);
#729=VECTOR('',#4468,10.);
#730=VECTOR('',#4469,10.);
#731=VECTOR('',#4472,10.);
#732=VECTOR('',#4473,10.);
#733=VECTOR('',#4478,10.);
#734=VECTOR('',#4479,10.);
#735=VECTOR('',#4482,10.);
#736=VECTOR('',#4485,10.);
#737=VECTOR('',#4488,10.);
#738=VECTOR('',#4495,10.);
#739=VECTOR('',#4498,10.);
#740=VECTOR('',#4505,10.);
#741=VECTOR('',#4506,10.);
#742=VECTOR('',#4509,10.);
#743=VECTOR('',#4510,10.);
#744=VECTOR('',#4513,10.);
#745=VECTOR('',#4514,10.);
#746=VECTOR('',#4519,10.);
#747=VECTOR('',#4520,10.);
#748=VECTOR('',#4521,10.);
#749=VECTOR('',#4526,10.);
#750=VECTOR('',#4527,10.);
#751=VECTOR('',#4530,10.);
#752=VECTOR('',#4531,10.);
#753=VECTOR('',#4534,10.);
#754=VECTOR('',#4535,10.);
#755=VECTOR('',#4536,10.);
#756=VECTOR('',#4539,13.595867816345);
#757=VECTOR('',#4550,10.);
#758=VECTOR('',#4553,10.);
#759=VECTOR('',#4558,10.);
#760=VECTOR('',#4561,10.);
#761=VECTOR('',#4564,10.);
#762=VECTOR('',#4565,10.);
#763=VECTOR('',#4566,10.);
#764=VECTOR('',#4567,10.);
#765=VECTOR('',#4572,10.);
#766=VECTOR('',#4575,10.);
#767=VECTOR('',#4578,10.);
#768=VECTOR('',#4579,10.);
#769=VECTOR('',#4580,10.);
#770=VECTOR('',#4583,10.);
#771=VECTOR('',#4584,10.);
#772=VECTOR('',#4585,10.);
#773=VECTOR('',#4586,10.);
#774=VECTOR('',#4589,10.);
#775=VECTOR('',#4590,10.);
#776=VECTOR('',#4591,10.);
#777=VECTOR('',#4594,10.);
#778=VECTOR('',#4597,10.);
#779=VECTOR('',#4598,10.);
#780=VECTOR('',#4601,10.);
#781=VECTOR('',#4602,10.);
#782=VECTOR('',#4603,10.);
#783=VECTOR('',#4604,10.);
#784=VECTOR('',#4611,10.);
#785=VECTOR('',#4614,10.);
#786=VECTOR('',#4625,10.);
#787=VECTOR('',#4634,10.);
#788=VECTOR('',#4635,10.);
#789=VECTOR('',#4638,10.);
#790=VECTOR('',#4641,10.);
#791=VECTOR('',#4648,4.951);
#792=VECTOR('',#4651,10.);
#793=VECTOR('',#4654,10.);
#794=VECTOR('',#4657,10.);
#795=VECTOR('',#4660,10.);
#796=VECTOR('',#4667,10.);
#797=VECTOR('',#4668,10.);
#798=VECTOR('',#4669,10.);
#799=VECTOR('',#4672,10.);
#800=VECTOR('',#4673,10.);
#801=VECTOR('',#4676,10.);
#802=VECTOR('',#4677,10.);
#803=VECTOR('',#4680,10.);
#804=VECTOR('',#4681,10.);
#805=VECTOR('',#4684,10.);
#806=VECTOR('',#4685,10.);
#807=VECTOR('',#4688,10.);
#808=VECTOR('',#4691,10.);
#809=VECTOR('',#4698,4.951);
#810=VECTOR('',#4701,10.);
#811=VECTOR('',#4704,10.);
#812=VECTOR('',#4707,10.);
#813=VECTOR('',#4710,10.);
#814=VECTOR('',#4717,10.);
#815=VECTOR('',#4718,10.);
#816=VECTOR('',#4719,10.);
#817=VECTOR('',#4722,10.);
#818=VECTOR('',#4723,10.);
#819=VECTOR('',#4726,10.);
#820=VECTOR('',#4727,10.);
#821=VECTOR('',#4730,10.);
#822=VECTOR('',#4731,10.);
#823=VECTOR('',#4734,10.);
#824=VECTOR('',#4735,10.);
#825=VECTOR('',#4738,10.);
#826=VECTOR('',#4741,10.);
#827=CYLINDRICAL_SURFACE('',#3452,0.85);
#828=CYLINDRICAL_SURFACE('',#3458,0.85);
#829=CYLINDRICAL_SURFACE('',#3472,13.595867816345);
#830=CYLINDRICAL_SURFACE('',#3484,2.);
#831=CYLINDRICAL_SURFACE('',#3486,4.);
#832=CYLINDRICAL_SURFACE('',#3491,4.);
#833=CYLINDRICAL_SURFACE('',#3494,4.);
#834=CYLINDRICAL_SURFACE('',#3500,4.);
#835=CYLINDRICAL_SURFACE('',#3504,2.);
#836=CYLINDRICAL_SURFACE('',#3511,2.);
#837=CYLINDRICAL_SURFACE('',#3516,2.);
#838=CYLINDRICAL_SURFACE('',#3519,2.);
#839=CYLINDRICAL_SURFACE('',#3523,2.);
#840=CYLINDRICAL_SURFACE('',#3525,13.595867816345);
#841=CYLINDRICAL_SURFACE('',#3530,2.);
#842=CYLINDRICAL_SURFACE('',#3531,2.);
#843=CYLINDRICAL_SURFACE('',#3536,2.);
#844=CYLINDRICAL_SURFACE('',#3538,2.);
#845=CYLINDRICAL_SURFACE('',#3540,2.);
#846=CYLINDRICAL_SURFACE('',#3543,2.);
#847=CYLINDRICAL_SURFACE('',#3550,2.);
#848=CYLINDRICAL_SURFACE('',#3554,2.);
#849=CYLINDRICAL_SURFACE('',#3560,2.);
#850=CYLINDRICAL_SURFACE('',#3564,2.);
#851=CYLINDRICAL_SURFACE('',#3566,2.);
#852=CYLINDRICAL_SURFACE('',#3568,2.);
#853=CYLINDRICAL_SURFACE('',#3571,90.);
#854=CYLINDRICAL_SURFACE('',#3588,2.);
#855=CYLINDRICAL_SURFACE('',#3591,2.);
#856=CYLINDRICAL_SURFACE('',#3594,13.595867816345);
#857=CYLINDRICAL_SURFACE('',#3598,2.);
#858=CYLINDRICAL_SURFACE('',#3602,2.);
#859=CYLINDRICAL_SURFACE('',#3608,13.595867816345);
#860=CYLINDRICAL_SURFACE('',#3616,5.75329873142696);
#861=CYLINDRICAL_SURFACE('',#3619,5.75329873142696);
#862=CYLINDRICAL_SURFACE('',#3621,5.75329873142696);
#863=CYLINDRICAL_SURFACE('',#3636,8.);
#864=CYLINDRICAL_SURFACE('',#3663,8.13186844083997);
#865=CYLINDRICAL_SURFACE('',#3666,13.595867816345);
#866=CYLINDRICAL_SURFACE('',#3668,13.595867816345);
#867=CYLINDRICAL_SURFACE('',#3671,13.595867816345);
#868=CYLINDRICAL_SURFACE('',#3697,13.595867816345);
#869=CYLINDRICAL_SURFACE('',#3701,13.595867816345);
#870=CYLINDRICAL_SURFACE('',#3704,13.595867816345);
#871=CYLINDRICAL_SURFACE('',#3708,13.595867816345);
#872=CYLINDRICAL_SURFACE('',#3720,13.595867816345);
#873=CYLINDRICAL_SURFACE('',#3733,4.951);
#874=CYLINDRICAL_SURFACE('',#3749,4.951);
#875=FACE_OUTER_BOUND('',#1042,.T.);
#876=FACE_OUTER_BOUND('',#1043,.T.);
#877=FACE_OUTER_BOUND('',#1044,.T.);
#878=FACE_OUTER_BOUND('',#1045,.T.);
#879=FACE_OUTER_BOUND('',#1046,.T.);
#880=FACE_OUTER_BOUND('',#1047,.T.);
#881=FACE_OUTER_BOUND('',#1048,.T.);
#882=FACE_OUTER_BOUND('',#1050,.T.);
#883=FACE_OUTER_BOUND('',#1051,.T.);
#884=FACE_OUTER_BOUND('',#1052,.T.);
#885=FACE_OUTER_BOUND('',#1053,.T.);
#886=FACE_OUTER_BOUND('',#1054,.T.);
#887=FACE_OUTER_BOUND('',#1055,.T.);
#888=FACE_OUTER_BOUND('',#1056,.T.);
#889=FACE_OUTER_BOUND('',#1057,.T.);
#890=FACE_OUTER_BOUND('',#1058,.T.);
#891=FACE_OUTER_BOUND('',#1059,.T.);
#892=FACE_OUTER_BOUND('',#1060,.T.);
#893=FACE_OUTER_BOUND('',#1061,.T.);
#894=FACE_OUTER_BOUND('',#1062,.T.);
#895=FACE_OUTER_BOUND('',#1063,.T.);
#896=FACE_OUTER_BOUND('',#1064,.T.);
#897=FACE_OUTER_BOUND('',#1065,.T.);
#898=FACE_OUTER_BOUND('',#1066,.T.);
#899=FACE_OUTER_BOUND('',#1067,.T.);
#900=FACE_OUTER_BOUND('',#1068,.T.);
#901=FACE_OUTER_BOUND('',#1069,.T.);
#902=FACE_OUTER_BOUND('',#1070,.T.);
#903=FACE_OUTER_BOUND('',#1071,.T.);
#904=FACE_OUTER_BOUND('',#1072,.T.);
#905=FACE_OUTER_BOUND('',#1073,.T.);
#906=FACE_OUTER_BOUND('',#1075,.T.);
#907=FACE_OUTER_BOUND('',#1076,.T.);
#908=FACE_OUTER_BOUND('',#1077,.T.);
#909=FACE_OUTER_BOUND('',#1078,.T.);
#910=FACE_OUTER_BOUND('',#1079,.T.);
#911=FACE_OUTER_BOUND('',#1080,.T.);
#912=FACE_OUTER_BOUND('',#1081,.T.);
#913=FACE_OUTER_BOUND('',#1082,.T.);
#914=FACE_OUTER_BOUND('',#1083,.T.);
#915=FACE_OUTER_BOUND('',#1084,.T.);
#916=FACE_OUTER_BOUND('',#1085,.T.);
#917=FACE_OUTER_BOUND('',#1086,.T.);
#918=FACE_OUTER_BOUND('',#1087,.T.);
#919=FACE_OUTER_BOUND('',#1088,.T.);
#920=FACE_OUTER_BOUND('',#1089,.T.);
#921=FACE_OUTER_BOUND('',#1090,.T.);
#922=FACE_OUTER_BOUND('',#1091,.T.);
#923=FACE_OUTER_BOUND('',#1092,.T.);
#924=FACE_OUTER_BOUND('',#1093,.T.);
#925=FACE_OUTER_BOUND('',#1094,.T.);
#926=FACE_OUTER_BOUND('',#1095,.T.);
#927=FACE_OUTER_BOUND('',#1096,.T.);
#928=FACE_OUTER_BOUND('',#1097,.T.);
#929=FACE_OUTER_BOUND('',#1098,.T.);
#930=FACE_OUTER_BOUND('',#1099,.T.);
#931=FACE_OUTER_BOUND('',#1100,.T.);
#932=FACE_OUTER_BOUND('',#1101,.T.);
#933=FACE_OUTER_BOUND('',#1102,.T.);
#934=FACE_OUTER_BOUND('',#1103,.T.);
#935=FACE_OUTER_BOUND('',#1104,.T.);
#936=FACE_OUTER_BOUND('',#1105,.T.);
#937=FACE_OUTER_BOUND('',#1106,.T.);
#938=FACE_OUTER_BOUND('',#1107,.T.);
#939=FACE_OUTER_BOUND('',#1108,.T.);
#940=FACE_OUTER_BOUND('',#1109,.T.);
#941=FACE_OUTER_BOUND('',#1110,.T.);
#942=FACE_OUTER_BOUND('',#1111,.T.);
#943=FACE_OUTER_BOUND('',#1112,.T.);
#944=FACE_OUTER_BOUND('',#1115,.T.);
#945=FACE_OUTER_BOUND('',#1116,.T.);
#946=FACE_OUTER_BOUND('',#1117,.T.);
#947=FACE_OUTER_BOUND('',#1118,.T.);
#948=FACE_OUTER_BOUND('',#1119,.T.);
#949=FACE_OUTER_BOUND('',#1120,.T.);
#950=FACE_OUTER_BOUND('',#1121,.T.);
#951=FACE_OUTER_BOUND('',#1122,.T.);
#952=FACE_OUTER_BOUND('',#1123,.T.);
#953=FACE_OUTER_BOUND('',#1124,.T.);
#954=FACE_OUTER_BOUND('',#1125,.T.);
#955=FACE_OUTER_BOUND('',#1126,.T.);
#956=FACE_OUTER_BOUND('',#1127,.T.);
#957=FACE_OUTER_BOUND('',#1128,.T.);
#958=FACE_OUTER_BOUND('',#1129,.T.);
#959=FACE_OUTER_BOUND('',#1130,.T.);
#960=FACE_OUTER_BOUND('',#1131,.T.);
#961=FACE_OUTER_BOUND('',#1132,.T.);
#962=FACE_OUTER_BOUND('',#1133,.T.);
#963=FACE_OUTER_BOUND('',#1134,.T.);
#964=FACE_OUTER_BOUND('',#1135,.T.);
#965=FACE_OUTER_BOUND('',#1136,.T.);
#966=FACE_OUTER_BOUND('',#1137,.T.);
#967=FACE_OUTER_BOUND('',#1138,.T.);
#968=FACE_OUTER_BOUND('',#1139,.T.);
#969=FACE_OUTER_BOUND('',#1140,.T.);
#970=FACE_OUTER_BOUND('',#1141,.T.);
#971=FACE_OUTER_BOUND('',#1142,.T.);
#972=FACE_OUTER_BOUND('',#1143,.T.);
#973=FACE_OUTER_BOUND('',#1144,.T.);
#974=FACE_OUTER_BOUND('',#1145,.T.);
#975=FACE_OUTER_BOUND('',#1146,.T.);
#976=FACE_OUTER_BOUND('',#1147,.T.);
#977=FACE_OUTER_BOUND('',#1148,.T.);
#978=FACE_OUTER_BOUND('',#1149,.T.);
#979=FACE_OUTER_BOUND('',#1150,.T.);
#980=FACE_OUTER_BOUND('',#1151,.T.);
#981=FACE_OUTER_BOUND('',#1152,.T.);
#982=FACE_OUTER_BOUND('',#1153,.T.);
#983=FACE_OUTER_BOUND('',#1154,.T.);
#984=FACE_OUTER_BOUND('',#1155,.T.);
#985=FACE_OUTER_BOUND('',#1156,.T.);
#986=FACE_OUTER_BOUND('',#1157,.T.);
#987=FACE_OUTER_BOUND('',#1158,.T.);
#988=FACE_OUTER_BOUND('',#1159,.T.);
#989=FACE_OUTER_BOUND('',#1160,.T.);
#990=FACE_OUTER_BOUND('',#1161,.T.);
#991=FACE_OUTER_BOUND('',#1162,.T.);
#992=FACE_OUTER_BOUND('',#1163,.T.);
#993=FACE_OUTER_BOUND('',#1164,.T.);
#994=FACE_OUTER_BOUND('',#1165,.T.);
#995=FACE_OUTER_BOUND('',#1166,.T.);
#996=FACE_OUTER_BOUND('',#1167,.T.);
#997=FACE_OUTER_BOUND('',#1168,.T.);
#998=FACE_OUTER_BOUND('',#1169,.T.);
#999=FACE_OUTER_BOUND('',#1170,.T.);
#1000=FACE_OUTER_BOUND('',#1171,.T.);
#1001=FACE_OUTER_BOUND('',#1172,.T.);
#1002=FACE_OUTER_BOUND('',#1173,.T.);
#1003=FACE_OUTER_BOUND('',#1174,.T.);
#1004=FACE_OUTER_BOUND('',#1175,.T.);
#1005=FACE_OUTER_BOUND('',#1176,.T.);
#1006=FACE_OUTER_BOUND('',#1177,.T.);
#1007=FACE_OUTER_BOUND('',#1178,.T.);
#1008=FACE_OUTER_BOUND('',#1179,.T.);
#1009=FACE_OUTER_BOUND('',#1180,.T.);
#1010=FACE_OUTER_BOUND('',#1181,.T.);
#1011=FACE_OUTER_BOUND('',#1182,.T.);
#1012=FACE_OUTER_BOUND('',#1184,.T.);
#1013=FACE_OUTER_BOUND('',#1185,.T.);
#1014=FACE_OUTER_BOUND('',#1186,.T.);
#1015=FACE_OUTER_BOUND('',#1187,.T.);
#1016=FACE_OUTER_BOUND('',#1188,.T.);
#1017=FACE_OUTER_BOUND('',#1190,.T.);
#1018=FACE_OUTER_BOUND('',#1191,.T.);
#1019=FACE_OUTER_BOUND('',#1192,.T.);
#1020=FACE_OUTER_BOUND('',#1193,.T.);
#1021=FACE_OUTER_BOUND('',#1195,.T.);
#1022=FACE_OUTER_BOUND('',#1196,.T.);
#1023=FACE_OUTER_BOUND('',#1197,.T.);
#1024=FACE_OUTER_BOUND('',#1198,.T.);
#1025=FACE_OUTER_BOUND('',#1199,.T.);
#1026=FACE_OUTER_BOUND('',#1200,.T.);
#1027=FACE_OUTER_BOUND('',#1201,.T.);
#1028=FACE_OUTER_BOUND('',#1202,.T.);
#1029=FACE_OUTER_BOUND('',#1203,.T.);
#1030=FACE_OUTER_BOUND('',#1204,.T.);
#1031=FACE_OUTER_BOUND('',#1205,.T.);
#1032=FACE_OUTER_BOUND('',#1206,.T.);
#1033=FACE_OUTER_BOUND('',#1207,.T.);
#1034=FACE_OUTER_BOUND('',#1208,.T.);
#1035=FACE_OUTER_BOUND('',#1209,.T.);
#1036=FACE_OUTER_BOUND('',#1210,.T.);
#1037=FACE_OUTER_BOUND('',#1211,.T.);
#1038=FACE_OUTER_BOUND('',#1212,.T.);
#1039=FACE_OUTER_BOUND('',#1213,.T.);
#1040=FACE_OUTER_BOUND('',#1214,.T.);
#1041=FACE_OUTER_BOUND('',#1215,.T.);
#1042=EDGE_LOOP('',(#2230,#2231,#2232,#2233));
#1043=EDGE_LOOP('',(#2234,#2235,#2236,#2237));
#1044=EDGE_LOOP('',(#2238,#2239,#2240,#2241));
#1045=EDGE_LOOP('',(#2242,#2243,#2244,#2245));
#1046=EDGE_LOOP('',(#2246,#2247,#2248,#2249,#2250,#2251,#2252,#2253));
#1047=EDGE_LOOP('',(#2254,#2255,#2256,#2257));
#1048=EDGE_LOOP('',(#2258,#2259,#2260,#2261));
#1049=EDGE_LOOP('',(#2262,#2263,#2264,#2265,#2266,#2267,#2268,#2269,#2270,
#2271,#2272,#2273,#2274,#2275,#2276,#2277,#2278,#2279,#2280,#2281,#2282,
#2283));
#1050=EDGE_LOOP('',(#2284,#2285,#2286,#2287,#2288,#2289,#2290,#2291,#2292,
#2293,#2294,#2295,#2296,#2297,#2298,#2299,#2300,#2301,#2302,#2303,#2304,
#2305));
#1051=EDGE_LOOP('',(#2306,#2307,#2308,#2309));
#1052=EDGE_LOOP('',(#2310,#2311,#2312,#2313));
#1053=EDGE_LOOP('',(#2314,#2315,#2316));
#1054=EDGE_LOOP('',(#2317,#2318,#2319,#2320,#2321));
#1055=EDGE_LOOP('',(#2322,#2323,#2324,#2325));
#1056=EDGE_LOOP('',(#2326,#2327,#2328,#2329));
#1057=EDGE_LOOP('',(#2330,#2331,#2332,#2333));
#1058=EDGE_LOOP('',(#2334,#2335,#2336));
#1059=EDGE_LOOP('',(#2337,#2338,#2339,#2340,#2341));
#1060=EDGE_LOOP('',(#2342,#2343,#2344,#2345));
#1061=EDGE_LOOP('',(#2346,#2347,#2348,#2349));
#1062=EDGE_LOOP('',(#2350,#2351,#2352,#2353,#2354));
#1063=EDGE_LOOP('',(#2355,#2356,#2357,#2358));
#1064=EDGE_LOOP('',(#2359,#2360,#2361,#2362,#2363,#2364,#2365,#2366,#2367,
#2368));
#1065=EDGE_LOOP('',(#2369,#2370,#2371,#2372));
#1066=EDGE_LOOP('',(#2373,#2374,#2375,#2376,#2377));
#1067=EDGE_LOOP('',(#2378,#2379,#2380,#2381,#2382,#2383,#2384,#2385));
#1068=EDGE_LOOP('',(#2386,#2387,#2388,#2389));
#1069=EDGE_LOOP('',(#2390,#2391,#2392,#2393));
#1070=EDGE_LOOP('',(#2394,#2395,#2396,#2397));
#1071=EDGE_LOOP('',(#2398,#2399,#2400,#2401,#2402,#2403,#2404,#2405,#2406,
#2407,#2408,#2409,#2410));
#1072=EDGE_LOOP('',(#2411,#2412,#2413,#2414));
#1073=EDGE_LOOP('',(#2415,#2416,#2417,#2418,#2419,#2420,#2421,#2422,#2423,
#2424,#2425,#2426));
#1074=EDGE_LOOP('',(#2427,#2428));
#1075=EDGE_LOOP('',(#2429,#2430,#2431,#2432,#2433,#2434,#2435,#2436,#2437,
#2438,#2439,#2440));
#1076=EDGE_LOOP('',(#2441,#2442,#2443,#2444));
#1077=EDGE_LOOP('',(#2445,#2446,#2447,#2448));
#1078=EDGE_LOOP('',(#2449,#2450,#2451));
#1079=EDGE_LOOP('',(#2452,#2453,#2454,#2455));
#1080=EDGE_LOOP('',(#2456,#2457,#2458,#2459));
#1081=EDGE_LOOP('',(#2460,#2461,#2462,#2463));
#1082=EDGE_LOOP('',(#2464,#2465,#2466,#2467,#2468,#2469));
#1083=EDGE_LOOP('',(#2470,#2471,#2472,#2473));
#1084=EDGE_LOOP('',(#2474,#2475,#2476,#2477));
#1085=EDGE_LOOP('',(#2478,#2479,#2480,#2481,#2482,#2483,#2484,#2485,#2486,
#2487,#2488,#2489,#2490,#2491,#2492,#2493,#2494,#2495,#2496));
#1086=EDGE_LOOP('',(#2497,#2498,#2499,#2500));
#1087=EDGE_LOOP('',(#2501,#2502,#2503,#2504,#2505));
#1088=EDGE_LOOP('',(#2506,#2507,#2508,#2509));
#1089=EDGE_LOOP('',(#2510,#2511,#2512,#2513,#2514,#2515,#2516));
#1090=EDGE_LOOP('',(#2517,#2518,#2519,#2520));
#1091=EDGE_LOOP('',(#2521,#2522,#2523,#2524,#2525,#2526,#2527));
#1092=EDGE_LOOP('',(#2528,#2529,#2530,#2531));
#1093=EDGE_LOOP('',(#2532,#2533,#2534,#2535,#2536,#2537));
#1094=EDGE_LOOP('',(#2538,#2539,#2540,#2541));
#1095=EDGE_LOOP('',(#2542,#2543));
#1096=EDGE_LOOP('',(#2544,#2545,#2546,#2547,#2548,#2549,#2550,#2551,#2552,
#2553,#2554,#2555,#2556,#2557,#2558,#2559,#2560,#2561,#2562,#2563,#2564,
#2565,#2566,#2567,#2568,#2569,#2570,#2571,#2572,#2573,#2574,#2575,#2576,
#2577,#2578,#2579,#2580,#2581,#2582,#2583,#2584,#2585,#2586,#2587,#2588,
#2589,#2590,#2591,#2592,#2593,#2594,#2595,#2596,#2597,#2598,#2599,#2600));
#1097=EDGE_LOOP('',(#2601,#2602,#2603,#2604,#2605));
#1098=EDGE_LOOP('',(#2606,#2607,#2608,#2609));
#1099=EDGE_LOOP('',(#2610,#2611,#2612,#2613));
#1100=EDGE_LOOP('',(#2614,#2615,#2616,#2617,#2618,#2619,#2620,#2621,#2622,
#2623));
#1101=EDGE_LOOP('',(#2624,#2625,#2626,#2627,#2628,#2629));
#1102=EDGE_LOOP('',(#2630,#2631,#2632,#2633));
#1103=EDGE_LOOP('',(#2634,#2635,#2636,#2637,#2638,#2639,#2640,#2641));
#1104=EDGE_LOOP('',(#2642,#2643,#2644,#2645));
#1105=EDGE_LOOP('',(#2646,#2647,#2648,#2649,#2650,#2651,#2652,#2653,#2654,
#2655));
#1106=EDGE_LOOP('',(#2656,#2657,#2658,#2659));
#1107=EDGE_LOOP('',(#2660,#2661));
#1108=EDGE_LOOP('',(#2662,#2663));
#1109=EDGE_LOOP('',(#2664,#2665,#2666,#2667));
#1110=EDGE_LOOP('',(#2668,#2669,#2670,#2671));
#1111=EDGE_LOOP('',(#2672,#2673,#2674,#2675));
#1112=EDGE_LOOP('',(#2676,#2677,#2678,#2679));
#1113=EDGE_LOOP('',(#2680,#2681,#2682,#2683));
#1114=EDGE_LOOP('',(#2684,#2685,#2686,#2687,#2688,#2689,#2690,#2691,#2692,
#2693,#2694,#2695,#2696,#2697,#2698,#2699,#2700,#2701,#2702,#2703));
#1115=EDGE_LOOP('',(#2704,#2705,#2706,#2707,#2708,#2709));
#1116=EDGE_LOOP('',(#2710,#2711,#2712,#2713,#2714,#2715));
#1117=EDGE_LOOP('',(#2716,#2717,#2718,#2719));
#1118=EDGE_LOOP('',(#2720,#2721,#2722,#2723));
#1119=EDGE_LOOP('',(#2724,#2725,#2726,#2727));
#1120=EDGE_LOOP('',(#2728,#2729,#2730,#2731));
#1121=EDGE_LOOP('',(#2732,#2733,#2734,#2735,#2736,#2737));
#1122=EDGE_LOOP('',(#2738,#2739,#2740,#2741));
#1123=EDGE_LOOP('',(#2742,#2743,#2744,#2745,#2746,#2747));
#1124=EDGE_LOOP('',(#2748,#2749,#2750,#2751));
#1125=EDGE_LOOP('',(#2752,#2753));
#1126=EDGE_LOOP('',(#2754,#2755,#2756,#2757,#2758,#2759,#2760));
#1127=EDGE_LOOP('',(#2761,#2762,#2763,#2764,#2765,#2766));
#1128=EDGE_LOOP('',(#2767,#2768,#2769,#2770,#2771,#2772,#2773));
#1129=EDGE_LOOP('',(#2774,#2775,#2776,#2777));
#1130=EDGE_LOOP('',(#2778,#2779,#2780,#2781,#2782,#2783,#2784,#2785,#2786,
#2787,#2788,#2789,#2790,#2791,#2792));
#1131=EDGE_LOOP('',(#2793,#2794,#2795,#2796));
#1132=EDGE_LOOP('',(#2797,#2798,#2799,#2800,#2801,#2802));
#1133=EDGE_LOOP('',(#2803,#2804,#2805,#2806,#2807,#2808));
#1134=EDGE_LOOP('',(#2809,#2810));
#1135=EDGE_LOOP('',(#2811,#2812,#2813,#2814,#2815));
#1136=EDGE_LOOP('',(#2816,#2817,#2818,#2819,#2820,#2821,#2822,#2823));
#1137=EDGE_LOOP('',(#2824,#2825,#2826,#2827,#2828,#2829,#2830));
#1138=EDGE_LOOP('',(#2831,#2832,#2833,#2834,#2835));
#1139=EDGE_LOOP('',(#2836,#2837,#2838,#2839));
#1140=EDGE_LOOP('',(#2840,#2841,#2842,#2843));
#1141=EDGE_LOOP('',(#2844,#2845,#2846,#2847,#2848,#2849,#2850));
#1142=EDGE_LOOP('',(#2851,#2852,#2853,#2854));
#1143=EDGE_LOOP('',(#2855,#2856,#2857,#2858));
#1144=EDGE_LOOP('',(#2859,#2860,#2861,#2862));
#1145=EDGE_LOOP('',(#2863,#2864,#2865,#2866));
#1146=EDGE_LOOP('',(#2867,#2868,#2869,#2870));
#1147=EDGE_LOOP('',(#2871,#2872,#2873,#2874,#2875,#2876,#2877,#2878));
#1148=EDGE_LOOP('',(#2879,#2880,#2881));
#1149=EDGE_LOOP('',(#2882,#2883,#2884,#2885,#2886,#2887,#2888,#2889,#2890,
#2891));
#1150=EDGE_LOOP('',(#2892,#2893,#2894,#2895));
#1151=EDGE_LOOP('',(#2896,#2897,#2898,#2899));
#1152=EDGE_LOOP('',(#2900,#2901,#2902,#2903));
#1153=EDGE_LOOP('',(#2904,#2905,#2906,#2907));
#1154=EDGE_LOOP('',(#2908,#2909,#2910,#2911));
#1155=EDGE_LOOP('',(#2912,#2913,#2914,#2915));
#1156=EDGE_LOOP('',(#2916,#2917,#2918,#2919));
#1157=EDGE_LOOP('',(#2920,#2921,#2922,#2923));
#1158=EDGE_LOOP('',(#2924,#2925,#2926,#2927,#2928,#2929));
#1159=EDGE_LOOP('',(#2930,#2931,#2932,#2933,#2934,#2935));
#1160=EDGE_LOOP('',(#2936,#2937,#2938,#2939,#2940,#2941,#2942,#2943,#2944,
#2945,#2946,#2947,#2948));
#1161=EDGE_LOOP('',(#2949,#2950,#2951,#2952));
#1162=EDGE_LOOP('',(#2953,#2954,#2955,#2956));
#1163=EDGE_LOOP('',(#2957,#2958,#2959,#2960));
#1164=EDGE_LOOP('',(#2961,#2962,#2963,#2964,#2965,#2966,#2967,#2968,#2969,
#2970,#2971,#2972));
#1165=EDGE_LOOP('',(#2973,#2974,#2975,#2976));
#1166=EDGE_LOOP('',(#2977,#2978,#2979,#2980));
#1167=EDGE_LOOP('',(#2981,#2982,#2983,#2984,#2985,#2986,#2987));
#1168=EDGE_LOOP('',(#2988,#2989,#2990,#2991,#2992,#2993,#2994,#2995,#2996,
#2997,#2998,#2999));
#1169=EDGE_LOOP('',(#3000,#3001,#3002,#3003,#3004,#3005,#3006,#3007,#3008,
#3009));
#1170=EDGE_LOOP('',(#3010,#3011,#3012,#3013,#3014,#3015,#3016,#3017,#3018,
#3019));
#1171=EDGE_LOOP('',(#3020,#3021,#3022,#3023));
#1172=EDGE_LOOP('',(#3024,#3025,#3026,#3027,#3028,#3029,#3030,#3031,#3032,
#3033));
#1173=EDGE_LOOP('',(#3034,#3035,#3036,#3037));
#1174=EDGE_LOOP('',(#3038,#3039,#3040,#3041,#3042,#3043,#3044,#3045,#3046,
#3047));
#1175=EDGE_LOOP('',(#3048,#3049,#3050,#3051));
#1176=EDGE_LOOP('',(#3052,#3053,#3054,#3055));
#1177=EDGE_LOOP('',(#3056,#3057,#3058,#3059));
#1178=EDGE_LOOP('',(#3060,#3061,#3062,#3063,#3064,#3065,#3066,#3067,#3068,
#3069));
#1179=EDGE_LOOP('',(#3070,#3071));
#1180=EDGE_LOOP('',(#3072,#3073,#3074));
#1181=EDGE_LOOP('',(#3075,#3076,#3077,#3078,#3079,#3080,#3081,#3082,#3083,
#3084));
#1182=EDGE_LOOP('',(#3085,#3086,#3087,#3088,#3089,#3090,#3091,#3092,#3093,
#3094,#3095,#3096,#3097,#3098,#3099,#3100,#3101,#3102,#3103,#3104,#3105,
#3106,#3107,#3108,#3109,#3110,#3111,#3112,#3113,#3114,#3115,#3116,#3117,
#3118,#3119));
#1183=EDGE_LOOP('',(#3120,#3121,#3122,#3123));
#1184=EDGE_LOOP('',(#3124));
#1185=EDGE_LOOP('',(#3125,#3126));
#1186=EDGE_LOOP('',(#3127,#3128,#3129));
#1187=EDGE_LOOP('',(#3130,#3131));
#1188=EDGE_LOOP('',(#3132,#3133,#3134,#3135,#3136,#3137,#3138,#3139));
#1189=EDGE_LOOP('',(#3140));
#1190=EDGE_LOOP('',(#3141,#3142,#3143,#3144));
#1191=EDGE_LOOP('',(#3145,#3146,#3147,#3148));
#1192=EDGE_LOOP('',(#3149,#3150,#3151,#3152));
#1193=EDGE_LOOP('',(#3153,#3154,#3155,#3156));
#1194=EDGE_LOOP('',(#3157));
#1195=EDGE_LOOP('',(#3158,#3159,#3160,#3161));
#1196=EDGE_LOOP('',(#3162,#3163,#3164,#3165,#3166,#3167,#3168,#3169,#3170,
#3171,#3172,#3173));
#1197=EDGE_LOOP('',(#3174));
#1198=EDGE_LOOP('',(#3175,#3176,#3177,#3178));
#1199=EDGE_LOOP('',(#3179,#3180,#3181));
#1200=EDGE_LOOP('',(#3182,#3183,#3184,#3185));
#1201=EDGE_LOOP('',(#3186,#3187,#3188,#3189));
#1202=EDGE_LOOP('',(#3190,#3191,#3192,#3193));
#1203=EDGE_LOOP('',(#3194,#3195,#3196,#3197));
#1204=EDGE_LOOP('',(#3198,#3199,#3200,#3201,#3202,#3203,#3204,#3205));
#1205=EDGE_LOOP('',(#3206,#3207,#3208,#3209));
#1206=EDGE_LOOP('',(#3210,#3211,#3212,#3213,#3214,#3215,#3216,#3217,#3218,
#3219,#3220,#3221));
#1207=EDGE_LOOP('',(#3222));
#1208=EDGE_LOOP('',(#3223,#3224,#3225,#3226));
#1209=EDGE_LOOP('',(#3227,#3228,#3229));
#1210=EDGE_LOOP('',(#3230,#3231,#3232,#3233));
#1211=EDGE_LOOP('',(#3234,#3235,#3236,#3237));
#1212=EDGE_LOOP('',(#3238,#3239,#3240,#3241));
#1213=EDGE_LOOP('',(#3242,#3243,#3244,#3245));
#1214=EDGE_LOOP('',(#3246,#3247,#3248,#3249,#3250,#3251,#3252,#3253));
#1215=EDGE_LOOP('',(#3254,#3255,#3256,#3257));
#1216=B_SPLINE_CURVE_WITH_KNOTS('',3,(#4752,#4753,#4754,#4755,#4756,#4757,
#4758,#4759,#4760,#4761,#4762,#4763,#4764,#4765),.UNSPECIFIED.,.F.,.F.,
(4,2,2,2,2,2,4),(0.147834529590414,0.148435601924602,0.176320530138256,
0.206753560681104,0.243076259845555,0.286423450590742,0.295575118054192),
 .UNSPECIFIED.);
#1217=B_SPLINE_CURVE_WITH_KNOTS('',3,(#4832,#4833,#4834,#4835,#4836,#4837,
#4838,#4839,#4840,#4841,#4842,#4843,#4844,#4845),.UNSPECIFIED.,.F.,.F.,
(4,2,2,2,2,2,4),(1.03993206754564,1.14706460362721,1.26871292068415,1.39036123774108,
1.51200955479802,1.63365787185496,1.74079040793653),.UNSPECIFIED.);
#1218=B_SPLINE_CURVE_WITH_KNOTS('',3,(#4853,#4854,#4855,#4856,#4857,#4858,
#4859,#4860,#4861,#4862,#4863,#4864,#4865,#4866,#4867),.UNSPECIFIED.,.F.,
 .F.,(4,2,2,3,2,2,4),(2.31655831299087,2.53742584136829,2.65907415842523,
2.78072247548217,2.90237079253911,3.02401910959604,3.24488663797347),
 .UNSPECIFIED.);
#1219=B_SPLINE_CURVE_WITH_KNOTS('',3,(#4894,#4895,#4896,#4897),
 .UNSPECIFIED.,.F.,.F.,(4,4),(-0.0891052639686765,0.),.UNSPECIFIED.);
#1220=B_SPLINE_CURVE_WITH_KNOTS('',3,(#4898,#4899,#4900,#4901),
 .UNSPECIFIED.,.F.,.F.,(4,4),(0.,0.0891052639686765),.UNSPECIFIED.);
#1221=B_SPLINE_CURVE_WITH_KNOTS('',3,(#4970,#4971,#4972,#4973,#4974,#4975,
#4976,#4977,#4978,#4979,#4980,#4981),.UNSPECIFIED.,.F.,.F.,(4,2,2,2,2,4),
(-0.411479482921212,-0.284813161904705,-0.158146840888198,-0.0790734204440993,
-0.0395367102220496,0.),.UNSPECIFIED.);
#1222=B_SPLINE_CURVE_WITH_KNOTS('',3,(#4990,#4991,#4992,#4993,#4994,#4995,
#4996,#4997,#4998,#4999,#5000,#5001),.UNSPECIFIED.,.F.,.F.,(4,2,2,2,2,4),
(0.,0.0395367102220495,0.0790734204440989,0.158146840888198,0.284813161904705,
0.411479482921211),.UNSPECIFIED.);
#1223=B_SPLINE_CURVE_WITH_KNOTS('',3,(#5132,#5133,#5134,#5135,#5136,#5137,
#5138,#5139,#5140,#5141,#5142,#5143),.UNSPECIFIED.,.F.,.F.,(4,2,2,2,2,4),
(1.53365732131207,1.57319403153412,1.61273074175617,1.69180416220027,1.81847048321678,
1.94513680423328),.UNSPECIFIED.);
#1224=B_SPLINE_CURVE_WITH_KNOTS('',3,(#5151,#5152,#5153,#5154,#5155,#5156,
#5157,#5158,#5159,#5160,#5161,#5162),.UNSPECIFIED.,.F.,.F.,(4,2,2,2,2,4),
(0.,0.0395367102220489,0.0790734204440977,0.158146840888195,0.284813161904704,
0.411479482921212),.UNSPECIFIED.);
#1225=B_SPLINE_CURVE_WITH_KNOTS('',3,(#5166,#5167,#5168,#5169,#5170,#5171,
#5172,#5173,#5174,#5175,#5176,#5177),.UNSPECIFIED.,.F.,.F.,(4,2,2,2,2,4),
(-0.411479482921211,-0.284813161904704,-0.158146840888196,-0.0790734204440979,
-0.039536710222049,0.),.UNSPECIFIED.);
#1226=B_SPLINE_CURVE_WITH_KNOTS('',3,(#5181,#5182,#5183,#5184,#5185,#5186,
#5187,#5188,#5189,#5190,#5191,#5192),.UNSPECIFIED.,.F.,.F.,(4,2,2,2,2,4),
(1.12217783839086,1.24884415940737,1.37551048042388,1.45458390086797,1.49412061109002,
1.53365732131207),.UNSPECIFIED.);
#1227=B_SPLINE_CURVE_WITH_KNOTS('',3,(#5202,#5203,#5204,#5205,#5206,#5207,
#5208,#5209,#5210,#5211),.UNSPECIFIED.,.F.,.F.,(4,2,2,2,4),(0.,0.312548746524477,
0.625097493048954,0.938280750466067,1.25146400788318),.UNSPECIFIED.);
#1228=B_SPLINE_CURVE_WITH_KNOTS('',3,(#5212,#5213,#5214,#5215,#5216,#5217,
#5218,#5219,#5220,#5221,#5222,#5223,#5224,#5225,#5226,#5227,#5228,#5229,
#5230,#5231,#5232,#5233,#5234,#5235,#5236,#5237),.UNSPECIFIED.,.F.,.F.,
(4,2,2,2,2,2,2,2,2,2,2,2,4),(1.25146400788318,1.55806563818431,1.86466726848544,
2.17502064603953,2.48537402359362,2.79572740114771,3.1060807787018,3.41268240900293,
3.71928403930406,4.03246729672117,4.34565055413828,4.65819930066276,4.97074804718724),
 .UNSPECIFIED.);
#1229=B_SPLINE_CURVE_WITH_KNOTS('',3,(#5250,#5251,#5252,#5253,#5254,#5255,
#5256,#5257,#5258,#5259),.UNSPECIFIED.,.F.,.F.,(4,2,2,2,4),(0.,0.117562819132908,
0.235125638265817,0.311588864828487,0.388052091391156),.UNSPECIFIED.);
#1230=B_SPLINE_CURVE_WITH_KNOTS('',3,(#5314,#5315,#5316,#5317,#5318,#5319,
#5320,#5321,#5322,#5323,#5324),.UNSPECIFIED.,.F.,.F.,(4,1,1,1,1,1,1,1,4),
(4.21724629955312,4.23430074111011,4.2513551826671,4.28546406578107,4.35368183200902,
4.49011736446492,4.62655289692082,4.76298842937672,5.0122619465523),
 .UNSPECIFIED.);
#1231=B_SPLINE_CURVE_WITH_KNOTS('',3,(#5332,#5333,#5334,#5335,#5336,#5337,
#5338,#5339,#5340,#5341),.UNSPECIFIED.,.F.,.F.,(4,1,1,1,1,1,1,4),(4.21058310272976,
4.59604021927792,4.73233015090184,4.86862008252576,4.93676504833772,4.9708375312437,
4.98787377269669,5.00491001414968),.UNSPECIFIED.);
#1232=B_SPLINE_CURVE_WITH_KNOTS('',3,(#5406,#5407,#5408,#5409,#5410,#5411,
#5412,#5413,#5414,#5415,#5416,#5417),.UNSPECIFIED.,.F.,.F.,(4,2,2,2,2,4),
(0.,0.037444995744782,0.126960935890957,0.198123079633284,0.265444045917488,
0.266286726740248),.UNSPECIFIED.);
#1233=B_SPLINE_CURVE_WITH_KNOTS('',3,(#5489,#5490,#5491,#5492,#5493,#5494,
#5495,#5496,#5497,#5498),.UNSPECIFIED.,.F.,.F.,(4,2,2,2,4),(-0.000847046920211192,
0.,0.0915306510939807,0.18820599386061,0.266932188002767),.UNSPECIFIED.);
#1234=B_SPLINE_CURVE_WITH_KNOTS('',3,(#5518,#5519,#5520,#5521,#5522,#5523,
#5524,#5525,#5526,#5527,#5528,#5529),.UNSPECIFIED.,.F.,.F.,(4,2,2,2,2,4),
(2.19853733601347,2.23360791598908,2.36825045442647,2.50289299286386,3.03994085494481,
3.57698871702576),.UNSPECIFIED.);
#1235=B_SPLINE_CURVE_WITH_KNOTS('',3,(#5532,#5533,#5534,#5535,#5536,#5537,
#5538,#5539,#5540,#5541,#5542,#5543),.UNSPECIFIED.,.F.,.F.,(4,2,2,2,2,4),
(0.794385979391232,1.33143384147218,1.86848170355313,2.00312424199052,2.13776678042791,
2.17283736040352),.UNSPECIFIED.);
#1236=CIRCLE('',#3445,0.850000000000006);
#1237=CIRCLE('',#3446,14.445867816345);
#1238=CIRCLE('',#3447,13.595867816345);
#1239=CIRCLE('',#3449,0.849999999999997);
#1240=CIRCLE('',#3450,1.15);
#1241=CIRCLE('',#3451,2.);
#1242=CIRCLE('',#3453,0.85);
#1243=CIRCLE('',#3454,0.849999999999994);
#1244=CIRCLE('',#3456,0.85);
#1245=CIRCLE('',#3459,0.85);
#1246=CIRCLE('',#3461,13.595867816345);
#1247=CIRCLE('',#3462,90.);
#1248=CIRCLE('',#3463,13.595867816345);
#1249=CIRCLE('',#3464,90.);
#1250=CIRCLE('',#3465,13.595867816345);
#1251=CIRCLE('',#3466,90.);
#1252=CIRCLE('',#3467,13.595867816345);
#1253=CIRCLE('',#3468,90.);
#1254=CIRCLE('',#3469,13.595867816345);
#1255=CIRCLE('',#3470,90.);
#1256=CIRCLE('',#3471,13.595867816345);
#1257=CIRCLE('',#3473,13.595867816345);
#1258=CIRCLE('',#3474,13.595867816345);
#1259=CIRCLE('',#3475,13.595867816345);
#1260=CIRCLE('',#3476,13.595867816345);
#1261=CIRCLE('',#3479,13.595867816345);
#1262=CIRCLE('',#3480,13.595867816345);
#1263=CIRCLE('',#3481,13.595867816345);
#1264=CIRCLE('',#3485,2.);
#1265=CIRCLE('',#3487,4.);
#1266=CIRCLE('',#3488,4.);
#1267=CIRCLE('',#3492,4.);
#1268=CIRCLE('',#3493,4.);
#1269=CIRCLE('',#3495,4.);
#1270=CIRCLE('',#3496,4.);
#1271=CIRCLE('',#3498,4.);
#1272=CIRCLE('',#3501,4.);
#1273=CIRCLE('',#3505,2.);
#1274=CIRCLE('',#3508,90.);
#1275=CIRCLE('',#3509,13.595867816345);
#1276=CIRCLE('',#3510,90.);
#1277=CIRCLE('',#3512,2.);
#1278=CIRCLE('',#3513,2.);
#1279=CIRCLE('',#3517,2.);
#1280=CIRCLE('',#3521,2.);
#1281=CIRCLE('',#3522,2.);
#1282=CIRCLE('',#3524,2.);
#1283=CIRCLE('',#3526,13.595867816345);
#1284=CIRCLE('',#3527,13.595867816345);
#1285=CIRCLE('',#3528,13.595867816345);
#1286=CIRCLE('',#3532,1.99999999999999);
#1287=CIRCLE('',#3534,2.00000000000001);
#1288=CIRCLE('',#3535,2.);
#1289=CIRCLE('',#3539,2.);
#1290=CIRCLE('',#3545,2.);
#1291=CIRCLE('',#3547,4.);
#1292=CIRCLE('',#3549,2.);
#1293=CIRCLE('',#3552,2.);
#1294=CIRCLE('',#3553,90.);
#1295=CIRCLE('',#3555,2.);
#1296=CIRCLE('',#3556,2.);
#1297=CIRCLE('',#3558,2.);
#1298=CIRCLE('',#3559,90.);
#1299=CIRCLE('',#3562,2.);
#1300=CIRCLE('',#3563,2.);
#1301=CIRCLE('',#3570,90.);
#1302=CIRCLE('',#3572,90.);
#1303=CIRCLE('',#3573,90.);
#1304=CIRCLE('',#3574,90.);
#1305=CIRCLE('',#3575,90.);
#1306=CIRCLE('',#3576,90.);
#1307=CIRCLE('',#3577,90.);
#1308=CIRCLE('',#3578,90.);
#1309=CIRCLE('',#3579,90.);
#1310=CIRCLE('',#3580,90.);
#1311=CIRCLE('',#3581,90.);
#1312=CIRCLE('',#3582,90.);
#1313=CIRCLE('',#3583,90.);
#1314=CIRCLE('',#3584,90.);
#1315=CIRCLE('',#3585,90.);
#1316=CIRCLE('',#3586,90.);
#1317=CIRCLE('',#3587,90.);
#1318=CIRCLE('',#3589,2.);
#1319=CIRCLE('',#3593,13.595867816345);
#1320=CIRCLE('',#3595,13.595867816345);
#1321=CIRCLE('',#3596,13.595867816345);
#1322=CIRCLE('',#3597,13.595867816345);
#1323=CIRCLE('',#3599,2.);
#1324=CIRCLE('',#3601,2.);
#1325=CIRCLE('',#3604,13.595867816345);
#1326=CIRCLE('',#3605,13.595867816345);
#1327=CIRCLE('',#3607,13.595867816345);
#1328=CIRCLE('',#3609,13.595867816345);
#1329=CIRCLE('',#3610,13.595867816345);
#1330=CIRCLE('',#3611,13.595867816345);
#1331=CIRCLE('',#3613,5.75329873142696);
#1332=CIRCLE('',#3615,5.75329873142696);
#1333=CIRCLE('',#3617,5.75329873142696);
#1334=CIRCLE('',#3618,5.75329873142696);
#1335=CIRCLE('',#3620,5.75329873142696);
#1336=CIRCLE('',#3622,5.75329873142696);
#1337=CIRCLE('',#3635,8.);
#1338=CIRCLE('',#3637,8.);
#1339=CIRCLE('',#3638,8.);
#1340=CIRCLE('',#3664,8.13186844083997);
#1341=CIRCLE('',#3665,8.13186844083997);
#1342=CIRCLE('',#3667,13.595867816345);
#1343=CIRCLE('',#3669,13.595867816345);
#1344=CIRCLE('',#3670,13.595867816345);
#1345=CIRCLE('',#3672,13.595867816345);
#1346=CIRCLE('',#3673,13.595867816345);
#1347=CIRCLE('',#3678,13.595867816345);
#1348=CIRCLE('',#3679,13.595867816345);
#1349=CIRCLE('',#3681,13.595867816345);
#1350=CIRCLE('',#3682,13.595867816345);
#1351=CIRCLE('',#3684,13.595867816345);
#1352=CIRCLE('',#3685,13.595867816345);
#1353=CIRCLE('',#3686,13.595867816345);
#1354=CIRCLE('',#3687,13.595867816345);
#1355=CIRCLE('',#3692,13.595867816345);
#1356=CIRCLE('',#3693,13.595867816345);
#1357=CIRCLE('',#3698,13.595867816345);
#1358=CIRCLE('',#3699,13.595867816345);
#1359=CIRCLE('',#3700,13.595867816345);
#1360=CIRCLE('',#3702,13.595867816345);
#1361=CIRCLE('',#3703,13.595867816345);
#1362=CIRCLE('',#3705,13.595867816345);
#1363=CIRCLE('',#3706,13.595867816345);
#1364=CIRCLE('',#3709,13.595867816345);
#1365=CIRCLE('',#3710,13.595867816345);
#1366=CIRCLE('',#3719,13.595867816345);
#1367=CIRCLE('',#3721,13.595867816345);
#1368=CIRCLE('',#3734,4.951);
#1369=CIRCLE('',#3735,4.951);
#1370=CIRCLE('',#3736,4.951);
#1371=CIRCLE('',#3737,4.951);
#1372=CIRCLE('',#3738,4.951);
#1373=CIRCLE('',#3739,4.951);
#1374=CIRCLE('',#3750,4.951);
#1375=CIRCLE('',#3751,4.951);
#1376=CIRCLE('',#3752,4.951);
#1377=CIRCLE('',#3753,4.951);
#1378=CIRCLE('',#3754,4.951);
#1379=CIRCLE('',#3755,4.951);
#1380=VERTEX_POINT('',#4746);
#1381=VERTEX_POINT('',#4747);
#1382=VERTEX_POINT('',#4749);
#1383=VERTEX_POINT('',#4751);
#1384=VERTEX_POINT('',#4768);
#1385=VERTEX_POINT('',#4769);
#1386=VERTEX_POINT('',#4774);
#1387=VERTEX_POINT('',#4775);
#1388=VERTEX_POINT('',#4821);
#1389=VERTEX_POINT('',#4822);
#1390=VERTEX_POINT('',#4824);
#1391=VERTEX_POINT('',#4826);
#1392=VERTEX_POINT('',#4830);
#1393=VERTEX_POINT('',#4831);
#1394=VERTEX_POINT('',#4846);
#1395=VERTEX_POINT('',#4848);
#1396=VERTEX_POINT('',#4850);
#1397=VERTEX_POINT('',#4852);
#1398=VERTEX_POINT('',#4903);
#1399=VERTEX_POINT('',#4904);
#1400=VERTEX_POINT('',#4906);
#1401=VERTEX_POINT('',#4908);
#1402=VERTEX_POINT('',#4911);
#1403=VERTEX_POINT('',#4913);
#1404=VERTEX_POINT('',#4915);
#1405=VERTEX_POINT('',#4917);
#1406=VERTEX_POINT('',#4919);
#1407=VERTEX_POINT('',#4921);
#1408=VERTEX_POINT('',#4923);
#1409=VERTEX_POINT('',#4925);
#1410=VERTEX_POINT('',#4927);
#1411=VERTEX_POINT('',#4929);
#1412=VERTEX_POINT('',#4931);
#1413=VERTEX_POINT('',#4933);
#1414=VERTEX_POINT('',#4935);
#1415=VERTEX_POINT('',#4937);
#1416=VERTEX_POINT('',#4939);
#1417=VERTEX_POINT('',#4941);
#1418=VERTEX_POINT('',#4943);
#1419=VERTEX_POINT('',#4945);
#1420=VERTEX_POINT('',#4947);
#1421=VERTEX_POINT('',#4949);
#1422=VERTEX_POINT('',#4953);
#1423=VERTEX_POINT('',#4955);
#1424=VERTEX_POINT('',#4957);
#1425=VERTEX_POINT('',#4959);
#1426=VERTEX_POINT('',#4961);
#1427=VERTEX_POINT('',#4963);
#1428=VERTEX_POINT('',#4965);
#1429=VERTEX_POINT('',#4967);
#1430=VERTEX_POINT('',#4969);
#1431=VERTEX_POINT('',#4982);
#1432=VERTEX_POINT('',#4985);
#1433=VERTEX_POINT('',#4987);
#1434=VERTEX_POINT('',#4989);
#1435=VERTEX_POINT('',#5003);
#1436=VERTEX_POINT('',#5005);
#1437=VERTEX_POINT('',#5009);
#1438=VERTEX_POINT('',#5013);
#1439=VERTEX_POINT('',#5019);
#1440=VERTEX_POINT('',#5020);
#1441=VERTEX_POINT('',#5022);
#1442=VERTEX_POINT('',#5024);
#1443=VERTEX_POINT('',#5026);
#1444=VERTEX_POINT('',#5030);
#1445=VERTEX_POINT('',#5032);
#1446=VERTEX_POINT('',#5036);
#1447=VERTEX_POINT('',#5037);
#1448=VERTEX_POINT('',#5039);
#1449=VERTEX_POINT('',#5041);
#1450=VERTEX_POINT('',#5045);
#1451=VERTEX_POINT('',#5047);
#1452=VERTEX_POINT('',#5049);
#1453=VERTEX_POINT('',#5055);
#1454=VERTEX_POINT('',#5057);
#1455=VERTEX_POINT('',#5059);
#1456=VERTEX_POINT('',#5063);
#1457=VERTEX_POINT('',#5067);
#1458=VERTEX_POINT('',#5071);
#1459=VERTEX_POINT('',#5075);
#1460=VERTEX_POINT('',#5077);
#1461=VERTEX_POINT('',#5081);
#1462=VERTEX_POINT('',#5083);
#1463=VERTEX_POINT('',#5087);
#1464=VERTEX_POINT('',#5089);
#1465=VERTEX_POINT('',#5093);
#1466=VERTEX_POINT('',#5095);
#1467=VERTEX_POINT('',#5097);
#1468=VERTEX_POINT('',#5101);
#1469=VERTEX_POINT('',#5103);
#1470=VERTEX_POINT('',#5105);
#1471=VERTEX_POINT('',#5109);
#1472=VERTEX_POINT('',#5113);
#1473=VERTEX_POINT('',#5120);
#1474=VERTEX_POINT('',#5122);
#1475=VERTEX_POINT('',#5124);
#1476=VERTEX_POINT('',#5127);
#1477=VERTEX_POINT('',#5131);
#1478=VERTEX_POINT('',#5144);
#1479=VERTEX_POINT('',#5148);
#1480=VERTEX_POINT('',#5150);
#1481=VERTEX_POINT('',#5163);
#1482=VERTEX_POINT('',#5165);
#1483=VERTEX_POINT('',#5178);
#1484=VERTEX_POINT('',#5180);
#1485=VERTEX_POINT('',#5193);
#1486=VERTEX_POINT('',#5195);
#1487=VERTEX_POINT('',#5197);
#1488=VERTEX_POINT('',#5200);
#1489=VERTEX_POINT('',#5201);
#1490=VERTEX_POINT('',#5239);
#1491=VERTEX_POINT('',#5241);
#1492=VERTEX_POINT('',#5243);
#1493=VERTEX_POINT('',#5245);
#1494=VERTEX_POINT('',#5247);
#1495=VERTEX_POINT('',#5249);
#1496=VERTEX_POINT('',#5260);
#1497=VERTEX_POINT('',#5267);
#1498=VERTEX_POINT('',#5271);
#1499=VERTEX_POINT('',#5275);
#1500=VERTEX_POINT('',#5277);
#1501=VERTEX_POINT('',#5281);
#1502=VERTEX_POINT('',#5285);
#1503=VERTEX_POINT('',#5287);
#1504=VERTEX_POINT('',#5291);
#1505=VERTEX_POINT('',#5293);
#1506=VERTEX_POINT('',#5297);
#1507=VERTEX_POINT('',#5298);
#1508=VERTEX_POINT('',#5301);
#1509=VERTEX_POINT('',#5307);
#1510=VERTEX_POINT('',#5309);
#1511=VERTEX_POINT('',#5311);
#1512=VERTEX_POINT('',#5313);
#1513=VERTEX_POINT('',#5325);
#1514=VERTEX_POINT('',#5327);
#1515=VERTEX_POINT('',#5329);
#1516=VERTEX_POINT('',#5331);
#1517=VERTEX_POINT('',#5342);
#1518=VERTEX_POINT('',#5344);
#1519=VERTEX_POINT('',#5352);
#1520=VERTEX_POINT('',#5405);
#1521=VERTEX_POINT('',#5418);
#1522=VERTEX_POINT('',#5422);
#1523=VERTEX_POINT('',#5424);
#1524=VERTEX_POINT('',#5426);
#1525=VERTEX_POINT('',#5428);
#1526=VERTEX_POINT('',#5486);
#1527=VERTEX_POINT('',#5488);
#1528=VERTEX_POINT('',#5501);
#1529=VERTEX_POINT('',#5503);
#1530=VERTEX_POINT('',#5505);
#1531=VERTEX_POINT('',#5507);
#1532=VERTEX_POINT('',#5511);
#1533=VERTEX_POINT('',#5515);
#1534=VERTEX_POINT('',#5517);
#1535=VERTEX_POINT('',#5530);
#1536=VERTEX_POINT('',#5549);
#1537=VERTEX_POINT('',#5552);
#1538=VERTEX_POINT('',#5554);
#1539=VERTEX_POINT('',#5556);
#1540=VERTEX_POINT('',#5558);
#1541=VERTEX_POINT('',#5562);
#1542=VERTEX_POINT('',#5564);
#1543=VERTEX_POINT('',#5566);
#1544=VERTEX_POINT('',#5568);
#1545=VERTEX_POINT('',#5571);
#1546=VERTEX_POINT('',#5573);
#1547=VERTEX_POINT('',#5576);
#1548=VERTEX_POINT('',#5578);
#1549=VERTEX_POINT('',#5580);
#1550=VERTEX_POINT('',#5582);
#1551=VERTEX_POINT('',#5585);
#1552=VERTEX_POINT('',#5587);
#1553=VERTEX_POINT('',#5589);
#1554=VERTEX_POINT('',#5591);
#1555=VERTEX_POINT('',#5595);
#1556=VERTEX_POINT('',#5597);
#1557=VERTEX_POINT('',#5599);
#1558=VERTEX_POINT('',#5601);
#1559=VERTEX_POINT('',#5603);
#1560=VERTEX_POINT('',#5605);
#1561=VERTEX_POINT('',#5607);
#1562=VERTEX_POINT('',#5609);
#1563=VERTEX_POINT('',#5613);
#1564=VERTEX_POINT('',#5615);
#1565=VERTEX_POINT('',#5623);
#1566=VERTEX_POINT('',#5625);
#1567=VERTEX_POINT('',#5627);
#1568=VERTEX_POINT('',#5629);
#1569=VERTEX_POINT('',#5633);
#1570=VERTEX_POINT('',#5634);
#1571=VERTEX_POINT('',#5637);
#1572=VERTEX_POINT('',#5648);
#1573=VERTEX_POINT('',#5650);
#1574=VERTEX_POINT('',#5652);
#1575=VERTEX_POINT('',#5654);
#1576=VERTEX_POINT('',#5673);
#1577=VERTEX_POINT('',#5674);
#1578=VERTEX_POINT('',#5678);
#1579=VERTEX_POINT('',#5679);
#1580=VERTEX_POINT('',#5683);
#1581=VERTEX_POINT('',#5684);
#1582=VERTEX_POINT('',#5686);
#1583=VERTEX_POINT('',#5688);
#1584=VERTEX_POINT('',#5692);
#1585=VERTEX_POINT('',#5694);
#1586=VERTEX_POINT('',#5698);
#1587=VERTEX_POINT('',#5700);
#1588=VERTEX_POINT('',#5704);
#1589=VERTEX_POINT('',#5705);
#1590=VERTEX_POINT('',#5707);
#1591=VERTEX_POINT('',#5709);
#1592=VERTEX_POINT('',#5712);
#1593=VERTEX_POINT('',#5713);
#1594=VERTEX_POINT('',#5715);
#1595=VERTEX_POINT('',#5717);
#1596=VERTEX_POINT('',#5720);
#1597=VERTEX_POINT('',#5722);
#1598=VERTEX_POINT('',#5725);
#1599=VERTEX_POINT('',#5727);
#1600=VERTEX_POINT('',#5730);
#1601=VERTEX_POINT('',#5732);
#1602=VERTEX_POINT('',#5735);
#1603=VERTEX_POINT('',#5737);
#1604=VERTEX_POINT('',#5741);
#1605=VERTEX_POINT('',#5743);
#1606=VERTEX_POINT('',#5747);
#1607=VERTEX_POINT('',#5749);
#1608=VERTEX_POINT('',#5758);
#1609=VERTEX_POINT('',#5760);
#1610=VERTEX_POINT('',#5764);
#1611=VERTEX_POINT('',#5768);
#1612=VERTEX_POINT('',#5775);
#1613=VERTEX_POINT('',#5776);
#1614=VERTEX_POINT('',#5780);
#1615=VERTEX_POINT('',#5785);
#1616=VERTEX_POINT('',#5787);
#1617=VERTEX_POINT('',#5789);
#1618=VERTEX_POINT('',#5794);
#1619=VERTEX_POINT('',#5801);
#1620=VERTEX_POINT('',#5803);
#1621=VERTEX_POINT('',#5805);
#1622=VERTEX_POINT('',#5807);
#1623=VERTEX_POINT('',#5809);
#1624=VERTEX_POINT('',#5811);
#1625=VERTEX_POINT('',#5813);
#1626=VERTEX_POINT('',#5817);
#1627=VERTEX_POINT('',#5819);
#1628=VERTEX_POINT('',#5824);
#1629=VERTEX_POINT('',#5830);
#1630=VERTEX_POINT('',#5834);
#1631=VERTEX_POINT('',#5836);
#1632=VERTEX_POINT('',#5847);
#1633=VERTEX_POINT('',#5851);
#1634=VERTEX_POINT('',#5853);
#1635=VERTEX_POINT('',#5857);
#1636=VERTEX_POINT('',#5873);
#1637=VERTEX_POINT('',#5875);
#1638=VERTEX_POINT('',#5881);
#1639=VERTEX_POINT('',#5883);
#1640=VERTEX_POINT('',#5887);
#1641=VERTEX_POINT('',#5889);
#1642=VERTEX_POINT('',#5893);
#1643=VERTEX_POINT('',#5895);
#1644=VERTEX_POINT('',#5899);
#1645=VERTEX_POINT('',#5900);
#1646=VERTEX_POINT('',#5908);
#1647=VERTEX_POINT('',#5909);
#1648=VERTEX_POINT('',#5912);
#1649=VERTEX_POINT('',#5914);
#1650=VERTEX_POINT('',#5918);
#1651=VERTEX_POINT('',#5920);
#1652=VERTEX_POINT('',#5922);
#1653=VERTEX_POINT('',#5926);
#1654=VERTEX_POINT('',#5927);
#1655=VERTEX_POINT('',#5930);
#1656=VERTEX_POINT('',#5932);
#1657=VERTEX_POINT('',#5946);
#1658=VERTEX_POINT('',#5948);
#1659=VERTEX_POINT('',#5950);
#1660=VERTEX_POINT('',#5952);
#1661=VERTEX_POINT('',#5956);
#1662=VERTEX_POINT('',#5960);
#1663=VERTEX_POINT('',#5964);
#1664=VERTEX_POINT('',#5966);
#1665=VERTEX_POINT('',#5970);
#1666=VERTEX_POINT('',#5977);
#1667=VERTEX_POINT('',#5979);
#1668=VERTEX_POINT('',#5984);
#1669=VERTEX_POINT('',#5986);
#1670=VERTEX_POINT('',#5990);
#1671=VERTEX_POINT('',#5991);
#1672=VERTEX_POINT('',#5993);
#1673=VERTEX_POINT('',#5995);
#1674=VERTEX_POINT('',#6000);
#1675=VERTEX_POINT('',#6002);
#1676=VERTEX_POINT('',#6006);
#1677=VERTEX_POINT('',#6008);
#1678=VERTEX_POINT('',#6014);
#1679=VERTEX_POINT('',#6018);
#1680=VERTEX_POINT('',#6020);
#1681=VERTEX_POINT('',#6030);
#1682=VERTEX_POINT('',#6032);
#1683=VERTEX_POINT('',#6037);
#1684=VERTEX_POINT('',#6060);
#1685=VERTEX_POINT('',#6062);
#1686=VERTEX_POINT('',#6064);
#1687=VERTEX_POINT('',#6066);
#1688=VERTEX_POINT('',#6068);
#1689=VERTEX_POINT('',#6070);
#1690=VERTEX_POINT('',#6072);
#1691=VERTEX_POINT('',#6074);
#1692=VERTEX_POINT('',#6076);
#1693=VERTEX_POINT('',#6078);
#1694=VERTEX_POINT('',#6083);
#1695=VERTEX_POINT('',#6085);
#1696=VERTEX_POINT('',#6089);
#1697=VERTEX_POINT('',#6093);
#1698=VERTEX_POINT('',#6097);
#1699=VERTEX_POINT('',#6101);
#1700=VERTEX_POINT('',#6110);
#1701=VERTEX_POINT('',#6112);
#1702=VERTEX_POINT('',#6114);
#1703=VERTEX_POINT('',#6116);
#1704=VERTEX_POINT('',#6118);
#1705=VERTEX_POINT('',#6120);
#1706=VERTEX_POINT('',#6122);
#1707=VERTEX_POINT('',#6124);
#1708=VERTEX_POINT('',#6126);
#1709=VERTEX_POINT('',#6128);
#1710=VERTEX_POINT('',#6133);
#1711=VERTEX_POINT('',#6135);
#1712=VERTEX_POINT('',#6139);
#1713=VERTEX_POINT('',#6143);
#1714=VERTEX_POINT('',#6147);
#1715=VERTEX_POINT('',#6151);
#1716=EDGE_CURVE('',#1380,#1381,#1236,.T.);
#1717=EDGE_CURVE('',#1381,#1382,#1237,.T.);
#1718=EDGE_CURVE('',#1382,#1383,#1216,.F.);
#1719=EDGE_CURVE('',#1383,#1380,#1238,.T.);
#1720=EDGE_CURVE('',#1384,#1385,#1239,.T.);
#1721=EDGE_CURVE('',#1385,#1381,#1240,.T.);
#1722=EDGE_CURVE('',#1380,#1384,#1241,.T.);
#1723=EDGE_CURVE('',#1386,#1387,#1242,.T.);
#1724=EDGE_CURVE('',#1387,#1385,#157,.T.);
#1725=EDGE_CURVE('',#1384,#1386,#158,.T.);
#1726=EDGE_CURVE('',#1388,#1389,#1243,.T.);
#1727=EDGE_CURVE('',#1389,#1390,#138,.T.);
#1728=EDGE_CURVE('',#1390,#1391,#1244,.T.);
#1729=EDGE_CURVE('',#1391,#1388,#139,.T.);
#1730=EDGE_CURVE('',#1392,#1393,#1217,.T.);
#1731=EDGE_CURVE('',#1393,#1394,#159,.T.);
#1732=EDGE_CURVE('',#1394,#1395,#1245,.F.);
#1733=EDGE_CURVE('',#1395,#1396,#160,.T.);
#1734=EDGE_CURVE('',#1396,#1397,#1218,.T.);
#1735=EDGE_CURVE('',#1397,#1389,#161,.T.);
#1736=EDGE_CURVE('',#1388,#1392,#162,.T.);
#1737=EDGE_CURVE('',#1390,#1387,#1219,.T.);
#1738=EDGE_CURVE('',#1386,#1391,#1220,.T.);
#1739=EDGE_CURVE('',#1398,#1399,#163,.T.);
#1740=EDGE_CURVE('',#1399,#1400,#164,.T.);
#1741=EDGE_CURVE('',#1400,#1401,#165,.T.);
#1742=EDGE_CURVE('',#1401,#1398,#166,.T.);
#1743=EDGE_CURVE('',#1395,#1402,#167,.T.);
#1744=EDGE_CURVE('',#1403,#1402,#168,.T.);
#1745=EDGE_CURVE('',#1404,#1403,#169,.T.);
#1746=EDGE_CURVE('',#1405,#1404,#170,.T.);
#1747=EDGE_CURVE('',#1406,#1405,#171,.T.);
#1748=EDGE_CURVE('',#1406,#1407,#172,.T.);
#1749=EDGE_CURVE('',#1407,#1408,#173,.T.);
#1750=EDGE_CURVE('',#1408,#1409,#174,.T.);
#1751=EDGE_CURVE('',#1409,#1410,#175,.T.);
#1752=EDGE_CURVE('',#1411,#1410,#176,.T.);
#1753=EDGE_CURVE('',#1411,#1412,#1246,.T.);
#1754=EDGE_CURVE('',#1412,#1413,#1247,.T.);
#1755=EDGE_CURVE('',#1413,#1414,#1248,.T.);
#1756=EDGE_CURVE('',#1414,#1415,#1249,.T.);
#1757=EDGE_CURVE('',#1415,#1416,#1250,.T.);
#1758=EDGE_CURVE('',#1416,#1417,#1251,.T.);
#1759=EDGE_CURVE('',#1417,#1418,#1252,.T.);
#1760=EDGE_CURVE('',#1418,#1419,#1253,.T.);
#1761=EDGE_CURVE('',#1419,#1420,#1254,.T.);
#1762=EDGE_CURVE('',#1420,#1421,#1255,.T.);
#1763=EDGE_CURVE('',#1421,#1396,#1256,.T.);
#1764=EDGE_CURVE('',#1422,#1421,#177,.T.);
#1765=EDGE_CURVE('',#1423,#1422,#1257,.T.);
#1766=EDGE_CURVE('',#1423,#1424,#178,.T.);
#1767=EDGE_CURVE('',#1424,#1425,#1258,.T.);
#1768=EDGE_CURVE('',#1425,#1426,#179,.T.);
#1769=EDGE_CURVE('',#1427,#1426,#1259,.T.);
#1770=EDGE_CURVE('',#1427,#1428,#180,.T.);
#1771=EDGE_CURVE('',#1428,#1429,#1260,.T.);
#1772=EDGE_CURVE('',#1430,#1429,#1221,.F.);
#1773=EDGE_CURVE('',#1430,#1431,#181,.T.);
#1774=EDGE_CURVE('',#1431,#1393,#140,.T.);
#1775=EDGE_CURVE('',#1392,#1432,#141,.T.);
#1776=EDGE_CURVE('',#1432,#1433,#182,.T.);
#1777=EDGE_CURVE('',#1434,#1433,#1222,.F.);
#1778=EDGE_CURVE('',#1434,#1428,#1261,.T.);
#1779=EDGE_CURVE('',#1435,#1427,#1262,.T.);
#1780=EDGE_CURVE('',#1436,#1435,#183,.T.);
#1781=EDGE_CURVE('',#1397,#1436,#1263,.T.);
#1782=EDGE_CURVE('',#1437,#1388,#184,.T.);
#1783=EDGE_CURVE('',#1437,#1432,#185,.T.);
#1784=EDGE_CURVE('',#1431,#1438,#186,.T.);
#1785=EDGE_CURVE('',#1438,#1394,#187,.T.);
#1786=EDGE_CURVE('',#1391,#1437,#1264,.T.);
#1787=EDGE_CURVE('',#1439,#1440,#1265,.T.);
#1788=EDGE_CURVE('',#1439,#1441,#188,.T.);
#1789=EDGE_CURVE('',#1441,#1442,#1266,.T.);
#1790=EDGE_CURVE('',#1443,#1442,#142,.T.);
#1791=EDGE_CURVE('',#1443,#1440,#189,.T.);
#1792=EDGE_CURVE('',#1443,#1444,#190,.T.);
#1793=EDGE_CURVE('',#1444,#1445,#191,.T.);
#1794=EDGE_CURVE('',#1445,#1440,#192,.T.);
#1795=EDGE_CURVE('',#1446,#1447,#1267,.T.);
#1796=EDGE_CURVE('',#1447,#1448,#193,.T.);
#1797=EDGE_CURVE('',#1448,#1449,#1268,.F.);
#1798=EDGE_CURVE('',#1449,#1446,#194,.T.);
#1799=EDGE_CURVE('',#1450,#1446,#1269,.T.);
#1800=EDGE_CURVE('',#1446,#1451,#195,.T.);
#1801=EDGE_CURVE('',#1451,#1452,#1270,.F.);
#1802=EDGE_CURVE('',#1452,#1450,#196,.T.);
#1803=EDGE_CURVE('',#1450,#1447,#1271,.T.);
#1804=EDGE_CURVE('',#1453,#1447,#197,.T.);
#1805=EDGE_CURVE('',#1454,#1453,#198,.T.);
#1806=EDGE_CURVE('',#1455,#1454,#199,.T.);
#1807=EDGE_CURVE('',#1448,#1455,#200,.T.);
#1808=EDGE_CURVE('',#1450,#1456,#201,.T.);
#1809=EDGE_CURVE('',#1456,#1453,#1272,.T.);
#1810=EDGE_CURVE('',#1457,#1452,#202,.T.);
#1811=EDGE_CURVE('',#1457,#1456,#203,.T.);
#1812=EDGE_CURVE('',#1458,#1457,#204,.T.);
#1813=EDGE_CURVE('',#1454,#1458,#205,.T.);
#1814=EDGE_CURVE('',#1404,#1459,#1273,.T.);
#1815=EDGE_CURVE('',#1459,#1460,#206,.T.);
#1816=EDGE_CURVE('',#1460,#1405,#143,.F.);
#1817=EDGE_CURVE('',#1436,#1461,#1274,.T.);
#1818=EDGE_CURVE('',#1461,#1462,#1275,.T.);
#1819=EDGE_CURVE('',#1462,#1382,#1276,.T.);
#1820=EDGE_CURVE('',#1463,#1403,#1277,.T.);
#1821=EDGE_CURVE('',#1402,#1464,#1278,.F.);
#1822=EDGE_CURVE('',#1464,#1463,#207,.T.);
#1823=EDGE_CURVE('',#1465,#1459,#208,.T.);
#1824=EDGE_CURVE('',#1466,#1465,#209,.T.);
#1825=EDGE_CURVE('',#1467,#1466,#210,.T.);
#1826=EDGE_CURVE('',#1460,#1467,#211,.T.);
#1827=EDGE_CURVE('',#1463,#1468,#212,.T.);
#1828=EDGE_CURVE('',#1468,#1469,#213,.T.);
#1829=EDGE_CURVE('',#1469,#1470,#214,.T.);
#1830=EDGE_CURVE('',#1465,#1470,#215,.T.);
#1831=EDGE_CURVE('',#1460,#1471,#216,.T.);
#1832=EDGE_CURVE('',#1471,#1406,#1279,.F.);
#1833=EDGE_CURVE('',#1467,#1472,#217,.T.);
#1834=EDGE_CURVE('',#1472,#1471,#218,.T.);
#1835=EDGE_CURVE('',#1433,#1430,#219,.T.);
#1836=EDGE_CURVE('',#1429,#1434,#220,.T.);
#1837=EDGE_CURVE('',#1473,#1437,#1280,.T.);
#1838=EDGE_CURVE('',#1474,#1473,#221,.T.);
#1839=EDGE_CURVE('',#1475,#1474,#1281,.T.);
#1840=EDGE_CURVE('',#1475,#1439,#222,.T.);
#1841=EDGE_CURVE('',#1445,#1476,#223,.T.);
#1842=EDGE_CURVE('',#1476,#1438,#224,.T.);
#1843=EDGE_CURVE('',#1477,#1411,#1223,.T.);
#1844=EDGE_CURVE('',#1410,#1478,#1282,.F.);
#1845=EDGE_CURVE('',#1478,#1477,#225,.T.);
#1846=EDGE_CURVE('',#1477,#1479,#226,.T.);
#1847=EDGE_CURVE('',#1480,#1479,#1224,.F.);
#1848=EDGE_CURVE('',#1480,#1481,#1283,.T.);
#1849=EDGE_CURVE('',#1482,#1481,#1225,.F.);
#1850=EDGE_CURVE('',#1482,#1483,#227,.T.);
#1851=EDGE_CURVE('',#1484,#1483,#1226,.T.);
#1852=EDGE_CURVE('',#1485,#1484,#1284,.T.);
#1853=EDGE_CURVE('',#1486,#1485,#228,.T.);
#1854=EDGE_CURVE('',#1487,#1486,#1285,.T.);
#1855=EDGE_CURVE('',#1412,#1487,#229,.T.);
#1856=EDGE_CURVE('',#1488,#1489,#1227,.T.);
#1857=EDGE_CURVE('',#1489,#1488,#1228,.T.);
#1858=EDGE_CURVE('',#1478,#1490,#230,.T.);
#1859=EDGE_CURVE('',#1491,#1490,#231,.T.);
#1860=EDGE_CURVE('',#1491,#1492,#232,.T.);
#1861=EDGE_CURVE('',#1493,#1492,#233,.T.);
#1862=EDGE_CURVE('',#1494,#1493,#234,.T.);
#1863=EDGE_CURVE('',#1495,#1494,#1229,.T.);
#1864=EDGE_CURVE('',#1496,#1495,#235,.T.);
#1865=EDGE_CURVE('',#1483,#1496,#236,.T.);
#1866=EDGE_CURVE('',#1479,#1482,#237,.T.);
#1867=EDGE_CURVE('',#1481,#1480,#238,.T.);
#1868=EDGE_CURVE('',#1496,#1497,#1286,.T.);
#1869=EDGE_CURVE('',#1497,#1484,#239,.T.);
#1870=EDGE_CURVE('',#1496,#1498,#1287,.T.);
#1871=EDGE_CURVE('',#1498,#1497,#1288,.T.);
#1872=EDGE_CURVE('',#1498,#1499,#240,.T.);
#1873=EDGE_CURVE('',#1499,#1500,#144,.T.);
#1874=EDGE_CURVE('',#1500,#1497,#241,.T.);
#1875=EDGE_CURVE('',#1501,#1495,#1289,.T.);
#1876=EDGE_CURVE('',#1501,#1498,#242,.T.);
#1877=EDGE_CURVE('',#1474,#1502,#243,.T.);
#1878=EDGE_CURVE('',#1502,#1503,#145,.T.);
#1879=EDGE_CURVE('',#1503,#1475,#244,.T.);
#1880=EDGE_CURVE('',#1503,#1504,#245,.T.);
#1881=EDGE_CURVE('',#1504,#1505,#246,.T.);
#1882=EDGE_CURVE('',#1505,#1441,#247,.T.);
#1883=EDGE_CURVE('',#1506,#1507,#146,.T.);
#1884=EDGE_CURVE('',#1506,#1501,#248,.T.);
#1885=EDGE_CURVE('',#1501,#1508,#1290,.T.);
#1886=EDGE_CURVE('',#1508,#1507,#249,.T.);
#1887=EDGE_CURVE('',#1494,#1508,#1291,.T.);
#1888=EDGE_CURVE('',#1509,#1384,#250,.T.);
#1889=EDGE_CURVE('',#1510,#1509,#251,.T.);
#1890=EDGE_CURVE('',#1511,#1510,#252,.T.);
#1891=EDGE_CURVE('',#1512,#1511,#1230,.T.);
#1892=EDGE_CURVE('',#1513,#1512,#253,.T.);
#1893=EDGE_CURVE('',#1514,#1513,#254,.T.);
#1894=EDGE_CURVE('',#1515,#1514,#255,.T.);
#1895=EDGE_CURVE('',#1516,#1515,#1231,.T.);
#1896=EDGE_CURVE('',#1517,#1516,#256,.T.);
#1897=EDGE_CURVE('',#1518,#1517,#257,.T.);
#1898=EDGE_CURVE('',#1499,#1518,#258,.T.);
#1899=EDGE_CURVE('',#1502,#1506,#259,.T.);
#1900=EDGE_CURVE('',#1386,#1473,#1292,.T.);
#1901=EDGE_CURVE('',#1507,#1503,#260,.T.);
#1902=EDGE_CURVE('',#1519,#1493,#261,.T.);
#1903=EDGE_CURVE('',#1519,#1507,#262,.T.);
#1904=EDGE_CURVE('',#1520,#1516,#1232,.T.);
#1905=EDGE_CURVE('',#1521,#1515,#1293,.F.);
#1906=EDGE_CURVE('',#1521,#1520,#1294,.T.);
#1907=EDGE_CURVE('',#1520,#1522,#263,.T.);
#1908=EDGE_CURVE('',#1523,#1522,#1295,.T.);
#1909=EDGE_CURVE('',#1523,#1524,#264,.T.);
#1910=EDGE_CURVE('',#1524,#1525,#1296,.T.);
#1911=EDGE_CURVE('',#1517,#1525,#147,.T.);
#1912=EDGE_CURVE('',#1512,#1526,#1297,.F.);
#1913=EDGE_CURVE('',#1511,#1527,#1233,.T.);
#1914=EDGE_CURVE('',#1527,#1526,#1298,.T.);
#1915=EDGE_CURVE('',#1510,#1528,#148,.T.);
#1916=EDGE_CURVE('',#1528,#1529,#1299,.T.);
#1917=EDGE_CURVE('',#1529,#1530,#265,.T.);
#1918=EDGE_CURVE('',#1530,#1531,#1300,.F.);
#1919=EDGE_CURVE('',#1531,#1527,#266,.T.);
#1920=EDGE_CURVE('',#1532,#1521,#267,.T.);
#1921=EDGE_CURVE('',#1514,#1532,#149,.T.);
#1922=EDGE_CURVE('',#1513,#1533,#150,.T.);
#1923=EDGE_CURVE('',#1533,#1534,#1234,.T.);
#1924=EDGE_CURVE('',#1534,#1535,#268,.T.);
#1925=EDGE_CURVE('',#1535,#1532,#1235,.T.);
#1926=EDGE_CURVE('',#1526,#1533,#269,.T.);
#1927=EDGE_CURVE('',#1534,#1535,#1301,.T.);
#1928=EDGE_CURVE('',#1536,#1531,#1302,.T.);
#1929=EDGE_CURVE('',#1536,#1383,#270,.T.);
#1930=EDGE_CURVE('',#1462,#1537,#271,.T.);
#1931=EDGE_CURVE('',#1537,#1538,#1303,.T.);
#1932=EDGE_CURVE('',#1538,#1539,#272,.T.);
#1933=EDGE_CURVE('',#1539,#1540,#1304,.T.);
#1934=EDGE_CURVE('',#1540,#1461,#273,.T.);
#1935=EDGE_CURVE('',#1435,#1422,#1305,.T.);
#1936=EDGE_CURVE('',#1420,#1541,#274,.T.);
#1937=EDGE_CURVE('',#1541,#1542,#1306,.T.);
#1938=EDGE_CURVE('',#1542,#1543,#275,.T.);
#1939=EDGE_CURVE('',#1543,#1544,#1307,.T.);
#1940=EDGE_CURVE('',#1544,#1419,#276,.T.);
#1941=EDGE_CURVE('',#1418,#1545,#277,.T.);
#1942=EDGE_CURVE('',#1545,#1546,#1308,.T.);
#1943=EDGE_CURVE('',#1546,#1417,#278,.T.);
#1944=EDGE_CURVE('',#1416,#1547,#279,.T.);
#1945=EDGE_CURVE('',#1547,#1548,#280,.T.);
#1946=EDGE_CURVE('',#1548,#1549,#1309,.T.);
#1947=EDGE_CURVE('',#1549,#1550,#281,.T.);
#1948=EDGE_CURVE('',#1550,#1415,#282,.T.);
#1949=EDGE_CURVE('',#1414,#1551,#283,.T.);
#1950=EDGE_CURVE('',#1551,#1552,#1310,.T.);
#1951=EDGE_CURVE('',#1552,#1553,#284,.T.);
#1952=EDGE_CURVE('',#1553,#1554,#1311,.T.);
#1953=EDGE_CURVE('',#1554,#1413,#285,.T.);
#1954=EDGE_CURVE('',#1487,#1486,#1312,.T.);
#1955=EDGE_CURVE('',#1555,#1485,#1313,.T.);
#1956=EDGE_CURVE('',#1555,#1556,#286,.T.);
#1957=EDGE_CURVE('',#1556,#1557,#1314,.T.);
#1958=EDGE_CURVE('',#1557,#1558,#287,.T.);
#1959=EDGE_CURVE('',#1558,#1559,#1315,.T.);
#1960=EDGE_CURVE('',#1559,#1560,#288,.T.);
#1961=EDGE_CURVE('',#1561,#1560,#1316,.T.);
#1962=EDGE_CURVE('',#1561,#1562,#289,.T.);
#1963=EDGE_CURVE('',#1522,#1562,#1317,.T.);
#1964=EDGE_CURVE('',#1380,#1563,#290,.T.);
#1965=EDGE_CURVE('',#1563,#1564,#1318,.T.);
#1966=EDGE_CURVE('',#1564,#1509,#151,.T.);
#1967=EDGE_CURVE('',#1564,#1528,#291,.T.);
#1968=EDGE_CURVE('',#1529,#1563,#1319,.T.);
#1969=EDGE_CURVE('',#1565,#1536,#1320,.T.);
#1970=EDGE_CURVE('',#1565,#1566,#292,.T.);
#1971=EDGE_CURVE('',#1566,#1567,#1321,.T.);
#1972=EDGE_CURVE('',#1567,#1568,#293,.T.);
#1973=EDGE_CURVE('',#1530,#1568,#1322,.T.);
#1974=EDGE_CURVE('',#1569,#1570,#294,.T.);
#1975=EDGE_CURVE('',#1570,#1500,#1323,.T.);
#1976=EDGE_CURVE('',#1518,#1571,#152,.T.);
#1977=EDGE_CURVE('',#1571,#1569,#1324,.T.);
#1978=EDGE_CURVE('',#1525,#1571,#295,.T.);
#1979=EDGE_CURVE('',#1570,#1561,#1325,.T.);
#1980=EDGE_CURVE('',#1560,#1555,#1326,.T.);
#1981=EDGE_CURVE('',#1569,#1524,#1327,.T.);
#1982=EDGE_CURVE('',#1572,#1523,#1328,.T.);
#1983=EDGE_CURVE('',#1572,#1573,#296,.T.);
#1984=EDGE_CURVE('',#1573,#1574,#1329,.T.);
#1985=EDGE_CURVE('',#1574,#1575,#297,.T.);
#1986=EDGE_CURVE('',#1562,#1575,#1330,.T.);
#1987=EDGE_CURVE('',#1576,#1577,#298,.T.);
#1988=EDGE_CURVE('',#1576,#1577,#1331,.T.);
#1989=EDGE_CURVE('',#1578,#1579,#299,.T.);
#1990=EDGE_CURVE('',#1579,#1578,#1332,.T.);
#1991=EDGE_CURVE('',#1580,#1581,#1333,.T.);
#1992=EDGE_CURVE('',#1582,#1580,#300,.T.);
#1993=EDGE_CURVE('',#1583,#1582,#1334,.T.);
#1994=EDGE_CURVE('',#1581,#1583,#301,.T.);
#1995=EDGE_CURVE('',#1584,#1578,#302,.T.);
#1996=EDGE_CURVE('',#1585,#1584,#1335,.T.);
#1997=EDGE_CURVE('',#1579,#1585,#303,.T.);
#1998=EDGE_CURVE('',#1586,#1576,#304,.T.);
#1999=EDGE_CURVE('',#1587,#1586,#1336,.T.);
#2000=EDGE_CURVE('',#1577,#1587,#305,.T.);
#2001=EDGE_CURVE('',#1588,#1589,#306,.T.);
#2002=EDGE_CURVE('',#1589,#1590,#307,.T.);
#2003=EDGE_CURVE('',#1590,#1591,#308,.T.);
#2004=EDGE_CURVE('',#1591,#1588,#309,.T.);
#2005=EDGE_CURVE('',#1592,#1593,#310,.T.);
#2006=EDGE_CURVE('',#1593,#1594,#311,.T.);
#2007=EDGE_CURVE('',#1594,#1595,#312,.T.);
#2008=EDGE_CURVE('',#1595,#1592,#313,.T.);
#2009=EDGE_CURVE('',#1587,#1596,#314,.T.);
#2010=EDGE_CURVE('',#1596,#1597,#315,.T.);
#2011=EDGE_CURVE('',#1597,#1582,#316,.T.);
#2012=EDGE_CURVE('',#1580,#1598,#317,.T.);
#2013=EDGE_CURVE('',#1598,#1599,#318,.T.);
#2014=EDGE_CURVE('',#1599,#1584,#319,.T.);
#2015=EDGE_CURVE('',#1585,#1600,#320,.T.);
#2016=EDGE_CURVE('',#1600,#1601,#321,.T.);
#2017=EDGE_CURVE('',#1601,#1581,#322,.T.);
#2018=EDGE_CURVE('',#1583,#1602,#323,.T.);
#2019=EDGE_CURVE('',#1602,#1603,#324,.T.);
#2020=EDGE_CURVE('',#1603,#1586,#325,.T.);
#2021=EDGE_CURVE('',#1597,#1604,#326,.T.);
#2022=EDGE_CURVE('',#1604,#1605,#327,.T.);
#2023=EDGE_CURVE('',#1602,#1605,#328,.T.);
#2024=EDGE_CURVE('',#1603,#1606,#329,.T.);
#2025=EDGE_CURVE('',#1606,#1607,#330,.T.);
#2026=EDGE_CURVE('',#1596,#1607,#331,.T.);
#2027=EDGE_CURVE('',#1605,#1606,#332,.T.);
#2028=EDGE_CURVE('',#1607,#1604,#333,.T.);
#2029=EDGE_CURVE('',#1600,#1608,#334,.T.);
#2030=EDGE_CURVE('',#1608,#1609,#335,.T.);
#2031=EDGE_CURVE('',#1601,#1609,#336,.T.);
#2032=EDGE_CURVE('',#1599,#1610,#337,.T.);
#2033=EDGE_CURVE('',#1610,#1608,#338,.T.);
#2034=EDGE_CURVE('',#1598,#1611,#339,.T.);
#2035=EDGE_CURVE('',#1611,#1610,#340,.T.);
#2036=EDGE_CURVE('',#1609,#1611,#341,.T.);
#2037=EDGE_CURVE('',#1612,#1613,#342,.T.);
#2038=EDGE_CURVE('',#1612,#1613,#1337,.T.);
#2039=EDGE_CURVE('',#1614,#1613,#1338,.T.);
#2040=EDGE_CURVE('',#1614,#1489,#343,.T.);
#2041=EDGE_CURVE('',#1612,#1614,#1339,.T.);
#2042=EDGE_CURVE('',#1615,#1449,#344,.T.);
#2043=EDGE_CURVE('',#1616,#1615,#345,.T.);
#2044=EDGE_CURVE('',#1616,#1617,#346,.T.);
#2045=EDGE_CURVE('',#1451,#1617,#347,.T.);
#2046=EDGE_CURVE('',#1455,#1491,#348,.T.);
#2047=EDGE_CURVE('',#1490,#1618,#349,.T.);
#2048=EDGE_CURVE('',#1615,#1618,#350,.T.);
#2049=EDGE_CURVE('',#1492,#1454,#351,.T.);
#2050=EDGE_CURVE('',#1458,#1472,#352,.T.);
#2051=EDGE_CURVE('',#1466,#1619,#353,.T.);
#2052=EDGE_CURVE('',#1619,#1620,#354,.T.);
#2053=EDGE_CURVE('',#1620,#1621,#355,.T.);
#2054=EDGE_CURVE('',#1621,#1622,#356,.T.);
#2055=EDGE_CURVE('',#1622,#1623,#357,.T.);
#2056=EDGE_CURVE('',#1623,#1624,#358,.T.);
#2057=EDGE_CURVE('',#1624,#1625,#359,.T.);
#2058=EDGE_CURVE('',#1625,#1519,#360,.T.);
#2059=EDGE_CURVE('',#1626,#1408,#361,.T.);
#2060=EDGE_CURVE('',#1626,#1627,#362,.T.);
#2061=EDGE_CURVE('',#1627,#1409,#363,.T.);
#2062=EDGE_CURVE('',#1618,#1627,#364,.T.);
#2063=EDGE_CURVE('',#1628,#1626,#365,.T.);
#2064=EDGE_CURVE('',#1616,#1628,#366,.T.);
#2065=EDGE_CURVE('',#1407,#1629,#367,.T.);
#2066=EDGE_CURVE('',#1628,#1629,#368,.T.);
#2067=EDGE_CURVE('',#1630,#1624,#369,.T.);
#2068=EDGE_CURVE('',#1631,#1630,#370,.T.);
#2069=EDGE_CURVE('',#1621,#1631,#371,.T.);
#2070=EDGE_CURVE('',#1620,#1505,#372,.T.);
#2071=EDGE_CURVE('',#1625,#1504,#373,.T.);
#2072=EDGE_CURVE('',#1470,#1619,#374,.T.);
#2073=EDGE_CURVE('',#1442,#1469,#375,.T.);
#2074=EDGE_CURVE('',#1632,#1631,#376,.T.);
#2075=EDGE_CURVE('',#1622,#1632,#377,.T.);
#2076=EDGE_CURVE('',#1468,#1633,#378,.T.);
#2077=EDGE_CURVE('',#1633,#1634,#379,.T.);
#2078=EDGE_CURVE('',#1444,#1634,#380,.T.);
#2079=EDGE_CURVE('',#1635,#1630,#381,.T.);
#2080=EDGE_CURVE('',#1632,#1635,#382,.T.);
#2081=EDGE_CURVE('',#1634,#1476,#383,.T.);
#2082=EDGE_CURVE('',#1635,#1623,#384,.T.);
#2083=EDGE_CURVE('',#1464,#1633,#385,.T.);
#2084=EDGE_CURVE('',#1629,#1617,#386,.T.);
#2085=EDGE_CURVE('',#1636,#1636,#1340,.T.);
#2086=EDGE_CURVE('',#1636,#1637,#387,.T.);
#2087=EDGE_CURVE('',#1637,#1637,#1341,.T.);
#2088=EDGE_CURVE('',#1547,#1550,#1342,.T.);
#2089=EDGE_CURVE('',#1547,#1638,#1343,.T.);
#2090=EDGE_CURVE('',#1638,#1639,#388,.T.);
#2091=EDGE_CURVE('',#1548,#1639,#1344,.T.);
#2092=EDGE_CURVE('',#1640,#1550,#1345,.T.);
#2093=EDGE_CURVE('',#1641,#1549,#1346,.T.);
#2094=EDGE_CURVE('',#1641,#1640,#389,.T.);
#2095=EDGE_CURVE('',#1425,#1642,#390,.T.);
#2096=EDGE_CURVE('',#1643,#1642,#391,.T.);
#2097=EDGE_CURVE('',#1643,#1426,#392,.T.);
#2098=EDGE_CURVE('',#1644,#1645,#393,.T.);
#2099=EDGE_CURVE('',#1644,#1543,#394,.T.);
#2100=EDGE_CURVE('',#1542,#1645,#395,.T.);
#2101=EDGE_CURVE('',#1552,#1640,#396,.T.);
#2102=EDGE_CURVE('',#1641,#1553,#397,.T.);
#2103=EDGE_CURVE('',#1646,#1647,#1347,.T.);
#2104=EDGE_CURVE('',#1613,#1646,#398,.T.);
#2105=EDGE_CURVE('',#1648,#1612,#399,.T.);
#2106=EDGE_CURVE('',#1649,#1648,#1348,.T.);
#2107=EDGE_CURVE('',#1647,#1649,#400,.T.);
#2108=EDGE_CURVE('',#1650,#1424,#401,.T.);
#2109=EDGE_CURVE('',#1651,#1650,#1349,.T.);
#2110=EDGE_CURVE('',#1652,#1651,#402,.T.);
#2111=EDGE_CURVE('',#1642,#1652,#1350,.T.);
#2112=EDGE_CURVE('',#1653,#1654,#1351,.T.);
#2113=EDGE_CURVE('',#1638,#1653,#403,.T.);
#2114=EDGE_CURVE('',#1655,#1551,#1352,.T.);
#2115=EDGE_CURVE('',#1656,#1655,#404,.T.);
#2116=EDGE_CURVE('',#1544,#1656,#1353,.T.);
#2117=EDGE_CURVE('',#1654,#1644,#1354,.T.);
#2118=EDGE_CURVE('',#1557,#1575,#405,.T.);
#2119=EDGE_CURVE('',#1574,#1558,#406,.T.);
#2120=EDGE_CURVE('',#1565,#1539,#407,.T.);
#2121=EDGE_CURVE('',#1538,#1566,#408,.T.);
#2122=EDGE_CURVE('',#1567,#1573,#409,.T.);
#2123=EDGE_CURVE('',#1572,#1568,#410,.T.);
#2124=EDGE_CURVE('',#1657,#1537,#1355,.T.);
#2125=EDGE_CURVE('',#1658,#1657,#411,.T.);
#2126=EDGE_CURVE('',#1659,#1658,#412,.T.);
#2127=EDGE_CURVE('',#1660,#1659,#413,.T.);
#2128=EDGE_CURVE('',#1559,#1660,#1356,.T.);
#2129=EDGE_CURVE('',#1423,#1661,#414,.T.);
#2130=EDGE_CURVE('',#1650,#1661,#415,.T.);
#2131=EDGE_CURVE('',#1662,#1653,#416,.T.);
#2132=EDGE_CURVE('',#1662,#1639,#417,.T.);
#2133=EDGE_CURVE('',#1663,#1646,#418,.T.);
#2134=EDGE_CURVE('',#1663,#1664,#419,.T.);
#2135=EDGE_CURVE('',#1648,#1664,#420,.T.);
#2136=EDGE_CURVE('',#1654,#1665,#421,.T.);
#2137=EDGE_CURVE('',#1665,#1665,#1357,.T.);
#2138=EDGE_CURVE('',#1545,#1645,#1358,.T.);
#2139=EDGE_CURVE('',#1662,#1546,#1359,.T.);
#2140=EDGE_CURVE('',#1663,#1554,#1360,.T.);
#2141=EDGE_CURVE('',#1666,#1647,#422,.T.);
#2142=EDGE_CURVE('',#1666,#1667,#1361,.T.);
#2143=EDGE_CURVE('',#1655,#1667,#423,.T.);
#2144=EDGE_CURVE('',#1556,#1664,#1362,.T.);
#2145=EDGE_CURVE('',#1668,#1660,#424,.T.);
#2146=EDGE_CURVE('',#1668,#1669,#1363,.T.);
#2147=EDGE_CURVE('',#1649,#1669,#425,.T.);
#2148=EDGE_CURVE('',#1670,#1671,#426,.T.);
#2149=EDGE_CURVE('',#1671,#1672,#427,.T.);
#2150=EDGE_CURVE('',#1672,#1673,#428,.T.);
#2151=EDGE_CURVE('',#1670,#1673,#429,.T.);
#2152=EDGE_CURVE('',#1643,#1540,#1364,.T.);
#2153=EDGE_CURVE('',#1674,#1652,#430,.T.);
#2154=EDGE_CURVE('',#1674,#1675,#1365,.T.);
#2155=EDGE_CURVE('',#1657,#1675,#431,.T.);
#2156=EDGE_CURVE('',#1676,#1670,#432,.T.);
#2157=EDGE_CURVE('',#1673,#1677,#433,.T.);
#2158=EDGE_CURVE('',#1676,#1677,#434,.T.);
#2159=EDGE_CURVE('',#1669,#1668,#435,.T.);
#2160=EDGE_CURVE('',#1595,#1659,#436,.T.);
#2161=EDGE_CURVE('',#1594,#1678,#437,.T.);
#2162=EDGE_CURVE('',#1678,#1666,#438,.T.);
#2163=EDGE_CURVE('',#1679,#1676,#439,.T.);
#2164=EDGE_CURVE('',#1677,#1680,#440,.T.);
#2165=EDGE_CURVE('',#1679,#1680,#441,.T.);
#2166=EDGE_CURVE('',#1592,#1658,#442,.T.);
#2167=EDGE_CURVE('',#1671,#1679,#443,.T.);
#2168=EDGE_CURVE('',#1680,#1672,#444,.T.);
#2169=EDGE_CURVE('',#1675,#1674,#445,.T.);
#2170=EDGE_CURVE('',#1651,#1681,#446,.T.);
#2171=EDGE_CURVE('',#1681,#1682,#447,.T.);
#2172=EDGE_CURVE('',#1593,#1682,#448,.T.);
#2173=EDGE_CURVE('',#1683,#1681,#1366,.T.);
#2174=EDGE_CURVE('',#1682,#1683,#449,.T.);
#2175=EDGE_CURVE('',#1683,#1656,#450,.T.);
#2176=EDGE_CURVE('',#1541,#1661,#1367,.T.);
#2177=EDGE_CURVE('',#1667,#1678,#451,.T.);
#2178=EDGE_CURVE('',#1398,#1588,#452,.T.);
#2179=EDGE_CURVE('',#1399,#1591,#453,.T.);
#2180=EDGE_CURVE('',#1400,#1590,#454,.T.);
#2181=EDGE_CURVE('',#1401,#1589,#455,.T.);
#2182=EDGE_CURVE('',#1684,#1684,#1368,.T.);
#2183=EDGE_CURVE('',#1684,#1685,#456,.T.);
#2184=EDGE_CURVE('',#1686,#1685,#1369,.T.);
#2185=EDGE_CURVE('',#1687,#1686,#457,.T.);
#2186=EDGE_CURVE('',#1688,#1687,#1370,.T.);
#2187=EDGE_CURVE('',#1689,#1688,#458,.T.);
#2188=EDGE_CURVE('',#1690,#1689,#1371,.T.);
#2189=EDGE_CURVE('',#1691,#1690,#459,.T.);
#2190=EDGE_CURVE('',#1692,#1691,#1372,.T.);
#2191=EDGE_CURVE('',#1693,#1692,#460,.T.);
#2192=EDGE_CURVE('',#1685,#1693,#1373,.T.);
#2193=EDGE_CURVE('',#1694,#1687,#461,.T.);
#2194=EDGE_CURVE('',#1694,#1695,#462,.T.);
#2195=EDGE_CURVE('',#1688,#1695,#463,.T.);
#2196=EDGE_CURVE('',#1696,#1691,#464,.T.);
#2197=EDGE_CURVE('',#1692,#1696,#465,.T.);
#2198=EDGE_CURVE('',#1686,#1697,#466,.T.);
#2199=EDGE_CURVE('',#1697,#1694,#467,.T.);
#2200=EDGE_CURVE('',#1695,#1698,#468,.T.);
#2201=EDGE_CURVE('',#1698,#1689,#469,.T.);
#2202=EDGE_CURVE('',#1690,#1699,#470,.T.);
#2203=EDGE_CURVE('',#1699,#1696,#471,.T.);
#2204=EDGE_CURVE('',#1697,#1698,#472,.T.);
#2205=EDGE_CURVE('',#1693,#1699,#473,.T.);
#2206=EDGE_CURVE('',#1700,#1700,#1374,.T.);
#2207=EDGE_CURVE('',#1700,#1701,#474,.T.);
#2208=EDGE_CURVE('',#1702,#1701,#1375,.T.);
#2209=EDGE_CURVE('',#1703,#1702,#475,.T.);
#2210=EDGE_CURVE('',#1704,#1703,#1376,.T.);
#2211=EDGE_CURVE('',#1705,#1704,#476,.T.);
#2212=EDGE_CURVE('',#1706,#1705,#1377,.T.);
#2213=EDGE_CURVE('',#1707,#1706,#477,.T.);
#2214=EDGE_CURVE('',#1708,#1707,#1378,.T.);
#2215=EDGE_CURVE('',#1709,#1708,#478,.T.);
#2216=EDGE_CURVE('',#1701,#1709,#1379,.T.);
#2217=EDGE_CURVE('',#1710,#1703,#479,.T.);
#2218=EDGE_CURVE('',#1710,#1711,#480,.T.);
#2219=EDGE_CURVE('',#1704,#1711,#481,.T.);
#2220=EDGE_CURVE('',#1712,#1707,#482,.T.);
#2221=EDGE_CURVE('',#1708,#1712,#483,.T.);
#2222=EDGE_CURVE('',#1702,#1713,#484,.T.);
#2223=EDGE_CURVE('',#1713,#1710,#485,.T.);
#2224=EDGE_CURVE('',#1711,#1714,#486,.T.);
#2225=EDGE_CURVE('',#1714,#1705,#487,.T.);
#2226=EDGE_CURVE('',#1706,#1715,#488,.T.);
#2227=EDGE_CURVE('',#1715,#1712,#489,.T.);
#2228=EDGE_CURVE('',#1713,#1714,#490,.T.);
#2229=EDGE_CURVE('',#1709,#1715,#491,.T.);
#2230=ORIENTED_EDGE('',*,*,#1716,.T.);
#2231=ORIENTED_EDGE('',*,*,#1717,.T.);
#2232=ORIENTED_EDGE('',*,*,#1718,.T.);
#2233=ORIENTED_EDGE('',*,*,#1719,.T.);
#2234=ORIENTED_EDGE('',*,*,#1720,.T.);
#2235=ORIENTED_EDGE('',*,*,#1721,.T.);
#2236=ORIENTED_EDGE('',*,*,#1716,.F.);
#2237=ORIENTED_EDGE('',*,*,#1722,.T.);
#2238=ORIENTED_EDGE('',*,*,#1723,.T.);
#2239=ORIENTED_EDGE('',*,*,#1724,.T.);
#2240=ORIENTED_EDGE('',*,*,#1720,.F.);
#2241=ORIENTED_EDGE('',*,*,#1725,.T.);
#2242=ORIENTED_EDGE('',*,*,#1726,.T.);
#2243=ORIENTED_EDGE('',*,*,#1727,.T.);
#2244=ORIENTED_EDGE('',*,*,#1728,.T.);
#2245=ORIENTED_EDGE('',*,*,#1729,.T.);
#2246=ORIENTED_EDGE('',*,*,#1730,.T.);
#2247=ORIENTED_EDGE('',*,*,#1731,.T.);
#2248=ORIENTED_EDGE('',*,*,#1732,.T.);
#2249=ORIENTED_EDGE('',*,*,#1733,.T.);
#2250=ORIENTED_EDGE('',*,*,#1734,.T.);
#2251=ORIENTED_EDGE('',*,*,#1735,.T.);
#2252=ORIENTED_EDGE('',*,*,#1726,.F.);
#2253=ORIENTED_EDGE('',*,*,#1736,.T.);
#2254=ORIENTED_EDGE('',*,*,#1728,.F.);
#2255=ORIENTED_EDGE('',*,*,#1737,.T.);
#2256=ORIENTED_EDGE('',*,*,#1723,.F.);
#2257=ORIENTED_EDGE('',*,*,#1738,.T.);
#2258=ORIENTED_EDGE('',*,*,#1739,.T.);
#2259=ORIENTED_EDGE('',*,*,#1740,.T.);
#2260=ORIENTED_EDGE('',*,*,#1741,.T.);
#2261=ORIENTED_EDGE('',*,*,#1742,.T.);
#2262=ORIENTED_EDGE('',*,*,#1733,.F.);
#2263=ORIENTED_EDGE('',*,*,#1743,.T.);
#2264=ORIENTED_EDGE('',*,*,#1744,.F.);
#2265=ORIENTED_EDGE('',*,*,#1745,.F.);
#2266=ORIENTED_EDGE('',*,*,#1746,.F.);
#2267=ORIENTED_EDGE('',*,*,#1747,.F.);
#2268=ORIENTED_EDGE('',*,*,#1748,.T.);
#2269=ORIENTED_EDGE('',*,*,#1749,.T.);
#2270=ORIENTED_EDGE('',*,*,#1750,.T.);
#2271=ORIENTED_EDGE('',*,*,#1751,.T.);
#2272=ORIENTED_EDGE('',*,*,#1752,.F.);
#2273=ORIENTED_EDGE('',*,*,#1753,.T.);
#2274=ORIENTED_EDGE('',*,*,#1754,.T.);
#2275=ORIENTED_EDGE('',*,*,#1755,.T.);
#2276=ORIENTED_EDGE('',*,*,#1756,.T.);
#2277=ORIENTED_EDGE('',*,*,#1757,.T.);
#2278=ORIENTED_EDGE('',*,*,#1758,.T.);
#2279=ORIENTED_EDGE('',*,*,#1759,.T.);
#2280=ORIENTED_EDGE('',*,*,#1760,.T.);
#2281=ORIENTED_EDGE('',*,*,#1761,.T.);
#2282=ORIENTED_EDGE('',*,*,#1762,.T.);
#2283=ORIENTED_EDGE('',*,*,#1763,.T.);
#2284=ORIENTED_EDGE('',*,*,#1734,.F.);
#2285=ORIENTED_EDGE('',*,*,#1763,.F.);
#2286=ORIENTED_EDGE('',*,*,#1764,.F.);
#2287=ORIENTED_EDGE('',*,*,#1765,.F.);
#2288=ORIENTED_EDGE('',*,*,#1766,.T.);
#2289=ORIENTED_EDGE('',*,*,#1767,.T.);
#2290=ORIENTED_EDGE('',*,*,#1768,.T.);
#2291=ORIENTED_EDGE('',*,*,#1769,.F.);
#2292=ORIENTED_EDGE('',*,*,#1770,.T.);
#2293=ORIENTED_EDGE('',*,*,#1771,.T.);
#2294=ORIENTED_EDGE('',*,*,#1772,.F.);
#2295=ORIENTED_EDGE('',*,*,#1773,.T.);
#2296=ORIENTED_EDGE('',*,*,#1774,.T.);
#2297=ORIENTED_EDGE('',*,*,#1730,.F.);
#2298=ORIENTED_EDGE('',*,*,#1775,.T.);
#2299=ORIENTED_EDGE('',*,*,#1776,.T.);
#2300=ORIENTED_EDGE('',*,*,#1777,.F.);
#2301=ORIENTED_EDGE('',*,*,#1778,.T.);
#2302=ORIENTED_EDGE('',*,*,#1770,.F.);
#2303=ORIENTED_EDGE('',*,*,#1779,.F.);
#2304=ORIENTED_EDGE('',*,*,#1780,.F.);
#2305=ORIENTED_EDGE('',*,*,#1781,.F.);
#2306=ORIENTED_EDGE('',*,*,#1736,.F.);
#2307=ORIENTED_EDGE('',*,*,#1782,.F.);
#2308=ORIENTED_EDGE('',*,*,#1783,.T.);
#2309=ORIENTED_EDGE('',*,*,#1775,.F.);
#2310=ORIENTED_EDGE('',*,*,#1731,.F.);
#2311=ORIENTED_EDGE('',*,*,#1774,.F.);
#2312=ORIENTED_EDGE('',*,*,#1784,.T.);
#2313=ORIENTED_EDGE('',*,*,#1785,.T.);
#2314=ORIENTED_EDGE('',*,*,#1729,.F.);
#2315=ORIENTED_EDGE('',*,*,#1786,.T.);
#2316=ORIENTED_EDGE('',*,*,#1782,.T.);
#2317=ORIENTED_EDGE('',*,*,#1787,.F.);
#2318=ORIENTED_EDGE('',*,*,#1788,.T.);
#2319=ORIENTED_EDGE('',*,*,#1789,.T.);
#2320=ORIENTED_EDGE('',*,*,#1790,.F.);
#2321=ORIENTED_EDGE('',*,*,#1791,.T.);
#2322=ORIENTED_EDGE('',*,*,#1791,.F.);
#2323=ORIENTED_EDGE('',*,*,#1792,.T.);
#2324=ORIENTED_EDGE('',*,*,#1793,.T.);
#2325=ORIENTED_EDGE('',*,*,#1794,.T.);
#2326=ORIENTED_EDGE('',*,*,#1795,.T.);
#2327=ORIENTED_EDGE('',*,*,#1796,.T.);
#2328=ORIENTED_EDGE('',*,*,#1797,.T.);
#2329=ORIENTED_EDGE('',*,*,#1798,.T.);
#2330=ORIENTED_EDGE('',*,*,#1799,.T.);
#2331=ORIENTED_EDGE('',*,*,#1800,.T.);
#2332=ORIENTED_EDGE('',*,*,#1801,.T.);
#2333=ORIENTED_EDGE('',*,*,#1802,.T.);
#2334=ORIENTED_EDGE('',*,*,#1799,.F.);
#2335=ORIENTED_EDGE('',*,*,#1803,.T.);
#2336=ORIENTED_EDGE('',*,*,#1795,.F.);
#2337=ORIENTED_EDGE('',*,*,#1796,.F.);
#2338=ORIENTED_EDGE('',*,*,#1804,.F.);
#2339=ORIENTED_EDGE('',*,*,#1805,.F.);
#2340=ORIENTED_EDGE('',*,*,#1806,.F.);
#2341=ORIENTED_EDGE('',*,*,#1807,.F.);
#2342=ORIENTED_EDGE('',*,*,#1803,.F.);
#2343=ORIENTED_EDGE('',*,*,#1808,.T.);
#2344=ORIENTED_EDGE('',*,*,#1809,.T.);
#2345=ORIENTED_EDGE('',*,*,#1804,.T.);
#2346=ORIENTED_EDGE('',*,*,#1802,.F.);
#2347=ORIENTED_EDGE('',*,*,#1810,.F.);
#2348=ORIENTED_EDGE('',*,*,#1811,.T.);
#2349=ORIENTED_EDGE('',*,*,#1808,.F.);
#2350=ORIENTED_EDGE('',*,*,#1809,.F.);
#2351=ORIENTED_EDGE('',*,*,#1811,.F.);
#2352=ORIENTED_EDGE('',*,*,#1812,.F.);
#2353=ORIENTED_EDGE('',*,*,#1813,.F.);
#2354=ORIENTED_EDGE('',*,*,#1805,.T.);
#2355=ORIENTED_EDGE('',*,*,#1814,.T.);
#2356=ORIENTED_EDGE('',*,*,#1815,.T.);
#2357=ORIENTED_EDGE('',*,*,#1816,.T.);
#2358=ORIENTED_EDGE('',*,*,#1746,.T.);
#2359=ORIENTED_EDGE('',*,*,#1735,.F.);
#2360=ORIENTED_EDGE('',*,*,#1781,.T.);
#2361=ORIENTED_EDGE('',*,*,#1817,.T.);
#2362=ORIENTED_EDGE('',*,*,#1818,.T.);
#2363=ORIENTED_EDGE('',*,*,#1819,.T.);
#2364=ORIENTED_EDGE('',*,*,#1717,.F.);
#2365=ORIENTED_EDGE('',*,*,#1721,.F.);
#2366=ORIENTED_EDGE('',*,*,#1724,.F.);
#2367=ORIENTED_EDGE('',*,*,#1737,.F.);
#2368=ORIENTED_EDGE('',*,*,#1727,.F.);
#2369=ORIENTED_EDGE('',*,*,#1820,.T.);
#2370=ORIENTED_EDGE('',*,*,#1744,.T.);
#2371=ORIENTED_EDGE('',*,*,#1821,.T.);
#2372=ORIENTED_EDGE('',*,*,#1822,.T.);
#2373=ORIENTED_EDGE('',*,*,#1815,.F.);
#2374=ORIENTED_EDGE('',*,*,#1823,.F.);
#2375=ORIENTED_EDGE('',*,*,#1824,.F.);
#2376=ORIENTED_EDGE('',*,*,#1825,.F.);
#2377=ORIENTED_EDGE('',*,*,#1826,.F.);
#2378=ORIENTED_EDGE('',*,*,#1820,.F.);
#2379=ORIENTED_EDGE('',*,*,#1827,.T.);
#2380=ORIENTED_EDGE('',*,*,#1828,.T.);
#2381=ORIENTED_EDGE('',*,*,#1829,.T.);
#2382=ORIENTED_EDGE('',*,*,#1830,.F.);
#2383=ORIENTED_EDGE('',*,*,#1823,.T.);
#2384=ORIENTED_EDGE('',*,*,#1814,.F.);
#2385=ORIENTED_EDGE('',*,*,#1745,.T.);
#2386=ORIENTED_EDGE('',*,*,#1831,.T.);
#2387=ORIENTED_EDGE('',*,*,#1832,.T.);
#2388=ORIENTED_EDGE('',*,*,#1747,.T.);
#2389=ORIENTED_EDGE('',*,*,#1816,.F.);
#2390=ORIENTED_EDGE('',*,*,#1831,.F.);
#2391=ORIENTED_EDGE('',*,*,#1826,.T.);
#2392=ORIENTED_EDGE('',*,*,#1833,.T.);
#2393=ORIENTED_EDGE('',*,*,#1834,.T.);
#2394=ORIENTED_EDGE('',*,*,#1777,.T.);
#2395=ORIENTED_EDGE('',*,*,#1835,.T.);
#2396=ORIENTED_EDGE('',*,*,#1772,.T.);
#2397=ORIENTED_EDGE('',*,*,#1836,.T.);
#2398=ORIENTED_EDGE('',*,*,#1773,.F.);
#2399=ORIENTED_EDGE('',*,*,#1835,.F.);
#2400=ORIENTED_EDGE('',*,*,#1776,.F.);
#2401=ORIENTED_EDGE('',*,*,#1783,.F.);
#2402=ORIENTED_EDGE('',*,*,#1837,.F.);
#2403=ORIENTED_EDGE('',*,*,#1838,.F.);
#2404=ORIENTED_EDGE('',*,*,#1839,.F.);
#2405=ORIENTED_EDGE('',*,*,#1840,.T.);
#2406=ORIENTED_EDGE('',*,*,#1787,.T.);
#2407=ORIENTED_EDGE('',*,*,#1794,.F.);
#2408=ORIENTED_EDGE('',*,*,#1841,.T.);
#2409=ORIENTED_EDGE('',*,*,#1842,.T.);
#2410=ORIENTED_EDGE('',*,*,#1784,.F.);
#2411=ORIENTED_EDGE('',*,*,#1843,.T.);
#2412=ORIENTED_EDGE('',*,*,#1752,.T.);
#2413=ORIENTED_EDGE('',*,*,#1844,.T.);
#2414=ORIENTED_EDGE('',*,*,#1845,.T.);
#2415=ORIENTED_EDGE('',*,*,#1843,.F.);
#2416=ORIENTED_EDGE('',*,*,#1846,.T.);
#2417=ORIENTED_EDGE('',*,*,#1847,.F.);
#2418=ORIENTED_EDGE('',*,*,#1848,.T.);
#2419=ORIENTED_EDGE('',*,*,#1849,.F.);
#2420=ORIENTED_EDGE('',*,*,#1850,.T.);
#2421=ORIENTED_EDGE('',*,*,#1851,.F.);
#2422=ORIENTED_EDGE('',*,*,#1852,.F.);
#2423=ORIENTED_EDGE('',*,*,#1853,.F.);
#2424=ORIENTED_EDGE('',*,*,#1854,.F.);
#2425=ORIENTED_EDGE('',*,*,#1855,.F.);
#2426=ORIENTED_EDGE('',*,*,#1753,.F.);
#2427=ORIENTED_EDGE('',*,*,#1856,.T.);
#2428=ORIENTED_EDGE('',*,*,#1857,.T.);
#2429=ORIENTED_EDGE('',*,*,#1845,.F.);
#2430=ORIENTED_EDGE('',*,*,#1858,.T.);
#2431=ORIENTED_EDGE('',*,*,#1859,.F.);
#2432=ORIENTED_EDGE('',*,*,#1860,.T.);
#2433=ORIENTED_EDGE('',*,*,#1861,.F.);
#2434=ORIENTED_EDGE('',*,*,#1862,.F.);
#2435=ORIENTED_EDGE('',*,*,#1863,.F.);
#2436=ORIENTED_EDGE('',*,*,#1864,.F.);
#2437=ORIENTED_EDGE('',*,*,#1865,.F.);
#2438=ORIENTED_EDGE('',*,*,#1850,.F.);
#2439=ORIENTED_EDGE('',*,*,#1866,.F.);
#2440=ORIENTED_EDGE('',*,*,#1846,.F.);
#2441=ORIENTED_EDGE('',*,*,#1847,.T.);
#2442=ORIENTED_EDGE('',*,*,#1866,.T.);
#2443=ORIENTED_EDGE('',*,*,#1849,.T.);
#2444=ORIENTED_EDGE('',*,*,#1867,.T.);
#2445=ORIENTED_EDGE('',*,*,#1851,.T.);
#2446=ORIENTED_EDGE('',*,*,#1865,.T.);
#2447=ORIENTED_EDGE('',*,*,#1868,.T.);
#2448=ORIENTED_EDGE('',*,*,#1869,.T.);
#2449=ORIENTED_EDGE('',*,*,#1868,.F.);
#2450=ORIENTED_EDGE('',*,*,#1870,.T.);
#2451=ORIENTED_EDGE('',*,*,#1871,.T.);
#2452=ORIENTED_EDGE('',*,*,#1871,.F.);
#2453=ORIENTED_EDGE('',*,*,#1872,.T.);
#2454=ORIENTED_EDGE('',*,*,#1873,.T.);
#2455=ORIENTED_EDGE('',*,*,#1874,.T.);
#2456=ORIENTED_EDGE('',*,*,#1870,.F.);
#2457=ORIENTED_EDGE('',*,*,#1864,.T.);
#2458=ORIENTED_EDGE('',*,*,#1875,.F.);
#2459=ORIENTED_EDGE('',*,*,#1876,.T.);
#2460=ORIENTED_EDGE('',*,*,#1839,.T.);
#2461=ORIENTED_EDGE('',*,*,#1877,.T.);
#2462=ORIENTED_EDGE('',*,*,#1878,.T.);
#2463=ORIENTED_EDGE('',*,*,#1879,.T.);
#2464=ORIENTED_EDGE('',*,*,#1840,.F.);
#2465=ORIENTED_EDGE('',*,*,#1879,.F.);
#2466=ORIENTED_EDGE('',*,*,#1880,.T.);
#2467=ORIENTED_EDGE('',*,*,#1881,.T.);
#2468=ORIENTED_EDGE('',*,*,#1882,.T.);
#2469=ORIENTED_EDGE('',*,*,#1788,.F.);
#2470=ORIENTED_EDGE('',*,*,#1883,.F.);
#2471=ORIENTED_EDGE('',*,*,#1884,.T.);
#2472=ORIENTED_EDGE('',*,*,#1885,.T.);
#2473=ORIENTED_EDGE('',*,*,#1886,.T.);
#2474=ORIENTED_EDGE('',*,*,#1863,.T.);
#2475=ORIENTED_EDGE('',*,*,#1887,.T.);
#2476=ORIENTED_EDGE('',*,*,#1885,.F.);
#2477=ORIENTED_EDGE('',*,*,#1875,.T.);
#2478=ORIENTED_EDGE('',*,*,#1725,.F.);
#2479=ORIENTED_EDGE('',*,*,#1888,.F.);
#2480=ORIENTED_EDGE('',*,*,#1889,.F.);
#2481=ORIENTED_EDGE('',*,*,#1890,.F.);
#2482=ORIENTED_EDGE('',*,*,#1891,.F.);
#2483=ORIENTED_EDGE('',*,*,#1892,.F.);
#2484=ORIENTED_EDGE('',*,*,#1893,.F.);
#2485=ORIENTED_EDGE('',*,*,#1894,.F.);
#2486=ORIENTED_EDGE('',*,*,#1895,.F.);
#2487=ORIENTED_EDGE('',*,*,#1896,.F.);
#2488=ORIENTED_EDGE('',*,*,#1897,.F.);
#2489=ORIENTED_EDGE('',*,*,#1898,.F.);
#2490=ORIENTED_EDGE('',*,*,#1872,.F.);
#2491=ORIENTED_EDGE('',*,*,#1876,.F.);
#2492=ORIENTED_EDGE('',*,*,#1884,.F.);
#2493=ORIENTED_EDGE('',*,*,#1899,.F.);
#2494=ORIENTED_EDGE('',*,*,#1877,.F.);
#2495=ORIENTED_EDGE('',*,*,#1838,.T.);
#2496=ORIENTED_EDGE('',*,*,#1900,.F.);
#2497=ORIENTED_EDGE('',*,*,#1883,.T.);
#2498=ORIENTED_EDGE('',*,*,#1901,.T.);
#2499=ORIENTED_EDGE('',*,*,#1878,.F.);
#2500=ORIENTED_EDGE('',*,*,#1899,.T.);
#2501=ORIENTED_EDGE('',*,*,#1887,.F.);
#2502=ORIENTED_EDGE('',*,*,#1862,.T.);
#2503=ORIENTED_EDGE('',*,*,#1902,.F.);
#2504=ORIENTED_EDGE('',*,*,#1903,.T.);
#2505=ORIENTED_EDGE('',*,*,#1886,.F.);
#2506=ORIENTED_EDGE('',*,*,#1904,.T.);
#2507=ORIENTED_EDGE('',*,*,#1895,.T.);
#2508=ORIENTED_EDGE('',*,*,#1905,.F.);
#2509=ORIENTED_EDGE('',*,*,#1906,.T.);
#2510=ORIENTED_EDGE('',*,*,#1904,.F.);
#2511=ORIENTED_EDGE('',*,*,#1907,.T.);
#2512=ORIENTED_EDGE('',*,*,#1908,.F.);
#2513=ORIENTED_EDGE('',*,*,#1909,.T.);
#2514=ORIENTED_EDGE('',*,*,#1910,.T.);
#2515=ORIENTED_EDGE('',*,*,#1911,.F.);
#2516=ORIENTED_EDGE('',*,*,#1896,.T.);
#2517=ORIENTED_EDGE('',*,*,#1912,.F.);
#2518=ORIENTED_EDGE('',*,*,#1891,.T.);
#2519=ORIENTED_EDGE('',*,*,#1913,.T.);
#2520=ORIENTED_EDGE('',*,*,#1914,.T.);
#2521=ORIENTED_EDGE('',*,*,#1913,.F.);
#2522=ORIENTED_EDGE('',*,*,#1890,.T.);
#2523=ORIENTED_EDGE('',*,*,#1915,.T.);
#2524=ORIENTED_EDGE('',*,*,#1916,.T.);
#2525=ORIENTED_EDGE('',*,*,#1917,.T.);
#2526=ORIENTED_EDGE('',*,*,#1918,.T.);
#2527=ORIENTED_EDGE('',*,*,#1919,.T.);
#2528=ORIENTED_EDGE('',*,*,#1920,.T.);
#2529=ORIENTED_EDGE('',*,*,#1905,.T.);
#2530=ORIENTED_EDGE('',*,*,#1894,.T.);
#2531=ORIENTED_EDGE('',*,*,#1921,.T.);
#2532=ORIENTED_EDGE('',*,*,#1893,.T.);
#2533=ORIENTED_EDGE('',*,*,#1922,.T.);
#2534=ORIENTED_EDGE('',*,*,#1923,.T.);
#2535=ORIENTED_EDGE('',*,*,#1924,.T.);
#2536=ORIENTED_EDGE('',*,*,#1925,.T.);
#2537=ORIENTED_EDGE('',*,*,#1921,.F.);
#2538=ORIENTED_EDGE('',*,*,#1892,.T.);
#2539=ORIENTED_EDGE('',*,*,#1912,.T.);
#2540=ORIENTED_EDGE('',*,*,#1926,.T.);
#2541=ORIENTED_EDGE('',*,*,#1922,.F.);
#2542=ORIENTED_EDGE('',*,*,#1924,.F.);
#2543=ORIENTED_EDGE('',*,*,#1927,.T.);
#2544=ORIENTED_EDGE('',*,*,#1920,.F.);
#2545=ORIENTED_EDGE('',*,*,#1925,.F.);
#2546=ORIENTED_EDGE('',*,*,#1927,.F.);
#2547=ORIENTED_EDGE('',*,*,#1923,.F.);
#2548=ORIENTED_EDGE('',*,*,#1926,.F.);
#2549=ORIENTED_EDGE('',*,*,#1914,.F.);
#2550=ORIENTED_EDGE('',*,*,#1919,.F.);
#2551=ORIENTED_EDGE('',*,*,#1928,.F.);
#2552=ORIENTED_EDGE('',*,*,#1929,.T.);
#2553=ORIENTED_EDGE('',*,*,#1718,.F.);
#2554=ORIENTED_EDGE('',*,*,#1819,.F.);
#2555=ORIENTED_EDGE('',*,*,#1930,.T.);
#2556=ORIENTED_EDGE('',*,*,#1931,.T.);
#2557=ORIENTED_EDGE('',*,*,#1932,.T.);
#2558=ORIENTED_EDGE('',*,*,#1933,.T.);
#2559=ORIENTED_EDGE('',*,*,#1934,.T.);
#2560=ORIENTED_EDGE('',*,*,#1817,.F.);
#2561=ORIENTED_EDGE('',*,*,#1780,.T.);
#2562=ORIENTED_EDGE('',*,*,#1935,.T.);
#2563=ORIENTED_EDGE('',*,*,#1764,.T.);
#2564=ORIENTED_EDGE('',*,*,#1762,.F.);
#2565=ORIENTED_EDGE('',*,*,#1936,.T.);
#2566=ORIENTED_EDGE('',*,*,#1937,.T.);
#2567=ORIENTED_EDGE('',*,*,#1938,.T.);
#2568=ORIENTED_EDGE('',*,*,#1939,.T.);
#2569=ORIENTED_EDGE('',*,*,#1940,.T.);
#2570=ORIENTED_EDGE('',*,*,#1760,.F.);
#2571=ORIENTED_EDGE('',*,*,#1941,.T.);
#2572=ORIENTED_EDGE('',*,*,#1942,.T.);
#2573=ORIENTED_EDGE('',*,*,#1943,.T.);
#2574=ORIENTED_EDGE('',*,*,#1758,.F.);
#2575=ORIENTED_EDGE('',*,*,#1944,.T.);
#2576=ORIENTED_EDGE('',*,*,#1945,.T.);
#2577=ORIENTED_EDGE('',*,*,#1946,.T.);
#2578=ORIENTED_EDGE('',*,*,#1947,.T.);
#2579=ORIENTED_EDGE('',*,*,#1948,.T.);
#2580=ORIENTED_EDGE('',*,*,#1756,.F.);
#2581=ORIENTED_EDGE('',*,*,#1949,.T.);
#2582=ORIENTED_EDGE('',*,*,#1950,.T.);
#2583=ORIENTED_EDGE('',*,*,#1951,.T.);
#2584=ORIENTED_EDGE('',*,*,#1952,.T.);
#2585=ORIENTED_EDGE('',*,*,#1953,.T.);
#2586=ORIENTED_EDGE('',*,*,#1754,.F.);
#2587=ORIENTED_EDGE('',*,*,#1855,.T.);
#2588=ORIENTED_EDGE('',*,*,#1954,.T.);
#2589=ORIENTED_EDGE('',*,*,#1853,.T.);
#2590=ORIENTED_EDGE('',*,*,#1955,.F.);
#2591=ORIENTED_EDGE('',*,*,#1956,.T.);
#2592=ORIENTED_EDGE('',*,*,#1957,.T.);
#2593=ORIENTED_EDGE('',*,*,#1958,.T.);
#2594=ORIENTED_EDGE('',*,*,#1959,.T.);
#2595=ORIENTED_EDGE('',*,*,#1960,.T.);
#2596=ORIENTED_EDGE('',*,*,#1961,.F.);
#2597=ORIENTED_EDGE('',*,*,#1962,.T.);
#2598=ORIENTED_EDGE('',*,*,#1963,.F.);
#2599=ORIENTED_EDGE('',*,*,#1907,.F.);
#2600=ORIENTED_EDGE('',*,*,#1906,.F.);
#2601=ORIENTED_EDGE('',*,*,#1722,.F.);
#2602=ORIENTED_EDGE('',*,*,#1964,.T.);
#2603=ORIENTED_EDGE('',*,*,#1965,.T.);
#2604=ORIENTED_EDGE('',*,*,#1966,.T.);
#2605=ORIENTED_EDGE('',*,*,#1888,.T.);
#2606=ORIENTED_EDGE('',*,*,#1889,.T.);
#2607=ORIENTED_EDGE('',*,*,#1966,.F.);
#2608=ORIENTED_EDGE('',*,*,#1967,.T.);
#2609=ORIENTED_EDGE('',*,*,#1915,.F.);
#2610=ORIENTED_EDGE('',*,*,#1967,.F.);
#2611=ORIENTED_EDGE('',*,*,#1965,.F.);
#2612=ORIENTED_EDGE('',*,*,#1968,.F.);
#2613=ORIENTED_EDGE('',*,*,#1916,.F.);
#2614=ORIENTED_EDGE('',*,*,#1929,.F.);
#2615=ORIENTED_EDGE('',*,*,#1969,.F.);
#2616=ORIENTED_EDGE('',*,*,#1970,.T.);
#2617=ORIENTED_EDGE('',*,*,#1971,.T.);
#2618=ORIENTED_EDGE('',*,*,#1972,.T.);
#2619=ORIENTED_EDGE('',*,*,#1973,.F.);
#2620=ORIENTED_EDGE('',*,*,#1917,.F.);
#2621=ORIENTED_EDGE('',*,*,#1968,.T.);
#2622=ORIENTED_EDGE('',*,*,#1964,.F.);
#2623=ORIENTED_EDGE('',*,*,#1719,.F.);
#2624=ORIENTED_EDGE('',*,*,#1974,.T.);
#2625=ORIENTED_EDGE('',*,*,#1975,.T.);
#2626=ORIENTED_EDGE('',*,*,#1873,.F.);
#2627=ORIENTED_EDGE('',*,*,#1898,.T.);
#2628=ORIENTED_EDGE('',*,*,#1976,.T.);
#2629=ORIENTED_EDGE('',*,*,#1977,.T.);
#2630=ORIENTED_EDGE('',*,*,#1978,.T.);
#2631=ORIENTED_EDGE('',*,*,#1976,.F.);
#2632=ORIENTED_EDGE('',*,*,#1897,.T.);
#2633=ORIENTED_EDGE('',*,*,#1911,.T.);
#2634=ORIENTED_EDGE('',*,*,#1869,.F.);
#2635=ORIENTED_EDGE('',*,*,#1874,.F.);
#2636=ORIENTED_EDGE('',*,*,#1975,.F.);
#2637=ORIENTED_EDGE('',*,*,#1979,.T.);
#2638=ORIENTED_EDGE('',*,*,#1961,.T.);
#2639=ORIENTED_EDGE('',*,*,#1980,.T.);
#2640=ORIENTED_EDGE('',*,*,#1955,.T.);
#2641=ORIENTED_EDGE('',*,*,#1852,.T.);
#2642=ORIENTED_EDGE('',*,*,#1978,.F.);
#2643=ORIENTED_EDGE('',*,*,#1910,.F.);
#2644=ORIENTED_EDGE('',*,*,#1981,.F.);
#2645=ORIENTED_EDGE('',*,*,#1977,.F.);
#2646=ORIENTED_EDGE('',*,*,#1974,.F.);
#2647=ORIENTED_EDGE('',*,*,#1981,.T.);
#2648=ORIENTED_EDGE('',*,*,#1909,.F.);
#2649=ORIENTED_EDGE('',*,*,#1982,.F.);
#2650=ORIENTED_EDGE('',*,*,#1983,.T.);
#2651=ORIENTED_EDGE('',*,*,#1984,.T.);
#2652=ORIENTED_EDGE('',*,*,#1985,.T.);
#2653=ORIENTED_EDGE('',*,*,#1986,.F.);
#2654=ORIENTED_EDGE('',*,*,#1962,.F.);
#2655=ORIENTED_EDGE('',*,*,#1979,.F.);
#2656=ORIENTED_EDGE('',*,*,#1738,.F.);
#2657=ORIENTED_EDGE('',*,*,#1900,.T.);
#2658=ORIENTED_EDGE('',*,*,#1837,.T.);
#2659=ORIENTED_EDGE('',*,*,#1786,.F.);
#2660=ORIENTED_EDGE('',*,*,#1987,.F.);
#2661=ORIENTED_EDGE('',*,*,#1988,.T.);
#2662=ORIENTED_EDGE('',*,*,#1989,.F.);
#2663=ORIENTED_EDGE('',*,*,#1990,.F.);
#2664=ORIENTED_EDGE('',*,*,#1991,.F.);
#2665=ORIENTED_EDGE('',*,*,#1992,.F.);
#2666=ORIENTED_EDGE('',*,*,#1993,.F.);
#2667=ORIENTED_EDGE('',*,*,#1994,.F.);
#2668=ORIENTED_EDGE('',*,*,#1995,.F.);
#2669=ORIENTED_EDGE('',*,*,#1996,.F.);
#2670=ORIENTED_EDGE('',*,*,#1997,.F.);
#2671=ORIENTED_EDGE('',*,*,#1990,.T.);
#2672=ORIENTED_EDGE('',*,*,#1998,.F.);
#2673=ORIENTED_EDGE('',*,*,#1999,.F.);
#2674=ORIENTED_EDGE('',*,*,#2000,.F.);
#2675=ORIENTED_EDGE('',*,*,#1988,.F.);
#2676=ORIENTED_EDGE('',*,*,#2001,.T.);
#2677=ORIENTED_EDGE('',*,*,#2002,.T.);
#2678=ORIENTED_EDGE('',*,*,#2003,.T.);
#2679=ORIENTED_EDGE('',*,*,#2004,.T.);
#2680=ORIENTED_EDGE('',*,*,#2005,.T.);
#2681=ORIENTED_EDGE('',*,*,#2006,.T.);
#2682=ORIENTED_EDGE('',*,*,#2007,.T.);
#2683=ORIENTED_EDGE('',*,*,#2008,.T.);
#2684=ORIENTED_EDGE('',*,*,#1998,.T.);
#2685=ORIENTED_EDGE('',*,*,#1987,.T.);
#2686=ORIENTED_EDGE('',*,*,#2000,.T.);
#2687=ORIENTED_EDGE('',*,*,#2009,.T.);
#2688=ORIENTED_EDGE('',*,*,#2010,.T.);
#2689=ORIENTED_EDGE('',*,*,#2011,.T.);
#2690=ORIENTED_EDGE('',*,*,#1992,.T.);
#2691=ORIENTED_EDGE('',*,*,#2012,.T.);
#2692=ORIENTED_EDGE('',*,*,#2013,.T.);
#2693=ORIENTED_EDGE('',*,*,#2014,.T.);
#2694=ORIENTED_EDGE('',*,*,#1995,.T.);
#2695=ORIENTED_EDGE('',*,*,#1989,.T.);
#2696=ORIENTED_EDGE('',*,*,#1997,.T.);
#2697=ORIENTED_EDGE('',*,*,#2015,.T.);
#2698=ORIENTED_EDGE('',*,*,#2016,.T.);
#2699=ORIENTED_EDGE('',*,*,#2017,.T.);
#2700=ORIENTED_EDGE('',*,*,#1994,.T.);
#2701=ORIENTED_EDGE('',*,*,#2018,.T.);
#2702=ORIENTED_EDGE('',*,*,#2019,.T.);
#2703=ORIENTED_EDGE('',*,*,#2020,.T.);
#2704=ORIENTED_EDGE('',*,*,#1993,.T.);
#2705=ORIENTED_EDGE('',*,*,#2011,.F.);
#2706=ORIENTED_EDGE('',*,*,#2021,.T.);
#2707=ORIENTED_EDGE('',*,*,#2022,.T.);
#2708=ORIENTED_EDGE('',*,*,#2023,.F.);
#2709=ORIENTED_EDGE('',*,*,#2018,.F.);
#2710=ORIENTED_EDGE('',*,*,#1999,.T.);
#2711=ORIENTED_EDGE('',*,*,#2020,.F.);
#2712=ORIENTED_EDGE('',*,*,#2024,.T.);
#2713=ORIENTED_EDGE('',*,*,#2025,.T.);
#2714=ORIENTED_EDGE('',*,*,#2026,.F.);
#2715=ORIENTED_EDGE('',*,*,#2009,.F.);
#2716=ORIENTED_EDGE('',*,*,#2019,.F.);
#2717=ORIENTED_EDGE('',*,*,#2023,.T.);
#2718=ORIENTED_EDGE('',*,*,#2027,.T.);
#2719=ORIENTED_EDGE('',*,*,#2024,.F.);
#2720=ORIENTED_EDGE('',*,*,#2010,.F.);
#2721=ORIENTED_EDGE('',*,*,#2026,.T.);
#2722=ORIENTED_EDGE('',*,*,#2028,.T.);
#2723=ORIENTED_EDGE('',*,*,#2021,.F.);
#2724=ORIENTED_EDGE('',*,*,#2028,.F.);
#2725=ORIENTED_EDGE('',*,*,#2025,.F.);
#2726=ORIENTED_EDGE('',*,*,#2027,.F.);
#2727=ORIENTED_EDGE('',*,*,#2022,.F.);
#2728=ORIENTED_EDGE('',*,*,#2016,.F.);
#2729=ORIENTED_EDGE('',*,*,#2029,.T.);
#2730=ORIENTED_EDGE('',*,*,#2030,.T.);
#2731=ORIENTED_EDGE('',*,*,#2031,.F.);
#2732=ORIENTED_EDGE('',*,*,#1996,.T.);
#2733=ORIENTED_EDGE('',*,*,#2014,.F.);
#2734=ORIENTED_EDGE('',*,*,#2032,.T.);
#2735=ORIENTED_EDGE('',*,*,#2033,.T.);
#2736=ORIENTED_EDGE('',*,*,#2029,.F.);
#2737=ORIENTED_EDGE('',*,*,#2015,.F.);
#2738=ORIENTED_EDGE('',*,*,#2013,.F.);
#2739=ORIENTED_EDGE('',*,*,#2034,.T.);
#2740=ORIENTED_EDGE('',*,*,#2035,.T.);
#2741=ORIENTED_EDGE('',*,*,#2032,.F.);
#2742=ORIENTED_EDGE('',*,*,#1991,.T.);
#2743=ORIENTED_EDGE('',*,*,#2017,.F.);
#2744=ORIENTED_EDGE('',*,*,#2031,.T.);
#2745=ORIENTED_EDGE('',*,*,#2036,.T.);
#2746=ORIENTED_EDGE('',*,*,#2034,.F.);
#2747=ORIENTED_EDGE('',*,*,#2012,.F.);
#2748=ORIENTED_EDGE('',*,*,#2036,.F.);
#2749=ORIENTED_EDGE('',*,*,#2030,.F.);
#2750=ORIENTED_EDGE('',*,*,#2033,.F.);
#2751=ORIENTED_EDGE('',*,*,#2035,.F.);
#2752=ORIENTED_EDGE('',*,*,#2037,.T.);
#2753=ORIENTED_EDGE('',*,*,#2038,.F.);
#2754=ORIENTED_EDGE('',*,*,#2038,.T.);
#2755=ORIENTED_EDGE('',*,*,#2039,.F.);
#2756=ORIENTED_EDGE('',*,*,#2040,.T.);
#2757=ORIENTED_EDGE('',*,*,#1856,.F.);
#2758=ORIENTED_EDGE('',*,*,#1857,.F.);
#2759=ORIENTED_EDGE('',*,*,#2040,.F.);
#2760=ORIENTED_EDGE('',*,*,#2041,.F.);
#2761=ORIENTED_EDGE('',*,*,#1798,.F.);
#2762=ORIENTED_EDGE('',*,*,#2042,.F.);
#2763=ORIENTED_EDGE('',*,*,#2043,.F.);
#2764=ORIENTED_EDGE('',*,*,#2044,.T.);
#2765=ORIENTED_EDGE('',*,*,#2045,.F.);
#2766=ORIENTED_EDGE('',*,*,#1800,.F.);
#2767=ORIENTED_EDGE('',*,*,#2042,.T.);
#2768=ORIENTED_EDGE('',*,*,#1797,.F.);
#2769=ORIENTED_EDGE('',*,*,#1807,.T.);
#2770=ORIENTED_EDGE('',*,*,#2046,.T.);
#2771=ORIENTED_EDGE('',*,*,#1859,.T.);
#2772=ORIENTED_EDGE('',*,*,#2047,.T.);
#2773=ORIENTED_EDGE('',*,*,#2048,.F.);
#2774=ORIENTED_EDGE('',*,*,#1806,.T.);
#2775=ORIENTED_EDGE('',*,*,#2049,.F.);
#2776=ORIENTED_EDGE('',*,*,#1860,.F.);
#2777=ORIENTED_EDGE('',*,*,#2046,.F.);
#2778=ORIENTED_EDGE('',*,*,#1813,.T.);
#2779=ORIENTED_EDGE('',*,*,#2050,.T.);
#2780=ORIENTED_EDGE('',*,*,#1833,.F.);
#2781=ORIENTED_EDGE('',*,*,#1825,.T.);
#2782=ORIENTED_EDGE('',*,*,#2051,.T.);
#2783=ORIENTED_EDGE('',*,*,#2052,.T.);
#2784=ORIENTED_EDGE('',*,*,#2053,.T.);
#2785=ORIENTED_EDGE('',*,*,#2054,.T.);
#2786=ORIENTED_EDGE('',*,*,#2055,.T.);
#2787=ORIENTED_EDGE('',*,*,#2056,.T.);
#2788=ORIENTED_EDGE('',*,*,#2057,.T.);
#2789=ORIENTED_EDGE('',*,*,#2058,.T.);
#2790=ORIENTED_EDGE('',*,*,#1902,.T.);
#2791=ORIENTED_EDGE('',*,*,#1861,.T.);
#2792=ORIENTED_EDGE('',*,*,#2049,.T.);
#2793=ORIENTED_EDGE('',*,*,#2059,.F.);
#2794=ORIENTED_EDGE('',*,*,#2060,.T.);
#2795=ORIENTED_EDGE('',*,*,#2061,.T.);
#2796=ORIENTED_EDGE('',*,*,#1750,.F.);
#2797=ORIENTED_EDGE('',*,*,#2043,.T.);
#2798=ORIENTED_EDGE('',*,*,#2048,.T.);
#2799=ORIENTED_EDGE('',*,*,#2062,.T.);
#2800=ORIENTED_EDGE('',*,*,#2060,.F.);
#2801=ORIENTED_EDGE('',*,*,#2063,.F.);
#2802=ORIENTED_EDGE('',*,*,#2064,.F.);
#2803=ORIENTED_EDGE('',*,*,#1751,.F.);
#2804=ORIENTED_EDGE('',*,*,#2061,.F.);
#2805=ORIENTED_EDGE('',*,*,#2062,.F.);
#2806=ORIENTED_EDGE('',*,*,#2047,.F.);
#2807=ORIENTED_EDGE('',*,*,#1858,.F.);
#2808=ORIENTED_EDGE('',*,*,#1844,.F.);
#2809=ORIENTED_EDGE('',*,*,#1867,.F.);
#2810=ORIENTED_EDGE('',*,*,#1848,.F.);
#2811=ORIENTED_EDGE('',*,*,#2063,.T.);
#2812=ORIENTED_EDGE('',*,*,#2059,.T.);
#2813=ORIENTED_EDGE('',*,*,#1749,.F.);
#2814=ORIENTED_EDGE('',*,*,#2065,.T.);
#2815=ORIENTED_EDGE('',*,*,#2066,.F.);
#2816=ORIENTED_EDGE('',*,*,#2057,.F.);
#2817=ORIENTED_EDGE('',*,*,#2067,.F.);
#2818=ORIENTED_EDGE('',*,*,#2068,.F.);
#2819=ORIENTED_EDGE('',*,*,#2069,.F.);
#2820=ORIENTED_EDGE('',*,*,#2053,.F.);
#2821=ORIENTED_EDGE('',*,*,#2070,.T.);
#2822=ORIENTED_EDGE('',*,*,#1881,.F.);
#2823=ORIENTED_EDGE('',*,*,#2071,.F.);
#2824=ORIENTED_EDGE('',*,*,#1789,.F.);
#2825=ORIENTED_EDGE('',*,*,#1882,.F.);
#2826=ORIENTED_EDGE('',*,*,#2070,.F.);
#2827=ORIENTED_EDGE('',*,*,#2052,.F.);
#2828=ORIENTED_EDGE('',*,*,#2072,.F.);
#2829=ORIENTED_EDGE('',*,*,#1829,.F.);
#2830=ORIENTED_EDGE('',*,*,#2073,.F.);
#2831=ORIENTED_EDGE('',*,*,#1901,.F.);
#2832=ORIENTED_EDGE('',*,*,#1903,.F.);
#2833=ORIENTED_EDGE('',*,*,#2058,.F.);
#2834=ORIENTED_EDGE('',*,*,#2071,.T.);
#2835=ORIENTED_EDGE('',*,*,#1880,.F.);
#2836=ORIENTED_EDGE('',*,*,#2072,.T.);
#2837=ORIENTED_EDGE('',*,*,#2051,.F.);
#2838=ORIENTED_EDGE('',*,*,#1824,.T.);
#2839=ORIENTED_EDGE('',*,*,#1830,.T.);
#2840=ORIENTED_EDGE('',*,*,#2069,.T.);
#2841=ORIENTED_EDGE('',*,*,#2074,.F.);
#2842=ORIENTED_EDGE('',*,*,#2075,.F.);
#2843=ORIENTED_EDGE('',*,*,#2054,.F.);
#2844=ORIENTED_EDGE('',*,*,#1828,.F.);
#2845=ORIENTED_EDGE('',*,*,#2076,.T.);
#2846=ORIENTED_EDGE('',*,*,#2077,.T.);
#2847=ORIENTED_EDGE('',*,*,#2078,.F.);
#2848=ORIENTED_EDGE('',*,*,#1792,.F.);
#2849=ORIENTED_EDGE('',*,*,#1790,.T.);
#2850=ORIENTED_EDGE('',*,*,#2073,.T.);
#2851=ORIENTED_EDGE('',*,*,#2068,.T.);
#2852=ORIENTED_EDGE('',*,*,#2079,.F.);
#2853=ORIENTED_EDGE('',*,*,#2080,.F.);
#2854=ORIENTED_EDGE('',*,*,#2074,.T.);
#2855=ORIENTED_EDGE('',*,*,#1793,.F.);
#2856=ORIENTED_EDGE('',*,*,#2078,.T.);
#2857=ORIENTED_EDGE('',*,*,#2081,.T.);
#2858=ORIENTED_EDGE('',*,*,#1841,.F.);
#2859=ORIENTED_EDGE('',*,*,#2055,.F.);
#2860=ORIENTED_EDGE('',*,*,#2075,.T.);
#2861=ORIENTED_EDGE('',*,*,#2080,.T.);
#2862=ORIENTED_EDGE('',*,*,#2082,.T.);
#2863=ORIENTED_EDGE('',*,*,#2067,.T.);
#2864=ORIENTED_EDGE('',*,*,#2056,.F.);
#2865=ORIENTED_EDGE('',*,*,#2082,.F.);
#2866=ORIENTED_EDGE('',*,*,#2079,.T.);
#2867=ORIENTED_EDGE('',*,*,#1822,.F.);
#2868=ORIENTED_EDGE('',*,*,#2083,.T.);
#2869=ORIENTED_EDGE('',*,*,#2076,.F.);
#2870=ORIENTED_EDGE('',*,*,#1827,.F.);
#2871=ORIENTED_EDGE('',*,*,#1743,.F.);
#2872=ORIENTED_EDGE('',*,*,#1732,.F.);
#2873=ORIENTED_EDGE('',*,*,#1785,.F.);
#2874=ORIENTED_EDGE('',*,*,#1842,.F.);
#2875=ORIENTED_EDGE('',*,*,#2081,.F.);
#2876=ORIENTED_EDGE('',*,*,#2077,.F.);
#2877=ORIENTED_EDGE('',*,*,#2083,.F.);
#2878=ORIENTED_EDGE('',*,*,#1821,.F.);
#2879=ORIENTED_EDGE('',*,*,#1836,.F.);
#2880=ORIENTED_EDGE('',*,*,#1771,.F.);
#2881=ORIENTED_EDGE('',*,*,#1778,.F.);
#2882=ORIENTED_EDGE('',*,*,#2045,.T.);
#2883=ORIENTED_EDGE('',*,*,#2084,.F.);
#2884=ORIENTED_EDGE('',*,*,#2065,.F.);
#2885=ORIENTED_EDGE('',*,*,#1748,.F.);
#2886=ORIENTED_EDGE('',*,*,#1832,.F.);
#2887=ORIENTED_EDGE('',*,*,#1834,.F.);
#2888=ORIENTED_EDGE('',*,*,#2050,.F.);
#2889=ORIENTED_EDGE('',*,*,#1812,.T.);
#2890=ORIENTED_EDGE('',*,*,#1810,.T.);
#2891=ORIENTED_EDGE('',*,*,#1801,.F.);
#2892=ORIENTED_EDGE('',*,*,#2064,.T.);
#2893=ORIENTED_EDGE('',*,*,#2066,.T.);
#2894=ORIENTED_EDGE('',*,*,#2084,.T.);
#2895=ORIENTED_EDGE('',*,*,#2044,.F.);
#2896=ORIENTED_EDGE('',*,*,#2085,.F.);
#2897=ORIENTED_EDGE('',*,*,#2086,.T.);
#2898=ORIENTED_EDGE('',*,*,#2087,.F.);
#2899=ORIENTED_EDGE('',*,*,#2086,.F.);
#2900=ORIENTED_EDGE('',*,*,#1948,.F.);
#2901=ORIENTED_EDGE('',*,*,#2088,.F.);
#2902=ORIENTED_EDGE('',*,*,#1944,.F.);
#2903=ORIENTED_EDGE('',*,*,#1757,.F.);
#2904=ORIENTED_EDGE('',*,*,#2089,.T.);
#2905=ORIENTED_EDGE('',*,*,#2090,.T.);
#2906=ORIENTED_EDGE('',*,*,#2091,.F.);
#2907=ORIENTED_EDGE('',*,*,#1945,.F.);
#2908=ORIENTED_EDGE('',*,*,#2092,.T.);
#2909=ORIENTED_EDGE('',*,*,#1947,.F.);
#2910=ORIENTED_EDGE('',*,*,#2093,.F.);
#2911=ORIENTED_EDGE('',*,*,#2094,.T.);
#2912=ORIENTED_EDGE('',*,*,#1768,.F.);
#2913=ORIENTED_EDGE('',*,*,#2095,.T.);
#2914=ORIENTED_EDGE('',*,*,#2096,.F.);
#2915=ORIENTED_EDGE('',*,*,#2097,.T.);
#2916=ORIENTED_EDGE('',*,*,#2098,.F.);
#2917=ORIENTED_EDGE('',*,*,#2099,.T.);
#2918=ORIENTED_EDGE('',*,*,#1938,.F.);
#2919=ORIENTED_EDGE('',*,*,#2100,.T.);
#2920=ORIENTED_EDGE('',*,*,#1951,.F.);
#2921=ORIENTED_EDGE('',*,*,#2101,.T.);
#2922=ORIENTED_EDGE('',*,*,#2094,.F.);
#2923=ORIENTED_EDGE('',*,*,#2102,.T.);
#2924=ORIENTED_EDGE('',*,*,#2103,.F.);
#2925=ORIENTED_EDGE('',*,*,#2104,.F.);
#2926=ORIENTED_EDGE('',*,*,#2037,.F.);
#2927=ORIENTED_EDGE('',*,*,#2105,.F.);
#2928=ORIENTED_EDGE('',*,*,#2106,.F.);
#2929=ORIENTED_EDGE('',*,*,#2107,.F.);
#2930=ORIENTED_EDGE('',*,*,#1767,.F.);
#2931=ORIENTED_EDGE('',*,*,#2108,.F.);
#2932=ORIENTED_EDGE('',*,*,#2109,.F.);
#2933=ORIENTED_EDGE('',*,*,#2110,.F.);
#2934=ORIENTED_EDGE('',*,*,#2111,.F.);
#2935=ORIENTED_EDGE('',*,*,#2095,.F.);
#2936=ORIENTED_EDGE('',*,*,#2112,.F.);
#2937=ORIENTED_EDGE('',*,*,#2113,.F.);
#2938=ORIENTED_EDGE('',*,*,#2089,.F.);
#2939=ORIENTED_EDGE('',*,*,#2088,.T.);
#2940=ORIENTED_EDGE('',*,*,#2092,.F.);
#2941=ORIENTED_EDGE('',*,*,#2101,.F.);
#2942=ORIENTED_EDGE('',*,*,#1950,.F.);
#2943=ORIENTED_EDGE('',*,*,#2114,.F.);
#2944=ORIENTED_EDGE('',*,*,#2115,.F.);
#2945=ORIENTED_EDGE('',*,*,#2116,.F.);
#2946=ORIENTED_EDGE('',*,*,#1939,.F.);
#2947=ORIENTED_EDGE('',*,*,#2099,.F.);
#2948=ORIENTED_EDGE('',*,*,#2117,.F.);
#2949=ORIENTED_EDGE('',*,*,#1958,.F.);
#2950=ORIENTED_EDGE('',*,*,#2118,.T.);
#2951=ORIENTED_EDGE('',*,*,#1985,.F.);
#2952=ORIENTED_EDGE('',*,*,#2119,.T.);
#2953=ORIENTED_EDGE('',*,*,#1970,.F.);
#2954=ORIENTED_EDGE('',*,*,#2120,.T.);
#2955=ORIENTED_EDGE('',*,*,#1932,.F.);
#2956=ORIENTED_EDGE('',*,*,#2121,.T.);
#2957=ORIENTED_EDGE('',*,*,#1972,.F.);
#2958=ORIENTED_EDGE('',*,*,#2122,.T.);
#2959=ORIENTED_EDGE('',*,*,#1983,.F.);
#2960=ORIENTED_EDGE('',*,*,#2123,.T.);
#2961=ORIENTED_EDGE('',*,*,#1971,.F.);
#2962=ORIENTED_EDGE('',*,*,#2121,.F.);
#2963=ORIENTED_EDGE('',*,*,#1931,.F.);
#2964=ORIENTED_EDGE('',*,*,#2124,.F.);
#2965=ORIENTED_EDGE('',*,*,#2125,.F.);
#2966=ORIENTED_EDGE('',*,*,#2126,.F.);
#2967=ORIENTED_EDGE('',*,*,#2127,.F.);
#2968=ORIENTED_EDGE('',*,*,#2128,.F.);
#2969=ORIENTED_EDGE('',*,*,#1959,.F.);
#2970=ORIENTED_EDGE('',*,*,#2119,.F.);
#2971=ORIENTED_EDGE('',*,*,#1984,.F.);
#2972=ORIENTED_EDGE('',*,*,#2122,.F.);
#2973=ORIENTED_EDGE('',*,*,#1766,.F.);
#2974=ORIENTED_EDGE('',*,*,#2129,.T.);
#2975=ORIENTED_EDGE('',*,*,#2130,.F.);
#2976=ORIENTED_EDGE('',*,*,#2108,.T.);
#2977=ORIENTED_EDGE('',*,*,#2131,.F.);
#2978=ORIENTED_EDGE('',*,*,#2132,.T.);
#2979=ORIENTED_EDGE('',*,*,#2090,.F.);
#2980=ORIENTED_EDGE('',*,*,#2113,.T.);
#2981=ORIENTED_EDGE('',*,*,#2041,.T.);
#2982=ORIENTED_EDGE('',*,*,#2039,.T.);
#2983=ORIENTED_EDGE('',*,*,#2104,.T.);
#2984=ORIENTED_EDGE('',*,*,#2133,.F.);
#2985=ORIENTED_EDGE('',*,*,#2134,.T.);
#2986=ORIENTED_EDGE('',*,*,#2135,.F.);
#2987=ORIENTED_EDGE('',*,*,#2105,.T.);
#2988=ORIENTED_EDGE('',*,*,#2131,.T.);
#2989=ORIENTED_EDGE('',*,*,#2112,.T.);
#2990=ORIENTED_EDGE('',*,*,#2136,.T.);
#2991=ORIENTED_EDGE('',*,*,#2137,.T.);
#2992=ORIENTED_EDGE('',*,*,#2136,.F.);
#2993=ORIENTED_EDGE('',*,*,#2117,.T.);
#2994=ORIENTED_EDGE('',*,*,#2098,.T.);
#2995=ORIENTED_EDGE('',*,*,#2138,.F.);
#2996=ORIENTED_EDGE('',*,*,#1941,.F.);
#2997=ORIENTED_EDGE('',*,*,#1759,.F.);
#2998=ORIENTED_EDGE('',*,*,#1943,.F.);
#2999=ORIENTED_EDGE('',*,*,#2139,.F.);
#3000=ORIENTED_EDGE('',*,*,#2114,.T.);
#3001=ORIENTED_EDGE('',*,*,#1949,.F.);
#3002=ORIENTED_EDGE('',*,*,#1755,.F.);
#3003=ORIENTED_EDGE('',*,*,#1953,.F.);
#3004=ORIENTED_EDGE('',*,*,#2140,.F.);
#3005=ORIENTED_EDGE('',*,*,#2133,.T.);
#3006=ORIENTED_EDGE('',*,*,#2103,.T.);
#3007=ORIENTED_EDGE('',*,*,#2141,.F.);
#3008=ORIENTED_EDGE('',*,*,#2142,.T.);
#3009=ORIENTED_EDGE('',*,*,#2143,.F.);
#3010=ORIENTED_EDGE('',*,*,#2106,.T.);
#3011=ORIENTED_EDGE('',*,*,#2135,.T.);
#3012=ORIENTED_EDGE('',*,*,#2144,.F.);
#3013=ORIENTED_EDGE('',*,*,#1956,.F.);
#3014=ORIENTED_EDGE('',*,*,#1980,.F.);
#3015=ORIENTED_EDGE('',*,*,#1960,.F.);
#3016=ORIENTED_EDGE('',*,*,#2128,.T.);
#3017=ORIENTED_EDGE('',*,*,#2145,.F.);
#3018=ORIENTED_EDGE('',*,*,#2146,.T.);
#3019=ORIENTED_EDGE('',*,*,#2147,.F.);
#3020=ORIENTED_EDGE('',*,*,#2148,.T.);
#3021=ORIENTED_EDGE('',*,*,#2149,.T.);
#3022=ORIENTED_EDGE('',*,*,#2150,.T.);
#3023=ORIENTED_EDGE('',*,*,#2151,.F.);
#3024=ORIENTED_EDGE('',*,*,#2124,.T.);
#3025=ORIENTED_EDGE('',*,*,#1930,.F.);
#3026=ORIENTED_EDGE('',*,*,#1818,.F.);
#3027=ORIENTED_EDGE('',*,*,#1934,.F.);
#3028=ORIENTED_EDGE('',*,*,#2152,.F.);
#3029=ORIENTED_EDGE('',*,*,#2096,.T.);
#3030=ORIENTED_EDGE('',*,*,#2111,.T.);
#3031=ORIENTED_EDGE('',*,*,#2153,.F.);
#3032=ORIENTED_EDGE('',*,*,#2154,.T.);
#3033=ORIENTED_EDGE('',*,*,#2155,.F.);
#3034=ORIENTED_EDGE('',*,*,#2156,.T.);
#3035=ORIENTED_EDGE('',*,*,#2151,.T.);
#3036=ORIENTED_EDGE('',*,*,#2157,.T.);
#3037=ORIENTED_EDGE('',*,*,#2158,.F.);
#3038=ORIENTED_EDGE('',*,*,#2107,.T.);
#3039=ORIENTED_EDGE('',*,*,#2147,.T.);
#3040=ORIENTED_EDGE('',*,*,#2159,.T.);
#3041=ORIENTED_EDGE('',*,*,#2145,.T.);
#3042=ORIENTED_EDGE('',*,*,#2127,.T.);
#3043=ORIENTED_EDGE('',*,*,#2160,.F.);
#3044=ORIENTED_EDGE('',*,*,#2007,.F.);
#3045=ORIENTED_EDGE('',*,*,#2161,.T.);
#3046=ORIENTED_EDGE('',*,*,#2162,.T.);
#3047=ORIENTED_EDGE('',*,*,#2141,.T.);
#3048=ORIENTED_EDGE('',*,*,#2163,.T.);
#3049=ORIENTED_EDGE('',*,*,#2158,.T.);
#3050=ORIENTED_EDGE('',*,*,#2164,.T.);
#3051=ORIENTED_EDGE('',*,*,#2165,.F.);
#3052=ORIENTED_EDGE('',*,*,#2126,.T.);
#3053=ORIENTED_EDGE('',*,*,#2166,.F.);
#3054=ORIENTED_EDGE('',*,*,#2008,.F.);
#3055=ORIENTED_EDGE('',*,*,#2160,.T.);
#3056=ORIENTED_EDGE('',*,*,#2167,.T.);
#3057=ORIENTED_EDGE('',*,*,#2165,.T.);
#3058=ORIENTED_EDGE('',*,*,#2168,.T.);
#3059=ORIENTED_EDGE('',*,*,#2149,.F.);
#3060=ORIENTED_EDGE('',*,*,#2125,.T.);
#3061=ORIENTED_EDGE('',*,*,#2155,.T.);
#3062=ORIENTED_EDGE('',*,*,#2169,.T.);
#3063=ORIENTED_EDGE('',*,*,#2153,.T.);
#3064=ORIENTED_EDGE('',*,*,#2110,.T.);
#3065=ORIENTED_EDGE('',*,*,#2170,.T.);
#3066=ORIENTED_EDGE('',*,*,#2171,.T.);
#3067=ORIENTED_EDGE('',*,*,#2172,.F.);
#3068=ORIENTED_EDGE('',*,*,#2005,.F.);
#3069=ORIENTED_EDGE('',*,*,#2166,.T.);
#3070=ORIENTED_EDGE('',*,*,#1954,.F.);
#3071=ORIENTED_EDGE('',*,*,#1854,.T.);
#3072=ORIENTED_EDGE('',*,*,#2171,.F.);
#3073=ORIENTED_EDGE('',*,*,#2173,.F.);
#3074=ORIENTED_EDGE('',*,*,#2174,.F.);
#3075=ORIENTED_EDGE('',*,*,#2116,.T.);
#3076=ORIENTED_EDGE('',*,*,#2175,.F.);
#3077=ORIENTED_EDGE('',*,*,#2173,.T.);
#3078=ORIENTED_EDGE('',*,*,#2170,.F.);
#3079=ORIENTED_EDGE('',*,*,#2109,.T.);
#3080=ORIENTED_EDGE('',*,*,#2130,.T.);
#3081=ORIENTED_EDGE('',*,*,#2176,.F.);
#3082=ORIENTED_EDGE('',*,*,#1936,.F.);
#3083=ORIENTED_EDGE('',*,*,#1761,.F.);
#3084=ORIENTED_EDGE('',*,*,#1940,.F.);
#3085=ORIENTED_EDGE('',*,*,#1969,.T.);
#3086=ORIENTED_EDGE('',*,*,#1928,.T.);
#3087=ORIENTED_EDGE('',*,*,#1918,.F.);
#3088=ORIENTED_EDGE('',*,*,#1973,.T.);
#3089=ORIENTED_EDGE('',*,*,#2123,.F.);
#3090=ORIENTED_EDGE('',*,*,#1982,.T.);
#3091=ORIENTED_EDGE('',*,*,#1908,.T.);
#3092=ORIENTED_EDGE('',*,*,#1963,.T.);
#3093=ORIENTED_EDGE('',*,*,#1986,.T.);
#3094=ORIENTED_EDGE('',*,*,#2118,.F.);
#3095=ORIENTED_EDGE('',*,*,#1957,.F.);
#3096=ORIENTED_EDGE('',*,*,#2144,.T.);
#3097=ORIENTED_EDGE('',*,*,#2134,.F.);
#3098=ORIENTED_EDGE('',*,*,#2140,.T.);
#3099=ORIENTED_EDGE('',*,*,#1952,.F.);
#3100=ORIENTED_EDGE('',*,*,#2102,.F.);
#3101=ORIENTED_EDGE('',*,*,#2093,.T.);
#3102=ORIENTED_EDGE('',*,*,#1946,.F.);
#3103=ORIENTED_EDGE('',*,*,#2091,.T.);
#3104=ORIENTED_EDGE('',*,*,#2132,.F.);
#3105=ORIENTED_EDGE('',*,*,#2139,.T.);
#3106=ORIENTED_EDGE('',*,*,#1942,.F.);
#3107=ORIENTED_EDGE('',*,*,#2138,.T.);
#3108=ORIENTED_EDGE('',*,*,#2100,.F.);
#3109=ORIENTED_EDGE('',*,*,#1937,.F.);
#3110=ORIENTED_EDGE('',*,*,#2176,.T.);
#3111=ORIENTED_EDGE('',*,*,#2129,.F.);
#3112=ORIENTED_EDGE('',*,*,#1765,.T.);
#3113=ORIENTED_EDGE('',*,*,#1935,.F.);
#3114=ORIENTED_EDGE('',*,*,#1779,.T.);
#3115=ORIENTED_EDGE('',*,*,#1769,.T.);
#3116=ORIENTED_EDGE('',*,*,#2097,.F.);
#3117=ORIENTED_EDGE('',*,*,#2152,.T.);
#3118=ORIENTED_EDGE('',*,*,#1933,.F.);
#3119=ORIENTED_EDGE('',*,*,#2120,.F.);
#3120=ORIENTED_EDGE('',*,*,#2156,.F.);
#3121=ORIENTED_EDGE('',*,*,#2163,.F.);
#3122=ORIENTED_EDGE('',*,*,#2167,.F.);
#3123=ORIENTED_EDGE('',*,*,#2148,.F.);
#3124=ORIENTED_EDGE('',*,*,#2137,.F.);
#3125=ORIENTED_EDGE('',*,*,#2159,.F.);
#3126=ORIENTED_EDGE('',*,*,#2146,.F.);
#3127=ORIENTED_EDGE('',*,*,#2162,.F.);
#3128=ORIENTED_EDGE('',*,*,#2177,.F.);
#3129=ORIENTED_EDGE('',*,*,#2142,.F.);
#3130=ORIENTED_EDGE('',*,*,#2169,.F.);
#3131=ORIENTED_EDGE('',*,*,#2154,.F.);
#3132=ORIENTED_EDGE('',*,*,#2115,.T.);
#3133=ORIENTED_EDGE('',*,*,#2143,.T.);
#3134=ORIENTED_EDGE('',*,*,#2177,.T.);
#3135=ORIENTED_EDGE('',*,*,#2161,.F.);
#3136=ORIENTED_EDGE('',*,*,#2006,.F.);
#3137=ORIENTED_EDGE('',*,*,#2172,.T.);
#3138=ORIENTED_EDGE('',*,*,#2174,.T.);
#3139=ORIENTED_EDGE('',*,*,#2175,.T.);
#3140=ORIENTED_EDGE('',*,*,#2087,.T.);
#3141=ORIENTED_EDGE('',*,*,#2150,.F.);
#3142=ORIENTED_EDGE('',*,*,#2168,.F.);
#3143=ORIENTED_EDGE('',*,*,#2164,.F.);
#3144=ORIENTED_EDGE('',*,*,#2157,.F.);
#3145=ORIENTED_EDGE('',*,*,#1739,.F.);
#3146=ORIENTED_EDGE('',*,*,#2178,.T.);
#3147=ORIENTED_EDGE('',*,*,#2004,.F.);
#3148=ORIENTED_EDGE('',*,*,#2179,.F.);
#3149=ORIENTED_EDGE('',*,*,#1740,.F.);
#3150=ORIENTED_EDGE('',*,*,#2179,.T.);
#3151=ORIENTED_EDGE('',*,*,#2003,.F.);
#3152=ORIENTED_EDGE('',*,*,#2180,.F.);
#3153=ORIENTED_EDGE('',*,*,#2180,.T.);
#3154=ORIENTED_EDGE('',*,*,#2002,.F.);
#3155=ORIENTED_EDGE('',*,*,#2181,.F.);
#3156=ORIENTED_EDGE('',*,*,#1741,.F.);
#3157=ORIENTED_EDGE('',*,*,#2085,.T.);
#3158=ORIENTED_EDGE('',*,*,#2181,.T.);
#3159=ORIENTED_EDGE('',*,*,#2001,.F.);
#3160=ORIENTED_EDGE('',*,*,#2178,.F.);
#3161=ORIENTED_EDGE('',*,*,#1742,.F.);
#3162=ORIENTED_EDGE('',*,*,#2182,.F.);
#3163=ORIENTED_EDGE('',*,*,#2183,.T.);
#3164=ORIENTED_EDGE('',*,*,#2184,.F.);
#3165=ORIENTED_EDGE('',*,*,#2185,.F.);
#3166=ORIENTED_EDGE('',*,*,#2186,.F.);
#3167=ORIENTED_EDGE('',*,*,#2187,.F.);
#3168=ORIENTED_EDGE('',*,*,#2188,.F.);
#3169=ORIENTED_EDGE('',*,*,#2189,.F.);
#3170=ORIENTED_EDGE('',*,*,#2190,.F.);
#3171=ORIENTED_EDGE('',*,*,#2191,.F.);
#3172=ORIENTED_EDGE('',*,*,#2192,.F.);
#3173=ORIENTED_EDGE('',*,*,#2183,.F.);
#3174=ORIENTED_EDGE('',*,*,#2182,.T.);
#3175=ORIENTED_EDGE('',*,*,#2186,.T.);
#3176=ORIENTED_EDGE('',*,*,#2193,.F.);
#3177=ORIENTED_EDGE('',*,*,#2194,.T.);
#3178=ORIENTED_EDGE('',*,*,#2195,.F.);
#3179=ORIENTED_EDGE('',*,*,#2190,.T.);
#3180=ORIENTED_EDGE('',*,*,#2196,.F.);
#3181=ORIENTED_EDGE('',*,*,#2197,.F.);
#3182=ORIENTED_EDGE('',*,*,#2185,.T.);
#3183=ORIENTED_EDGE('',*,*,#2198,.T.);
#3184=ORIENTED_EDGE('',*,*,#2199,.T.);
#3185=ORIENTED_EDGE('',*,*,#2193,.T.);
#3186=ORIENTED_EDGE('',*,*,#2187,.T.);
#3187=ORIENTED_EDGE('',*,*,#2195,.T.);
#3188=ORIENTED_EDGE('',*,*,#2200,.T.);
#3189=ORIENTED_EDGE('',*,*,#2201,.T.);
#3190=ORIENTED_EDGE('',*,*,#2189,.T.);
#3191=ORIENTED_EDGE('',*,*,#2202,.T.);
#3192=ORIENTED_EDGE('',*,*,#2203,.T.);
#3193=ORIENTED_EDGE('',*,*,#2196,.T.);
#3194=ORIENTED_EDGE('',*,*,#2204,.T.);
#3195=ORIENTED_EDGE('',*,*,#2200,.F.);
#3196=ORIENTED_EDGE('',*,*,#2194,.F.);
#3197=ORIENTED_EDGE('',*,*,#2199,.F.);
#3198=ORIENTED_EDGE('',*,*,#2205,.T.);
#3199=ORIENTED_EDGE('',*,*,#2202,.F.);
#3200=ORIENTED_EDGE('',*,*,#2188,.T.);
#3201=ORIENTED_EDGE('',*,*,#2201,.F.);
#3202=ORIENTED_EDGE('',*,*,#2204,.F.);
#3203=ORIENTED_EDGE('',*,*,#2198,.F.);
#3204=ORIENTED_EDGE('',*,*,#2184,.T.);
#3205=ORIENTED_EDGE('',*,*,#2192,.T.);
#3206=ORIENTED_EDGE('',*,*,#2191,.T.);
#3207=ORIENTED_EDGE('',*,*,#2197,.T.);
#3208=ORIENTED_EDGE('',*,*,#2203,.F.);
#3209=ORIENTED_EDGE('',*,*,#2205,.F.);
#3210=ORIENTED_EDGE('',*,*,#2206,.F.);
#3211=ORIENTED_EDGE('',*,*,#2207,.T.);
#3212=ORIENTED_EDGE('',*,*,#2208,.F.);
#3213=ORIENTED_EDGE('',*,*,#2209,.F.);
#3214=ORIENTED_EDGE('',*,*,#2210,.F.);
#3215=ORIENTED_EDGE('',*,*,#2211,.F.);
#3216=ORIENTED_EDGE('',*,*,#2212,.F.);
#3217=ORIENTED_EDGE('',*,*,#2213,.F.);
#3218=ORIENTED_EDGE('',*,*,#2214,.F.);
#3219=ORIENTED_EDGE('',*,*,#2215,.F.);
#3220=ORIENTED_EDGE('',*,*,#2216,.F.);
#3221=ORIENTED_EDGE('',*,*,#2207,.F.);
#3222=ORIENTED_EDGE('',*,*,#2206,.T.);
#3223=ORIENTED_EDGE('',*,*,#2210,.T.);
#3224=ORIENTED_EDGE('',*,*,#2217,.F.);
#3225=ORIENTED_EDGE('',*,*,#2218,.T.);
#3226=ORIENTED_EDGE('',*,*,#2219,.F.);
#3227=ORIENTED_EDGE('',*,*,#2214,.T.);
#3228=ORIENTED_EDGE('',*,*,#2220,.F.);
#3229=ORIENTED_EDGE('',*,*,#2221,.F.);
#3230=ORIENTED_EDGE('',*,*,#2209,.T.);
#3231=ORIENTED_EDGE('',*,*,#2222,.T.);
#3232=ORIENTED_EDGE('',*,*,#2223,.T.);
#3233=ORIENTED_EDGE('',*,*,#2217,.T.);
#3234=ORIENTED_EDGE('',*,*,#2211,.T.);
#3235=ORIENTED_EDGE('',*,*,#2219,.T.);
#3236=ORIENTED_EDGE('',*,*,#2224,.T.);
#3237=ORIENTED_EDGE('',*,*,#2225,.T.);
#3238=ORIENTED_EDGE('',*,*,#2213,.T.);
#3239=ORIENTED_EDGE('',*,*,#2226,.T.);
#3240=ORIENTED_EDGE('',*,*,#2227,.T.);
#3241=ORIENTED_EDGE('',*,*,#2220,.T.);
#3242=ORIENTED_EDGE('',*,*,#2228,.T.);
#3243=ORIENTED_EDGE('',*,*,#2224,.F.);
#3244=ORIENTED_EDGE('',*,*,#2218,.F.);
#3245=ORIENTED_EDGE('',*,*,#2223,.F.);
#3246=ORIENTED_EDGE('',*,*,#2229,.T.);
#3247=ORIENTED_EDGE('',*,*,#2226,.F.);
#3248=ORIENTED_EDGE('',*,*,#2212,.T.);
#3249=ORIENTED_EDGE('',*,*,#2225,.F.);
#3250=ORIENTED_EDGE('',*,*,#2228,.F.);
#3251=ORIENTED_EDGE('',*,*,#2222,.F.);
#3252=ORIENTED_EDGE('',*,*,#2208,.T.);
#3253=ORIENTED_EDGE('',*,*,#2216,.T.);
#3254=ORIENTED_EDGE('',*,*,#2215,.T.);
#3255=ORIENTED_EDGE('',*,*,#2221,.T.);
#3256=ORIENTED_EDGE('',*,*,#2227,.F.);
#3257=ORIENTED_EDGE('',*,*,#2229,.F.);
#3258=TOROIDAL_SURFACE('',#3444,14.445867816345,0.85);
#3259=TOROIDAL_SURFACE('',#3448,1.15,0.85);
#3260=TOROIDAL_SURFACE('',#3546,4.,2.);
#3261=ADVANCED_FACE('',(#875),#3258,.T.);
#3262=ADVANCED_FACE('',(#876),#3259,.T.);
#3263=ADVANCED_FACE('',(#877),#827,.T.);
#3264=ADVANCED_FACE('',(#878),#153,.F.);
#3265=ADVANCED_FACE('',(#879),#828,.T.);
#3266=ADVANCED_FACE('',(#880),#154,.F.);
#3267=ADVANCED_FACE('',(#881,#22),#29,.T.);
#3268=ADVANCED_FACE('',(#882),#829,.F.);
#3269=ADVANCED_FACE('',(#883),#30,.F.);
#3270=ADVANCED_FACE('',(#884),#31,.F.);
#3271=ADVANCED_FACE('',(#885),#830,.T.);
#3272=ADVANCED_FACE('',(#886),#831,.T.);
#3273=ADVANCED_FACE('',(#887),#32,.T.);
#3274=ADVANCED_FACE('',(#888),#832,.T.);
#3275=ADVANCED_FACE('',(#889),#833,.T.);
#3276=ADVANCED_FACE('',(#890),#20,.T.);
#3277=ADVANCED_FACE('',(#891),#33,.T.);
#3278=ADVANCED_FACE('',(#892),#834,.T.);
#3279=ADVANCED_FACE('',(#893),#34,.T.);
#3280=ADVANCED_FACE('',(#894),#35,.T.);
#3281=ADVANCED_FACE('',(#895),#835,.T.);
#3282=ADVANCED_FACE('',(#896),#36,.T.);
#3283=ADVANCED_FACE('',(#897),#836,.T.);
#3284=ADVANCED_FACE('',(#898),#37,.F.);
#3285=ADVANCED_FACE('',(#899),#38,.F.);
#3286=ADVANCED_FACE('',(#900),#837,.T.);
#3287=ADVANCED_FACE('',(#901),#39,.F.);
#3288=ADVANCED_FACE('',(#902),#838,.T.);
#3289=ADVANCED_FACE('',(#903),#40,.F.);
#3290=ADVANCED_FACE('',(#904),#839,.T.);
#3291=ADVANCED_FACE('',(#905,#23),#840,.F.);
#3292=ADVANCED_FACE('',(#906),#41,.F.);
#3293=ADVANCED_FACE('',(#907),#841,.T.);
#3294=ADVANCED_FACE('',(#908),#842,.T.);
#3295=ADVANCED_FACE('',(#909),#21,.T.);
#3296=ADVANCED_FACE('',(#910),#843,.T.);
#3297=ADVANCED_FACE('',(#911),#844,.T.);
#3298=ADVANCED_FACE('',(#912),#845,.F.);
#3299=ADVANCED_FACE('',(#913),#42,.T.);
#3300=ADVANCED_FACE('',(#914),#846,.F.);
#3301=ADVANCED_FACE('',(#915),#3260,.F.);
#3302=ADVANCED_FACE('',(#916),#43,.F.);
#3303=ADVANCED_FACE('',(#917),#847,.F.);
#3304=ADVANCED_FACE('',(#918),#44,.F.);
#3305=ADVANCED_FACE('',(#919),#155,.F.);
#3306=ADVANCED_FACE('',(#920),#848,.T.);
#3307=ADVANCED_FACE('',(#921),#156,.F.);
#3308=ADVANCED_FACE('',(#922),#849,.T.);
#3309=ADVANCED_FACE('',(#923),#850,.T.);
#3310=ADVANCED_FACE('',(#924),#851,.T.);
#3311=ADVANCED_FACE('',(#925),#852,.T.);
#3312=ADVANCED_FACE('',(#926),#45,.T.);
#3313=ADVANCED_FACE('',(#927),#853,.T.);
#3314=ADVANCED_FACE('',(#928),#854,.T.);
#3315=ADVANCED_FACE('',(#929),#855,.T.);
#3316=ADVANCED_FACE('',(#930),#46,.F.);
#3317=ADVANCED_FACE('',(#931),#856,.F.);
#3318=ADVANCED_FACE('',(#932),#857,.T.);
#3319=ADVANCED_FACE('',(#933),#858,.T.);
#3320=ADVANCED_FACE('',(#934),#47,.T.);
#3321=ADVANCED_FACE('',(#935),#48,.F.);
#3322=ADVANCED_FACE('',(#936),#859,.F.);
#3323=ADVANCED_FACE('',(#937),#19,.T.);
#3324=ADVANCED_FACE('',(#938),#49,.T.);
#3325=ADVANCED_FACE('',(#939),#50,.F.);
#3326=ADVANCED_FACE('',(#940),#860,.F.);
#3327=ADVANCED_FACE('',(#941),#861,.F.);
#3328=ADVANCED_FACE('',(#942),#862,.F.);
#3329=ADVANCED_FACE('',(#943,#24,#25),#51,.F.);
#3330=ADVANCED_FACE('',(#944),#52,.F.);
#3331=ADVANCED_FACE('',(#945),#53,.F.);
#3332=ADVANCED_FACE('',(#946),#54,.F.);
#3333=ADVANCED_FACE('',(#947),#55,.F.);
#3334=ADVANCED_FACE('',(#948),#56,.F.);
#3335=ADVANCED_FACE('',(#949),#57,.F.);
#3336=ADVANCED_FACE('',(#950),#58,.F.);
#3337=ADVANCED_FACE('',(#951),#59,.F.);
#3338=ADVANCED_FACE('',(#952),#60,.F.);
#3339=ADVANCED_FACE('',(#953),#61,.F.);
#3340=ADVANCED_FACE('',(#954),#62,.F.);
#3341=ADVANCED_FACE('',(#955),#863,.F.);
#3342=ADVANCED_FACE('',(#956),#63,.T.);
#3343=ADVANCED_FACE('',(#957),#64,.F.);
#3344=ADVANCED_FACE('',(#958),#65,.F.);
#3345=ADVANCED_FACE('',(#959),#66,.F.);
#3346=ADVANCED_FACE('',(#960),#67,.F.);
#3347=ADVANCED_FACE('',(#961),#68,.F.);
#3348=ADVANCED_FACE('',(#962),#69,.F.);
#3349=ADVANCED_FACE('',(#963),#70,.F.);
#3350=ADVANCED_FACE('',(#964),#71,.F.);
#3351=ADVANCED_FACE('',(#965),#72,.T.);
#3352=ADVANCED_FACE('',(#966),#73,.T.);
#3353=ADVANCED_FACE('',(#967),#74,.T.);
#3354=ADVANCED_FACE('',(#968),#75,.F.);
#3355=ADVANCED_FACE('',(#969),#76,.F.);
#3356=ADVANCED_FACE('',(#970),#77,.F.);
#3357=ADVANCED_FACE('',(#971),#78,.F.);
#3358=ADVANCED_FACE('',(#972),#79,.F.);
#3359=ADVANCED_FACE('',(#973),#80,.F.);
#3360=ADVANCED_FACE('',(#974),#81,.F.);
#3361=ADVANCED_FACE('',(#975),#82,.F.);
#3362=ADVANCED_FACE('',(#976),#83,.F.);
#3363=ADVANCED_FACE('',(#977),#84,.F.);
#3364=ADVANCED_FACE('',(#978),#85,.F.);
#3365=ADVANCED_FACE('',(#979),#86,.F.);
#3366=ADVANCED_FACE('',(#980),#864,.F.);
#3367=ADVANCED_FACE('',(#981),#865,.T.);
#3368=ADVANCED_FACE('',(#982),#866,.F.);
#3369=ADVANCED_FACE('',(#983),#867,.F.);
#3370=ADVANCED_FACE('',(#984),#87,.T.);
#3371=ADVANCED_FACE('',(#985),#88,.T.);
#3372=ADVANCED_FACE('',(#986),#89,.T.);
#3373=ADVANCED_FACE('',(#987),#90,.F.);
#3374=ADVANCED_FACE('',(#988),#91,.F.);
#3375=ADVANCED_FACE('',(#989),#92,.F.);
#3376=ADVANCED_FACE('',(#990),#93,.T.);
#3377=ADVANCED_FACE('',(#991),#94,.T.);
#3378=ADVANCED_FACE('',(#992),#95,.T.);
#3379=ADVANCED_FACE('',(#993),#96,.F.);
#3380=ADVANCED_FACE('',(#994),#97,.T.);
#3381=ADVANCED_FACE('',(#995),#98,.T.);
#3382=ADVANCED_FACE('',(#996),#99,.T.);
#3383=ADVANCED_FACE('',(#997),#868,.F.);
#3384=ADVANCED_FACE('',(#998),#869,.F.);
#3385=ADVANCED_FACE('',(#999),#870,.F.);
#3386=ADVANCED_FACE('',(#1000),#100,.F.);
#3387=ADVANCED_FACE('',(#1001),#871,.F.);
#3388=ADVANCED_FACE('',(#1002),#101,.F.);
#3389=ADVANCED_FACE('',(#1003),#102,.F.);
#3390=ADVANCED_FACE('',(#1004),#103,.F.);
#3391=ADVANCED_FACE('',(#1005),#104,.F.);
#3392=ADVANCED_FACE('',(#1006),#105,.F.);
#3393=ADVANCED_FACE('',(#1007),#106,.F.);
#3394=ADVANCED_FACE('',(#1008),#107,.T.);
#3395=ADVANCED_FACE('',(#1009),#108,.F.);
#3396=ADVANCED_FACE('',(#1010),#872,.F.);
#3397=ADVANCED_FACE('',(#1011,#26),#109,.T.);
#3398=ADVANCED_FACE('',(#1012),#110,.F.);
#3399=ADVANCED_FACE('',(#1013),#111,.F.);
#3400=ADVANCED_FACE('',(#1014),#112,.F.);
#3401=ADVANCED_FACE('',(#1015),#113,.F.);
#3402=ADVANCED_FACE('',(#1016,#27),#114,.F.);
#3403=ADVANCED_FACE('',(#1017),#115,.F.);
#3404=ADVANCED_FACE('',(#1018),#116,.F.);
#3405=ADVANCED_FACE('',(#1019),#117,.F.);
#3406=ADVANCED_FACE('',(#1020,#28),#118,.F.);
#3407=ADVANCED_FACE('',(#1021),#119,.F.);
#3408=ADVANCED_FACE('',(#1022),#873,.T.);
#3409=ADVANCED_FACE('',(#1023),#120,.T.);
#3410=ADVANCED_FACE('',(#1024),#121,.F.);
#3411=ADVANCED_FACE('',(#1025),#122,.F.);
#3412=ADVANCED_FACE('',(#1026),#123,.T.);
#3413=ADVANCED_FACE('',(#1027),#124,.F.);
#3414=ADVANCED_FACE('',(#1028),#125,.F.);
#3415=ADVANCED_FACE('',(#1029),#126,.F.);
#3416=ADVANCED_FACE('',(#1030),#127,.F.);
#3417=ADVANCED_FACE('',(#1031),#128,.F.);
#3418=ADVANCED_FACE('',(#1032),#874,.T.);
#3419=ADVANCED_FACE('',(#1033),#129,.T.);
#3420=ADVANCED_FACE('',(#1034),#130,.F.);
#3421=ADVANCED_FACE('',(#1035),#131,.F.);
#3422=ADVANCED_FACE('',(#1036),#132,.T.);
#3423=ADVANCED_FACE('',(#1037),#133,.F.);
#3424=ADVANCED_FACE('',(#1038),#134,.F.);
#3425=ADVANCED_FACE('',(#1039),#135,.F.);
#3426=ADVANCED_FACE('',(#1040),#136,.F.);
#3427=ADVANCED_FACE('',(#1041),#137,.F.);
#3428=CLOSED_SHELL('',(#3261,#3262,#3263,#3264,#3265,#3266,#3267,#3268,
#3269,#3270,#3271,#3272,#3273,#3274,#3275,#3276,#3277,#3278,#3279,#3280,
#3281,#3282,#3283,#3284,#3285,#3286,#3287,#3288,#3289,#3290,#3291,#3292,
#3293,#3294,#3295,#3296,#3297,#3298,#3299,#3300,#3301,#3302,#3303,#3304,
#3305,#3306,#3307,#3308,#3309,#3310,#3311,#3312,#3313,#3314,#3315,#3316,
#3317,#3318,#3319,#3320,#3321,#3322,#3323,#3324,#3325,#3326,#3327,#3328,
#3329,#3330,#3331,#3332,#3333,#3334,#3335,#3336,#3337,#3338,#3339,#3340,
#3341,#3342,#3343,#3344,#3345,#3346,#3347,#3348,#3349,#3350,#3351,#3352,
#3353,#3354,#3355,#3356,#3357,#3358,#3359,#3360,#3361,#3362,#3363,#3364,
#3365,#3366,#3367,#3368,#3369,#3370,#3371,#3372,#3373,#3374,#3375,#3376,
#3377,#3378,#3379,#3380,#3381,#3382,#3383,#3384,#3385,#3386,#3387,#3388,
#3389,#3390,#3391,#3392,#3393,#3394,#3395,#3396,#3397,#3398,#3399,#3400,
#3401,#3402,#3403,#3404,#3405,#3406,#3407));
#3429=CLOSED_SHELL('',(#3408,#3409,#3410,#3411,#3412,#3413,#3414,#3415,
#3416,#3417));
#3430=CLOSED_SHELL('',(#3418,#3419,#3420,#3421,#3422,#3423,#3424,#3425,
#3426,#3427));
#3431=DERIVED_UNIT_ELEMENT(#3433,1.);
#3432=DERIVED_UNIT_ELEMENT(#6164,-3.);
#3433=(
MASS_UNIT()
NAMED_UNIT(*)
SI_UNIT(.KILO.,.GRAM.)
);
#3434=DERIVED_UNIT((#3431,#3432));
#3435=MEASURE_REPRESENTATION_ITEM('density measure',
POSITIVE_RATIO_MEASURE(7850.),#3434);
#3436=PROPERTY_DEFINITION_REPRESENTATION(#3441,#3438);
#3437=PROPERTY_DEFINITION_REPRESENTATION(#3442,#3439);
#3438=REPRESENTATION('material name',(#3440),#6161);
#3439=REPRESENTATION('density',(#3435),#6161);
#3440=DESCRIPTIVE_REPRESENTATION_ITEM('Steel','Steel');
#3441=PROPERTY_DEFINITION('material property','material name',#6171);
#3442=PROPERTY_DEFINITION('material property','density of part',#6171);
#3443=AXIS2_PLACEMENT_3D('',#4744,#3765,#3766);
#3444=AXIS2_PLACEMENT_3D('',#4745,#3767,#3768);
#3445=AXIS2_PLACEMENT_3D('',#4748,#3769,#3770);
#3446=AXIS2_PLACEMENT_3D('',#4750,#3771,#3772);
#3447=AXIS2_PLACEMENT_3D('',#4766,#3773,#3774);
#3448=AXIS2_PLACEMENT_3D('',#4767,#3775,#3776);
#3449=AXIS2_PLACEMENT_3D('',#4770,#3777,#3778);
#3450=AXIS2_PLACEMENT_3D('',#4771,#3779,#3780);
#3451=AXIS2_PLACEMENT_3D('',#4772,#3781,#3782);
#3452=AXIS2_PLACEMENT_3D('',#4773,#3783,#3784);
#3453=AXIS2_PLACEMENT_3D('',#4776,#3785,#3786);
#3454=AXIS2_PLACEMENT_3D('',#4823,#3789,#3790);
#3455=AXIS2_PLACEMENT_3D('',#4825,#3791,#3792);
#3456=AXIS2_PLACEMENT_3D('',#4827,#3793,#3794);
#3457=AXIS2_PLACEMENT_3D('',#4828,#3795,#3796);
#3458=AXIS2_PLACEMENT_3D('',#4829,#3797,#3798);
#3459=AXIS2_PLACEMENT_3D('',#4849,#3800,#3801);
#3460=AXIS2_PLACEMENT_3D('',#4902,#3805,#3806);
#3461=AXIS2_PLACEMENT_3D('',#4932,#3821,#3822);
#3462=AXIS2_PLACEMENT_3D('',#4934,#3823,#3824);
#3463=AXIS2_PLACEMENT_3D('',#4936,#3825,#3826);
#3464=AXIS2_PLACEMENT_3D('',#4938,#3827,#3828);
#3465=AXIS2_PLACEMENT_3D('',#4940,#3829,#3830);
#3466=AXIS2_PLACEMENT_3D('',#4942,#3831,#3832);
#3467=AXIS2_PLACEMENT_3D('',#4944,#3833,#3834);
#3468=AXIS2_PLACEMENT_3D('',#4946,#3835,#3836);
#3469=AXIS2_PLACEMENT_3D('',#4948,#3837,#3838);
#3470=AXIS2_PLACEMENT_3D('',#4950,#3839,#3840);
#3471=AXIS2_PLACEMENT_3D('',#4951,#3841,#3842);
#3472=AXIS2_PLACEMENT_3D('',#4952,#3843,#3844);
#3473=AXIS2_PLACEMENT_3D('',#4956,#3846,#3847);
#3474=AXIS2_PLACEMENT_3D('',#4960,#3849,#3850);
#3475=AXIS2_PLACEMENT_3D('',#4964,#3852,#3853);
#3476=AXIS2_PLACEMENT_3D('',#4968,#3855,#3856);
#3477=AXIS2_PLACEMENT_3D('',#4984,#3858,#3859);
#3478=AXIS2_PLACEMENT_3D('',#4986,#3860,#3861);
#3479=AXIS2_PLACEMENT_3D('',#5002,#3863,#3864);
#3480=AXIS2_PLACEMENT_3D('',#5004,#3865,#3866);
#3481=AXIS2_PLACEMENT_3D('',#5007,#3868,#3869);
#3482=AXIS2_PLACEMENT_3D('',#5008,#3870,#3871);
#3483=AXIS2_PLACEMENT_3D('',#5012,#3874,#3875);
#3484=AXIS2_PLACEMENT_3D('',#5016,#3878,#3879);
#3485=AXIS2_PLACEMENT_3D('',#5017,#3880,#3881);
#3486=AXIS2_PLACEMENT_3D('',#5018,#3882,#3883);
#3487=AXIS2_PLACEMENT_3D('',#5021,#3884,#3885);
#3488=AXIS2_PLACEMENT_3D('',#5025,#3887,#3888);
#3489=AXIS2_PLACEMENT_3D('',#5027,#3889,#3890);
#3490=AXIS2_PLACEMENT_3D('',#5029,#3892,#3893);
#3491=AXIS2_PLACEMENT_3D('',#5035,#3897,#3898);
#3492=AXIS2_PLACEMENT_3D('',#5038,#3899,#3900);
#3493=AXIS2_PLACEMENT_3D('',#5042,#3902,#3903);
#3494=AXIS2_PLACEMENT_3D('',#5044,#3905,#3906);
#3495=AXIS2_PLACEMENT_3D('',#5046,#3907,#3908);
#3496=AXIS2_PLACEMENT_3D('',#5050,#3910,#3911);
#3497=AXIS2_PLACEMENT_3D('',#5052,#3913,#3914);
#3498=AXIS2_PLACEMENT_3D('',#5053,#3915,#3916);
#3499=AXIS2_PLACEMENT_3D('',#5054,#3917,#3918);
#3500=AXIS2_PLACEMENT_3D('',#5062,#3923,#3924);
#3501=AXIS2_PLACEMENT_3D('',#5065,#3926,#3927);
#3502=AXIS2_PLACEMENT_3D('',#5066,#3928,#3929);
#3503=AXIS2_PLACEMENT_3D('',#5070,#3932,#3933);
#3504=AXIS2_PLACEMENT_3D('',#5074,#3936,#3937);
#3505=AXIS2_PLACEMENT_3D('',#5076,#3938,#3939);
#3506=AXIS2_PLACEMENT_3D('',#5079,#3941,#3942);
#3507=AXIS2_PLACEMENT_3D('',#5080,#3943,#3944);
#3508=AXIS2_PLACEMENT_3D('',#5082,#3945,#3946);
#3509=AXIS2_PLACEMENT_3D('',#5084,#3947,#3948);
#3510=AXIS2_PLACEMENT_3D('',#5085,#3949,#3950);
#3511=AXIS2_PLACEMENT_3D('',#5086,#3951,#3952);
#3512=AXIS2_PLACEMENT_3D('',#5088,#3953,#3954);
#3513=AXIS2_PLACEMENT_3D('',#5090,#3955,#3956);
#3514=AXIS2_PLACEMENT_3D('',#5092,#3958,#3959);
#3515=AXIS2_PLACEMENT_3D('',#5100,#3964,#3965);
#3516=AXIS2_PLACEMENT_3D('',#5108,#3970,#3971);
#3517=AXIS2_PLACEMENT_3D('',#5111,#3973,#3974);
#3518=AXIS2_PLACEMENT_3D('',#5112,#3975,#3976);
#3519=AXIS2_PLACEMENT_3D('',#5116,#3979,#3980);
#3520=AXIS2_PLACEMENT_3D('',#5119,#3983,#3984);
#3521=AXIS2_PLACEMENT_3D('',#5121,#3985,#3986);
#3522=AXIS2_PLACEMENT_3D('',#5125,#3988,#3989);
#3523=AXIS2_PLACEMENT_3D('',#5130,#3993,#3994);
#3524=AXIS2_PLACEMENT_3D('',#5145,#3995,#3996);
#3525=AXIS2_PLACEMENT_3D('',#5147,#3998,#3999);
#3526=AXIS2_PLACEMENT_3D('',#5164,#4001,#4002);
#3527=AXIS2_PLACEMENT_3D('',#5194,#4004,#4005);
#3528=AXIS2_PLACEMENT_3D('',#5198,#4007,#4008);
#3529=AXIS2_PLACEMENT_3D('',#5238,#4010,#4011);
#3530=AXIS2_PLACEMENT_3D('',#5264,#4020,#4021);
#3531=AXIS2_PLACEMENT_3D('',#5266,#4023,#4024);
#3532=AXIS2_PLACEMENT_3D('',#5268,#4025,#4026);
#3533=AXIS2_PLACEMENT_3D('',#5270,#4028,#4029);
#3534=AXIS2_PLACEMENT_3D('',#5272,#4030,#4031);
#3535=AXIS2_PLACEMENT_3D('',#5273,#4032,#4033);
#3536=AXIS2_PLACEMENT_3D('',#5274,#4034,#4035);
#3537=AXIS2_PLACEMENT_3D('',#5278,#4037,#4038);
#3538=AXIS2_PLACEMENT_3D('',#5280,#4040,#4041);
#3539=AXIS2_PLACEMENT_3D('',#5282,#4042,#4043);
#3540=AXIS2_PLACEMENT_3D('',#5284,#4045,#4046);
#3541=AXIS2_PLACEMENT_3D('',#5288,#4048,#4049);
#3542=AXIS2_PLACEMENT_3D('',#5290,#4051,#4052);
#3543=AXIS2_PLACEMENT_3D('',#5296,#4056,#4057);
#3544=AXIS2_PLACEMENT_3D('',#5299,#4058,#4059);
#3545=AXIS2_PLACEMENT_3D('',#5302,#4061,#4062);
#3546=AXIS2_PLACEMENT_3D('',#5304,#4064,#4065);
#3547=AXIS2_PLACEMENT_3D('',#5305,#4066,#4067);
#3548=AXIS2_PLACEMENT_3D('',#5306,#4068,#4069);
#3549=AXIS2_PLACEMENT_3D('',#5348,#4080,#4081);
#3550=AXIS2_PLACEMENT_3D('',#5349,#4082,#4083);
#3551=AXIS2_PLACEMENT_3D('',#5351,#4085,#4086);
#3552=AXIS2_PLACEMENT_3D('',#5419,#4089,#4090);
#3553=AXIS2_PLACEMENT_3D('',#5420,#4091,#4092);
#3554=AXIS2_PLACEMENT_3D('',#5421,#4093,#4094);
#3555=AXIS2_PLACEMENT_3D('',#5425,#4096,#4097);
#3556=AXIS2_PLACEMENT_3D('',#5429,#4099,#4100);
#3557=AXIS2_PLACEMENT_3D('',#5430,#4101,#4102);
#3558=AXIS2_PLACEMENT_3D('',#5487,#4103,#4104);
#3559=AXIS2_PLACEMENT_3D('',#5499,#4105,#4106);
#3560=AXIS2_PLACEMENT_3D('',#5500,#4107,#4108);
#3561=AXIS2_PLACEMENT_3D('',#5502,#4109,#4110);
#3562=AXIS2_PLACEMENT_3D('',#5504,#4111,#4112);
#3563=AXIS2_PLACEMENT_3D('',#5508,#4114,#4115);
#3564=AXIS2_PLACEMENT_3D('',#5510,#4117,#4118);
#3565=AXIS2_PLACEMENT_3D('',#5513,#4120,#4121);
#3566=AXIS2_PLACEMENT_3D('',#5514,#4122,#4123);
#3567=AXIS2_PLACEMENT_3D('',#5516,#4124,#4125);
#3568=AXIS2_PLACEMENT_3D('',#5544,#4127,#4128);
#3569=AXIS2_PLACEMENT_3D('',#5546,#4130,#4131);
#3570=AXIS2_PLACEMENT_3D('',#5547,#4132,#4133);
#3571=AXIS2_PLACEMENT_3D('',#5548,#4134,#4135);
#3572=AXIS2_PLACEMENT_3D('',#5550,#4136,#4137);
#3573=AXIS2_PLACEMENT_3D('',#5555,#4140,#4141);
#3574=AXIS2_PLACEMENT_3D('',#5559,#4143,#4144);
#3575=AXIS2_PLACEMENT_3D('',#5561,#4146,#4147);
#3576=AXIS2_PLACEMENT_3D('',#5565,#4149,#4150);
#3577=AXIS2_PLACEMENT_3D('',#5569,#4152,#4153);
#3578=AXIS2_PLACEMENT_3D('',#5574,#4156,#4157);
#3579=AXIS2_PLACEMENT_3D('',#5581,#4161,#4162);
#3580=AXIS2_PLACEMENT_3D('',#5588,#4166,#4167);
#3581=AXIS2_PLACEMENT_3D('',#5592,#4169,#4170);
#3582=AXIS2_PLACEMENT_3D('',#5594,#4172,#4173);
#3583=AXIS2_PLACEMENT_3D('',#5596,#4174,#4175);
#3584=AXIS2_PLACEMENT_3D('',#5600,#4177,#4178);
#3585=AXIS2_PLACEMENT_3D('',#5604,#4180,#4181);
#3586=AXIS2_PLACEMENT_3D('',#5608,#4183,#4184);
#3587=AXIS2_PLACEMENT_3D('',#5611,#4186,#4187);
#3588=AXIS2_PLACEMENT_3D('',#5612,#4188,#4189);
#3589=AXIS2_PLACEMENT_3D('',#5616,#4191,#4192);
#3590=AXIS2_PLACEMENT_3D('',#5617,#4193,#4194);
#3591=AXIS2_PLACEMENT_3D('',#5618,#4195,#4196);
#3592=AXIS2_PLACEMENT_3D('',#5620,#4198,#4199);
#3593=AXIS2_PLACEMENT_3D('',#5621,#4200,#4201);
#3594=AXIS2_PLACEMENT_3D('',#5622,#4202,#4203);
#3595=AXIS2_PLACEMENT_3D('',#5624,#4204,#4205);
#3596=AXIS2_PLACEMENT_3D('',#5628,#4207,#4208);
#3597=AXIS2_PLACEMENT_3D('',#5631,#4210,#4211);
#3598=AXIS2_PLACEMENT_3D('',#5632,#4212,#4213);
#3599=AXIS2_PLACEMENT_3D('',#5636,#4215,#4216);
#3600=AXIS2_PLACEMENT_3D('',#5638,#4217,#4218);
#3601=AXIS2_PLACEMENT_3D('',#5639,#4219,#4220);
#3602=AXIS2_PLACEMENT_3D('',#5640,#4221,#4222);
#3603=AXIS2_PLACEMENT_3D('',#5642,#4224,#4225);
#3604=AXIS2_PLACEMENT_3D('',#5643,#4226,#4227);
#3605=AXIS2_PLACEMENT_3D('',#5644,#4228,#4229);
#3606=AXIS2_PLACEMENT_3D('',#5645,#4230,#4231);
#3607=AXIS2_PLACEMENT_3D('',#5646,#4232,#4233);
#3608=AXIS2_PLACEMENT_3D('',#5647,#4234,#4235);
#3609=AXIS2_PLACEMENT_3D('',#5649,#4236,#4237);
#3610=AXIS2_PLACEMENT_3D('',#5653,#4239,#4240);
#3611=AXIS2_PLACEMENT_3D('',#5656,#4242,#4243);
#3612=AXIS2_PLACEMENT_3D('',#5672,#4244,#4245);
#3613=AXIS2_PLACEMENT_3D('',#5676,#4247,#4248);
#3614=AXIS2_PLACEMENT_3D('',#5677,#4249,#4250);
#3615=AXIS2_PLACEMENT_3D('',#5681,#4252,#4253);
#3616=AXIS2_PLACEMENT_3D('',#5682,#4254,#4255);
#3617=AXIS2_PLACEMENT_3D('',#5685,#4256,#4257);
#3618=AXIS2_PLACEMENT_3D('',#5689,#4259,#4260);
#3619=AXIS2_PLACEMENT_3D('',#5691,#4262,#4263);
#3620=AXIS2_PLACEMENT_3D('',#5695,#4265,#4266);
#3621=AXIS2_PLACEMENT_3D('',#5697,#4268,#4269);
#3622=AXIS2_PLACEMENT_3D('',#5701,#4271,#4272);
#3623=AXIS2_PLACEMENT_3D('',#5703,#4274,#4275);
#3624=AXIS2_PLACEMENT_3D('',#5740,#4296,#4297);
#3625=AXIS2_PLACEMENT_3D('',#5746,#4301,#4302);
#3626=AXIS2_PLACEMENT_3D('',#5752,#4306,#4307);
#3627=AXIS2_PLACEMENT_3D('',#5754,#4309,#4310);
#3628=AXIS2_PLACEMENT_3D('',#5756,#4312,#4313);
#3629=AXIS2_PLACEMENT_3D('',#5757,#4314,#4315);
#3630=AXIS2_PLACEMENT_3D('',#5763,#4319,#4320);
#3631=AXIS2_PLACEMENT_3D('',#5767,#4323,#4324);
#3632=AXIS2_PLACEMENT_3D('',#5771,#4327,#4328);
#3633=AXIS2_PLACEMENT_3D('',#5773,#4330,#4331);
#3634=AXIS2_PLACEMENT_3D('',#5774,#4332,#4333);
#3635=AXIS2_PLACEMENT_3D('',#5778,#4335,#4336);
#3636=AXIS2_PLACEMENT_3D('',#5779,#4337,#4338);
#3637=AXIS2_PLACEMENT_3D('',#5781,#4339,#4340);
#3638=AXIS2_PLACEMENT_3D('',#5783,#4342,#4343);
#3639=AXIS2_PLACEMENT_3D('',#5784,#4344,#4345);
#3640=AXIS2_PLACEMENT_3D('',#5792,#4350,#4351);
#3641=AXIS2_PLACEMENT_3D('',#5797,#4355,#4356);
#3642=AXIS2_PLACEMENT_3D('',#5799,#4358,#4359);
#3643=AXIS2_PLACEMENT_3D('',#5816,#4369,#4370);
#3644=AXIS2_PLACEMENT_3D('',#5822,#4374,#4375);
#3645=AXIS2_PLACEMENT_3D('',#5827,#4379,#4380);
#3646=AXIS2_PLACEMENT_3D('',#5828,#4381,#4382);
#3647=AXIS2_PLACEMENT_3D('',#5829,#4383,#4384);
#3648=AXIS2_PLACEMENT_3D('',#5833,#4387,#4388);
#3649=AXIS2_PLACEMENT_3D('',#5841,#4394,#4395);
#3650=AXIS2_PLACEMENT_3D('',#5844,#4398,#4399);
#3651=AXIS2_PLACEMENT_3D('',#5845,#4400,#4401);
#3652=AXIS2_PLACEMENT_3D('',#5846,#4402,#4403);
#3653=AXIS2_PLACEMENT_3D('',#5850,#4406,#4407);
#3654=AXIS2_PLACEMENT_3D('',#5856,#4411,#4412);
#3655=AXIS2_PLACEMENT_3D('',#5860,#4415,#4416);
#3656=AXIS2_PLACEMENT_3D('',#5862,#4418,#4419);
#3657=AXIS2_PLACEMENT_3D('',#5864,#4421,#4422);
#3658=AXIS2_PLACEMENT_3D('',#5865,#4423,#4424);
#3659=AXIS2_PLACEMENT_3D('',#5867,#4426,#4427);
#3660=AXIS2_PLACEMENT_3D('',#5868,#4428,#4429);
#3661=AXIS2_PLACEMENT_3D('',#5869,#4430,#4431);
#3662=AXIS2_PLACEMENT_3D('',#5871,#4433,#4434);
#3663=AXIS2_PLACEMENT_3D('',#5872,#4435,#4436);
#3664=AXIS2_PLACEMENT_3D('',#5874,#4437,#4438);
#3665=AXIS2_PLACEMENT_3D('',#5877,#4440,#4441);
#3666=AXIS2_PLACEMENT_3D('',#5878,#4442,#4443);
#3667=AXIS2_PLACEMENT_3D('',#5879,#4444,#4445);
#3668=AXIS2_PLACEMENT_3D('',#5880,#4446,#4447);
#3669=AXIS2_PLACEMENT_3D('',#5882,#4448,#4449);
#3670=AXIS2_PLACEMENT_3D('',#5885,#4451,#4452);
#3671=AXIS2_PLACEMENT_3D('',#5886,#4453,#4454);
#3672=AXIS2_PLACEMENT_3D('',#5888,#4455,#4456);
#3673=AXIS2_PLACEMENT_3D('',#5890,#4457,#4458);
#3674=AXIS2_PLACEMENT_3D('',#5892,#4460,#4461);
#3675=AXIS2_PLACEMENT_3D('',#5898,#4465,#4466);
#3676=AXIS2_PLACEMENT_3D('',#5904,#4470,#4471);
#3677=AXIS2_PLACEMENT_3D('',#5907,#4474,#4475);
#3678=AXIS2_PLACEMENT_3D('',#5910,#4476,#4477);
#3679=AXIS2_PLACEMENT_3D('',#5915,#4480,#4481);
#3680=AXIS2_PLACEMENT_3D('',#5917,#4483,#4484);
#3681=AXIS2_PLACEMENT_3D('',#5921,#4486,#4487);
#3682=AXIS2_PLACEMENT_3D('',#5924,#4489,#4490);
#3683=AXIS2_PLACEMENT_3D('',#5925,#4491,#4492);
#3684=AXIS2_PLACEMENT_3D('',#5928,#4493,#4494);
#3685=AXIS2_PLACEMENT_3D('',#5931,#4496,#4497);
#3686=AXIS2_PLACEMENT_3D('',#5934,#4499,#4500);
#3687=AXIS2_PLACEMENT_3D('',#5935,#4501,#4502);
#3688=AXIS2_PLACEMENT_3D('',#5936,#4503,#4504);
#3689=AXIS2_PLACEMENT_3D('',#5939,#4507,#4508);
#3690=AXIS2_PLACEMENT_3D('',#5942,#4511,#4512);
#3691=AXIS2_PLACEMENT_3D('',#5945,#4515,#4516);
#3692=AXIS2_PLACEMENT_3D('',#5947,#4517,#4518);
#3693=AXIS2_PLACEMENT_3D('',#5954,#4522,#4523);
#3694=AXIS2_PLACEMENT_3D('',#5955,#4524,#4525);
#3695=AXIS2_PLACEMENT_3D('',#5959,#4528,#4529);
#3696=AXIS2_PLACEMENT_3D('',#5963,#4532,#4533);
#3697=AXIS2_PLACEMENT_3D('',#5969,#4537,#4538);
#3698=AXIS2_PLACEMENT_3D('',#5972,#4540,#4541);
#3699=AXIS2_PLACEMENT_3D('',#5973,#4542,#4543);
#3700=AXIS2_PLACEMENT_3D('',#5974,#4544,#4545);
#3701=AXIS2_PLACEMENT_3D('',#5975,#4546,#4547);
#3702=AXIS2_PLACEMENT_3D('',#5976,#4548,#4549);
#3703=AXIS2_PLACEMENT_3D('',#5980,#4551,#4552);
#3704=AXIS2_PLACEMENT_3D('',#5982,#4554,#4555);
#3705=AXIS2_PLACEMENT_3D('',#5983,#4556,#4557);
#3706=AXIS2_PLACEMENT_3D('',#5987,#4559,#4560);
#3707=AXIS2_PLACEMENT_3D('',#5989,#4562,#4563);
#3708=AXIS2_PLACEMENT_3D('',#5998,#4568,#4569);
#3709=AXIS2_PLACEMENT_3D('',#5999,#4570,#4571);
#3710=AXIS2_PLACEMENT_3D('',#6003,#4573,#4574);
#3711=AXIS2_PLACEMENT_3D('',#6005,#4576,#4577);
#3712=AXIS2_PLACEMENT_3D('',#6011,#4581,#4582);
#3713=AXIS2_PLACEMENT_3D('',#6017,#4587,#4588);
#3714=AXIS2_PLACEMENT_3D('',#6023,#4592,#4593);
#3715=AXIS2_PLACEMENT_3D('',#6025,#4595,#4596);
#3716=AXIS2_PLACEMENT_3D('',#6028,#4599,#4600);
#3717=AXIS2_PLACEMENT_3D('',#6035,#4605,#4606);
#3718=AXIS2_PLACEMENT_3D('',#6036,#4607,#4608);
#3719=AXIS2_PLACEMENT_3D('',#6038,#4609,#4610);
#3720=AXIS2_PLACEMENT_3D('',#6040,#4612,#4613);
#3721=AXIS2_PLACEMENT_3D('',#6042,#4615,#4616);
#3722=AXIS2_PLACEMENT_3D('',#6043,#4617,#4618);
#3723=AXIS2_PLACEMENT_3D('',#6044,#4619,#4620);
#3724=AXIS2_PLACEMENT_3D('',#6045,#4621,#4622);
#3725=AXIS2_PLACEMENT_3D('',#6046,#4623,#4624);
#3726=AXIS2_PLACEMENT_3D('',#6048,#4626,#4627);
#3727=AXIS2_PLACEMENT_3D('',#6049,#4628,#4629);
#3728=AXIS2_PLACEMENT_3D('',#6050,#4630,#4631);
#3729=AXIS2_PLACEMENT_3D('',#6051,#4632,#4633);
#3730=AXIS2_PLACEMENT_3D('',#6054,#4636,#4637);
#3731=AXIS2_PLACEMENT_3D('',#6056,#4639,#4640);
#3732=AXIS2_PLACEMENT_3D('',#6058,#4642,#4643);
#3733=AXIS2_PLACEMENT_3D('',#6059,#4644,#4645);
#3734=AXIS2_PLACEMENT_3D('',#6061,#4646,#4647);
#3735=AXIS2_PLACEMENT_3D('',#6065,#4649,#4650);
#3736=AXIS2_PLACEMENT_3D('',#6069,#4652,#4653);
#3737=AXIS2_PLACEMENT_3D('',#6073,#4655,#4656);
#3738=AXIS2_PLACEMENT_3D('',#6077,#4658,#4659);
#3739=AXIS2_PLACEMENT_3D('',#6080,#4661,#4662);
#3740=AXIS2_PLACEMENT_3D('',#6081,#4663,#4664);
#3741=AXIS2_PLACEMENT_3D('',#6082,#4665,#4666);
#3742=AXIS2_PLACEMENT_3D('',#6088,#4670,#4671);
#3743=AXIS2_PLACEMENT_3D('',#6092,#4674,#4675);
#3744=AXIS2_PLACEMENT_3D('',#6096,#4678,#4679);
#3745=AXIS2_PLACEMENT_3D('',#6100,#4682,#4683);
#3746=AXIS2_PLACEMENT_3D('',#6104,#4686,#4687);
#3747=AXIS2_PLACEMENT_3D('',#6106,#4689,#4690);
#3748=AXIS2_PLACEMENT_3D('',#6108,#4692,#4693);
#3749=AXIS2_PLACEMENT_3D('',#6109,#4694,#4695);
#3750=AXIS2_PLACEMENT_3D('',#6111,#4696,#4697);
#3751=AXIS2_PLACEMENT_3D('',#6115,#4699,#4700);
#3752=AXIS2_PLACEMENT_3D('',#6119,#4702,#4703);
#3753=AXIS2_PLACEMENT_3D('',#6123,#4705,#4706);
#3754=AXIS2_PLACEMENT_3D('',#6127,#4708,#4709);
#3755=AXIS2_PLACEMENT_3D('',#6130,#4711,#4712);
#3756=AXIS2_PLACEMENT_3D('',#6131,#4713,#4714);
#3757=AXIS2_PLACEMENT_3D('',#6132,#4715,#4716);
#3758=AXIS2_PLACEMENT_3D('',#6138,#4720,#4721);
#3759=AXIS2_PLACEMENT_3D('',#6142,#4724,#4725);
#3760=AXIS2_PLACEMENT_3D('',#6146,#4728,#4729);
#3761=AXIS2_PLACEMENT_3D('',#6150,#4732,#4733);
#3762=AXIS2_PLACEMENT_3D('',#6154,#4736,#4737);
#3763=AXIS2_PLACEMENT_3D('',#6156,#4739,#4740);
#3764=AXIS2_PLACEMENT_3D('',#6158,#4742,#4743);
#3765=DIRECTION('axis',(0.,0.,1.));
#3766=DIRECTION('refdir',(1.,0.,0.));
#3767=DIRECTION('center_axis',(0.,0.,-1.));
#3768=DIRECTION('ref_axis',(-1.,0.,0.));
#3769=DIRECTION('center_axis',(0.824434350012501,-0.565957597810529,0.));
#3770=DIRECTION('ref_axis',(0.565957597810529,0.824434350012501,0.));
#3771=DIRECTION('center_axis',(0.,0.,1.));
#3772=DIRECTION('ref_axis',(-0.366885364187504,-0.930266160593302,0.));
#3773=DIRECTION('center_axis',(0.,0.,-1.));
#3774=DIRECTION('ref_axis',(-0.366885364187504,-0.930266160593302,0.));
#3775=DIRECTION('center_axis',(0.,0.,-1.));
#3776=DIRECTION('ref_axis',(-1.,0.,0.));
#3777=DIRECTION('center_axis',(0.,1.,0.));
#3778=DIRECTION('ref_axis',(-1.,0.,0.));
#3779=DIRECTION('center_axis',(0.,0.,-1.));
#3780=DIRECTION('ref_axis',(-0.46585534352923,0.884860892403582,0.));
#3781=DIRECTION('center_axis',(0.,0.,1.));
#3782=DIRECTION('ref_axis',(-0.46585534352923,0.884860892403582,0.));
#3783=DIRECTION('center_axis',(0.,-1.,0.));
#3784=DIRECTION('ref_axis',(-0.707106781186548,0.,0.707106781186548));
#3785=DIRECTION('center_axis',(0.,1.,0.));
#3786=DIRECTION('ref_axis',(-1.,0.,0.));
#3787=DIRECTION('',(0.,1.,0.));
#3788=DIRECTION('',(0.,-1.,0.));
#3789=DIRECTION('center_axis',(-1.,0.,0.));
#3790=DIRECTION('ref_axis',(0.,-0.419370187957974,-0.907815314616411));
#3791=DIRECTION('center_axis',(0.,0.,-1.));
#3792=DIRECTION('ref_axis',(5.06080911426458E-17,-1.,0.));
#3793=DIRECTION('center_axis',(0.215137310952735,-0.976583809734744,0.));
#3794=DIRECTION('ref_axis',(0.,0.,1.));
#3795=DIRECTION('center_axis',(0.,-0.2416439580707,0.970364981606368));
#3796=DIRECTION('ref_axis',(0.,-0.970364981606368,-0.2416439580707));
#3797=DIRECTION('center_axis',(1.,0.,0.));
#3798=DIRECTION('ref_axis',(0.,-0.976681963234805,0.214691272975423));
#3799=DIRECTION('',(1.,0.,0.));
#3800=DIRECTION('center_axis',(1.,0.,0.));
#3801=DIRECTION('ref_axis',(0.,-0.976681963234805,0.214691272975423));
#3802=DIRECTION('',(-1.,0.,0.));
#3803=DIRECTION('',(-1.,0.,0.));
#3804=DIRECTION('',(1.,0.,0.));
#3805=DIRECTION('center_axis',(0.,0.,1.));
#3806=DIRECTION('ref_axis',(0.,1.,0.));
#3807=DIRECTION('',(0.,-1.,0.));
#3808=DIRECTION('',(1.,0.,0.));
#3809=DIRECTION('',(0.,1.,0.));
#3810=DIRECTION('',(-1.,0.,0.));
#3811=DIRECTION('',(0.,-1.,0.));
#3812=DIRECTION('',(1.,0.,0.));
#3813=DIRECTION('',(0.,1.,0.));
#3814=DIRECTION('',(1.,0.,0.));
#3815=DIRECTION('',(0.,-1.,0.));
#3816=DIRECTION('',(1.,0.,0.));
#3817=DIRECTION('',(0.,-1.,0.));
#3818=DIRECTION('',(1.,0.,0.));
#3819=DIRECTION('',(0.,-1.,0.));
#3820=DIRECTION('',(1.,0.,0.));
#3821=DIRECTION('center_axis',(0.,0.,-1.));
#3822=DIRECTION('ref_axis',(1.,0.,0.));
#3823=DIRECTION('center_axis',(0.,0.,-1.));
#3824=DIRECTION('ref_axis',(1.,0.,0.));
#3825=DIRECTION('center_axis',(0.,0.,-1.));
#3826=DIRECTION('ref_axis',(1.,0.,0.));
#3827=DIRECTION('center_axis',(0.,0.,-1.));
#3828=DIRECTION('ref_axis',(1.,0.,0.));
#3829=DIRECTION('center_axis',(0.,0.,-1.));
#3830=DIRECTION('ref_axis',(1.,0.,0.));
#3831=DIRECTION('center_axis',(0.,0.,-1.));
#3832=DIRECTION('ref_axis',(1.,0.,0.));
#3833=DIRECTION('center_axis',(0.,0.,-1.));
#3834=DIRECTION('ref_axis',(1.,0.,0.));
#3835=DIRECTION('center_axis',(0.,0.,-1.));
#3836=DIRECTION('ref_axis',(1.,0.,0.));
#3837=DIRECTION('center_axis',(0.,0.,-1.));
#3838=DIRECTION('ref_axis',(1.,0.,0.));
#3839=DIRECTION('center_axis',(0.,0.,-1.));
#3840=DIRECTION('ref_axis',(1.,0.,0.));
#3841=DIRECTION('center_axis',(0.,0.,-1.));
#3842=DIRECTION('ref_axis',(1.,0.,0.));
#3843=DIRECTION('center_axis',(0.,0.,-1.));
#3844=DIRECTION('ref_axis',(1.,0.,0.));
#3845=DIRECTION('',(0.,0.,-1.));
#3846=DIRECTION('center_axis',(0.,0.,-1.));
#3847=DIRECTION('ref_axis',(1.,0.,0.));
#3848=DIRECTION('',(0.,0.,-1.));
#3849=DIRECTION('center_axis',(0.,0.,1.));
#3850=DIRECTION('ref_axis',(1.,0.,0.));
#3851=DIRECTION('',(0.,0.,1.));
#3852=DIRECTION('center_axis',(0.,0.,-1.));
#3853=DIRECTION('ref_axis',(1.,0.,0.));
#3854=DIRECTION('',(0.,0.,-1.));
#3855=DIRECTION('center_axis',(0.,0.,-1.));
#3856=DIRECTION('ref_axis',(1.,0.,0.));
#3857=DIRECTION('',(0.,0.,1.));
#3858=DIRECTION('center_axis',(0.,-0.419370187957991,-0.907815314616403));
#3859=DIRECTION('ref_axis',(0.,-0.907815314616403,0.419370187957991));
#3860=DIRECTION('center_axis',(0.,-0.419370187957991,-0.907815314616403));
#3861=DIRECTION('ref_axis',(0.,-0.907815314616403,0.419370187957991));
#3862=DIRECTION('',(0.,0.,-1.));
#3863=DIRECTION('center_axis',(0.,0.,-1.));
#3864=DIRECTION('ref_axis',(1.,0.,0.));
#3865=DIRECTION('center_axis',(0.,0.,-1.));
#3866=DIRECTION('ref_axis',(1.,0.,0.));
#3867=DIRECTION('',(0.,0.,1.));
#3868=DIRECTION('center_axis',(0.,0.,-1.));
#3869=DIRECTION('ref_axis',(1.,0.,0.));
#3870=DIRECTION('center_axis',(0.,0.419370187957991,0.907815314616403));
#3871=DIRECTION('ref_axis',(0.,-0.907815314616403,0.419370187957991));
#3872=DIRECTION('',(0.,-0.907815314616403,0.419370187957991));
#3873=DIRECTION('',(1.,0.,0.));
#3874=DIRECTION('center_axis',(0.,0.419370187957991,0.907815314616403));
#3875=DIRECTION('ref_axis',(0.,-0.907815314616403,0.419370187957991));
#3876=DIRECTION('',(1.,0.,0.));
#3877=DIRECTION('',(0.,-0.907815314616403,0.419370187957991));
#3878=DIRECTION('center_axis',(0.,-0.907815314616403,0.419370187957991));
#3879=DIRECTION('ref_axis',(-0.70710678118655,-0.296539503732573,-0.641922365030256));
#3880=DIRECTION('center_axis',(0.,-0.907815314616401,0.419370187957995));
#3881=DIRECTION('ref_axis',(-1.,0.,0.));
#3882=DIRECTION('center_axis',(0.,1.,0.));
#3883=DIRECTION('ref_axis',(0.707106781186548,0.,0.707106781186548));
#3884=DIRECTION('center_axis',(0.,1.,0.));
#3885=DIRECTION('ref_axis',(0.707106781186548,0.,0.707106781186548));
#3886=DIRECTION('',(0.,-1.,0.));
#3887=DIRECTION('center_axis',(0.,1.,0.));
#3888=DIRECTION('ref_axis',(0.707106781186548,0.,0.707106781186548));
#3889=DIRECTION('center_axis',(0.,-0.316227766016838,-0.948683298050514));
#3890=DIRECTION('ref_axis',(0.,-0.948683298050514,0.316227766016838));
#3891=DIRECTION('',(0.,1.,0.));
#3892=DIRECTION('center_axis',(1.,0.,0.));
#3893=DIRECTION('ref_axis',(0.,1.,0.));
#3894=DIRECTION('',(0.,0.948683298050514,-0.316227766016838));
#3895=DIRECTION('',(0.,1.,0.));
#3896=DIRECTION('',(0.,0.,1.));
#3897=DIRECTION('center_axis',(0.,0.,1.));
#3898=DIRECTION('ref_axis',(0.707106781186548,-0.707106781186547,0.));
#3899=DIRECTION('center_axis',(0.,0.,-1.));
#3900=DIRECTION('ref_axis',(1.,0.,0.));
#3901=DIRECTION('',(0.,0.,-1.));
#3902=DIRECTION('center_axis',(0.,0.,-1.));
#3903=DIRECTION('ref_axis',(0.707106781186548,-0.707106781186547,0.));
#3904=DIRECTION('',(0.,0.,1.));
#3905=DIRECTION('center_axis',(0.,1.,0.));
#3906=DIRECTION('ref_axis',(0.707106781186548,0.,0.707106781186548));
#3907=DIRECTION('center_axis',(0.,1.,0.));
#3908=DIRECTION('ref_axis',(0.,0.,1.));
#3909=DIRECTION('',(0.,1.,0.));
#3910=DIRECTION('center_axis',(0.,1.,0.));
#3911=DIRECTION('ref_axis',(0.707106781186548,0.,0.707106781186548));
#3912=DIRECTION('',(0.,-1.,0.));
#3913=DIRECTION('center_axis',(-0.408248290463862,-0.816496580927727,-0.408248290463863));
#3914=DIRECTION('ref_axis',(0.577350269189627,-0.577350269189623,0.577350269189627));
#3915=DIRECTION('center_axis',(1.,0.,0.));
#3916=DIRECTION('ref_axis',(0.,-0.707106781186546,0.707106781186549));
#3917=DIRECTION('center_axis',(0.,-1.,0.));
#3918=DIRECTION('ref_axis',(1.,0.,0.));
#3919=DIRECTION('',(1.,0.,0.));
#3920=DIRECTION('',(0.,0.,1.));
#3921=DIRECTION('',(0.,0.,1.));
#3922=DIRECTION('',(-1.,0.,0.));
#3923=DIRECTION('center_axis',(1.,0.,0.));
#3924=DIRECTION('ref_axis',(0.,-0.707106781186547,0.707106781186548));
#3925=DIRECTION('',(-1.,0.,0.));
#3926=DIRECTION('center_axis',(1.,0.,0.));
#3927=DIRECTION('ref_axis',(0.,-0.707106781186547,0.707106781186548));
#3928=DIRECTION('center_axis',(0.,0.,1.));
#3929=DIRECTION('ref_axis',(1.,0.,0.));
#3930=DIRECTION('',(1.,0.,0.));
#3931=DIRECTION('',(0.,-1.,0.));
#3932=DIRECTION('center_axis',(-1.,0.,0.));
#3933=DIRECTION('ref_axis',(0.,-1.,0.));
#3934=DIRECTION('',(0.,0.,1.));
#3935=DIRECTION('',(0.,1.,0.));
#3936=DIRECTION('center_axis',(-1.,0.,0.));
#3937=DIRECTION('ref_axis',(0.,0.707106781186548,0.707106781186548));
#3938=DIRECTION('center_axis',(-1.,0.,0.));
#3939=DIRECTION('ref_axis',(0.,0.,1.));
#3940=DIRECTION('',(-1.,0.,0.));
#3941=DIRECTION('center_axis',(-0.707106781186546,0.707106781186549,0.));
#3942=DIRECTION('ref_axis',(0.707106781186549,0.707106781186546,0.));
#3943=DIRECTION('center_axis',(0.,0.,1.));
#3944=DIRECTION('ref_axis',(0.,1.,0.));
#3945=DIRECTION('center_axis',(0.,0.,-1.));
#3946=DIRECTION('ref_axis',(1.,0.,0.));
#3947=DIRECTION('center_axis',(0.,0.,-1.));
#3948=DIRECTION('ref_axis',(1.,0.,0.));
#3949=DIRECTION('center_axis',(0.,0.,-1.));
#3950=DIRECTION('ref_axis',(1.,0.,0.));
#3951=DIRECTION('center_axis',(-1.,0.,0.));
#3952=DIRECTION('ref_axis',(0.,0.707106781186548,0.707106781186548));
#3953=DIRECTION('center_axis',(1.,0.,0.));
#3954=DIRECTION('ref_axis',(0.,0.707106781186548,0.707106781186548));
#3955=DIRECTION('center_axis',(1.,0.,0.));
#3956=DIRECTION('ref_axis',(0.,0.707106781186548,0.707106781186548));
#3957=DIRECTION('',(-1.,0.,0.));
#3958=DIRECTION('center_axis',(0.,-1.,0.));
#3959=DIRECTION('ref_axis',(1.,0.,0.));
#3960=DIRECTION('',(0.,0.,1.));
#3961=DIRECTION('',(1.,0.,0.));
#3962=DIRECTION('',(0.970142500145332,0.,-0.242535625036333));
#3963=DIRECTION('',(0.,0.,-1.));
#3964=DIRECTION('center_axis',(1.,0.,0.));
#3965=DIRECTION('ref_axis',(0.,0.,-1.));
#3966=DIRECTION('',(0.,7.40148683083438E-17,-1.));
#3967=DIRECTION('',(0.,0.948683298050514,-0.316227766016838));
#3968=DIRECTION('',(0.,0.,-1.));
#3969=DIRECTION('',(0.,1.,0.));
#3970=DIRECTION('center_axis',(0.,1.,0.));
#3971=DIRECTION('ref_axis',(0.707106781186549,0.,0.707106781186546));
#3972=DIRECTION('',(0.,1.,0.));
#3973=DIRECTION('center_axis',(0.,1.,0.));
#3974=DIRECTION('ref_axis',(0.707106781186549,0.,0.707106781186546));
#3975=DIRECTION('center_axis',(-1.,0.,0.));
#3976=DIRECTION('ref_axis',(0.,0.,1.));
#3977=DIRECTION('',(0.,1.,0.));
#3978=DIRECTION('',(0.,0.,1.));
#3979=DIRECTION('center_axis',(1.,0.,0.));
#3980=DIRECTION('ref_axis',(0.,-0.70710678118655,0.707106781186545));
#3981=DIRECTION('',(1.,0.,0.));
#3982=DIRECTION('',(-1.,0.,0.));
#3983=DIRECTION('center_axis',(0.,1.,0.));
#3984=DIRECTION('ref_axis',(0.,0.,1.));
#3985=DIRECTION('center_axis',(0.,1.,0.));
#3986=DIRECTION('ref_axis',(0.,0.,-1.));
#3987=DIRECTION('',(0.,0.,1.));
#3988=DIRECTION('center_axis',(0.,-1.,0.));
#3989=DIRECTION('ref_axis',(0.707106781186547,0.,-0.707106781186548));
#3990=DIRECTION('',(-1.,0.,0.));
#3991=DIRECTION('',(1.,0.,0.));
#3992=DIRECTION('',(0.,0.,1.));
#3993=DIRECTION('center_axis',(-1.,0.,0.));
#3994=DIRECTION('ref_axis',(0.,0.70710678118654,0.707106781186555));
#3995=DIRECTION('center_axis',(1.,0.,0.));
#3996=DIRECTION('ref_axis',(0.,0.70710678118654,0.707106781186555));
#3997=DIRECTION('',(-1.,0.,0.));
#3998=DIRECTION('center_axis',(0.,0.,-1.));
#3999=DIRECTION('ref_axis',(7.27366154732462E-16,-1.,0.));
#4000=DIRECTION('',(0.,0.,-1.));
#4001=DIRECTION('center_axis',(0.,0.,-1.));
#4002=DIRECTION('ref_axis',(1.,0.,0.));
#4003=DIRECTION('',(0.,0.,1.));
#4004=DIRECTION('center_axis',(0.,0.,-1.));
#4005=DIRECTION('ref_axis',(1.,0.,0.));
#4006=DIRECTION('',(0.,0.,-1.));
#4007=DIRECTION('center_axis',(0.,0.,-1.));
#4008=DIRECTION('ref_axis',(1.,0.,0.));
#4009=DIRECTION('',(0.,0.,1.));
#4010=DIRECTION('center_axis',(0.,-1.,0.));
#4011=DIRECTION('ref_axis',(0.,0.,-1.));
#4012=DIRECTION('',(0.,0.,-1.));
#4013=DIRECTION('',(1.,0.,0.));
#4014=DIRECTION('',(0.,0.,1.));
#4015=DIRECTION('',(-0.970142500145332,0.,0.242535625036333));
#4016=DIRECTION('',(-1.,0.,0.));
#4017=DIRECTION('',(0.,0.,-1.));
#4018=DIRECTION('',(-1.,0.,0.));
#4019=DIRECTION('',(-1.,0.,0.));
#4020=DIRECTION('center_axis',(-1.,0.,0.));
#4021=DIRECTION('ref_axis',(0.,0.70710678118654,0.707106781186555));
#4022=DIRECTION('',(1.,0.,0.));
#4023=DIRECTION('center_axis',(-1.,0.,0.));
#4024=DIRECTION('ref_axis',(0.,0.70710678118654,0.707106781186555));
#4025=DIRECTION('center_axis',(1.,0.,0.));
#4026=DIRECTION('ref_axis',(0.,1.,0.));
#4027=DIRECTION('',(1.,0.,0.));
#4028=DIRECTION('center_axis',(-0.40824829046386,-0.816496580927729,0.408248290463859));
#4029=DIRECTION('ref_axis',(-0.577350269189628,0.577350269189623,0.577350269189627));
#4030=DIRECTION('center_axis',(0.,0.,1.));
#4031=DIRECTION('ref_axis',(-0.707106781186552,0.707106781186543,0.));
#4032=DIRECTION('center_axis',(0.,1.,0.));
#4033=DIRECTION('ref_axis',(-0.707106781186547,0.,0.707106781186548));
#4034=DIRECTION('center_axis',(0.,-1.,0.));
#4035=DIRECTION('ref_axis',(-0.707106781186548,0.,0.707106781186548));
#4036=DIRECTION('',(0.,-1.,0.));
#4037=DIRECTION('center_axis',(0.,0.707106781186549,0.707106781186546));
#4038=DIRECTION('ref_axis',(0.,0.707106781186546,-0.707106781186549));
#4039=DIRECTION('',(0.,1.,0.));
#4040=DIRECTION('center_axis',(0.,0.,-1.));
#4041=DIRECTION('ref_axis',(-0.707106781186555,0.70710678118654,0.));
#4042=DIRECTION('center_axis',(0.,0.,-1.));
#4043=DIRECTION('ref_axis',(-0.707106781186548,0.707106781186547,0.));
#4044=DIRECTION('',(0.,0.,1.));
#4045=DIRECTION('center_axis',(0.,-1.,0.));
#4046=DIRECTION('ref_axis',(0.707106781186547,0.,-0.707106781186548));
#4047=DIRECTION('',(0.,1.,0.));
#4048=DIRECTION('center_axis',(0.,0.707106781186547,-0.707106781186548));
#4049=DIRECTION('ref_axis',(0.,-0.707106781186548,-0.707106781186547));
#4050=DIRECTION('',(0.,-1.,0.));
#4051=DIRECTION('center_axis',(0.,0.,1.));
#4052=DIRECTION('ref_axis',(1.,0.,0.));
#4053=DIRECTION('',(-1.,0.,0.));
#4054=DIRECTION('',(0.,-1.,0.));
#4055=DIRECTION('',(1.,0.,0.));
#4056=DIRECTION('center_axis',(0.,1.,0.));
#4057=DIRECTION('ref_axis',(0.707106781186548,0.,-0.707106781186548));
#4058=DIRECTION('center_axis',(0.,0.707106781186548,-0.707106781186548));
#4059=DIRECTION('ref_axis',(0.,-0.707106781186548,-0.707106781186548));
#4060=DIRECTION('',(0.,1.,0.));
#4061=DIRECTION('center_axis',(0.,1.,0.));
#4062=DIRECTION('ref_axis',(1.,0.,0.));
#4063=DIRECTION('',(0.,-1.,0.));
#4064=DIRECTION('center_axis',(0.,0.,1.));
#4065=DIRECTION('ref_axis',(1.,0.,0.));
#4066=DIRECTION('center_axis',(0.,0.,1.));
#4067=DIRECTION('ref_axis',(-0.707106781186548,0.707106781186547,0.));
#4068=DIRECTION('center_axis',(1.,0.,0.));
#4069=DIRECTION('ref_axis',(0.,0.,-1.));
#4070=DIRECTION('',(0.,0.,1.));
#4071=DIRECTION('',(0.,-1.,0.));
#4072=DIRECTION('',(0.,0.,-1.));
#4073=DIRECTION('',(0.,0.,-1.));
#4074=DIRECTION('',(0.,-1.,0.));
#4075=DIRECTION('',(0.,0.,1.));
#4076=DIRECTION('',(0.,0.,1.));
#4077=DIRECTION('',(0.,-1.,0.));
#4078=DIRECTION('',(0.,0.,-1.));
#4079=DIRECTION('',(0.,0.,-1.));
#4080=DIRECTION('center_axis',(-1.,0.,0.));
#4081=DIRECTION('ref_axis',(0.,-0.419370187957994,-0.907815314616402));
#4082=DIRECTION('center_axis',(0.,0.,1.));
#4083=DIRECTION('ref_axis',(0.707106781186546,-0.707106781186549,0.));
#4084=DIRECTION('',(0.,0.,1.));
#4085=DIRECTION('center_axis',(0.,0.,-1.));
#4086=DIRECTION('ref_axis',(-1.,0.,0.));
#4087=DIRECTION('',(0.,1.,0.));
#4088=DIRECTION('',(1.,0.,0.));
#4089=DIRECTION('center_axis',(0.,0.,-1.));
#4090=DIRECTION('ref_axis',(-0.999578190212456,0.0290420669304279,0.));
#4091=DIRECTION('center_axis',(0.,0.,-1.));
#4092=DIRECTION('ref_axis',(1.,0.,0.));
#4093=DIRECTION('center_axis',(0.,0.,1.));
#4094=DIRECTION('ref_axis',(-0.465855343529235,0.884860892403579,0.));
#4095=DIRECTION('',(0.,0.,1.));
#4096=DIRECTION('center_axis',(0.,0.,1.));
#4097=DIRECTION('ref_axis',(-0.465855343529235,0.884860892403579,0.));
#4098=DIRECTION('',(0.,0.,-1.));
#4099=DIRECTION('center_axis',(0.,0.,1.));
#4100=DIRECTION('ref_axis',(-0.465855343529235,0.884860892403579,0.));
#4101=DIRECTION('center_axis',(0.,0.707106781186549,-0.707106781186546));
#4102=DIRECTION('ref_axis',(0.,0.707106781186546,0.707106781186549));
#4103=DIRECTION('center_axis',(0.,0.,-1.));
#4104=DIRECTION('ref_axis',(-0.999578190212456,-0.0290420669304279,0.));
#4105=DIRECTION('center_axis',(0.,0.,-1.));
#4106=DIRECTION('ref_axis',(1.,0.,0.));
#4107=DIRECTION('center_axis',(0.,0.,-1.));
#4108=DIRECTION('ref_axis',(-0.465855343529233,-0.88486089240358,0.));
#4109=DIRECTION('center_axis',(0.,0.707106781186549,0.707106781186546));
#4110=DIRECTION('ref_axis',(0.,-0.707106781186546,0.707106781186549));
#4111=DIRECTION('center_axis',(0.,0.,1.));
#4112=DIRECTION('ref_axis',(-0.465855343529233,-0.88486089240358,0.));
#4113=DIRECTION('',(0.,0.,1.));
#4114=DIRECTION('center_axis',(0.,0.,1.));
#4115=DIRECTION('ref_axis',(-0.465855343529233,-0.88486089240358,0.));
#4116=DIRECTION('',(0.,0.,-1.));
#4117=DIRECTION('center_axis',(0.,0.,1.));
#4118=DIRECTION('ref_axis',(-0.999578190212456,0.0290420669304279,0.));
#4119=DIRECTION('',(0.,0.,-1.));
#4120=DIRECTION('center_axis',(0.,0.707106781186196,-0.707106781186899));
#4121=DIRECTION('ref_axis',(0.,-0.707106781186899,-0.707106781186196));
#4122=DIRECTION('center_axis',(0.,-1.,0.));
#4123=DIRECTION('ref_axis',(-0.707106781186549,0.,0.707106781186546));
#4124=DIRECTION('center_axis',(0.,0.707106781186196,0.707106781186899));
#4125=DIRECTION('ref_axis',(0.,0.707106781186899,-0.707106781186196));
#4126=DIRECTION('',(0.,1.,0.));
#4127=DIRECTION('center_axis',(0.,0.,-1.));
#4128=DIRECTION('ref_axis',(-0.999578190212456,-0.0290420669304279,0.));
#4129=DIRECTION('',(0.,0.,1.));
#4130=DIRECTION('center_axis',(0.,0.,1.));
#4131=DIRECTION('ref_axis',(1.,0.,0.));
#4132=DIRECTION('center_axis',(0.,0.,1.));
#4133=DIRECTION('ref_axis',(1.,0.,0.));
#4134=DIRECTION('center_axis',(0.,0.,1.));
#4135=DIRECTION('ref_axis',(1.,0.,0.));
#4136=DIRECTION('center_axis',(0.,0.,-1.));
#4137=DIRECTION('ref_axis',(1.,0.,0.));
#4138=DIRECTION('',(0.,0.,-1.));
#4139=DIRECTION('',(0.,0.,1.));
#4140=DIRECTION('center_axis',(0.,0.,-1.));
#4141=DIRECTION('ref_axis',(1.,0.,0.));
#4142=DIRECTION('',(0.,0.,1.));
#4143=DIRECTION('center_axis',(0.,0.,1.));
#4144=DIRECTION('ref_axis',(1.,0.,0.));
#4145=DIRECTION('',(0.,0.,-1.));
#4146=DIRECTION('center_axis',(0.,0.,1.));
#4147=DIRECTION('ref_axis',(1.,0.,0.));
#4148=DIRECTION('',(0.,0.,1.));
#4149=DIRECTION('center_axis',(0.,0.,1.));
#4150=DIRECTION('ref_axis',(1.,0.,0.));
#4151=DIRECTION('',(0.,0.,-1.));
#4152=DIRECTION('center_axis',(0.,0.,-1.));
#4153=DIRECTION('ref_axis',(1.,0.,0.));
#4154=DIRECTION('',(0.,0.,-1.));
#4155=DIRECTION('',(0.,0.,1.));
#4156=DIRECTION('center_axis',(0.,0.,1.));
#4157=DIRECTION('ref_axis',(1.,0.,0.));
#4158=DIRECTION('',(0.,0.,-1.));
#4159=DIRECTION('',(0.,0.,1.));
#4160=DIRECTION('',(0.,0.,1.));
#4161=DIRECTION('center_axis',(0.,0.,1.));
#4162=DIRECTION('ref_axis',(1.,0.,0.));
#4163=DIRECTION('',(0.,0.,-1.));
#4164=DIRECTION('',(0.,0.,-1.));
#4165=DIRECTION('',(0.,0.,1.));
#4166=DIRECTION('center_axis',(0.,0.,-1.));
#4167=DIRECTION('ref_axis',(1.,0.,0.));
#4168=DIRECTION('',(0.,0.,1.));
#4169=DIRECTION('center_axis',(0.,0.,1.));
#4170=DIRECTION('ref_axis',(1.,0.,0.));
#4171=DIRECTION('',(0.,0.,-1.));
#4172=DIRECTION('center_axis',(0.,0.,1.));
#4173=DIRECTION('ref_axis',(1.,0.,0.));
#4174=DIRECTION('center_axis',(0.,0.,-1.));
#4175=DIRECTION('ref_axis',(1.,0.,0.));
#4176=DIRECTION('',(0.,0.,1.));
#4177=DIRECTION('center_axis',(0.,0.,1.));
#4178=DIRECTION('ref_axis',(1.,0.,0.));
#4179=DIRECTION('',(0.,0.,-1.));
#4180=DIRECTION('center_axis',(0.,0.,-1.));
#4181=DIRECTION('ref_axis',(1.,0.,0.));
#4182=DIRECTION('',(0.,0.,-1.));
#4183=DIRECTION('center_axis',(0.,0.,-1.));
#4184=DIRECTION('ref_axis',(1.,0.,0.));
#4185=DIRECTION('',(0.,0.,1.));
#4186=DIRECTION('center_axis',(0.,0.,-1.));
#4187=DIRECTION('ref_axis',(1.,0.,0.));
#4188=DIRECTION('center_axis',(0.,0.,1.));
#4189=DIRECTION('ref_axis',(-0.465855343529233,0.88486089240358,0.));
#4190=DIRECTION('',(0.,0.,-1.));
#4191=DIRECTION('center_axis',(0.,0.,1.));
#4192=DIRECTION('ref_axis',(-0.465855343529233,0.88486089240358,0.));
#4193=DIRECTION('center_axis',(0.,-0.707106781186549,0.707106781186546));
#4194=DIRECTION('ref_axis',(0.,-0.707106781186546,-0.707106781186549));
#4195=DIRECTION('center_axis',(0.,-1.,0.));
#4196=DIRECTION('ref_axis',(-0.707106781186547,0.,0.707106781186548));
#4197=DIRECTION('',(0.,1.,0.));
#4198=DIRECTION('center_axis',(0.,0.,-1.));
#4199=DIRECTION('ref_axis',(1.,0.,0.));
#4200=DIRECTION('center_axis',(0.,0.,-1.));
#4201=DIRECTION('ref_axis',(1.,0.,0.));
#4202=DIRECTION('center_axis',(0.,0.,-1.));
#4203=DIRECTION('ref_axis',(1.,0.,0.));
#4204=DIRECTION('center_axis',(0.,0.,-1.));
#4205=DIRECTION('ref_axis',(1.,0.,0.));
#4206=DIRECTION('',(0.,0.,-1.));
#4207=DIRECTION('center_axis',(0.,0.,1.));
#4208=DIRECTION('ref_axis',(1.,0.,0.));
#4209=DIRECTION('',(0.,0.,1.));
#4210=DIRECTION('center_axis',(0.,0.,-1.));
#4211=DIRECTION('ref_axis',(1.,0.,0.));
#4212=DIRECTION('center_axis',(0.,0.,-1.));
#4213=DIRECTION('ref_axis',(-0.465855343529235,-0.884860892403579,0.));
#4214=DIRECTION('',(0.,0.,1.));
#4215=DIRECTION('center_axis',(0.,0.,-1.));
#4216=DIRECTION('ref_axis',(-0.465855343529235,-0.884860892403579,0.));
#4217=DIRECTION('center_axis',(0.,0.707106781186549,0.707106781186546));
#4218=DIRECTION('ref_axis',(0.,-0.707106781186546,0.707106781186549));
#4219=DIRECTION('center_axis',(0.,0.,1.));
#4220=DIRECTION('ref_axis',(-0.465855343529235,-0.884860892403579,0.));
#4221=DIRECTION('center_axis',(0.,-1.,0.));
#4222=DIRECTION('ref_axis',(-0.707106781186547,0.,0.707106781186548));
#4223=DIRECTION('',(0.,1.,0.));
#4224=DIRECTION('center_axis',(0.,0.,1.));
#4225=DIRECTION('ref_axis',(0.,1.,0.));
#4226=DIRECTION('center_axis',(0.,0.,-1.));
#4227=DIRECTION('ref_axis',(1.,0.,0.));
#4228=DIRECTION('center_axis',(0.,0.,-1.));
#4229=DIRECTION('ref_axis',(1.,0.,0.));
#4230=DIRECTION('center_axis',(0.,0.,-1.));
#4231=DIRECTION('ref_axis',(1.,0.,0.));
#4232=DIRECTION('center_axis',(0.,0.,-1.));
#4233=DIRECTION('ref_axis',(1.,0.,0.));
#4234=DIRECTION('center_axis',(0.,0.,-1.));
#4235=DIRECTION('ref_axis',(1.,0.,0.));
#4236=DIRECTION('center_axis',(0.,0.,-1.));
#4237=DIRECTION('ref_axis',(1.,0.,0.));
#4238=DIRECTION('',(0.,0.,-1.));
#4239=DIRECTION('center_axis',(0.,0.,1.));
#4240=DIRECTION('ref_axis',(1.,0.,0.));
#4241=DIRECTION('',(0.,0.,1.));
#4242=DIRECTION('center_axis',(0.,0.,-1.));
#4243=DIRECTION('ref_axis',(1.,0.,0.));
#4244=DIRECTION('center_axis',(0.,1.,0.));
#4245=DIRECTION('ref_axis',(-1.,0.,0.));
#4246=DIRECTION('',(1.,0.,0.));
#4247=DIRECTION('center_axis',(0.,1.,0.));
#4248=DIRECTION('ref_axis',(-1.,0.,0.));
#4249=DIRECTION('center_axis',(0.,1.,0.));
#4250=DIRECTION('ref_axis',(-1.,0.,0.));
#4251=DIRECTION('',(-1.,0.,0.));
#4252=DIRECTION('center_axis',(0.,1.,0.));
#4253=DIRECTION('ref_axis',(-1.,0.,0.));
#4254=DIRECTION('center_axis',(0.,1.,0.));
#4255=DIRECTION('ref_axis',(1.49307989451785E-15,0.,1.));
#4256=DIRECTION('center_axis',(0.,-1.,0.));
#4257=DIRECTION('ref_axis',(-1.,0.,0.));
#4258=DIRECTION('',(0.,1.,0.));
#4259=DIRECTION('center_axis',(0.,1.,0.));
#4260=DIRECTION('ref_axis',(-1.,0.,0.));
#4261=DIRECTION('',(0.,-1.,0.));
#4262=DIRECTION('center_axis',(0.,1.,0.));
#4263=DIRECTION('ref_axis',(1.96005385927235E-15,0.,1.));
#4264=DIRECTION('',(0.,1.,0.));
#4265=DIRECTION('center_axis',(0.,1.,0.));
#4266=DIRECTION('ref_axis',(-1.,0.,0.));
#4267=DIRECTION('',(0.,-1.,0.));
#4268=DIRECTION('center_axis',(0.,1.,0.));
#4269=DIRECTION('ref_axis',(1.49307989451785E-15,0.,1.));
#4270=DIRECTION('',(0.,-1.,0.));
#4271=DIRECTION('center_axis',(0.,-1.,0.));
#4272=DIRECTION('ref_axis',(-1.,0.,0.));
#4273=DIRECTION('',(0.,1.,0.));
#4274=DIRECTION('center_axis',(0.,0.,1.));
#4275=DIRECTION('ref_axis',(0.,1.,0.));
#4276=DIRECTION('',(1.,0.,0.));
#4277=DIRECTION('',(0.,-1.,0.));
#4278=DIRECTION('',(-1.,0.,0.));
#4279=DIRECTION('',(0.,1.,0.));
#4280=DIRECTION('',(1.,0.,0.));
#4281=DIRECTION('',(-4.38256058456118E-31,1.,0.));
#4282=DIRECTION('',(-1.,0.,0.));
#4283=DIRECTION('',(0.,-1.,0.));
#4284=DIRECTION('',(1.,0.,0.));
#4285=DIRECTION('',(0.,1.,0.));
#4286=DIRECTION('',(-1.,0.,0.));
#4287=DIRECTION('',(1.,0.,0.));
#4288=DIRECTION('',(0.,1.,0.));
#4289=DIRECTION('',(-1.,0.,0.));
#4290=DIRECTION('',(-1.,0.,0.));
#4291=DIRECTION('',(0.,-1.,0.));
#4292=DIRECTION('',(1.,0.,0.));
#4293=DIRECTION('',(-1.,0.,0.));
#4294=DIRECTION('',(0.,-1.,0.));
#4295=DIRECTION('',(1.,0.,0.));
#4296=DIRECTION('center_axis',(0.,1.,0.));
#4297=DIRECTION('ref_axis',(-1.,0.,0.));
#4298=DIRECTION('',(0.,0.,1.));
#4299=DIRECTION('',(-1.,0.,0.));
#4300=DIRECTION('',(0.,0.,1.));
#4301=DIRECTION('center_axis',(0.,-1.,0.));
#4302=DIRECTION('ref_axis',(1.,0.,0.));
#4303=DIRECTION('',(0.,0.,1.));
#4304=DIRECTION('',(1.,0.,0.));
#4305=DIRECTION('',(0.,0.,1.));
#4306=DIRECTION('center_axis',(-1.,0.,0.));
#4307=DIRECTION('ref_axis',(0.,-1.,0.));
#4308=DIRECTION('',(0.,-1.,0.));
#4309=DIRECTION('center_axis',(1.,0.,0.));
#4310=DIRECTION('ref_axis',(0.,1.,0.));
#4311=DIRECTION('',(0.,1.,0.));
#4312=DIRECTION('center_axis',(0.,0.,1.));
#4313=DIRECTION('ref_axis',(1.,0.,0.));
#4314=DIRECTION('center_axis',(-1.,0.,0.));
#4315=DIRECTION('ref_axis',(0.,-1.,0.));
#4316=DIRECTION('',(0.,0.,1.));
#4317=DIRECTION('',(0.,-1.,0.));
#4318=DIRECTION('',(0.,0.,1.));
#4319=DIRECTION('center_axis',(0.,1.,0.));
#4320=DIRECTION('ref_axis',(-1.,0.,0.));
#4321=DIRECTION('',(0.,0.,1.));
#4322=DIRECTION('',(-1.,0.,0.));
#4323=DIRECTION('center_axis',(1.,0.,0.));
#4324=DIRECTION('ref_axis',(0.,1.,0.));
#4325=DIRECTION('',(0.,0.,1.));
#4326=DIRECTION('',(0.,1.,0.));
#4327=DIRECTION('center_axis',(0.,-1.,0.));
#4328=DIRECTION('ref_axis',(1.,0.,0.));
#4329=DIRECTION('',(1.,0.,0.));
#4330=DIRECTION('center_axis',(0.,0.,1.));
#4331=DIRECTION('ref_axis',(1.,0.,0.));
#4332=DIRECTION('center_axis',(0.,-1.,0.));
#4333=DIRECTION('ref_axis',(0.,0.,1.));
#4334=DIRECTION('',(1.,0.,0.));
#4335=DIRECTION('center_axis',(0.,-1.,0.));
#4336=DIRECTION('ref_axis',(0.,0.,-1.));
#4337=DIRECTION('center_axis',(0.,1.,0.));
#4338=DIRECTION('ref_axis',(0.,0.,-1.));
#4339=DIRECTION('center_axis',(0.,1.,0.));
#4340=DIRECTION('ref_axis',(0.,0.,-1.));
#4341=DIRECTION('',(0.,1.,0.));
#4342=DIRECTION('center_axis',(0.,1.,0.));
#4343=DIRECTION('ref_axis',(0.,0.,-1.));
#4344=DIRECTION('center_axis',(1.,0.,0.));
#4345=DIRECTION('ref_axis',(0.,1.,0.));
#4346=DIRECTION('',(0.,-1.,0.));
#4347=DIRECTION('',(0.,-0.891957726530874,-0.452118805273431));
#4348=DIRECTION('',(0.,1.,0.));
#4349=DIRECTION('',(0.,0.,-1.));
#4350=DIRECTION('center_axis',(0.,0.,-1.));
#4351=DIRECTION('ref_axis',(0.,1.,0.));
#4352=DIRECTION('',(0.,-1.,0.));
#4353=DIRECTION('',(0.,1.,0.));
#4354=DIRECTION('',(1.,0.,0.));
#4355=DIRECTION('center_axis',(-1.,0.,0.));
#4356=DIRECTION('ref_axis',(0.,-1.,0.));
#4357=DIRECTION('',(0.,1.,0.));
#4358=DIRECTION('center_axis',(-0.242535625036333,0.,-0.970142500145332));
#4359=DIRECTION('ref_axis',(-0.970142500145332,0.,0.242535625036333));
#4360=DIRECTION('',(-0.970142500145332,0.,0.242535625036333));
#4361=DIRECTION('',(0.,1.,0.));
#4362=DIRECTION('',(-0.970142500145332,0.,0.242535625036333));
#4363=DIRECTION('',(0.,1.,0.));
#4364=DIRECTION('',(-0.784464540552736,-0.588348405414552,0.196116135138184));
#4365=DIRECTION('',(0.,1.,0.));
#4366=DIRECTION('',(0.970142500145332,0.,-0.242535625036333));
#4367=DIRECTION('',(0.,1.,0.));
#4368=DIRECTION('',(0.970142500145332,0.,-0.242535625036333));
#4369=DIRECTION('center_axis',(0.,1.,0.));
#4370=DIRECTION('ref_axis',(0.,0.,1.));
#4371=DIRECTION('',(0.,0.,1.));
#4372=DIRECTION('',(1.,0.,0.));
#4373=DIRECTION('',(0.,0.,1.));
#4374=DIRECTION('center_axis',(0.,0.452118805273431,-0.891957726530874));
#4375=DIRECTION('ref_axis',(0.,0.891957726530874,0.452118805273431));
#4376=DIRECTION('',(0.,0.891957726530874,0.452118805273431));
#4377=DIRECTION('',(0.,0.891957726530874,0.452118805273431));
#4378=DIRECTION('',(1.,0.,0.));
#4379=DIRECTION('center_axis',(1.,0.,0.));
#4380=DIRECTION('ref_axis',(0.,0.,-1.));
#4381=DIRECTION('center_axis',(0.,0.,-1.));
#4382=DIRECTION('ref_axis',(1.,0.,0.));
#4383=DIRECTION('center_axis',(1.,0.,0.));
#4384=DIRECTION('ref_axis',(0.,0.,-1.));
#4385=DIRECTION('',(0.,0.,-1.));
#4386=DIRECTION('',(0.,1.,0.));
#4387=DIRECTION('center_axis',(-1.,0.,0.));
#4388=DIRECTION('ref_axis',(0.,-1.,0.));
#4389=DIRECTION('',(0.,0.,1.));
#4390=DIRECTION('',(0.,1.,0.));
#4391=DIRECTION('',(0.,0.948683298050514,-0.316227766016838));
#4392=DIRECTION('',(0.,0.,1.));
#4393=DIRECTION('',(0.,0.,1.));
#4394=DIRECTION('center_axis',(0.,-1.,0.));
#4395=DIRECTION('ref_axis',(1.,0.,0.));
#4396=DIRECTION('',(-1.,0.,0.));
#4397=DIRECTION('',(1.,0.,0.));
#4398=DIRECTION('center_axis',(0.,1.,0.));
#4399=DIRECTION('ref_axis',(-1.,0.,0.));
#4400=DIRECTION('center_axis',(0.,0.,-1.));
#4401=DIRECTION('ref_axis',(-1.,0.,0.));
#4402=DIRECTION('center_axis',(0.,-0.316227766016838,-0.948683298050514));
#4403=DIRECTION('ref_axis',(0.,0.948683298050514,-0.316227766016838));
#4404=DIRECTION('',(1.,0.,0.));
#4405=DIRECTION('',(0.,0.948683298050514,-0.316227766016838));
#4406=DIRECTION('center_axis',(0.,-0.316227766016838,-0.948683298050514));
#4407=DIRECTION('ref_axis',(0.,0.948683298050514,-0.316227766016838));
#4408=DIRECTION('',(1.,0.,0.));
#4409=DIRECTION('',(0.,0.948683298050514,-0.316227766016838));
#4410=DIRECTION('',(1.,0.,0.));
#4411=DIRECTION('center_axis',(0.,0.,-1.));
#4412=DIRECTION('ref_axis',(0.,1.,0.));
#4413=DIRECTION('',(1.,0.,0.));
#4414=DIRECTION('',(0.,1.,0.));
#4415=DIRECTION('center_axis',(0.,0.,-1.));
#4416=DIRECTION('ref_axis',(0.,1.,0.));
#4417=DIRECTION('',(0.,1.,0.));
#4418=DIRECTION('center_axis',(-1.,0.,0.));
#4419=DIRECTION('ref_axis',(0.,-1.,0.));
#4420=DIRECTION('',(0.,0.,1.));
#4421=DIRECTION('center_axis',(0.,1.,0.));
#4422=DIRECTION('ref_axis',(0.,0.,1.));
#4423=DIRECTION('center_axis',(0.,-1.,-7.40148683083438E-17));
#4424=DIRECTION('ref_axis',(0.,7.40148683083438E-17,-1.));
#4425=DIRECTION('',(0.,7.40148683083438E-17,-1.));
#4426=DIRECTION('center_axis',(1.,0.,0.));
#4427=DIRECTION('ref_axis',(0.,0.,-1.));
#4428=DIRECTION('center_axis',(0.,0.,-1.));
#4429=DIRECTION('ref_axis',(1.,0.,0.));
#4430=DIRECTION('center_axis',(0.,1.,0.));
#4431=DIRECTION('ref_axis',(0.,0.,1.));
#4432=DIRECTION('',(-1.,0.,0.));
#4433=DIRECTION('center_axis',(0.,0.,-1.));
#4434=DIRECTION('ref_axis',(-1.,0.,0.));
#4435=DIRECTION('center_axis',(-1.,0.,0.));
#4436=DIRECTION('ref_axis',(0.,1.,0.));
#4437=DIRECTION('center_axis',(-1.,0.,0.));
#4438=DIRECTION('ref_axis',(0.,1.,0.));
#4439=DIRECTION('',(-1.,0.,0.));
#4440=DIRECTION('center_axis',(1.,4.38256058456118E-31,7.40148683083438E-16));
#4441=DIRECTION('ref_axis',(0.,1.,0.));
#4442=DIRECTION('center_axis',(0.,0.,1.));
#4443=DIRECTION('ref_axis',(1.,0.,0.));
#4444=DIRECTION('center_axis',(0.,0.,1.));
#4445=DIRECTION('ref_axis',(1.,0.,0.));
#4446=DIRECTION('center_axis',(0.,0.,-1.));
#4447=DIRECTION('ref_axis',(1.,0.,0.));
#4448=DIRECTION('center_axis',(0.,0.,-1.));
#4449=DIRECTION('ref_axis',(1.,0.,0.));
#4450=DIRECTION('',(0.,0.,1.));
#4451=DIRECTION('center_axis',(0.,0.,-1.));
#4452=DIRECTION('ref_axis',(1.,0.,0.));
#4453=DIRECTION('center_axis',(0.,0.,-1.));
#4454=DIRECTION('ref_axis',(1.,0.,0.));
#4455=DIRECTION('center_axis',(0.,0.,-1.));
#4456=DIRECTION('ref_axis',(1.,0.,0.));
#4457=DIRECTION('center_axis',(0.,0.,-1.));
#4458=DIRECTION('ref_axis',(1.,0.,0.));
#4459=DIRECTION('',(0.,0.,-1.));
#4460=DIRECTION('center_axis',(0.,1.,0.));
#4461=DIRECTION('ref_axis',(0.,0.,1.));
#4462=DIRECTION('',(-1.,0.,0.));
#4463=DIRECTION('',(0.,0.,-1.));
#4464=DIRECTION('',(1.,0.,0.));
#4465=DIRECTION('center_axis',(-1.,0.,0.));
#4466=DIRECTION('ref_axis',(0.,0.,1.));
#4467=DIRECTION('',(0.,0.,1.));
#4468=DIRECTION('',(0.,-1.,0.));
#4469=DIRECTION('',(0.,1.,0.));
#4470=DIRECTION('center_axis',(-1.,0.,0.));
#4471=DIRECTION('ref_axis',(0.,0.,1.));
#4472=DIRECTION('',(0.,-1.,0.));
#4473=DIRECTION('',(0.,1.,0.));
#4474=DIRECTION('center_axis',(0.,0.,-1.));
#4475=DIRECTION('ref_axis',(0.,1.,0.));
#4476=DIRECTION('center_axis',(0.,0.,1.));
#4477=DIRECTION('ref_axis',(1.,0.,0.));
#4478=DIRECTION('',(1.,0.,0.));
#4479=DIRECTION('',(1.,0.,0.));
#4480=DIRECTION('center_axis',(0.,0.,1.));
#4481=DIRECTION('ref_axis',(1.,0.,0.));
#4482=DIRECTION('',(-1.,0.,0.));
#4483=DIRECTION('center_axis',(0.,0.,-1.));
#4484=DIRECTION('ref_axis',(0.,1.,0.));
#4485=DIRECTION('',(-1.,0.,0.));
#4486=DIRECTION('center_axis',(0.,0.,1.));
#4487=DIRECTION('ref_axis',(1.,0.,0.));
#4488=DIRECTION('',(1.,0.,0.));
#4489=DIRECTION('center_axis',(0.,0.,1.));
#4490=DIRECTION('ref_axis',(1.,0.,0.));
#4491=DIRECTION('center_axis',(0.,0.,-1.));
#4492=DIRECTION('ref_axis',(0.,1.,0.));
#4493=DIRECTION('center_axis',(0.,0.,1.));
#4494=DIRECTION('ref_axis',(1.,0.,0.));
#4495=DIRECTION('',(0.,-1.,0.));
#4496=DIRECTION('center_axis',(0.,0.,1.));
#4497=DIRECTION('ref_axis',(1.,0.,0.));
#4498=DIRECTION('',(-4.38256058456118E-31,1.,0.));
#4499=DIRECTION('center_axis',(0.,0.,1.));
#4500=DIRECTION('ref_axis',(1.,0.,0.));
#4501=DIRECTION('center_axis',(0.,0.,1.));
#4502=DIRECTION('ref_axis',(1.,0.,0.));
#4503=DIRECTION('center_axis',(1.,0.,0.));
#4504=DIRECTION('ref_axis',(0.,0.,-1.));
#4505=DIRECTION('',(0.,-1.,0.));
#4506=DIRECTION('',(0.,1.,0.));
#4507=DIRECTION('center_axis',(1.,0.,0.));
#4508=DIRECTION('ref_axis',(0.,0.,-1.));
#4509=DIRECTION('',(0.,-1.,0.));
#4510=DIRECTION('',(0.,1.,0.));
#4511=DIRECTION('center_axis',(1.,0.,0.));
#4512=DIRECTION('ref_axis',(0.,0.,-1.));
#4513=DIRECTION('',(0.,1.,0.));
#4514=DIRECTION('',(0.,-1.,0.));
#4515=DIRECTION('center_axis',(0.,0.,-1.));
#4516=DIRECTION('ref_axis',(0.,1.,0.));
#4517=DIRECTION('center_axis',(0.,0.,1.));
#4518=DIRECTION('ref_axis',(1.,0.,0.));
#4519=DIRECTION('',(1.,0.,0.));
#4520=DIRECTION('',(0.,-1.,0.));
#4521=DIRECTION('',(-1.,0.,0.));
#4522=DIRECTION('center_axis',(0.,0.,1.));
#4523=DIRECTION('ref_axis',(1.,0.,0.));
#4524=DIRECTION('center_axis',(0.,1.,0.));
#4525=DIRECTION('ref_axis',(0.,0.,1.));
#4526=DIRECTION('',(1.,0.,0.));
#4527=DIRECTION('',(0.,0.,1.));
#4528=DIRECTION('center_axis',(-1.,0.,0.));
#4529=DIRECTION('ref_axis',(0.,0.,1.));
#4530=DIRECTION('',(0.,0.,-1.));
#4531=DIRECTION('',(0.,1.,0.));
#4532=DIRECTION('center_axis',(0.,-1.,0.));
#4533=DIRECTION('ref_axis',(0.,0.,-1.));
#4534=DIRECTION('',(0.,0.,-1.));
#4535=DIRECTION('',(-1.,0.,0.));
#4536=DIRECTION('',(0.,0.,1.));
#4537=DIRECTION('center_axis',(0.,0.,-1.));
#4538=DIRECTION('ref_axis',(1.,0.,0.));
#4539=DIRECTION('',(0.,0.,-1.));
#4540=DIRECTION('center_axis',(0.,0.,-1.));
#4541=DIRECTION('ref_axis',(1.,0.,0.));
#4542=DIRECTION('center_axis',(0.,0.,-1.));
#4543=DIRECTION('ref_axis',(1.,0.,0.));
#4544=DIRECTION('center_axis',(0.,0.,-1.));
#4545=DIRECTION('ref_axis',(1.,0.,0.));
#4546=DIRECTION('center_axis',(0.,0.,-1.));
#4547=DIRECTION('ref_axis',(0.0540872203093425,0.998536214966292,0.));
#4548=DIRECTION('center_axis',(0.,0.,-1.));
#4549=DIRECTION('ref_axis',(1.,0.,0.));
#4550=DIRECTION('',(0.,0.,1.));
#4551=DIRECTION('center_axis',(0.,0.,-1.));
#4552=DIRECTION('ref_axis',(1.,0.,0.));
#4553=DIRECTION('',(0.,0.,-1.));
#4554=DIRECTION('center_axis',(0.,0.,-1.));
#4555=DIRECTION('ref_axis',(6.12323399573677E-17,1.,0.));
#4556=DIRECTION('center_axis',(0.,0.,-1.));
#4557=DIRECTION('ref_axis',(1.,0.,0.));
#4558=DIRECTION('',(0.,0.,1.));
#4559=DIRECTION('center_axis',(0.,0.,-1.));
#4560=DIRECTION('ref_axis',(1.,0.,0.));
#4561=DIRECTION('',(0.,0.,-1.));
#4562=DIRECTION('center_axis',(1.,4.38256058456118E-31,7.40148683083438E-16));
#4563=DIRECTION('ref_axis',(0.,1.,-5.9211894646675E-16));
#4564=DIRECTION('',(4.38256058456118E-31,-1.,0.));
#4565=DIRECTION('',(-7.40148683083438E-16,0.,1.));
#4566=DIRECTION('',(0.,1.,-5.9211894646675E-16));
#4567=DIRECTION('',(-7.40148683083438E-16,0.,1.));
#4568=DIRECTION('center_axis',(0.,0.,-1.));
#4569=DIRECTION('ref_axis',(-1.83697019872103E-16,-1.,0.));
#4570=DIRECTION('center_axis',(0.,0.,-1.));
#4571=DIRECTION('ref_axis',(1.,0.,0.));
#4572=DIRECTION('',(0.,0.,1.));
#4573=DIRECTION('center_axis',(0.,0.,-1.));
#4574=DIRECTION('ref_axis',(1.,0.,0.));
#4575=DIRECTION('',(0.,0.,-1.));
#4576=DIRECTION('center_axis',(0.,1.,0.));
#4577=DIRECTION('ref_axis',(-1.,0.,0.));
#4578=DIRECTION('',(1.,0.,0.));
#4579=DIRECTION('',(-1.,0.,0.));
#4580=DIRECTION('',(-7.40148683083438E-16,0.,1.));
#4581=DIRECTION('center_axis',(0.,1.,0.));
#4582=DIRECTION('ref_axis',(-1.,0.,0.));
#4583=DIRECTION('',(-1.,0.,0.));
#4584=DIRECTION('',(-7.40148683083438E-16,0.,1.));
#4585=DIRECTION('',(-7.40148683083438E-16,0.,1.));
#4586=DIRECTION('',(-1.,0.,0.));
#4587=DIRECTION('center_axis',(-1.,0.,-7.40148683083438E-16));
#4588=DIRECTION('ref_axis',(0.,-1.,0.));
#4589=DIRECTION('',(0.,1.,0.));
#4590=DIRECTION('',(0.,-1.,0.));
#4591=DIRECTION('',(-7.40148683083438E-16,0.,1.));
#4592=DIRECTION('center_axis',(-1.,0.,-7.40148683083438E-16));
#4593=DIRECTION('ref_axis',(0.,-1.,0.));
#4594=DIRECTION('',(-7.40148683083438E-16,0.,1.));
#4595=DIRECTION('center_axis',(0.,-1.,0.));
#4596=DIRECTION('ref_axis',(1.,0.,5.9211894646675E-16));
#4597=DIRECTION('',(-1.,0.,0.));
#4598=DIRECTION('',(1.,0.,5.9211894646675E-16));
#4599=DIRECTION('center_axis',(0.,-1.,0.));
#4600=DIRECTION('ref_axis',(1.,0.,5.9211894646675E-16));
#4601=DIRECTION('',(1.,0.,0.));
#4602=DIRECTION('',(0.,0.,-1.));
#4603=DIRECTION('',(1.,0.,0.));
#4604=DIRECTION('',(-7.40148683083438E-16,0.,1.));
#4605=DIRECTION('center_axis',(0.,0.,-1.));
#4606=DIRECTION('ref_axis',(1.,0.,0.));
#4607=DIRECTION('center_axis',(0.,0.,-1.));
#4608=DIRECTION('ref_axis',(1.,0.,0.));
#4609=DIRECTION('center_axis',(0.,0.,-1.));
#4610=DIRECTION('ref_axis',(1.,0.,0.));
#4611=DIRECTION('',(-4.38256058456118E-31,1.,0.));
#4612=DIRECTION('center_axis',(0.,0.,-1.));
#4613=DIRECTION('ref_axis',(0.17695189316207,-0.984219501689719,0.));
#4614=DIRECTION('',(0.,0.,1.));
#4615=DIRECTION('center_axis',(0.,0.,-1.));
#4616=DIRECTION('ref_axis',(1.,0.,0.));
#4617=DIRECTION('center_axis',(0.,0.,-1.));
#4618=DIRECTION('ref_axis',(1.,0.,0.));
#4619=DIRECTION('center_axis',(0.,0.,-1.));
#4620=DIRECTION('ref_axis',(1.,0.,0.));
#4621=DIRECTION('center_axis',(0.,0.,-1.));
#4622=DIRECTION('ref_axis',(1.,0.,0.));
#4623=DIRECTION('center_axis',(0.,0.,-1.));
#4624=DIRECTION('ref_axis',(1.,0.,0.));
#4625=DIRECTION('',(-4.38256058456118E-31,1.,0.));
#4626=DIRECTION('center_axis',(0.,0.,-1.));
#4627=DIRECTION('ref_axis',(1.,0.,0.));
#4628=DIRECTION('center_axis',(1.,4.38256058456118E-31,7.40148683083438E-16));
#4629=DIRECTION('ref_axis',(0.,1.,-5.9211894646675E-16));
#4630=DIRECTION('center_axis',(-7.40148683083438E-16,0.,1.));
#4631=DIRECTION('ref_axis',(1.,0.,7.40148683083438E-16));
#4632=DIRECTION('center_axis',(1.,0.,0.));
#4633=DIRECTION('ref_axis',(0.,0.,-1.));
#4634=DIRECTION('',(0.,0.,-1.));
#4635=DIRECTION('',(0.,0.,-1.));
#4636=DIRECTION('center_axis',(0.,1.,0.));
#4637=DIRECTION('ref_axis',(0.,0.,-1.));
#4638=DIRECTION('',(0.,0.,-1.));
#4639=DIRECTION('center_axis',(-1.,0.,0.));
#4640=DIRECTION('ref_axis',(0.,0.,1.));
#4641=DIRECTION('',(0.,0.,-1.));
#4642=DIRECTION('center_axis',(0.,-1.,0.));
#4643=DIRECTION('ref_axis',(0.,0.,1.));
#4644=DIRECTION('center_axis',(0.,-1.,2.22044604925031E-16));
#4645=DIRECTION('ref_axis',(0.,-2.22044604925031E-16,-1.));
#4646=DIRECTION('center_axis',(0.,-1.,2.22044604925031E-16));
#4647=DIRECTION('ref_axis',(0.,-2.22044604925031E-16,-1.));
#4648=DIRECTION('',(0.,1.,-2.22044604925031E-16));
#4649=DIRECTION('center_axis',(0.,1.,-2.22044604925031E-16));
#4650=DIRECTION('ref_axis',(0.,-2.22044604925031E-16,-1.));
#4651=DIRECTION('',(0.,1.,-2.22044604925031E-16));
#4652=DIRECTION('center_axis',(0.,1.,0.));
#4653=DIRECTION('ref_axis',(0.,-2.22044604925031E-16,-1.));
#4654=DIRECTION('',(0.,-1.,2.22044604925031E-16));
#4655=DIRECTION('center_axis',(0.,1.,-2.22044604925031E-16));
#4656=DIRECTION('ref_axis',(0.,-2.22044604925031E-16,-1.));
#4657=DIRECTION('',(0.,1.,-2.22044604925031E-16));
#4658=DIRECTION('center_axis',(0.,1.,0.));
#4659=DIRECTION('ref_axis',(0.,-2.22044604925031E-16,-1.));
#4660=DIRECTION('',(0.,-1.,2.22044604925031E-16));
#4661=DIRECTION('center_axis',(0.,1.,-2.22044604925031E-16));
#4662=DIRECTION('ref_axis',(0.,-2.22044604925031E-16,-1.));
#4663=DIRECTION('center_axis',(0.,-1.,2.22044604925031E-16));
#4664=DIRECTION('ref_axis',(0.,-2.22044604925031E-16,-1.));
#4665=DIRECTION('center_axis',(0.,1.,0.));
#4666=DIRECTION('ref_axis',(0.,0.,1.));
#4667=DIRECTION('',(1.,0.,0.));
#4668=DIRECTION('',(0.,0.,-1.));
#4669=DIRECTION('',(-1.,0.,0.));
#4670=DIRECTION('center_axis',(0.,1.,0.));
#4671=DIRECTION('ref_axis',(0.,0.,1.));
#4672=DIRECTION('',(-1.,0.,0.));
#4673=DIRECTION('',(0.,0.,-1.));
#4674=DIRECTION('center_axis',(0.,0.,1.));
#4675=DIRECTION('ref_axis',(0.,-1.,0.));
#4676=DIRECTION('',(-1.,0.,0.));
#4677=DIRECTION('',(0.,-1.,0.));
#4678=DIRECTION('center_axis',(0.,0.,1.));
#4679=DIRECTION('ref_axis',(0.,-1.,0.));
#4680=DIRECTION('',(0.,1.,0.));
#4681=DIRECTION('',(1.,0.,0.));
#4682=DIRECTION('center_axis',(0.,0.,1.));
#4683=DIRECTION('ref_axis',(0.,-1.,0.));
#4684=DIRECTION('',(1.,0.,0.));
#4685=DIRECTION('',(0.,-1.,0.));
#4686=DIRECTION('center_axis',(1.,0.,0.));
#4687=DIRECTION('ref_axis',(0.,0.,1.));
#4688=DIRECTION('',(0.,0.,-1.));
#4689=DIRECTION('center_axis',(0.,-1.,0.));
#4690=DIRECTION('ref_axis',(0.,0.,-1.));
#4691=DIRECTION('',(0.,0.,-1.));
#4692=DIRECTION('center_axis',(-1.,0.,0.));
#4693=DIRECTION('ref_axis',(0.,0.,-1.));
#4694=DIRECTION('center_axis',(0.,-1.,2.22044604925031E-16));
#4695=DIRECTION('ref_axis',(0.,-2.22044604925031E-16,-1.));
#4696=DIRECTION('center_axis',(0.,-1.,2.22044604925031E-16));
#4697=DIRECTION('ref_axis',(0.,-2.22044604925031E-16,-1.));
#4698=DIRECTION('',(0.,1.,-2.22044604925031E-16));
#4699=DIRECTION('center_axis',(0.,1.,-2.22044604925031E-16));
#4700=DIRECTION('ref_axis',(0.,-2.22044604925031E-16,-1.));
#4701=DIRECTION('',(0.,1.,-2.22044604925031E-16));
#4702=DIRECTION('center_axis',(0.,1.,0.));
#4703=DIRECTION('ref_axis',(0.,-2.22044604925031E-16,-1.));
#4704=DIRECTION('',(0.,-1.,2.22044604925031E-16));
#4705=DIRECTION('center_axis',(0.,1.,-2.22044604925031E-16));
#4706=DIRECTION('ref_axis',(0.,-2.22044604925031E-16,-1.));
#4707=DIRECTION('',(0.,1.,-2.22044604925031E-16));
#4708=DIRECTION('center_axis',(0.,1.,0.));
#4709=DIRECTION('ref_axis',(0.,-2.22044604925031E-16,-1.));
#4710=DIRECTION('',(0.,-1.,2.22044604925031E-16));
#4711=DIRECTION('center_axis',(0.,1.,-2.22044604925031E-16));
#4712=DIRECTION('ref_axis',(0.,-2.22044604925031E-16,-1.));
#4713=DIRECTION('center_axis',(0.,-1.,2.22044604925031E-16));
#4714=DIRECTION('ref_axis',(0.,-2.22044604925031E-16,-1.));
#4715=DIRECTION('center_axis',(0.,1.,0.));
#4716=DIRECTION('ref_axis',(0.,0.,1.));
#4717=DIRECTION('',(1.,0.,0.));
#4718=DIRECTION('',(0.,0.,-1.));
#4719=DIRECTION('',(-1.,0.,0.));
#4720=DIRECTION('center_axis',(0.,1.,0.));
#4721=DIRECTION('ref_axis',(0.,0.,1.));
#4722=DIRECTION('',(-1.,0.,0.));
#4723=DIRECTION('',(0.,0.,-1.));
#4724=DIRECTION('center_axis',(0.,0.,1.));
#4725=DIRECTION('ref_axis',(0.,-1.,0.));
#4726=DIRECTION('',(-1.,0.,0.));
#4727=DIRECTION('',(0.,-1.,0.));
#4728=DIRECTION('center_axis',(0.,0.,1.));
#4729=DIRECTION('ref_axis',(0.,-1.,0.));
#4730=DIRECTION('',(0.,1.,0.));
#4731=DIRECTION('',(1.,0.,0.));
#4732=DIRECTION('center_axis',(0.,0.,1.));
#4733=DIRECTION('ref_axis',(0.,-1.,0.));
#4734=DIRECTION('',(1.,0.,0.));
#4735=DIRECTION('',(0.,-1.,0.));
#4736=DIRECTION('center_axis',(1.,0.,0.));
#4737=DIRECTION('ref_axis',(0.,0.,1.));
#4738=DIRECTION('',(0.,0.,-1.));
#4739=DIRECTION('center_axis',(0.,-1.,0.));
#4740=DIRECTION('ref_axis',(0.,0.,-1.));
#4741=DIRECTION('',(0.,0.,-1.));
#4742=DIRECTION('center_axis',(-1.,0.,0.));
#4743=DIRECTION('ref_axis',(0.,0.,-1.));
#4744=CARTESIAN_POINT('',(0.,0.,0.));
#4745=CARTESIAN_POINT('Origin',(0.826599885109207,109.323235826663,28.2323612821185));
#4746=CARTESIAN_POINT('',(-6.86808480437894,98.1143353806387,28.2323612821185));
#4747=CARTESIAN_POINT('',(-7.3491487625179,97.4135661831281,29.0823612821185));
#4748=CARTESIAN_POINT('Origin',(-7.3491487625179,97.4135661831281,28.2323612821185));
#4749=CARTESIAN_POINT('',(-0.753155362270683,94.9640063791722,29.0823612821185));
#4750=CARTESIAN_POINT('Origin',(0.826599885109207,109.323235826663,29.0823612821185));
#4751=CARTESIAN_POINT('',(-1.20141823629834,95.8794728051437,28.2323612821185));
#4752=CARTESIAN_POINT('Ctrl Pts',(-1.20141823629833,95.8794728051437,28.2323612821185));
#4753=CARTESIAN_POINT('Ctrl Pts',(-1.20141823629833,95.8794728051437,28.2343496242937));
#4754=CARTESIAN_POINT('Ctrl Pts',(-1.20141456341923,95.8794651953826,28.2363387491399));
#4755=CARTESIAN_POINT('Ctrl Pts',(-1.20106602066135,95.8787430577159,28.3306428462382));
#4756=CARTESIAN_POINT('Ctrl Pts',(-1.19282455460588,95.8616568943793,28.421118486944));
#4757=CARTESIAN_POINT('Ctrl Pts',(-1.16077242912518,95.795352317741,28.5997597539684));
#4758=CARTESIAN_POINT('Ctrl Pts',(-1.13612212760119,95.7444131492382,28.6841850797332));
#4759=CARTESIAN_POINT('Ctrl Pts',(-1.06954278144762,95.6073239236296,28.8450475603372));
#4760=CARTESIAN_POINT('Ctrl Pts',(-1.02571949614507,95.5173652912552,28.9156016054453));
#4761=CARTESIAN_POINT('Ctrl Pts',(-0.920690291393243,95.3028792894249,29.030820421426));
#4762=CARTESIAN_POINT('Ctrl Pts',(-0.857802217782083,95.1751264590577,29.0678638691637));
#4763=CARTESIAN_POINT('Ctrl Pts',(-0.780302585937825,95.0186970424201,29.0811962924372));
#4764=CARTESIAN_POINT('Ctrl Pts',(-0.766736088086716,94.9913485371152,29.0823612821185));
#4765=CARTESIAN_POINT('Ctrl Pts',(-0.753155362270358,94.9640063791715,29.0823612821185));
#4766=CARTESIAN_POINT('Origin',(0.826599885109207,109.323235826663,28.2323612821185));
#4767=CARTESIAN_POINT('Origin',(-8.,96.4654666806137,28.2323612821185));
#4768=CARTESIAN_POINT('',(-10.,96.4654666806137,28.2323612821185));
#4769=CARTESIAN_POINT('',(-9.15,96.4654666806137,29.0823612821185));
#4770=CARTESIAN_POINT('Origin',(-9.15,96.4654666806137,28.2323612821185));
#4771=CARTESIAN_POINT('Origin',(-8.,96.4654666806137,29.0823612821185));
#4772=CARTESIAN_POINT('Origin',(-8.,96.4654666806137,28.2323612821185));
#4773=CARTESIAN_POINT('Origin',(-9.15,61.1290082288437,28.2323612821185));
#4774=CARTESIAN_POINT('',(-10.,41.4935697510188,28.2323612821185));
#4775=CARTESIAN_POINT('',(-9.15,41.4935697510188,29.0823612821185));
#4776=CARTESIAN_POINT('Origin',(-9.15,41.4935697510188,28.2323612821185));
#4777=CARTESIAN_POINT('',(-9.15,61.1290082288437,29.0823612821185));
#4778=CARTESIAN_POINT('',(-10.,61.1290082288437,28.2323612821185));
#4779=CARTESIAN_POINT('Ctrl Pts',(-8.,39.1474987563836,29.0823612821185));
#4780=CARTESIAN_POINT('Ctrl Pts',(-8.11906475497202,39.1474987563836,29.0823612821185));
#4781=CARTESIAN_POINT('Ctrl Pts',(-8.29742325670906,39.2148285401641,29.0823612821185));
#4782=CARTESIAN_POINT('Ctrl Pts',(-8.68473814366532,39.5910738609623,29.0823612821185));
#4783=CARTESIAN_POINT('Ctrl Pts',(-8.90734072313724,40.1117713555225,29.0823612821185));
#4784=CARTESIAN_POINT('Ctrl Pts',(-9.01808121945789,40.6144613599192,29.0823612821185));
#4785=CARTESIAN_POINT('Ctrl Pts',(-8.,38.9282116106915,29.0823612821185));
#4786=CARTESIAN_POINT('Ctrl Pts',(-8.17300421107758,38.9282116106915,29.0823612821185));
#4787=CARTESIAN_POINT('Ctrl Pts',(-8.42222974621023,39.0339209655596,29.0825264026184));
#4788=CARTESIAN_POINT('Ctrl Pts',(-8.86636903078269,39.5004671636227,29.0820091808717));
#4789=CARTESIAN_POINT('Ctrl Pts',(-9.07671764985196,40.0569033620413,29.0825021671216));
#4790=CARTESIAN_POINT('Ctrl Pts',(-9.17671954571184,40.5795140030369,29.0823612821185));
#4791=CARTESIAN_POINT('Ctrl Pts',(-8.,38.4906541262122,28.9034724217673));
#4792=CARTESIAN_POINT('Ctrl Pts',(-8.28138440801122,38.4906541262122,28.9034724217673));
#4793=CARTESIAN_POINT('Ctrl Pts',(-8.67250309063692,38.6726970370288,28.9112804669405));
#4794=CARTESIAN_POINT('Ctrl Pts',(-9.23039042169339,39.3209085750798,28.9422321992685));
#4795=CARTESIAN_POINT('Ctrl Pts',(-9.41549611024013,39.9470989565795,28.9685469438961));
#4796=CARTESIAN_POINT('Ctrl Pts',(-9.49380221207086,40.5096620236059,28.9865547950749));
#4797=CARTESIAN_POINT('Ctrl Pts',(-8.,38.2325073053951,28.3082806426696));
#4798=CARTESIAN_POINT('Ctrl Pts',(-8.34499051039423,38.2325073053951,28.3082806426696));
#4799=CARTESIAN_POINT('Ctrl Pts',(-8.82420986374158,38.4452841159784,28.3361610208375));
#4800=CARTESIAN_POINT('Ctrl Pts',(-9.49781067976049,39.1765366920775,28.4515133236183));
#4801=CARTESIAN_POINT('Ctrl Pts',(-9.70700582024764,39.8500615254427,28.5571639237838));
#4802=CARTESIAN_POINT('Ctrl Pts',(-9.79010048430302,40.4443887588922,28.633912068864));
#4803=CARTESIAN_POINT('Ctrl Pts',(-8.,38.3849908755212,27.7564339750222));
#4804=CARTESIAN_POINT('Ctrl Pts',(-8.30727948648796,38.3849908755212,27.7564339750222));
#4805=CARTESIAN_POINT('Ctrl Pts',(-8.74414927466199,38.5484877381308,27.7904943956053));
#4806=CARTESIAN_POINT('Ctrl Pts',(-9.45813764606574,39.1766659093843,27.9426555771877));
#4807=CARTESIAN_POINT('Ctrl Pts',(-9.74740775246342,39.8318706241667,28.1006339436927));
#4808=CARTESIAN_POINT('Ctrl Pts',(-9.87402671439941,40.4259001629505,28.2271390028255));
#4809=CARTESIAN_POINT('Ctrl Pts',(-8.,38.641729924751,27.5296901333239));
#4810=CARTESIAN_POINT('Ctrl Pts',(-8.24403584109067,38.641729924751,27.5296901333239));
#4811=CARTESIAN_POINT('Ctrl Pts',(-8.60152815202203,38.7479080981338,27.5556695860667));
#4812=CARTESIAN_POINT('Ctrl Pts',(-9.2964885112102,39.245000109591,27.6854699935301));
#4813=CARTESIAN_POINT('Ctrl Pts',(-9.65149116776586,39.8588779384283,27.8431543262197));
#4814=CARTESIAN_POINT('Ctrl Pts',(-9.82080568185037,40.4376245328557,27.9839561553699));
#4815=CARTESIAN_POINT('Ctrl Pts',(-8.,38.7910340966194,27.4607182646946));
#4816=CARTESIAN_POINT('Ctrl Pts',(-8.20706913908177,38.7910340966194,27.4607182646946));
#4817=CARTESIAN_POINT('Ctrl Pts',(-8.51725783775488,38.8671162049508,27.4796645190876));
#4818=CARTESIAN_POINT('Ctrl Pts',(-9.1908489455049,39.2922703588616,27.5855380146162));
#4819=CARTESIAN_POINT('Ctrl Pts',(-9.57798386632563,39.8806542948359,27.7320596078817));
#4820=CARTESIAN_POINT('Ctrl Pts',(-9.7705760338398,40.448689913313,27.8735139861577));
#4821=CARTESIAN_POINT('',(-8.,38.7910340966194,27.4607182646946));
#4822=CARTESIAN_POINT('',(-8.,39.1474987563836,29.0823612821185));
#4823=CARTESIAN_POINT('Origin',(-8.,39.1474987563836,28.2323612821185));
#4824=CARTESIAN_POINT('',(-9.01808121945788,40.6144613599192,29.0823612821185));
#4825=CARTESIAN_POINT('Origin',(-8.,41.8897060782718,29.0823612821185));
#4826=CARTESIAN_POINT('',(-9.7705760338398,40.448689913313,27.8735139861577));
#4827=CARTESIAN_POINT('Origin',(-9.01808121945788,40.6144613599192,28.2323612821185));
#4828=CARTESIAN_POINT('Origin',(-8.,41.8897060782718,28.2323612821185));
#4829=CARTESIAN_POINT('Origin',(-8.67984657065484,39.1474987563836,28.2323612821185));
#4830=CARTESIAN_POINT('',(76.2757492383887,38.7910340966194,27.4607182646946));
#4831=CARTESIAN_POINT('',(83.4273593002511,38.7910340966194,27.4607182646946));
#4832=CARTESIAN_POINT('Ctrl Pts',(76.2757492383887,38.7910340966194,27.4607182646946));
#4833=CARTESIAN_POINT('Ctrl Pts',(76.6359528322996,38.6928411374056,27.5060790325717));
#4834=CARTESIAN_POINT('Ctrl Pts',(77.0035440051819,38.6087231486417,27.5676939930449));
#4835=CARTESIAN_POINT('Ctrl Pts',(77.7915326612187,38.4625949261375,27.7168657740687));
#4836=CARTESIAN_POINT('Ctrl Pts',(78.2125598801861,38.4051184063606,27.8079525863652));
#4837=CARTESIAN_POINT('Ctrl Pts',(79.0411193547545,38.3301842525227,27.9804912001085));
#4838=CARTESIAN_POINT('Ctrl Pts',(79.4460598791301,38.3123778765052,28.0740163548521));
#4839=CARTESIAN_POINT('Ctrl Pts',(80.2570486595097,38.3123778765052,28.0740163548521));
#4840=CARTESIAN_POINT('Ctrl Pts',(80.6619891838853,38.3301842525227,27.9804912001085));
#4841=CARTESIAN_POINT('Ctrl Pts',(81.4905486584537,38.4051184063606,27.8079525863652));
#4842=CARTESIAN_POINT('Ctrl Pts',(81.9115758774211,38.4625949261375,27.7168657740687));
#4843=CARTESIAN_POINT('Ctrl Pts',(82.6995645334579,38.6087231486417,27.5676939930449));
#4844=CARTESIAN_POINT('Ctrl Pts',(83.0671557063402,38.6928411374056,27.5060790325717));
#4845=CARTESIAN_POINT('Ctrl Pts',(83.4273593002512,38.7910340966194,27.4607182646946));
#4846=CARTESIAN_POINT('',(182.570153429345,38.7910340966194,27.4607182646946));
#4847=CARTESIAN_POINT('',(-8.67984657065484,38.7910340966194,27.4607182646946));
#4848=CARTESIAN_POINT('',(182.570153429345,39.1474987563836,29.0823612821185));
#4849=CARTESIAN_POINT('Origin',(182.570153429345,39.1474987563836,28.2323612821185));
#4850=CARTESIAN_POINT('',(84.5431381493103,39.1474987563836,29.0823612821185));
#4851=CARTESIAN_POINT('',(-8.67984657065484,39.1474987563836,29.0823612821185));
#4852=CARTESIAN_POINT('',(75.1599703893295,39.1474987563836,29.0823612821185));
#4853=CARTESIAN_POINT('Ctrl Pts',(84.5431381493103,39.1474987563836,29.0823612821185));
#4854=CARTESIAN_POINT('Ctrl Pts',(83.8451944131527,38.8908945310981,29.0823612821185));
#4855=CARTESIAN_POINT('Ctrl Pts',(83.0913013527507,38.6813686171445,28.9711870994639));
#4856=CARTESIAN_POINT('Ctrl Pts',(81.9115758774211,38.4625949261375,28.7478567901684));
#4857=CARTESIAN_POINT('Ctrl Pts',(81.4905486584537,38.4051184063606,28.6567699778718));
#4858=CARTESIAN_POINT('Ctrl Pts',(80.6619891838853,38.3301842525227,28.4842313641286));
#4859=CARTESIAN_POINT('Ctrl Pts',(80.2570486595097,38.3123778765052,28.390706209385));
#4860=CARTESIAN_POINT('Ctrl Pts',(79.8515542693199,38.3123778765052,28.390706209385));
#4861=CARTESIAN_POINT('Ctrl Pts',(79.4460598791301,38.3123778765052,28.390706209385));
#4862=CARTESIAN_POINT('Ctrl Pts',(79.0411193547545,38.3301842525227,28.4842313641286));
#4863=CARTESIAN_POINT('Ctrl Pts',(78.2125598801861,38.4051184063606,28.6567699778718));
#4864=CARTESIAN_POINT('Ctrl Pts',(77.7915326612187,38.4625949261375,28.7478567901684));
#4865=CARTESIAN_POINT('Ctrl Pts',(76.6118071858891,38.6813686171445,28.9711870994639));
#4866=CARTESIAN_POINT('Ctrl Pts',(75.8579141254871,38.8908945310981,29.0823612821185));
#4867=CARTESIAN_POINT('Ctrl Pts',(75.1599703893295,39.1474987563836,29.0823612821185));
#4868=CARTESIAN_POINT('',(-8.67984657065484,39.1474987563836,29.0823612821185));
#4869=CARTESIAN_POINT('',(-8.67984657065484,38.7910340966194,27.4607182646946));
#4870=CARTESIAN_POINT('Ctrl Pts',(-10.,41.4935697510188,28.2323612821185));
#4871=CARTESIAN_POINT('Ctrl Pts',(-10.,41.0741204088118,28.1233269574211));
#4872=CARTESIAN_POINT('Ctrl Pts',(-9.88170569692359,40.7119668138437,27.9849282366916));
#4873=CARTESIAN_POINT('Ctrl Pts',(-9.7705760338398,40.448689913313,27.8735139861577));
#4874=CARTESIAN_POINT('Ctrl Pts',(-10.,41.4935697510188,28.3595209847638));
#4875=CARTESIAN_POINT('Ctrl Pts',(-10.0163556613687,41.0741006998515,28.2608699690273));
#4876=CARTESIAN_POINT('Ctrl Pts',(-9.92268566346147,40.7014743081584,28.1315434641218));
#4877=CARTESIAN_POINT('Ctrl Pts',(-9.83754889785389,40.4339360727033,28.0207702117739));
#4878=CARTESIAN_POINT('Ctrl Pts',(-9.94183043650834,41.4935697510188,28.6134419410048));
#4879=CARTESIAN_POINT('Ctrl Pts',(-9.98110249918288,41.0824852804914,28.5429406021934));
#4880=CARTESIAN_POINT('Ctrl Pts',(-9.92693842177346,40.6994780043107,28.4456121569851));
#4881=CARTESIAN_POINT('Ctrl Pts',(-9.88624713041279,40.4232080566371,28.3546738503902));
#4882=CARTESIAN_POINT('Ctrl Pts',(-9.65744593961711,41.4935697510188,28.9708508585392));
#4883=CARTESIAN_POINT('Ctrl Pts',(-9.69853279801333,41.1234475473834,28.9519138974572));
#4884=CARTESIAN_POINT('Ctrl Pts',(-9.66536460807575,40.7622731153505,28.9245556321101));
#4885=CARTESIAN_POINT('Ctrl Pts',(-9.648749412405,40.4755278062584,28.8960443674512));
#4886=CARTESIAN_POINT('Ctrl Pts',(-9.34073955396795,41.4935697510188,29.0823612821185));
#4887=CARTESIAN_POINT('Ctrl Pts',(-9.356408589271,41.1690464794337,29.0826727539867));
#4888=CARTESIAN_POINT('Ctrl Pts',(-9.3014176756846,40.8509861886473,29.0816346330033));
#4889=CARTESIAN_POINT('Ctrl Pts',(-9.25603870883882,40.5620403245957,29.0823612821185));
#4890=CARTESIAN_POINT('Ctrl Pts',(-9.15,41.4935697510188,29.0823612821185));
#4891=CARTESIAN_POINT('Ctrl Pts',(-9.15,41.1965522044566,29.0823612821185));
#4892=CARTESIAN_POINT('Ctrl Pts',(-9.08198077573105,40.904523887099,29.0823612821185));
#4893=CARTESIAN_POINT('Ctrl Pts',(-9.01808121945789,40.6144613599192,29.0823612821185));
#4894=CARTESIAN_POINT('Ctrl Pts',(-9.01808121945789,40.6144613599192,29.0823612821185));
#4895=CARTESIAN_POINT('Ctrl Pts',(-9.08198077573105,40.904523887099,29.0823612821185));
#4896=CARTESIAN_POINT('Ctrl Pts',(-9.15,41.1965522044566,29.0823612821185));
#4897=CARTESIAN_POINT('Ctrl Pts',(-9.15,41.4935697510188,29.0823612821185));
#4898=CARTESIAN_POINT('Ctrl Pts',(-10.,41.4935697510188,28.2323612821185));
#4899=CARTESIAN_POINT('Ctrl Pts',(-10.,41.0741204088118,28.1233269574211));
#4900=CARTESIAN_POINT('Ctrl Pts',(-9.88170569692359,40.7119668138437,27.9849282366916));
#4901=CARTESIAN_POINT('Ctrl Pts',(-9.7705760338398,40.448689913313,27.8735139861577));
#4902=CARTESIAN_POINT('Origin',(50.0701534293452,133.629008228844,29.0823612821185));
#4903=CARTESIAN_POINT('',(-87.4298465706548,283.629008228844,29.0823612821185));
#4904=CARTESIAN_POINT('',(-87.4298465706548,-16.3709917711563,29.0823612821185));
#4905=CARTESIAN_POINT('',(-87.4298465706548,133.629008228844,29.0823612821185));
#4906=CARTESIAN_POINT('',(187.570153429345,-16.3709917711563,29.0823612821185));
#4907=CARTESIAN_POINT('',(50.0701534293452,-16.3709917711563,29.0823612821185));
#4908=CARTESIAN_POINT('',(187.570153429345,283.629008228844,29.0823612821185));
#4909=CARTESIAN_POINT('',(187.570153429345,133.629008228844,29.0823612821185));
#4910=CARTESIAN_POINT('',(50.0701534293452,283.629008228844,29.0823612821185));
#4911=CARTESIAN_POINT('',(182.570153429345,-12.,29.0823612821185));
#4912=CARTESIAN_POINT('',(182.570153429345,74.3145041144219,29.0823612821185));
#4913=CARTESIAN_POINT('',(-10.,-12.,29.0823612821185));
#4914=CARTESIAN_POINT('',(-8.67984657065484,-12.,29.0823612821185));
#4915=CARTESIAN_POINT('',(-10.,-13.3709917711563,29.0823612821185));
#4916=CARTESIAN_POINT('',(-10.,61.1290082288437,29.0823612821185));
#4917=CARTESIAN_POINT('',(-72.,-13.3709917711563,29.0823612821185));
#4918=CARTESIAN_POINT('',(5.03507671467258,-13.3709917711563,29.0823612821185));
#4919=CARTESIAN_POINT('',(-72.,278.629008228844,29.0823612821185));
#4920=CARTESIAN_POINT('',(-72.,61.1290082288437,29.0823612821185));
#4921=CARTESIAN_POINT('',(-10.,278.629008228844,29.0823612821185));
#4922=CARTESIAN_POINT('',(5.03507671467258,278.629008228844,29.0823612821185));
#4923=CARTESIAN_POINT('',(-10.,274.728392540351,29.0823612821185));
#4924=CARTESIAN_POINT('',(-10.,61.1290082288437,29.0823612821185));
#4925=CARTESIAN_POINT('',(182.570153429345,274.728392540351,29.0823612821185));
#4926=CARTESIAN_POINT('',(-8.67984657065484,274.728392540351,29.0823612821185));
#4927=CARTESIAN_POINT('',(182.570153429345,228.,29.0823612821185));
#4928=CARTESIAN_POINT('',(182.570153429345,192.99660224951,29.0823612821185));
#4929=CARTESIAN_POINT('',(89.1614570061718,228.,29.0823612821185));
#4930=CARTESIAN_POINT('',(-8.67984657065484,228.,29.0823612821185));
#4931=CARTESIAN_POINT('',(92.0106406300482,224.174865398678,29.0823612821185));
#4932=CARTESIAN_POINT('Origin',(79.8515542693199,218.09175430715,29.0823612821185));
#4933=CARTESIAN_POINT('',(122.430317523927,214.290913222816,29.0823612821185));
#4934=CARTESIAN_POINT('Origin',(79.8515542693199,135.,29.0823612821185));
#4935=CARTESIAN_POINT('',(142.104132527731,199.997049934442,29.0823612821185));
#4936=CARTESIAN_POINT('Origin',(128.691662038172,202.222641326912,29.0823612821185));
#4937=CARTESIAN_POINT('',(160.904526774938,174.120527194856,29.0823612821185));
#4938=CARTESIAN_POINT('Origin',(79.8515542693199,135.,29.0823612821185));
#4939=CARTESIAN_POINT('',(168.419255418014,150.992570563724,29.0823612821185));
#4940=CARTESIAN_POINT('Origin',(158.876508653531,160.676764173337,29.0823612821185));
#4941=CARTESIAN_POINT('',(168.419255418014,119.007429436276,29.0823612821185));
#4942=CARTESIAN_POINT('Origin',(79.8515542693199,135.,29.0823612821185));
#4943=CARTESIAN_POINT('',(160.904526774938,95.8794728051438,29.0823612821185));
#4944=CARTESIAN_POINT('Origin',(158.876508653531,109.323235826663,29.0823612821185));
#4945=CARTESIAN_POINT('',(142.104132527731,70.0029500655577,29.0823612821185));
#4946=CARTESIAN_POINT('Origin',(79.8515542693199,135.,29.0823612821185));
#4947=CARTESIAN_POINT('',(122.430317523927,55.7090867771843,29.0823612821185));
#4948=CARTESIAN_POINT('Origin',(128.691662038172,67.7773586730881,29.0823612821185));
#4949=CARTESIAN_POINT('',(92.0106406300483,45.825134601322,29.0823612821185));
#4950=CARTESIAN_POINT('Origin',(79.8515542693199,135.,29.0823612821185));
#4951=CARTESIAN_POINT('Origin',(79.8515542693199,51.9082456928502,29.0823612821185));
#4952=CARTESIAN_POINT('Origin',(79.8515542693199,51.9082456928502,40.0823612821185));
#4953=CARTESIAN_POINT('',(92.0106406300484,45.8251346013219,40.0823612821185));
#4954=CARTESIAN_POINT('',(92.0106406300484,45.8251346013219,40.0823612821185));
#4955=CARTESIAN_POINT('',(88.7490033119045,62.1884705062547,40.0823612821185));
#4956=CARTESIAN_POINT('Origin',(79.8515542693199,51.9082456928502,40.0823612821185));
#4957=CARTESIAN_POINT('',(88.7490033119045,62.1884705062547,30.0823612821185));
#4958=CARTESIAN_POINT('',(88.7490033119045,62.1884705062547,40.0823612821185));
#4959=CARTESIAN_POINT('',(70.9541052267354,62.1884705062547,30.0823612821185));
#4960=CARTESIAN_POINT('Origin',(79.8515542693199,51.9082456928502,30.0823612821185));
#4961=CARTESIAN_POINT('',(70.9541052267354,62.1884705062547,40.0823612821185));
#4962=CARTESIAN_POINT('',(70.9541052267354,62.1884705062547,40.0823612821185));
#4963=CARTESIAN_POINT('',(66.2556864529749,51.9082456928502,40.0823612821185));
#4964=CARTESIAN_POINT('Origin',(79.8515542693199,51.9082456928502,40.0823612821185));
#4965=CARTESIAN_POINT('',(66.2556864529749,51.9082456928502,20.0823612821185));
#4966=CARTESIAN_POINT('',(66.2556864529749,51.9082456928502,40.0823612821185));
#4967=CARTESIAN_POINT('',(89.1614570061718,42.,20.0823612821185));
#4968=CARTESIAN_POINT('Origin',(79.8515542693199,51.9082456928502,20.0823612821185));
#4969=CARTESIAN_POINT('',(86.4121416056977,40.,18.0823612821185));
#4970=CARTESIAN_POINT('Ctrl Pts',(89.1614570061718,42.,20.0823612821185));
#4971=CARTESIAN_POINT('Ctrl Pts',(88.8537554195343,41.7108800152546,20.0823612821185));
#4972=CARTESIAN_POINT('Ctrl Pts',(88.5075024757718,41.4147657614718,20.0174746359871));
#4973=CARTESIAN_POINT('Ctrl Pts',(87.8158235358507,40.8805997738259,19.7658417631187));
#4974=CARTESIAN_POINT('Ctrl Pts',(87.4701668558599,40.6419797618258,19.5809397242711));
#4975=CARTESIAN_POINT('Ctrl Pts',(86.9874720880537,40.3334985260803,19.2038912575138));
#4976=CARTESIAN_POINT('Ctrl Pts',(86.7963316744324,40.2187049745271,19.0203819039747));
#4977=CARTESIAN_POINT('Ctrl Pts',(86.5802608744728,40.0938880072308,18.6987708292932));
#4978=CARTESIAN_POINT('Ctrl Pts',(86.5199909543369,40.0599602004496,18.5838538263528));
#4979=CARTESIAN_POINT('Ctrl Pts',(86.4359221951046,40.013034035951,18.3415432800594));
#4980=CARTESIAN_POINT('Ctrl Pts',(86.4121416056977,40.,18.214150316192));
#4981=CARTESIAN_POINT('Ctrl Pts',(86.4121416056977,40.,18.0823612821185));
#4982=CARTESIAN_POINT('',(86.4121416056977,40.,26.9022299356562));
#4983=CARTESIAN_POINT('',(86.4121416056977,40.,40.0823612821185));
#4984=CARTESIAN_POINT('Origin',(79.8515542693199,51.9082456928502,21.4011515179929));
#4985=CARTESIAN_POINT('',(73.2909669329421,40.,26.9022299356562));
#4986=CARTESIAN_POINT('Origin',(79.8515542693199,51.9082456928502,21.4011515179929));
#4987=CARTESIAN_POINT('',(73.2909669329421,40.,18.0823612821185));
#4988=CARTESIAN_POINT('',(73.2909669329421,40.,40.0823612821185));
#4989=CARTESIAN_POINT('',(70.5416515324681,42.,20.0823612821185));
#4990=CARTESIAN_POINT('Ctrl Pts',(73.2909669329421,40.,18.0823612821185));
#4991=CARTESIAN_POINT('Ctrl Pts',(73.2909669329421,40.,18.214150316192));
#4992=CARTESIAN_POINT('Ctrl Pts',(73.2671863435352,40.013034035951,18.3415432800594));
#4993=CARTESIAN_POINT('Ctrl Pts',(73.1831175843029,40.0599602004496,18.5838538263528));
#4994=CARTESIAN_POINT('Ctrl Pts',(73.122847664167,40.0938880072308,18.6987708292932));
#4995=CARTESIAN_POINT('Ctrl Pts',(72.9067768642075,40.2187049745271,19.0203819039747));
#4996=CARTESIAN_POINT('Ctrl Pts',(72.7156364505861,40.3334985260803,19.2038912575138));
#4997=CARTESIAN_POINT('Ctrl Pts',(72.2329416827799,40.6419797618258,19.5809397242711));
#4998=CARTESIAN_POINT('Ctrl Pts',(71.8872850027892,40.8805997738259,19.7658417631187));
#4999=CARTESIAN_POINT('Ctrl Pts',(71.1956060628681,41.4147657614718,20.0174746359871));
#5000=CARTESIAN_POINT('Ctrl Pts',(70.8493531191056,41.7108800152546,20.0823612821185));
#5001=CARTESIAN_POINT('Ctrl Pts',(70.5416515324681,42.,20.0823612821185));
#5002=CARTESIAN_POINT('Origin',(79.8515542693199,51.9082456928502,20.0823612821185));
#5003=CARTESIAN_POINT('',(67.6924679085915,45.8251346013219,40.0823612821185));
#5004=CARTESIAN_POINT('Origin',(79.8515542693199,51.9082456928502,40.0823612821185));
#5005=CARTESIAN_POINT('',(67.6924679085916,45.825134601322,29.0823612821185));
#5006=CARTESIAN_POINT('',(67.6924679085915,45.8251346013219,40.0823612821185));
#5007=CARTESIAN_POINT('Origin',(79.8515542693199,51.9082456928502,29.0823612821185));
#5008=CARTESIAN_POINT('Origin',(-67.4298465706548,40.,26.9022299356562));
#5009=CARTESIAN_POINT('',(-8.,40.,26.9022299356562));
#5010=CARTESIAN_POINT('',(-8.,10.6279564131373,40.470804117441));
#5011=CARTESIAN_POINT('',(-67.4298465706548,40.,26.9022299356562));
#5012=CARTESIAN_POINT('Origin',(-67.4298465706548,40.,26.9022299356562));
#5013=CARTESIAN_POINT('',(182.570153429345,40.,26.9022299356562));
#5014=CARTESIAN_POINT('',(-67.4298465706548,40.,26.9022299356562));
#5015=CARTESIAN_POINT('',(182.570153429345,40.,26.9022299356562));
#5016=CARTESIAN_POINT('Origin',(-8.,11.4666967890533,42.2864347466738));
#5017=CARTESIAN_POINT('Origin',(-8.,40.838740375916,28.717860564889));
#5018=CARTESIAN_POINT('Origin',(-14.,4.0751309748734,16.));
#5019=CARTESIAN_POINT('',(-14.,40.,20.));
#5020=CARTESIAN_POINT('',(-10.,40.,16.));
#5021=CARTESIAN_POINT('Origin',(-14.,40.,16.));
#5022=CARTESIAN_POINT('',(-14.,-7.99045289190858,20.));
#5023=CARTESIAN_POINT('',(-14.,4.0751309748734,20.));
#5024=CARTESIAN_POINT('',(-11.7841266829593,-7.99045289190858,19.3301509639695));
#5025=CARTESIAN_POINT('Origin',(-14.,-7.99045289190858,16.));
#5026=CARTESIAN_POINT('',(-10.,2.,16.));
#5027=CARTESIAN_POINT('Origin',(-14.,2.,16.));
#5028=CARTESIAN_POINT('',(-10.,4.0751309748734,16.));
#5029=CARTESIAN_POINT('Origin',(-10.,-7.99045289190857,10.));
#5030=CARTESIAN_POINT('',(-10.,16.5695318798214,11.1434893733929));
#5031=CARTESIAN_POINT('',(-10.,-18.1169462970203,22.7056487656734));
#5032=CARTESIAN_POINT('',(-10.,40.,11.1434893733929));
#5033=CARTESIAN_POINT('',(-10.,2.59927005433258,11.1434893733929));
#5034=CARTESIAN_POINT('',(-10.,40.,40.5717446866964));
#5035=CARTESIAN_POINT('Origin',(-34.,235.433837610763,5.));
#5036=CARTESIAN_POINT('',(-30.,235.433837610763,21.));
#5037=CARTESIAN_POINT('',(-34.,231.433837610763,21.));
#5038=CARTESIAN_POINT('Origin',(-34.,235.433837610763,21.));
#5039=CARTESIAN_POINT('',(-34.,231.433837610763,5.));
#5040=CARTESIAN_POINT('',(-34.,231.433837610763,5.));
#5041=CARTESIAN_POINT('',(-30.,235.433837610763,5.));
#5042=CARTESIAN_POINT('Origin',(-34.,235.433837610763,5.));
#5043=CARTESIAN_POINT('',(-30.,235.433837610763,5.));
#5044=CARTESIAN_POINT('Origin',(-34.,243.575378208072,21.));
#5045=CARTESIAN_POINT('',(-34.,235.433837610763,25.));
#5046=CARTESIAN_POINT('Origin',(-34.,235.433837610763,21.));
#5047=CARTESIAN_POINT('',(-30.,278.629008228844,21.));
#5048=CARTESIAN_POINT('',(-30.,243.575378208072,21.));
#5049=CARTESIAN_POINT('',(-34.,278.629008228844,25.));
#5050=CARTESIAN_POINT('Origin',(-34.,278.629008228844,21.));
#5051=CARTESIAN_POINT('',(-34.,243.575378208072,25.));
#5052=CARTESIAN_POINT('Origin',(-34.,235.433837610763,21.));
#5053=CARTESIAN_POINT('Origin',(-34.,235.433837610763,21.));
#5054=CARTESIAN_POINT('Origin',(-67.4298465706548,231.433837610763,5.));
#5055=CARTESIAN_POINT('',(-67.4298465706548,231.433837610763,21.));
#5056=CARTESIAN_POINT('',(-58.0723849279911,231.433837610763,21.));
#5057=CARTESIAN_POINT('',(-67.4298465706548,231.433837610763,19.3574616426637));
#5058=CARTESIAN_POINT('',(-67.4298465706548,231.433837610763,5.));
#5059=CARTESIAN_POINT('',(-67.4298465706548,231.433837610763,5.));
#5060=CARTESIAN_POINT('',(-67.4298465706548,231.433837610763,11.0205903205296));
#5061=CARTESIAN_POINT('',(-67.4298465706548,231.433837610763,5.));
#5062=CARTESIAN_POINT('Origin',(-58.0723849279911,235.433837610763,21.));
#5063=CARTESIAN_POINT('',(-67.4298465706548,235.433837610763,25.));
#5064=CARTESIAN_POINT('',(-58.0723849279911,235.433837610763,25.));
#5065=CARTESIAN_POINT('Origin',(-67.4298465706548,235.433837610763,21.));
#5066=CARTESIAN_POINT('Origin',(-48.7149232853274,255.716918805382,25.));
#5067=CARTESIAN_POINT('',(-67.4298465706548,278.629008228844,25.));
#5068=CARTESIAN_POINT('',(-44.3574616426637,278.629008228844,25.));
#5069=CARTESIAN_POINT('',(-67.4298465706548,280.,25.));
#5070=CARTESIAN_POINT('Origin',(-67.4298465706548,280.,5.));
#5071=CARTESIAN_POINT('',(-67.4298465706548,278.629008228844,19.3574616426637));
#5072=CARTESIAN_POINT('',(-67.4298465706548,278.629008228844,22.5));
#5073=CARTESIAN_POINT('',(-67.4298465706548,134.314504114422,19.3574616426637));
#5074=CARTESIAN_POINT('Origin',(5.03507671467258,-13.3709917711563,27.0823612821185));
#5075=CARTESIAN_POINT('',(-10.,-11.3709917711563,27.0823612821185));
#5076=CARTESIAN_POINT('Origin',(-10.,-13.3709917711563,27.0823612821185));
#5077=CARTESIAN_POINT('',(-70.,-11.3709917711563,27.0823612821185));
#5078=CARTESIAN_POINT('',(5.03507671467258,-11.3709917711563,27.0823612821185));
#5079=CARTESIAN_POINT('Origin',(-72.,-13.3709917711563,27.0823612821185));
#5080=CARTESIAN_POINT('Origin',(50.0701534293452,133.629008228844,29.0823612821185));
#5081=CARTESIAN_POINT('',(37.2727910147125,55.7090867771843,29.0823612821185));
#5082=CARTESIAN_POINT('Origin',(79.8515542693199,135.,29.0823612821185));
#5083=CARTESIAN_POINT('',(17.5989760109087,70.0029500655577,29.0823612821185));
#5084=CARTESIAN_POINT('Origin',(31.0114465004677,67.7773586730881,29.0823612821185));
#5085=CARTESIAN_POINT('Origin',(79.8515542693199,135.,29.0823612821185));
#5086=CARTESIAN_POINT('Origin',(-8.67984657065484,-12.,27.0823612821185));
#5087=CARTESIAN_POINT('',(-10.,-10.,27.0823612821185));
#5088=CARTESIAN_POINT('Origin',(-10.,-12.,27.0823612821185));
#5089=CARTESIAN_POINT('',(182.570153429345,-10.,27.0823612821185));
#5090=CARTESIAN_POINT('Origin',(182.570153429345,-12.,27.0823612821185));
#5091=CARTESIAN_POINT('',(-8.67984657065484,-10.,27.0823612821185));
#5092=CARTESIAN_POINT('Origin',(-40.,-11.3709917711563,40.));
#5093=CARTESIAN_POINT('',(-10.,-11.3709917711563,10.));
#5094=CARTESIAN_POINT('',(-10.,-11.3709917711563,10.));
#5095=CARTESIAN_POINT('',(-30.,-11.3709917711563,10.));
#5096=CARTESIAN_POINT('',(-30.,-11.3709917711563,10.));
#5097=CARTESIAN_POINT('',(-70.,-11.3709917711563,20.));
#5098=CARTESIAN_POINT('',(-70.,-11.3709917711563,20.));
#5099=CARTESIAN_POINT('',(-70.,-11.3709917711563,50.));
#5100=CARTESIAN_POINT('Origin',(-10.,-11.3709917711563,70.));
#5101=CARTESIAN_POINT('',(-10.,-10.,20.));
#5102=CARTESIAN_POINT('',(-10.,-10.,49.5411806410593));
#5103=CARTESIAN_POINT('',(-10.,-7.99045289190857,19.3301509639695));
#5104=CARTESIAN_POINT('',(-10.,-18.1169462970203,22.7056487656734));
#5105=CARTESIAN_POINT('',(-10.,-7.99045289190857,10.));
#5106=CARTESIAN_POINT('',(-10.,-7.99045289190858,40.));
#5107=CARTESIAN_POINT('',(-10.,-11.3709917711563,10.));
#5108=CARTESIAN_POINT('Origin',(-72.,61.1290082288437,27.0823612821185));
#5109=CARTESIAN_POINT('',(-70.,278.629008228844,27.0823612821185));
#5110=CARTESIAN_POINT('',(-70.,61.1290082288437,27.0823612821185));
#5111=CARTESIAN_POINT('Origin',(-72.,278.629008228844,27.0823612821185));
#5112=CARTESIAN_POINT('Origin',(-70.,-11.3709917711563,20.));
#5113=CARTESIAN_POINT('',(-70.,278.629008228844,20.));
#5114=CARTESIAN_POINT('',(-70.,-11.3709917711563,20.));
#5115=CARTESIAN_POINT('',(-70.,278.629008228844,50.));
#5116=CARTESIAN_POINT('Origin',(6.21085384933253,42.,18.0823612821185));
#5117=CARTESIAN_POINT('',(6.21085384933253,40.,18.0823612821185));
#5118=CARTESIAN_POINT('',(6.21085384933253,42.,20.0823612821185));
#5119=CARTESIAN_POINT('Origin',(-67.4298465706548,40.,11.1434893733929));
#5120=CARTESIAN_POINT('',(-10.,40.,24.9022299356562));
#5121=CARTESIAN_POINT('Origin',(-8.,40.,24.9022299356562));
#5122=CARTESIAN_POINT('',(-10.,40.,22.));
#5123=CARTESIAN_POINT('',(-10.,40.,40.5717446866964));
#5124=CARTESIAN_POINT('',(-12.,40.,20.));
#5125=CARTESIAN_POINT('Origin',(-12.,40.,22.));
#5126=CARTESIAN_POINT('',(-52.8350653004973,40.,20.));
#5127=CARTESIAN_POINT('',(182.570153429345,40.,11.1434893733929));
#5128=CARTESIAN_POINT('',(-67.4298465706548,40.,11.1434893733929));
#5129=CARTESIAN_POINT('',(182.570153429345,40.,11.1434893733929));
#5130=CARTESIAN_POINT('Origin',(-8.67984657065484,228.,27.0823612821185));
#5131=CARTESIAN_POINT('',(86.4121416056977,230.,27.0823612821185));
#5132=CARTESIAN_POINT('Ctrl Pts',(86.4121416056977,230.,27.0823612821185));
#5133=CARTESIAN_POINT('Ctrl Pts',(86.4121416056977,230.,27.214150316192));
#5134=CARTESIAN_POINT('Ctrl Pts',(86.4359221951045,229.986965964049,27.3415432800594));
#5135=CARTESIAN_POINT('Ctrl Pts',(86.5199909543369,229.94003979955,27.5838538263528));
#5136=CARTESIAN_POINT('Ctrl Pts',(86.5802608744728,229.906111992769,27.6987708292932));
#5137=CARTESIAN_POINT('Ctrl Pts',(86.7963316744323,229.781295025473,28.0203819039747));
#5138=CARTESIAN_POINT('Ctrl Pts',(86.9874720880537,229.66650147392,28.2038912575138));
#5139=CARTESIAN_POINT('Ctrl Pts',(87.4701668558598,229.358020238174,28.5809397242711));
#5140=CARTESIAN_POINT('Ctrl Pts',(87.8158235358506,229.119400226174,28.7658417631187));
#5141=CARTESIAN_POINT('Ctrl Pts',(88.5075024757717,228.585234238528,29.0174746359872));
#5142=CARTESIAN_POINT('Ctrl Pts',(88.8537554195342,228.289119984745,29.0823612821185));
#5143=CARTESIAN_POINT('Ctrl Pts',(89.1614570061718,228.,29.0823612821185));
#5144=CARTESIAN_POINT('',(182.570153429345,230.,27.0823612821185));
#5145=CARTESIAN_POINT('Origin',(182.570153429345,228.,27.0823612821185));
#5146=CARTESIAN_POINT('',(-8.67984657065484,230.,27.0823612821185));
#5147=CARTESIAN_POINT('Origin',(79.8515542693199,218.09175430715,40.0823612821185));
#5148=CARTESIAN_POINT('',(86.4121416056977,230.,18.0823612821185));
#5149=CARTESIAN_POINT('',(86.4121416056977,230.,40.0823612821185));
#5150=CARTESIAN_POINT('',(89.1614570061718,228.,20.0823612821185));
#5151=CARTESIAN_POINT('Ctrl Pts',(86.4121416056977,230.,18.0823612821185));
#5152=CARTESIAN_POINT('Ctrl Pts',(86.4121416056977,230.,18.214150316192));
#5153=CARTESIAN_POINT('Ctrl Pts',(86.4359221951045,229.986965964049,18.3415432800594));
#5154=CARTESIAN_POINT('Ctrl Pts',(86.5199909543369,229.94003979955,18.5838538263528));
#5155=CARTESIAN_POINT('Ctrl Pts',(86.5802608744728,229.906111992769,18.6987708292932));
#5156=CARTESIAN_POINT('Ctrl Pts',(86.7963316744323,229.781295025473,19.0203819039747));
#5157=CARTESIAN_POINT('Ctrl Pts',(86.9874720880537,229.66650147392,19.2038912575138));
#5158=CARTESIAN_POINT('Ctrl Pts',(87.4701668558598,229.358020238174,19.5809397242711));
#5159=CARTESIAN_POINT('Ctrl Pts',(87.8158235358506,229.119400226174,19.7658417631187));
#5160=CARTESIAN_POINT('Ctrl Pts',(88.5075024757717,228.585234238528,20.0174746359872));
#5161=CARTESIAN_POINT('Ctrl Pts',(88.8537554195342,228.289119984745,20.0823612821185));
#5162=CARTESIAN_POINT('Ctrl Pts',(89.1614570061718,228.,20.0823612821185));
#5163=CARTESIAN_POINT('',(70.5416515324681,228.,20.0823612821185));
#5164=CARTESIAN_POINT('Origin',(79.8515542693199,218.09175430715,20.0823612821185));
#5165=CARTESIAN_POINT('',(73.2909669329421,230.,18.0823612821185));
#5166=CARTESIAN_POINT('Ctrl Pts',(70.5416515324681,228.,20.0823612821185));
#5167=CARTESIAN_POINT('Ctrl Pts',(70.8493531191056,228.289119984745,20.0823612821185));
#5168=CARTESIAN_POINT('Ctrl Pts',(71.1956060628681,228.585234238528,20.0174746359871));
#5169=CARTESIAN_POINT('Ctrl Pts',(71.8872850027892,229.119400226174,19.7658417631187));
#5170=CARTESIAN_POINT('Ctrl Pts',(72.2329416827799,229.358020238174,19.5809397242711));
#5171=CARTESIAN_POINT('Ctrl Pts',(72.7156364505861,229.66650147392,19.2038912575138));
#5172=CARTESIAN_POINT('Ctrl Pts',(72.9067768642075,229.781295025473,19.0203819039747));
#5173=CARTESIAN_POINT('Ctrl Pts',(73.122847664167,229.906111992769,18.6987708292932));
#5174=CARTESIAN_POINT('Ctrl Pts',(73.1831175843029,229.94003979955,18.5838538263528));
#5175=CARTESIAN_POINT('Ctrl Pts',(73.2671863435352,229.986965964049,18.3415432800594));
#5176=CARTESIAN_POINT('Ctrl Pts',(73.2909669329421,230.,18.214150316192));
#5177=CARTESIAN_POINT('Ctrl Pts',(73.2909669329421,230.,18.0823612821185));
#5178=CARTESIAN_POINT('',(73.2909669329421,230.,27.0823612821185));
#5179=CARTESIAN_POINT('',(73.2909669329421,230.,40.0823612821185));
#5180=CARTESIAN_POINT('',(70.5416515324681,228.,29.0823612821185));
#5181=CARTESIAN_POINT('Ctrl Pts',(70.541651532468,228.,29.0823612821185));
#5182=CARTESIAN_POINT('Ctrl Pts',(70.8493531191056,228.289119984745,29.0823612821185));
#5183=CARTESIAN_POINT('Ctrl Pts',(71.1956060628681,228.585234238528,29.0174746359872));
#5184=CARTESIAN_POINT('Ctrl Pts',(71.8872850027892,229.119400226174,28.7658417631187));
#5185=CARTESIAN_POINT('Ctrl Pts',(72.2329416827799,229.358020238174,28.5809397242711));
#5186=CARTESIAN_POINT('Ctrl Pts',(72.7156364505861,229.66650147392,28.2038912575138));
#5187=CARTESIAN_POINT('Ctrl Pts',(72.9067768642075,229.781295025473,28.0203819039747));
#5188=CARTESIAN_POINT('Ctrl Pts',(73.122847664167,229.906111992769,27.6987708292932));
#5189=CARTESIAN_POINT('Ctrl Pts',(73.1831175843029,229.94003979955,27.5838538263528));
#5190=CARTESIAN_POINT('Ctrl Pts',(73.2671863435352,229.986965964049,27.3415432800594));
#5191=CARTESIAN_POINT('Ctrl Pts',(73.2909669329421,230.,27.214150316192));
#5192=CARTESIAN_POINT('Ctrl Pts',(73.2909669329421,230.,27.0823612821185));
#5193=CARTESIAN_POINT('',(67.6924679085915,224.174865398678,29.0823612821185));
#5194=CARTESIAN_POINT('Origin',(79.8515542693199,218.09175430715,29.0823612821185));
#5195=CARTESIAN_POINT('',(67.6924679085915,224.174865398678,40.0823612821185));
#5196=CARTESIAN_POINT('',(67.6924679085915,224.174865398678,40.0823612821185));
#5197=CARTESIAN_POINT('',(92.0106406300483,224.174865398678,40.0823612821185));
#5198=CARTESIAN_POINT('Origin',(79.8515542693199,218.09175430715,40.0823612821185));
#5199=CARTESIAN_POINT('',(92.0106406300483,224.174865398678,40.0823612821185));
#5200=CARTESIAN_POINT('',(88.4061152115348,207.524488399383,29.0286815034331));
#5201=CARTESIAN_POINT('',(80.4061152115348,204.507201173502,37.0286815034331));
#5202=CARTESIAN_POINT('Ctrl Pts',(88.4061152115348,207.524488399383,29.0286815034331));
#5203=CARTESIAN_POINT('Ctrl Pts',(88.4061152115348,207.524488399383,30.0705106585147));
#5204=CARTESIAN_POINT('Ctrl Pts',(88.1921262025741,207.342966054717,31.1492310293914));
#5205=CARTESIAN_POINT('Ctrl Pts',(87.3735162466983,206.755015519164,33.0998065155484));
#5206=CARTESIAN_POINT('Ctrl Pts',(86.7690496079679,206.361484952849,33.9755907435096));
#5207=CARTESIAN_POINT('Ctrl Pts',(85.3866679193486,205.649249336193,35.365623745344));
#5208=CARTESIAN_POINT('Ctrl Pts',(84.5061889879769,205.27667602095,35.9807078537788));
#5209=CARTESIAN_POINT('Ctrl Pts',(82.538329405257,204.724888661224,36.8129568145271));
#5210=CARTESIAN_POINT('Ctrl Pts',(81.4491906170971,204.54978254324,37.0286815034331));
#5211=CARTESIAN_POINT('Ctrl Pts',(80.4061152115348,204.507201173502,37.0286815034331));
#5212=CARTESIAN_POINT('Ctrl Pts',(80.4061152115348,204.507201173502,37.0286815034331));
#5213=CARTESIAN_POINT('Ctrl Pts',(79.384960305267,204.465514662257,37.0286815034331));
#5214=CARTESIAN_POINT('Ctrl Pts',(78.3062984173954,204.547124942085,36.8210611927923));
#5215=CARTESIAN_POINT('Ctrl Pts',(76.3439072625904,204.918250140489,36.0021221795541));
#5216=CARTESIAN_POINT('Ctrl Pts',(75.4588643436405,205.203158368989,35.3918710315024));
#5217=CARTESIAN_POINT('Ctrl Pts',(74.0575248743167,205.768818743822,33.9970459743596));
#5218=CARTESIAN_POINT('Ctrl Pts',(73.443784010911,206.091088358101,33.1106291833895));
#5219=CARTESIAN_POINT('Ctrl Pts',(72.6178571787582,206.570072259327,31.1451301699326));
#5220=CARTESIAN_POINT('Ctrl Pts',(72.4061152115348,206.715768243677,30.0631927619468));
#5221=CARTESIAN_POINT('Ctrl Pts',(72.4061152115348,206.715768243677,27.9941702449195));
#5222=CARTESIAN_POINT('Ctrl Pts',(72.6178571787582,206.570072259327,26.9122328369337));
#5223=CARTESIAN_POINT('Ctrl Pts',(73.443784010911,206.091088358101,24.9467338234768));
#5224=CARTESIAN_POINT('Ctrl Pts',(74.0575248743167,205.768818743822,24.0603170325067));
#5225=CARTESIAN_POINT('Ctrl Pts',(75.4588643436405,205.203158368989,22.6654919753639));
#5226=CARTESIAN_POINT('Ctrl Pts',(76.3439072625904,204.918250140489,22.0552408273122));
#5227=CARTESIAN_POINT('Ctrl Pts',(78.3062984173954,204.547124942085,21.236301814074));
#5228=CARTESIAN_POINT('Ctrl Pts',(79.384960305267,204.465514662257,21.0286815034331));
#5229=CARTESIAN_POINT('Ctrl Pts',(81.4491906170971,204.54978254324,21.0286815034331));
#5230=CARTESIAN_POINT('Ctrl Pts',(82.5383294052571,204.724888661224,21.2444061923392));
#5231=CARTESIAN_POINT('Ctrl Pts',(84.5061889879769,205.27667602095,22.0766551530875));
#5232=CARTESIAN_POINT('Ctrl Pts',(85.3866679193486,205.649249336193,22.6917392615223));
#5233=CARTESIAN_POINT('Ctrl Pts',(86.7690496079679,206.361484952849,24.0817722633566));
#5234=CARTESIAN_POINT('Ctrl Pts',(87.3735162466983,206.755015519164,24.9575564913179));
#5235=CARTESIAN_POINT('Ctrl Pts',(88.1921262025741,207.342966054717,26.9081319774749));
#5236=CARTESIAN_POINT('Ctrl Pts',(88.4061152115348,207.524488399383,27.9868523483516));
#5237=CARTESIAN_POINT('Ctrl Pts',(88.4061152115348,207.524488399383,29.0286815034331));
#5238=CARTESIAN_POINT('Origin',(-67.4298465706548,230.,29.0823612821185));
#5239=CARTESIAN_POINT('',(182.570153429345,230.,5.));
#5240=CARTESIAN_POINT('',(182.570153429345,230.,5.));
#5241=CARTESIAN_POINT('',(-67.4298465706548,230.,5.));
#5242=CARTESIAN_POINT('',(-67.4298465706548,230.,5.));
#5243=CARTESIAN_POINT('',(-67.4298465706548,230.,19.3574616426637));
#5244=CARTESIAN_POINT('',(-67.4298465706548,230.,5.));
#5245=CARTESIAN_POINT('',(-30.,230.,10.));
#5246=CARTESIAN_POINT('',(-49.8590291252633,230.,14.9647572813158));
#5247=CARTESIAN_POINT('',(-11.4641016151378,230.,10.));
#5248=CARTESIAN_POINT('',(-38.7149232853274,230.,10.));
#5249=CARTESIAN_POINT('',(-8.,230.,12.));
#5250=CARTESIAN_POINT('Ctrl Pts',(-8.,230.,12.));
#5251=CARTESIAN_POINT('Ctrl Pts',(-8.27709822208096,230.,11.722901777919));
#5252=CARTESIAN_POINT('Ctrl Pts',(-8.58155067196296,230.,11.4173180252879));
#5253=CARTESIAN_POINT('Ctrl Pts',(-9.22971292230169,230.,10.8578775365535));
#5254=CARTESIAN_POINT('Ctrl Pts',(-9.57551811363875,230.,10.6064531055631));
#5255=CARTESIAN_POINT('Ctrl Pts',(-10.1450253145856,230.,10.2999378216496));
#5256=CARTESIAN_POINT('Ctrl Pts',(-10.4018829341513,230.,10.1891622617136));
#5257=CARTESIAN_POINT('Ctrl Pts',(-10.9339020518596,230.,10.0389086562628));
#5258=CARTESIAN_POINT('Ctrl Pts',(-11.2092241932622,230.,10.));
#5259=CARTESIAN_POINT('Ctrl Pts',(-11.4641016151378,230.,10.));
#5260=CARTESIAN_POINT('',(-8.,230.,27.0823612821185));
#5261=CARTESIAN_POINT('',(-8.,230.,49.5411806410593));
#5262=CARTESIAN_POINT('',(-8.67984657065484,230.,27.0823612821185));
#5263=CARTESIAN_POINT('',(6.21085384933253,230.,18.0823612821185));
#5264=CARTESIAN_POINT('Origin',(6.21085384933253,228.,18.0823612821185));
#5265=CARTESIAN_POINT('',(6.21085384933253,228.,20.0823612821185));
#5266=CARTESIAN_POINT('Origin',(-8.67984657065484,228.,27.0823612821185));
#5267=CARTESIAN_POINT('',(-8.,228.,29.0823612821185));
#5268=CARTESIAN_POINT('Origin',(-8.,228.,27.0823612821185));
#5269=CARTESIAN_POINT('',(-8.67984657065484,228.,29.0823612821185));
#5270=CARTESIAN_POINT('Origin',(-8.,228.,27.0823612821185));
#5271=CARTESIAN_POINT('',(-10.,228.,27.0823612821185));
#5272=CARTESIAN_POINT('Origin',(-8.,228.,27.0823612821185));
#5273=CARTESIAN_POINT('Origin',(-8.,228.,27.0823612821185));
#5274=CARTESIAN_POINT('Origin',(-8.,61.1290082288437,27.0823612821185));
#5275=CARTESIAN_POINT('',(-10.,173.534533319386,27.0823612821185));
#5276=CARTESIAN_POINT('',(-10.,61.1290082288437,27.0823612821185));
#5277=CARTESIAN_POINT('',(-8.,171.534533319386,29.0823612821185));
#5278=CARTESIAN_POINT('Origin',(-8.,173.534533319386,27.0823612821185));
#5279=CARTESIAN_POINT('',(-8.,61.1290082288437,29.0823612821185));
#5280=CARTESIAN_POINT('Origin',(-8.,228.,49.5411806410593));
#5281=CARTESIAN_POINT('',(-10.,228.,12.));
#5282=CARTESIAN_POINT('Origin',(-8.,228.,12.));
#5283=CARTESIAN_POINT('',(-10.,228.,49.5411806410593));
#5284=CARTESIAN_POINT('Origin',(-12.,2.38486153524956,22.));
#5285=CARTESIAN_POINT('',(-10.,42.2718825752193,22.));
#5286=CARTESIAN_POINT('',(-10.,2.38486153524956,22.));
#5287=CARTESIAN_POINT('',(-12.,40.2718825752193,20.));
#5288=CARTESIAN_POINT('Origin',(-12.,42.2718825752193,22.));
#5289=CARTESIAN_POINT('',(-12.,2.38486153524956,20.));
#5290=CARTESIAN_POINT('Origin',(-38.2402840303397,16.1407148416554,20.));
#5291=CARTESIAN_POINT('',(-66.4805680606795,40.2718825752193,20.));
#5292=CARTESIAN_POINT('',(-66.4805680606795,40.2718825752193,20.));
#5293=CARTESIAN_POINT('',(-66.4805680606795,-7.99045289190857,20.));
#5294=CARTESIAN_POINT('',(-66.4805680606795,-7.99045289190858,20.));
#5295=CARTESIAN_POINT('',(-10.,-7.99045289190858,20.));
#5296=CARTESIAN_POINT('Origin',(-12.,-11.3709917711563,12.));
#5297=CARTESIAN_POINT('',(-10.,42.2718825752193,12.));
#5298=CARTESIAN_POINT('',(-12.,40.2718825752193,10.));
#5299=CARTESIAN_POINT('Origin',(-12.,42.2718825752193,12.));
#5300=CARTESIAN_POINT('',(-10.,-11.3709917711563,12.));
#5301=CARTESIAN_POINT('',(-12.,228.,10.));
#5302=CARTESIAN_POINT('Origin',(-12.,228.,12.));
#5303=CARTESIAN_POINT('',(-12.,-11.3709917711563,10.));
#5304=CARTESIAN_POINT('Origin',(-8.,228.,12.));
#5305=CARTESIAN_POINT('Origin',(-8.,228.,10.));
#5306=CARTESIAN_POINT('Origin',(-10.,-11.3709917711563,70.));
#5307=CARTESIAN_POINT('',(-10.,96.4654666806137,18.0823612821185));
#5308=CARTESIAN_POINT('',(-10.,96.4654666806137,40.0823612821185));
#5309=CARTESIAN_POINT('',(-10.,122.181004972712,18.0823612821185));
#5310=CARTESIAN_POINT('',(-10.,48.9761220277534,18.0823612821185));
#5311=CARTESIAN_POINT('',(-10.,122.181004972702,27.4961129628957));
#5312=CARTESIAN_POINT('',(-10.,122.181004972712,40.0823612821185));
#5313=CARTESIAN_POINT('',(-10.,129.890752260387,29.0823612821185));
#5314=CARTESIAN_POINT('Ctrl Pts',(-9.99999999999999,129.890752260387,29.0823612821185));
#5315=CARTESIAN_POINT('Ctrl Pts',(-9.99999999999999,129.890752260387,29.0250864578339));
#5316=CARTESIAN_POINT('Ctrl Pts',(-9.99999999999999,129.80947520044,28.9336443020873));
#5317=CARTESIAN_POINT('Ctrl Pts',(-9.99999999999999,129.613979930717,28.8196014557711));
#5318=CARTESIAN_POINT('Ctrl Pts',(-9.99999999999999,129.240958016594,28.6751092988713));
#5319=CARTESIAN_POINT('Ctrl Pts',(-9.99999999999999,128.471208010567,28.4665475202673));
#5320=CARTESIAN_POINT('Ctrl Pts',(-9.99999999999999,127.356471368196,28.2396374394078));
#5321=CARTESIAN_POINT('Ctrl Pts',(-9.99999999999999,126.011497397408,28.0082870846104));
#5322=CARTESIAN_POINT('Ctrl Pts',(-9.99999999999999,124.288519895462,27.7501441689069));
#5323=CARTESIAN_POINT('Ctrl Pts',(-9.99999999999999,123.009208262811,27.5879323344533));
#5324=CARTESIAN_POINT('Ctrl Pts',(-9.99999999999999,122.181013191473,27.4960388903242));
#5325=CARTESIAN_POINT('',(-10.,129.890752260387,42.0823612821185));
#5326=CARTESIAN_POINT('',(-10.,129.890752260387,26.5823612821185));
#5327=CARTESIAN_POINT('',(-10.,140.109247739613,42.0823612821185));
#5328=CARTESIAN_POINT('',(-10.,21.8145041144219,42.0823612821185));
#5329=CARTESIAN_POINT('',(-10.,140.109247739613,29.0823612821185));
#5330=CARTESIAN_POINT('',(-10.,140.109247739613,26.5823612821185));
#5331=CARTESIAN_POINT('',(-10.,147.818995027323,27.4961129628903));
#5332=CARTESIAN_POINT('Ctrl Pts',(-10.,147.818900235967,27.4952587278509));
#5333=CARTESIAN_POINT('Ctrl Pts',(-9.99999999999999,146.535552906088,27.6366808706945));
#5334=CARTESIAN_POINT('Ctrl Pts',(-9.99999999999999,144.80338558277,27.8699873927984));
#5335=CARTESIAN_POINT('Ctrl Pts',(-9.99999999999999,142.641910427736,28.2383797089609));
#5336=CARTESIAN_POINT('Ctrl Pts',(-9.99999999999999,141.527930695041,28.4670666815311));
#5337=CARTESIAN_POINT('Ctrl Pts',(-9.99999999999999,140.759326397841,28.6749151019492));
#5338=CARTESIAN_POINT('Ctrl Pts',(-9.99999999999999,140.386341065618,28.8195569837633));
#5339=CARTESIAN_POINT('Ctrl Pts',(-9.99999999999999,140.189964272175,28.9337931517941));
#5340=CARTESIAN_POINT('Ctrl Pts',(-9.99999999999999,140.109247739613,29.025504768489));
#5341=CARTESIAN_POINT('Ctrl Pts',(-9.99999999999999,140.109247739613,29.0823612821185));
#5342=CARTESIAN_POINT('',(-10.,147.818995027288,18.0823612821185));
#5343=CARTESIAN_POINT('',(-10.,147.818995027288,40.0823612821185));
#5344=CARTESIAN_POINT('',(-10.,173.534533319386,18.0823612821185));
#5345=CARTESIAN_POINT('',(-10.,74.6528862010904,18.0823612821185));
#5346=CARTESIAN_POINT('',(-10.,173.534533319386,40.0823612821185));
#5347=CARTESIAN_POINT('',(-10.,42.2718825752193,40.));
#5348=CARTESIAN_POINT('Origin',(-10.,40.,26.9022299356562));
#5349=CARTESIAN_POINT('Origin',(-12.,42.2718825752193,40.));
#5350=CARTESIAN_POINT('',(-12.,40.2718825752193,40.));
#5351=CARTESIAN_POINT('Origin',(-10.,-11.3709917711563,10.));
#5352=CARTESIAN_POINT('',(-30.,40.2718825752193,10.));
#5353=CARTESIAN_POINT('',(-30.,-11.3709917711563,10.));
#5354=CARTESIAN_POINT('',(-10.,40.2718825752193,10.));
#5355=CARTESIAN_POINT('Ctrl Pts',(-9.99662623195102,140.225363076796,29.0823620291371));
#5356=CARTESIAN_POINT('Ctrl Pts',(-9.99662623339362,140.225367006423,29.0823612821185));
#5357=CARTESIAN_POINT('Ctrl Pts',(-9.99184289528999,140.307640018227,29.0823612821185));
#5358=CARTESIAN_POINT('Ctrl Pts',(-9.97985840453274,140.507741919489,29.0823612821185));
#5359=CARTESIAN_POINT('Ctrl Pts',(-9.95613121599602,140.88762502986,29.0823612821185));
#5360=CARTESIAN_POINT('Ctrl Pts',(-9.90293986648376,141.669610009933,29.0823612821185));
#5361=CARTESIAN_POINT('Ctrl Pts',(-9.81318214908067,142.800220979857,29.0823612821185));
#5362=CARTESIAN_POINT('Ctrl Pts',(-9.55635713568971,145.515697993427,29.0823612821185));
#5363=CARTESIAN_POINT('Ctrl Pts',(-9.25437895464852,147.783629508415,29.0823612821185));
#5364=CARTESIAN_POINT('Ctrl Pts',(-8.96074221923514,149.5731256918,29.0823612821185));
#5365=CARTESIAN_POINT('Ctrl Pts',(-9.99775050598066,140.206035570715,29.0823612821185));
#5366=CARTESIAN_POINT('Ctrl Pts',(-9.99775050598066,140.206035570715,29.0728958587978));
#5367=CARTESIAN_POINT('Ctrl Pts',(-9.99456008581564,140.288080430569,29.0576491715362));
#5368=CARTESIAN_POINT('Ctrl Pts',(-9.98656091111519,140.487643300644,29.0388272890147));
#5369=CARTESIAN_POINT('Ctrl Pts',(-9.97070724408146,140.866552444584,29.0153442731686));
#5370=CARTESIAN_POINT('Ctrl Pts',(-9.93504895404523,141.646739031669,28.9828082214105));
#5371=CARTESIAN_POINT('Ctrl Pts',(-9.87459018070203,142.77550802468,28.9499988305223));
#5372=CARTESIAN_POINT('Ctrl Pts',(-9.69965714191228,145.488944350484,28.8951127828323));
#5373=CARTESIAN_POINT('Ctrl Pts',(-9.48926316903356,147.761734098182,28.8861683845003));
#5374=CARTESIAN_POINT('Ctrl Pts',(-9.27347990055152,149.55773175522,28.9117671332317));
#5375=CARTESIAN_POINT('Ctrl Pts',(-9.99943750582504,140.167340041382,29.0823612821185));
#5376=CARTESIAN_POINT('Ctrl Pts',(-9.99943750582504,140.167340041382,29.0539490209465));
#5377=CARTESIAN_POINT('Ctrl Pts',(-9.99864071165928,140.248881960815,29.0081531356015));
#5378=CARTESIAN_POINT('Ctrl Pts',(-9.99663855364733,140.447244385142,28.9513643722258));
#5379=CARTESIAN_POINT('Ctrl Pts',(-9.99266786695041,140.823943986481,28.8799895873146));
#5380=CARTESIAN_POINT('Ctrl Pts',(-9.98370057682955,141.599892972527,28.7792926624286));
#5381=CARTESIAN_POINT('Ctrl Pts',(-9.96841175252462,142.72361229696,28.6730454467942));
#5382=CARTESIAN_POINT('Ctrl Pts',(-9.92310511986398,145.428742065918,28.4769731416309));
#5383=CARTESIAN_POINT('Ctrl Pts',(-9.86740423284227,147.704829576642,28.3957318022144));
#5384=CARTESIAN_POINT('Ctrl Pts',(-9.80443304367286,149.511557009093,28.4000629648699));
#5385=CARTESIAN_POINT('Ctrl Pts',(-9.99999999999999,140.128611840299,29.0823612821185));
#5386=CARTESIAN_POINT('Ctrl Pts',(-9.99999999999999,140.128611840299,29.0349861860689));
#5387=CARTESIAN_POINT('Ctrl Pts',(-9.99999841210303,140.209603470042,28.9585794325379));
#5388=CARTESIAN_POINT('Ctrl Pts',(-9.99999679480309,140.406642106441,28.8634920098109));
#5389=CARTESIAN_POINT('Ctrl Pts',(-9.99998964618614,140.780865398849,28.7432705901207));
#5390=CARTESIAN_POINT('Ctrl Pts',(-9.99995948975943,141.55191728995,28.5711324871203));
#5391=CARTESIAN_POINT('Ctrl Pts',(-9.9998882516785,142.669142541746,28.3832390134506));
#5392=CARTESIAN_POINT('Ctrl Pts',(-9.99997257534206,145.361558828056,28.0127131742416));
#5393=CARTESIAN_POINT('Ctrl Pts',(-9.99943888889673,147.633395427275,27.7980303982309));
#5394=CARTESIAN_POINT('Ctrl Pts',(-10.,149.447524335212,27.6904589305256));
#5395=CARTESIAN_POINT('Ctrl Pts',(-9.99999999999999,140.109247739613,29.0823612821185));
#5396=CARTESIAN_POINT('Ctrl Pts',(-9.99999999999999,140.109247739613,29.025504768489));
#5397=CARTESIAN_POINT('Ctrl Pts',(-9.99999999999999,140.189964272175,28.9337931517941));
#5398=CARTESIAN_POINT('Ctrl Pts',(-9.99999999999999,140.386341065618,28.8195569837633));
#5399=CARTESIAN_POINT('Ctrl Pts',(-9.99999999999999,140.759326397841,28.6749151019492));
#5400=CARTESIAN_POINT('Ctrl Pts',(-9.99999999999999,141.527930695041,28.4670666815311));
#5401=CARTESIAN_POINT('Ctrl Pts',(-9.99999999999999,142.641910427736,28.2383797089609));
#5402=CARTESIAN_POINT('Ctrl Pts',(-9.99999999999999,145.327965863506,27.7805802376047));
#5403=CARTESIAN_POINT('Ctrl Pts',(-10.,147.597679057221,27.4993621257081));
#5404=CARTESIAN_POINT('Ctrl Pts',(-10.,149.415478410152,27.3353290206053));
#5405=CARTESIAN_POINT('',(-8.96074221923514,149.5731256918,29.0823612821185));
#5406=CARTESIAN_POINT('Ctrl Pts',(-8.96074221923526,149.573125691799,29.0823612821185));
#5407=CARTESIAN_POINT('Ctrl Pts',(-9.06098173197959,149.518224233272,29.0321909056666));
#5408=CARTESIAN_POINT('Ctrl Pts',(-9.15389707151951,149.456169590899,28.9755365081811));
#5409=CARTESIAN_POINT('Ctrl Pts',(-9.44322123554716,149.227773788102,28.7673024034173));
#5410=CARTESIAN_POINT('Ctrl Pts',(-9.60432071553659,149.036335773423,28.5932336454219));
#5411=CARTESIAN_POINT('Ctrl Pts',(-9.81917608899538,148.670957028934,28.2623385499052));
#5412=CARTESIAN_POINT('Ctrl Pts',(-9.88903181664859,148.500077970393,28.1080166408414));
#5413=CARTESIAN_POINT('Ctrl Pts',(-9.97774665086265,148.161688640305,27.8033538884128));
#5414=CARTESIAN_POINT('Ctrl Pts',(-9.9994597534092,147.993360260733,27.6522239767939));
#5415=CARTESIAN_POINT('Ctrl Pts',(-9.99999668093746,147.823202330745,27.4998796143985));
#5416=CARTESIAN_POINT('Ctrl Pts',(-10.,147.821098694731,27.4979962700681));
#5417=CARTESIAN_POINT('Ctrl Pts',(-10.,147.818995027287,27.4961129628982));
#5418=CARTESIAN_POINT('',(-9.99662623339365,140.225367006422,29.0823612821185));
#5419=CARTESIAN_POINT('Origin',(-8.,140.109247739613,29.0823612821185));
#5420=CARTESIAN_POINT('Origin',(79.8515542693199,135.,29.0823612821185));
#5421=CARTESIAN_POINT('Origin',(-8.,147.818995027288,40.0823612821185));
#5422=CARTESIAN_POINT('',(-8.96074221923513,149.5731256918,40.0823612821185));
#5423=CARTESIAN_POINT('',(-8.96074221923523,149.573125691799,40.0823612821185));
#5424=CARTESIAN_POINT('',(-6.86808480437894,149.467863727313,40.0823612821185));
#5425=CARTESIAN_POINT('Origin',(-8.,147.818995027288,40.0823612821185));
#5426=CARTESIAN_POINT('',(-6.86808480437894,149.467863727313,20.0823612821185));
#5427=CARTESIAN_POINT('',(-6.86808480437894,149.467863727313,40.0823612821185));
#5428=CARTESIAN_POINT('',(-8.,149.818995027288,20.0823612821185));
#5429=CARTESIAN_POINT('Origin',(-8.,147.818995027288,20.0823612821185));
#5430=CARTESIAN_POINT('Origin',(-8.,147.818995027288,18.0823612821185));
#5431=CARTESIAN_POINT('Ctrl Pts',(-8.96074221923514,120.4268743082,29.0823612821185));
#5432=CARTESIAN_POINT('Ctrl Pts',(-9.18074712985545,121.767639615806,29.0823612821185));
#5433=CARTESIAN_POINT('Ctrl Pts',(-9.43523550456926,123.573372692586,29.0823612821185));
#5434=CARTESIAN_POINT('Ctrl Pts',(-9.68437321195169,125.838456892933,29.0823612821185));
#5435=CARTESIAN_POINT('Ctrl Pts',(-9.81309487157717,127.198122603906,29.0823612821185));
#5436=CARTESIAN_POINT('Ctrl Pts',(-9.90287229600011,128.329516372772,29.0823612821185));
#5437=CARTESIAN_POINT('Ctrl Pts',(-9.95615263676913,129.112663650373,29.0823612821185));
#5438=CARTESIAN_POINT('Ctrl Pts',(-9.97987785686563,129.492585213905,29.0823612821185));
#5439=CARTESIAN_POINT('Ctrl Pts',(-9.99180848001209,129.691788827325,29.0823612821185));
#5440=CARTESIAN_POINT('Ctrl Pts',(-9.99662623339362,129.774632993578,29.0823612821185));
#5441=CARTESIAN_POINT('Ctrl Pts',(-9.99662623195102,129.774636923204,29.0823620291371));
#5442=CARTESIAN_POINT('Ctrl Pts',(-9.27347990055152,120.44226824478,28.9117671332317));
#5443=CARTESIAN_POINT('Ctrl Pts',(-9.43515374094794,121.787904728086,28.8925874811398));
#5444=CARTESIAN_POINT('Ctrl Pts',(-9.61517728920813,123.598317911173,28.8922576476406));
#5445=CARTESIAN_POINT('Ctrl Pts',(-9.78685438536489,125.8641468984,28.9222978525497));
#5446=CARTESIAN_POINT('Ctrl Pts',(-9.87448530032637,127.222877133749,28.9502298258691));
#5447=CARTESIAN_POINT('Ctrl Pts',(-9.93501580613004,128.352381008428,28.9827253640199));
#5448=CARTESIAN_POINT('Ctrl Pts',(-9.97071634003269,129.133738035983,29.015373340293));
#5449=CARTESIAN_POINT('Ctrl Pts',(-9.9865739961503,129.512682795302,29.0388342551582));
#5450=CARTESIAN_POINT('Ctrl Pts',(-9.99453664114531,129.711350139606,29.0576248374664));
#5451=CARTESIAN_POINT('Ctrl Pts',(-9.99775050598066,129.793964429285,29.0728262188009));
#5452=CARTESIAN_POINT('Ctrl Pts',(-9.99775050598066,129.793964429285,29.0823612821185));
#5453=CARTESIAN_POINT('Ctrl Pts',(-9.80443814666967,120.488442719193,28.400065975973));
#5454=CARTESIAN_POINT('Ctrl Pts',(-9.85161879259726,121.84211839854,28.396820887951));
#5455=CARTESIAN_POINT('Ctrl Pts',(-9.9005170728953,123.657323109482,28.4461995361898));
#5456=CARTESIAN_POINT('Ctrl Pts',(-9.94579350145395,125.920157776949,28.5744189741218));
#5457=CARTESIAN_POINT('Ctrl Pts',(-9.9683536225397,127.27480868405,28.6737380512119));
#5458=CARTESIAN_POINT('Ctrl Pts',(-9.98369649316622,128.399226351864,28.7790250619874));
#5459=CARTESIAN_POINT('Ctrl Pts',(-9.99267105856511,129.176346063794,28.8800895532343));
#5460=CARTESIAN_POINT('Ctrl Pts',(-9.99664207893023,129.553079611751,28.9513859616515));
#5461=CARTESIAN_POINT('Ctrl Pts',(-9.99863496306905,129.750552095584,29.0080801564902));
#5462=CARTESIAN_POINT('Ctrl Pts',(-9.9994375058791,129.832659958616,29.0537399833037));
#5463=CARTESIAN_POINT('Ctrl Pts',(-9.9994375058791,129.832659958616,29.0823612821185));
#5464=CARTESIAN_POINT('Ctrl Pts',(-9.99999999999999,120.552475664788,27.6904589305256));
#5465=CARTESIAN_POINT('Ctrl Pts',(-9.99957959211762,121.911696838809,27.7710559685783));
#5466=CARTESIAN_POINT('Ctrl Pts',(-9.99994724960646,123.726065226652,27.929422958449));
#5467=CARTESIAN_POINT('Ctrl Pts',(-9.99982296397992,125.981053255404,28.1969560974135));
#5468=CARTESIAN_POINT('Ctrl Pts',(-9.99989694200649,127.329252390275,28.3843129368002));
#5469=CARTESIAN_POINT('Ctrl Pts',(-9.99996229562367,128.447214847426,28.5706973005183));
#5470=CARTESIAN_POINT('Ctrl Pts',(-9.99998590271695,129.219420988236,28.7434326761724));
#5471=CARTESIAN_POINT('Ctrl Pts',(-9.99999663067578,129.593679892718,28.8635288072866));
#5472=CARTESIAN_POINT('Ctrl Pts',(-9.99999803638228,129.789834206354,28.9584557998839));
#5473=CARTESIAN_POINT('Ctrl Pts',(-9.99999999999999,129.871388159701,29.0346376330853));
#5474=CARTESIAN_POINT('Ctrl Pts',(-9.99999999999999,129.871388159701,29.0823612821185));
#5475=CARTESIAN_POINT('Ctrl Pts',(-9.99999999999999,120.584521589848,27.3353290206053));
#5476=CARTESIAN_POINT('Ctrl Pts',(-9.99999999999999,121.946492814614,27.4582294764223));
#5477=CARTESIAN_POINT('Ctrl Pts',(-9.99999999999999,123.760441263226,27.6710254585975));
#5478=CARTESIAN_POINT('Ctrl Pts',(-9.99999999999999,126.011497397408,28.0082870846104));
#5479=CARTESIAN_POINT('Ctrl Pts',(-9.99999999999999,127.356471368196,28.2396374394078));
#5480=CARTESIAN_POINT('Ctrl Pts',(-9.99999999999999,128.471208010567,28.4665475202673));
#5481=CARTESIAN_POINT('Ctrl Pts',(-9.99999999999999,129.240958016594,28.6751092988713));
#5482=CARTESIAN_POINT('Ctrl Pts',(-9.99999999999999,129.613979930717,28.8196014557711));
#5483=CARTESIAN_POINT('Ctrl Pts',(-9.99999999999999,129.80947520044,28.9336443020873));
#5484=CARTESIAN_POINT('Ctrl Pts',(-9.99999999999999,129.890752260387,29.0250864578339));
#5485=CARTESIAN_POINT('Ctrl Pts',(-9.99999999999999,129.890752260387,29.0823612821185));
#5486=CARTESIAN_POINT('',(-9.99662623339365,129.774632993578,29.0823612821185));
#5487=CARTESIAN_POINT('Origin',(-8.,129.890752260387,29.0823612821185));
#5488=CARTESIAN_POINT('',(-8.96074221923515,120.4268743082,29.0823612821185));
#5489=CARTESIAN_POINT('Ctrl Pts',(-10.,122.181004972713,27.4961129628981));
#5490=CARTESIAN_POINT('Ctrl Pts',(-10.,122.178901327478,27.4979962501855));
#5491=CARTESIAN_POINT('Ctrl Pts',(-9.99999668100752,122.176797713666,27.4998795746382));
#5492=CARTESIAN_POINT('Ctrl Pts',(-9.99927278453443,121.947384954599,27.7052754705724));
#5493=CARTESIAN_POINT('Ctrl Pts',(-9.95980043267513,121.719242220534,27.9103199778977));
#5494=CARTESIAN_POINT('Ctrl Pts',(-9.79718972870074,121.269743449081,28.3158192638727));
#5495=CARTESIAN_POINT('Ctrl Pts',(-9.66829666558153,121.046385278273,28.5181831920018));
#5496=CARTESIAN_POINT('Ctrl Pts',(-9.34711601893139,120.68699019894,28.8449024263331));
#5497=CARTESIAN_POINT('Ctrl Pts',(-9.16999789696075,120.541484221974,28.9776277709635));
#5498=CARTESIAN_POINT('Ctrl Pts',(-8.96074221923527,120.426874308201,29.0823612821185));
#5499=CARTESIAN_POINT('Origin',(79.8515542693199,135.,29.0823612821185));
#5500=CARTESIAN_POINT('Origin',(-8.,122.181004972712,40.0823612821185));
#5501=CARTESIAN_POINT('',(-8.,120.181004972712,20.0823612821185));
#5502=CARTESIAN_POINT('Origin',(-8.,122.181004972712,18.0823612821185));
#5503=CARTESIAN_POINT('',(-6.86808480437895,120.532136272687,20.0823612821185));
#5504=CARTESIAN_POINT('Origin',(-8.,122.181004972712,20.0823612821185));
#5505=CARTESIAN_POINT('',(-6.86808480437895,120.532136272687,40.0823612821185));
#5506=CARTESIAN_POINT('',(-6.86808480437894,120.532136272687,40.0823612821185));
#5507=CARTESIAN_POINT('',(-8.96074221923513,120.4268743082,40.0823612821185));
#5508=CARTESIAN_POINT('Origin',(-8.,122.181004972712,40.0823612821185));
#5509=CARTESIAN_POINT('',(-8.96074221923523,120.426874308201,40.0823612821185));
#5510=CARTESIAN_POINT('Origin',(-8.,140.109247739613,26.5823612821185));
#5511=CARTESIAN_POINT('',(-9.99662623339364,140.225367006422,42.1984805489278));
#5512=CARTESIAN_POINT('',(-9.99662623339364,140.225367006422,26.5823612821185));
#5513=CARTESIAN_POINT('Origin',(-8.,140.109247739613,42.0823612821185));
#5514=CARTESIAN_POINT('Origin',(-8.,21.8145041144219,42.0823612821185));
#5515=CARTESIAN_POINT('',(-9.99662623339364,129.774632993578,42.1984805489278));
#5516=CARTESIAN_POINT('Origin',(-8.,129.890752260387,42.0823612821185));
#5517=CARTESIAN_POINT('',(-8.,115.452508793588,44.0823612821185));
#5518=CARTESIAN_POINT('Ctrl Pts',(-9.99662623339363,129.774632993578,42.1984805489279));
#5519=CARTESIAN_POINT('Ctrl Pts',(-9.99181517564488,129.691908701775,42.2812048407312));
#5520=CARTESIAN_POINT('Ctrl Pts',(-9.98418221667687,129.563809117336,42.3373322215998));
#5521=CARTESIAN_POINT('Ctrl Pts',(-9.95190763965297,129.040889868255,42.5507380821109));
#5522=CARTESIAN_POINT('Ctrl Pts',(-9.91929733217211,128.563781024119,42.655298392327));
#5523=CARTESIAN_POINT('Ctrl Pts',(-9.84548116298769,127.605907206892,42.8608837388191));
#5524=CARTESIAN_POINT('Ctrl Pts',(-9.80413359564962,127.122612602603,42.9498881904861));
#5525=CARTESIAN_POINT('Ctrl Pts',(-9.60022583006861,124.925728301173,43.330806425843));
#5526=CARTESIAN_POINT('Ctrl Pts',(-9.36487039403211,122.989543871064,43.5873066364281));
#5527=CARTESIAN_POINT('Ctrl Pts',(-8.7592214255588,119.127005611582,43.9668456651096));
#5528=CARTESIAN_POINT('Ctrl Pts',(-8.38881253190554,117.199934326952,44.0823612821185));
#5529=CARTESIAN_POINT('Ctrl Pts',(-7.99999999999999,115.452508793588,44.0823612821185));
#5530=CARTESIAN_POINT('',(-8.,154.547491206412,44.0823612821185));
#5531=CARTESIAN_POINT('',(-8.,21.8145041144219,44.0823612821185));
#5532=CARTESIAN_POINT('Ctrl Pts',(-7.99999999999999,154.547491206412,44.0823612821185));
#5533=CARTESIAN_POINT('Ctrl Pts',(-8.38881253190553,152.800065673048,44.0823612821185));
#5534=CARTESIAN_POINT('Ctrl Pts',(-8.7592214255588,150.872994388418,43.9668456651096));
#5535=CARTESIAN_POINT('Ctrl Pts',(-9.36487039403211,147.010456128936,43.5873066364281));
#5536=CARTESIAN_POINT('Ctrl Pts',(-9.60022583006861,145.074271698827,43.330806425843));
#5537=CARTESIAN_POINT('Ctrl Pts',(-9.80413359564962,142.877387397397,42.9498881904861));
#5538=CARTESIAN_POINT('Ctrl Pts',(-9.84548116298769,142.394092793108,42.8608837388191));
#5539=CARTESIAN_POINT('Ctrl Pts',(-9.91929733217211,141.436218975881,42.655298392327));
#5540=CARTESIAN_POINT('Ctrl Pts',(-9.95190763965297,140.959110131745,42.5507380821109));
#5541=CARTESIAN_POINT('Ctrl Pts',(-9.98418221667687,140.436190882664,42.3373322215998));
#5542=CARTESIAN_POINT('Ctrl Pts',(-9.99181517564488,140.308091298225,42.2812048407312));
#5543=CARTESIAN_POINT('Ctrl Pts',(-9.99662623339363,140.225367006422,42.1984805489279));
#5544=CARTESIAN_POINT('Origin',(-8.,129.890752260387,26.5823612821185));
#5545=CARTESIAN_POINT('',(-9.99662623339364,129.774632993578,26.5823612821185));
#5546=CARTESIAN_POINT('Origin',(139.85155426932,55.,44.0823612821185));
#5547=CARTESIAN_POINT('Origin',(79.8515542693199,135.,44.0823612821185));
#5548=CARTESIAN_POINT('Origin',(79.8515542693199,135.,26.5823612821185));
#5549=CARTESIAN_POINT('',(-1.20141823629834,95.8794728051437,40.0823612821185));
#5550=CARTESIAN_POINT('Origin',(79.8515542693199,135.,40.0823612821185));
#5551=CARTESIAN_POINT('',(-1.20141823629834,95.8794728051437,40.0823612821185));
#5552=CARTESIAN_POINT('',(17.5989760109087,70.0029500655577,30.0823612821185));
#5553=CARTESIAN_POINT('',(17.5989760109087,70.0029500655577,40.0823612821185));
#5554=CARTESIAN_POINT('',(10.,78.2482567125885,30.0823612821185));
#5555=CARTESIAN_POINT('Origin',(79.8515542693199,135.,30.0823612821185));
#5556=CARTESIAN_POINT('',(10.,78.2482567125885,40.0823612821185));
#5557=CARTESIAN_POINT('',(10.,78.2482567125885,26.5823612821185));
#5558=CARTESIAN_POINT('',(37.2727910147125,55.7090867771842,40.0823612821185));
#5559=CARTESIAN_POINT('Origin',(79.8515542693199,135.,40.0823612821185));
#5560=CARTESIAN_POINT('',(37.2727910147125,55.7090867771842,40.0823612821185));
#5561=CARTESIAN_POINT('Origin',(79.8515542693199,135.,40.0823612821185));
#5562=CARTESIAN_POINT('',(122.430317523927,55.7090867771842,40.0823612821185));
#5563=CARTESIAN_POINT('',(122.430317523927,55.7090867771842,40.0823612821185));
#5564=CARTESIAN_POINT('',(148.407,76.6891874463426,40.0823612821185));
#5565=CARTESIAN_POINT('Origin',(79.8515542693199,135.,40.0823612821185));
#5566=CARTESIAN_POINT('',(148.407,76.6891874463426,30.0823612821185));
#5567=CARTESIAN_POINT('',(148.407,76.6891874463426,26.5823612821185));
#5568=CARTESIAN_POINT('',(142.104132527731,70.0029500655577,30.0823612821185));
#5569=CARTESIAN_POINT('Origin',(79.8515542693199,135.,30.0823612821185));
#5570=CARTESIAN_POINT('',(142.104132527731,70.0029500655577,40.0823612821185));
#5571=CARTESIAN_POINT('',(160.904526774938,95.8794728051437,40.0823612821185));
#5572=CARTESIAN_POINT('',(160.904526774938,95.8794728051437,40.0823612821185));
#5573=CARTESIAN_POINT('',(168.419255418014,119.007429436276,40.0823612821185));
#5574=CARTESIAN_POINT('Origin',(79.8515542693199,135.,40.0823612821185));
#5575=CARTESIAN_POINT('',(168.419255418014,119.007429436276,40.0823612821185));
#5576=CARTESIAN_POINT('',(168.419255418014,150.992570563724,30.0823612821185));
#5577=CARTESIAN_POINT('',(168.419255418014,150.992570563724,40.0823612821185));
#5578=CARTESIAN_POINT('',(168.419255418014,150.992570563724,40.0823612821185));
#5579=CARTESIAN_POINT('',(168.419255418014,150.992570563724,40.0823612821185));
#5580=CARTESIAN_POINT('',(160.904526774938,174.120527194856,40.0823612821185));
#5581=CARTESIAN_POINT('Origin',(79.8515542693199,135.,40.0823612821185));
#5582=CARTESIAN_POINT('',(160.904526774938,174.120527194856,30.0823612821185));
#5583=CARTESIAN_POINT('',(160.904526774938,174.120527194856,40.0823612821185));
#5584=CARTESIAN_POINT('',(160.904526774938,174.120527194856,40.0823612821185));
#5585=CARTESIAN_POINT('',(142.104132527731,199.997049934442,30.0823612821185));
#5586=CARTESIAN_POINT('',(142.104132527731,199.997049934442,40.0823612821185));
#5587=CARTESIAN_POINT('',(148.407,193.310812553657,30.0823612821185));
#5588=CARTESIAN_POINT('Origin',(79.8515542693199,135.,30.0823612821185));
#5589=CARTESIAN_POINT('',(148.407,193.310812553657,40.0823612821185));
#5590=CARTESIAN_POINT('',(148.407,193.310812553657,26.5823612821185));
#5591=CARTESIAN_POINT('',(122.430317523927,214.290913222816,40.0823612821185));
#5592=CARTESIAN_POINT('Origin',(79.8515542693199,135.,40.0823612821185));
#5593=CARTESIAN_POINT('',(122.430317523927,214.290913222816,40.0823612821185));
#5594=CARTESIAN_POINT('Origin',(79.8515542693199,135.,40.0823612821185));
#5595=CARTESIAN_POINT('',(37.2727910147124,214.290913222816,29.0823612821185));
#5596=CARTESIAN_POINT('Origin',(79.8515542693199,135.,29.0823612821185));
#5597=CARTESIAN_POINT('',(37.2727910147125,214.290913222816,40.0823612821185));
#5598=CARTESIAN_POINT('',(37.2727910147125,214.290913222816,40.0823612821185));
#5599=CARTESIAN_POINT('',(10.,191.751743287412,40.0823612821185));
#5600=CARTESIAN_POINT('Origin',(79.8515542693199,135.,40.0823612821185));
#5601=CARTESIAN_POINT('',(10.,191.751743287412,30.0823612821185));
#5602=CARTESIAN_POINT('',(10.,191.751743287412,26.5823612821185));
#5603=CARTESIAN_POINT('',(17.5989760109086,199.997049934442,30.0823612821185));
#5604=CARTESIAN_POINT('Origin',(79.8515542693199,135.,30.0823612821185));
#5605=CARTESIAN_POINT('',(17.5989760109087,199.997049934442,29.0823612821185));
#5606=CARTESIAN_POINT('',(17.5989760109086,199.997049934442,40.0823612821185));
#5607=CARTESIAN_POINT('',(-1.20141823629836,174.120527194856,29.0823612821185));
#5608=CARTESIAN_POINT('Origin',(79.8515542693199,135.,29.0823612821185));
#5609=CARTESIAN_POINT('',(-1.20141823629833,174.120527194856,40.0823612821185));
#5610=CARTESIAN_POINT('',(-1.20141823629833,174.120527194856,40.0823612821185));
#5611=CARTESIAN_POINT('Origin',(79.8515542693199,135.,40.0823612821185));
#5612=CARTESIAN_POINT('Origin',(-8.,96.4654666806137,40.0823612821185));
#5613=CARTESIAN_POINT('',(-6.86808480437895,98.1143353806387,20.0823612821185));
#5614=CARTESIAN_POINT('',(-6.86808480437894,98.1143353806387,40.0823612821185));
#5615=CARTESIAN_POINT('',(-8.,98.4654666806137,20.0823612821185));
#5616=CARTESIAN_POINT('Origin',(-8.,96.4654666806137,20.0823612821185));
#5617=CARTESIAN_POINT('Origin',(-8.,96.4654666806137,18.0823612821185));
#5618=CARTESIAN_POINT('Origin',(-8.,48.9761220277534,18.0823612821185));
#5619=CARTESIAN_POINT('',(-8.,48.9761220277534,20.0823612821185));
#5620=CARTESIAN_POINT('Origin',(0.826599885109207,109.323235826663,20.0823612821185));
#5621=CARTESIAN_POINT('Origin',(0.826599885109207,109.323235826663,20.0823612821185));
#5622=CARTESIAN_POINT('Origin',(0.826599885109207,109.323235826663,40.0823612821185));
#5623=CARTESIAN_POINT('',(10.,99.2884786292193,40.0823612821185));
#5624=CARTESIAN_POINT('Origin',(0.826599885109207,109.323235826663,40.0823612821185));
#5625=CARTESIAN_POINT('',(10.,99.2884786292193,30.0823612821185));
#5626=CARTESIAN_POINT('',(10.,99.2884786292193,40.0823612821185));
#5627=CARTESIAN_POINT('',(10.,119.357993024107,30.0823612821185));
#5628=CARTESIAN_POINT('Origin',(0.826599885109207,109.323235826663,30.0823612821185));
#5629=CARTESIAN_POINT('',(10.,119.357993024107,40.0823612821185));
#5630=CARTESIAN_POINT('',(10.,119.357993024107,40.0823612821185));
#5631=CARTESIAN_POINT('Origin',(0.826599885109207,109.323235826663,40.0823612821185));
#5632=CARTESIAN_POINT('Origin',(-8.,173.534533319386,40.0823612821185));
#5633=CARTESIAN_POINT('',(-6.86808480437894,171.885664619361,20.0823612821185));
#5634=CARTESIAN_POINT('',(-6.86808480437894,171.885664619361,29.0823612821185));
#5635=CARTESIAN_POINT('',(-6.86808480437894,171.885664619361,40.0823612821185));
#5636=CARTESIAN_POINT('Origin',(-8.,173.534533319386,29.0823612821185));
#5637=CARTESIAN_POINT('',(-8.,171.534533319386,20.0823612821185));
#5638=CARTESIAN_POINT('Origin',(-8.,173.534533319386,18.0823612821185));
#5639=CARTESIAN_POINT('Origin',(-8.,173.534533319386,20.0823612821185));
#5640=CARTESIAN_POINT('Origin',(-8.,74.6528862010904,18.0823612821185));
#5641=CARTESIAN_POINT('',(-8.,74.6528862010904,20.0823612821185));
#5642=CARTESIAN_POINT('Origin',(50.0701534293452,133.629008228844,29.0823612821185));
#5643=CARTESIAN_POINT('Origin',(0.826599885109212,160.676764173337,29.0823612821185));
#5644=CARTESIAN_POINT('Origin',(31.0114465004677,202.222641326912,29.0823612821185));
#5645=CARTESIAN_POINT('Origin',(0.826599885109212,160.676764173337,20.0823612821185));
#5646=CARTESIAN_POINT('Origin',(0.826599885109212,160.676764173337,20.0823612821185));
#5647=CARTESIAN_POINT('Origin',(0.826599885109212,160.676764173337,40.0823612821185));
#5648=CARTESIAN_POINT('',(10.,150.642006975893,40.0823612821185));
#5649=CARTESIAN_POINT('Origin',(0.826599885109212,160.676764173337,40.0823612821185));
#5650=CARTESIAN_POINT('',(10.,150.642006975893,30.0823612821185));
#5651=CARTESIAN_POINT('',(10.,150.642006975893,40.0823612821185));
#5652=CARTESIAN_POINT('',(10.,170.711521370781,30.0823612821185));
#5653=CARTESIAN_POINT('Origin',(0.826599885109212,160.676764173337,30.0823612821185));
#5654=CARTESIAN_POINT('',(10.,170.711521370781,40.0823612821185));
#5655=CARTESIAN_POINT('',(10.,170.711521370781,40.0823612821185));
#5656=CARTESIAN_POINT('Origin',(0.826599885109212,160.676764173337,40.0823612821185));
#5657=CARTESIAN_POINT('Ctrl Pts',(-8.,40.,26.9022299356562));
#5658=CARTESIAN_POINT('Ctrl Pts',(-8.,40.,26.9022299356562));
#5659=CARTESIAN_POINT('Ctrl Pts',(-8.,40.,26.9022299356562));
#5660=CARTESIAN_POINT('Ctrl Pts',(-8.,40.,26.9022299356562));
#5661=CARTESIAN_POINT('Ctrl Pts',(-8.,40.,26.9022299356562));
#5662=CARTESIAN_POINT('Ctrl Pts',(-10.,40.,26.9022299356562));
#5663=CARTESIAN_POINT('Ctrl Pts',(-10.,40.,26.9022299356562));
#5664=CARTESIAN_POINT('Ctrl Pts',(-10.,40.,26.9022299356562));
#5665=CARTESIAN_POINT('Ctrl Pts',(-10.,40.,26.9022299356562));
#5666=CARTESIAN_POINT('Ctrl Pts',(-10.,40.,26.9022299356562));
#5667=CARTESIAN_POINT('Ctrl Pts',(-10.,40.838740375916,28.717860564889));
#5668=CARTESIAN_POINT('Ctrl Pts',(-10.,42.2986123013351,28.0434648437546));
#5669=CARTESIAN_POINT('Ctrl Pts',(-10.,41.9533639264696,26.4728473897054));
#5670=CARTESIAN_POINT('Ctrl Pts',(-10.,41.6081155516042,24.9022299356562));
#5671=CARTESIAN_POINT('Ctrl Pts',(-10.,40.,24.9022299356562));
#5672=CARTESIAN_POINT('Origin',(161.703197572023,-0.261424618689792,-2.47333029919049));
#5673=CARTESIAN_POINT('',(157.094815447028,-0.261424618689787,-5.91763871788147));
#5674=CARTESIAN_POINT('',(166.311579697018,-0.261424618689787,-5.91763871788147));
#5675=CARTESIAN_POINT('',(105.886675500684,-0.261424618689787,-5.91763871788147));
#5676=CARTESIAN_POINT('Origin',(161.703197572023,-0.261424618689792,-2.47333029919049));
#5677=CARTESIAN_POINT('Origin',(161.703197572023,271.73857538131,-2.47333029919049));
#5678=CARTESIAN_POINT('',(166.311579697018,271.73857538131,-5.91763871788147));
#5679=CARTESIAN_POINT('',(157.094815447028,271.73857538131,-5.91763871788147));
#5680=CARTESIAN_POINT('',(105.886675500684,271.73857538131,-5.91763871788147));
#5681=CARTESIAN_POINT('Origin',(161.703197572023,271.73857538131,-2.47333029919049));
#5682=CARTESIAN_POINT('Origin',(161.703197572023,-0.261424618689792,-2.47333029919049));
#5683=CARTESIAN_POINT('',(166.311579697018,230.,-5.91763871788147));
#5684=CARTESIAN_POINT('',(157.094815447028,230.,-5.91763871788147));
#5685=CARTESIAN_POINT('Origin',(161.703197572023,230.,-2.47333029919049));
#5686=CARTESIAN_POINT('',(166.311579697018,40.,-5.91763871788147));
#5687=CARTESIAN_POINT('',(166.311579697018,-0.261424618689787,-5.91763871788147));
#5688=CARTESIAN_POINT('',(157.094815447028,40.,-5.91763871788147));
#5689=CARTESIAN_POINT('Origin',(161.703197572023,40.,-2.47333029919049));
#5690=CARTESIAN_POINT('',(157.094815447028,-0.261424618689787,-5.91763871788147));
#5691=CARTESIAN_POINT('Origin',(161.703197572023,-0.261424618689792,-2.47333029919049));
#5692=CARTESIAN_POINT('',(166.311579697018,270.,-5.91763871788147));
#5693=CARTESIAN_POINT('',(166.311579697018,-0.261424618689787,-5.91763871788147));
#5694=CARTESIAN_POINT('',(157.094815447028,270.,-5.91763871788147));
#5695=CARTESIAN_POINT('Origin',(161.703197572023,270.,-2.47333029919049));
#5696=CARTESIAN_POINT('',(157.094815447028,-0.261424618689787,-5.91763871788147));
#5697=CARTESIAN_POINT('Origin',(161.703197572023,-0.261424618689792,-2.47333029919049));
#5698=CARTESIAN_POINT('',(157.094815447028,0.,-5.91763871788147));
#5699=CARTESIAN_POINT('',(157.094815447028,-0.261424618689787,-5.91763871788147));
#5700=CARTESIAN_POINT('',(166.311579697018,0.,-5.91763871788147));
#5701=CARTESIAN_POINT('Origin',(161.703197572023,0.,-2.47333029919049));
#5702=CARTESIAN_POINT('',(166.311579697018,-0.261424618689787,-5.91763871788147));
#5703=CARTESIAN_POINT('Origin',(50.0701534293452,133.629008228844,-5.91763871788147));
#5704=CARTESIAN_POINT('',(-87.4298465706548,283.629008228844,-5.91763871788147));
#5705=CARTESIAN_POINT('',(187.570153429345,283.629008228844,-5.91763871788147));
#5706=CARTESIAN_POINT('',(50.0701534293452,283.629008228844,-5.91763871788147));
#5707=CARTESIAN_POINT('',(187.570153429345,-16.3709917711563,-5.91763871788147));
#5708=CARTESIAN_POINT('',(187.570153429345,133.629008228844,-5.91763871788147));
#5709=CARTESIAN_POINT('',(-87.4298465706548,-16.3709917711563,-5.91763871788147));
#5710=CARTESIAN_POINT('',(50.0701534293452,-16.3709917711563,-5.91763871788147));
#5711=CARTESIAN_POINT('',(-87.4298465706548,133.629008228844,-5.91763871788147));
#5712=CARTESIAN_POINT('',(18.1941373490086,73.5822411539267,-5.91763871788147));
#5713=CARTESIAN_POINT('',(138.194137349009,73.5822411539267,-5.9176387178814));
#5714=CARTESIAN_POINT('',(34.1321453891769,73.5822411539267,-5.91763871788147));
#5715=CARTESIAN_POINT('',(138.194137349009,193.582241153927,-5.91763871788147));
#5716=CARTESIAN_POINT('',(138.194137349009,103.605624691385,-5.91763871788147));
#5717=CARTESIAN_POINT('',(18.1941373490086,193.582241153927,-5.91763871788147));
#5718=CARTESIAN_POINT('',(94.1321453891769,193.582241153927,-5.91763871788147));
#5719=CARTESIAN_POINT('',(18.1941373490086,163.605624691385,-5.91763871788147));
#5720=CARTESIAN_POINT('',(170.,0.,-5.91763871788147));
#5721=CARTESIAN_POINT('',(90.0350767146726,0.,-5.91763871788147));
#5722=CARTESIAN_POINT('',(170.,40.,-5.91763871788147));
#5723=CARTESIAN_POINT('',(170.,66.8145041144219,-5.91763871788147));
#5724=CARTESIAN_POINT('',(110.035076714673,40.,-5.91763871788147));
#5725=CARTESIAN_POINT('',(170.,230.,-5.91763871788147));
#5726=CARTESIAN_POINT('',(90.0350767146726,230.,-5.91763871788147));
#5727=CARTESIAN_POINT('',(170.,270.,-5.91763871788147));
#5728=CARTESIAN_POINT('',(170.,181.814504114422,-5.91763871788147));
#5729=CARTESIAN_POINT('',(110.035076714673,270.,-5.91763871788147));
#5730=CARTESIAN_POINT('',(130.,270.,-5.91763871788147));
#5731=CARTESIAN_POINT('',(110.035076714673,270.,-5.91763871788147));
#5732=CARTESIAN_POINT('',(130.,230.,-5.91763871788147));
#5733=CARTESIAN_POINT('',(130.,201.814504114422,-5.91763871788147));
#5734=CARTESIAN_POINT('',(90.0350767146726,230.,-5.91763871788147));
#5735=CARTESIAN_POINT('',(130.,40.,-5.91763871788147));
#5736=CARTESIAN_POINT('',(110.035076714673,40.,-5.91763871788147));
#5737=CARTESIAN_POINT('',(130.,0.,-5.91763871788147));
#5738=CARTESIAN_POINT('',(130.,86.8145041144219,-5.91763871788147));
#5739=CARTESIAN_POINT('',(90.0350767146726,0.,-5.91763871788147));
#5740=CARTESIAN_POINT('Origin',(170.,40.,-5.91763871788147));
#5741=CARTESIAN_POINT('',(170.,40.,4.08236128211853));
#5742=CARTESIAN_POINT('',(170.,40.,-5.91763871788147));
#5743=CARTESIAN_POINT('',(130.,40.,4.08236128211853));
#5744=CARTESIAN_POINT('',(130.,40.,4.08236128211853));
#5745=CARTESIAN_POINT('',(130.,40.,-5.91763871788147));
#5746=CARTESIAN_POINT('Origin',(130.,0.,-5.91763871788147));
#5747=CARTESIAN_POINT('',(130.,0.,4.08236128211853));
#5748=CARTESIAN_POINT('',(130.,0.,-5.91763871788147));
#5749=CARTESIAN_POINT('',(170.,0.,4.08236128211853));
#5750=CARTESIAN_POINT('',(170.,0.,4.08236128211853));
#5751=CARTESIAN_POINT('',(170.,0.,-5.91763871788147));
#5752=CARTESIAN_POINT('Origin',(130.,40.,-5.91763871788147));
#5753=CARTESIAN_POINT('',(130.,0.,4.08236128211853));
#5754=CARTESIAN_POINT('Origin',(170.,0.,-5.91763871788147));
#5755=CARTESIAN_POINT('',(170.,40.,4.08236128211853));
#5756=CARTESIAN_POINT('Origin',(150.,20.,4.08236128211853));
#5757=CARTESIAN_POINT('Origin',(130.,270.,-5.91763871788147));
#5758=CARTESIAN_POINT('',(130.,270.,4.08236128211853));
#5759=CARTESIAN_POINT('',(130.,270.,-5.91763871788147));
#5760=CARTESIAN_POINT('',(130.,230.,4.08236128211853));
#5761=CARTESIAN_POINT('',(130.,270.,4.08236128211853));
#5762=CARTESIAN_POINT('',(130.,230.,-5.91763871788147));
#5763=CARTESIAN_POINT('Origin',(170.,270.,-5.91763871788147));
#5764=CARTESIAN_POINT('',(170.,270.,4.08236128211853));
#5765=CARTESIAN_POINT('',(170.,270.,-5.91763871788147));
#5766=CARTESIAN_POINT('',(170.,270.,4.08236128211853));
#5767=CARTESIAN_POINT('Origin',(170.,230.,-5.91763871788147));
#5768=CARTESIAN_POINT('',(170.,230.,4.08236128211853));
#5769=CARTESIAN_POINT('',(170.,230.,-5.91763871788147));
#5770=CARTESIAN_POINT('',(170.,230.,4.08236128211853));
#5771=CARTESIAN_POINT('Origin',(130.,230.,-5.91763871788147));
#5772=CARTESIAN_POINT('',(130.,230.,4.08236128211853));
#5773=CARTESIAN_POINT('Origin',(150.,250.,4.08236128211853));
#5774=CARTESIAN_POINT('Origin',(80.4061152115348,200.000470506255,29.0286815034331));
#5775=CARTESIAN_POINT('',(72.4758088540231,200.000470506255,30.0823612821185));
#5776=CARTESIAN_POINT('',(88.3364215690464,200.000470506255,30.0823612821185));
#5777=CARTESIAN_POINT('',(79.2035,200.000470506255,30.0823612821185));
#5778=CARTESIAN_POINT('Origin',(80.4061152115348,200.000470506255,29.0286815034331));
#5779=CARTESIAN_POINT('Origin',(80.4061152115348,212.500470506255,29.0286815034331));
#5780=CARTESIAN_POINT('',(80.4061152115348,200.000470506255,37.0286815034331));
#5781=CARTESIAN_POINT('Origin',(80.4061152115348,200.000470506255,29.0286815034331));
#5782=CARTESIAN_POINT('',(80.4061152115348,212.500470506255,37.0286815034331));
#5783=CARTESIAN_POINT('Origin',(80.4061152115348,200.000470506255,29.0286815034331));
#5784=CARTESIAN_POINT('Origin',(-30.,231.433837610763,5.));
#5785=CARTESIAN_POINT('',(-30.,255.,5.));
#5786=CARTESIAN_POINT('',(-30.,230.716918805382,5.));
#5787=CARTESIAN_POINT('',(-30.,264.864196270175,10.));
#5788=CARTESIAN_POINT('',(-30.,245.625515094615,0.248226693476873));
#5789=CARTESIAN_POINT('',(-30.,278.629008228844,10.));
#5790=CARTESIAN_POINT('',(-30.,-11.3709917711563,10.));
#5791=CARTESIAN_POINT('',(-30.,278.629008228844,22.5));
#5792=CARTESIAN_POINT('Origin',(-67.4298465706548,230.,5.));
#5793=CARTESIAN_POINT('',(-67.4298465706548,255.,5.));
#5794=CARTESIAN_POINT('',(182.570153429345,255.,5.));
#5795=CARTESIAN_POINT('',(182.570153429345,255.,5.));
#5796=CARTESIAN_POINT('',(-67.4298465706548,255.,5.));
#5797=CARTESIAN_POINT('Origin',(-67.4298465706548,252.364196270175,17.0411806410593));
#5798=CARTESIAN_POINT('',(-67.4298465706548,120.49660224951,19.3574616426637));
#5799=CARTESIAN_POINT('Origin',(-30.,-11.3709917711563,10.));
#5800=CARTESIAN_POINT('',(-70.,278.629008228844,20.));
#5801=CARTESIAN_POINT('',(-30.,-7.99045289190858,10.));
#5802=CARTESIAN_POINT('',(-30.,-11.3709917711563,10.));
#5803=CARTESIAN_POINT('',(-66.4805680606795,-7.99045289190858,19.1201420151699));
#5804=CARTESIAN_POINT('',(-47.1673261462021,-7.99045289190858,14.2918315365505));
#5805=CARTESIAN_POINT('',(-66.4805680606795,-7.36042604550959,19.1201420151699));
#5806=CARTESIAN_POINT('',(-66.4805680606794,14.4504454020315,19.1201420151699));
#5807=CARTESIAN_POINT('',(-67.4298465706548,-8.07238492799113,19.3574616426637));
#5808=CARTESIAN_POINT('',(-56.4486431996991,0.163517600225682,16.6121607999248));
#5809=CARTESIAN_POINT('',(-67.4298465706548,40.,19.3574616426637));
#5810=CARTESIAN_POINT('',(-67.4298465706548,1.81450411442187,19.3574616426637));
#5811=CARTESIAN_POINT('',(-66.4805680606795,40.,19.1201420151699));
#5812=CARTESIAN_POINT('',(-47.7485736065897,40.,14.4371434016474));
#5813=CARTESIAN_POINT('',(-66.4805680606795,40.2718825752193,19.1201420151699));
#5814=CARTESIAN_POINT('',(-66.4805680606794,14.4504454020315,19.1201420151699));
#5815=CARTESIAN_POINT('',(-20.5882352941176,40.2718825752193,7.64705882352941));
#5816=CARTESIAN_POINT('Origin',(-67.4298465706548,274.728392540351,15.));
#5817=CARTESIAN_POINT('',(-10.,274.728392540351,15.));
#5818=CARTESIAN_POINT('',(-10.,274.728392540351,42.5));
#5819=CARTESIAN_POINT('',(182.570153429345,274.728392540351,15.));
#5820=CARTESIAN_POINT('',(-67.4298465706548,274.728392540351,15.));
#5821=CARTESIAN_POINT('',(182.570153429345,274.728392540351,29.0823612821185));
#5822=CARTESIAN_POINT('Origin',(-67.4298465706548,255.,5.));
#5823=CARTESIAN_POINT('',(182.570153429345,274.728392540351,15.));
#5824=CARTESIAN_POINT('',(-10.,264.864196270175,10.));
#5825=CARTESIAN_POINT('',(-10.,162.145442667979,-42.0664587305345));
#5826=CARTESIAN_POINT('',(-38.7149232853274,264.864196270175,9.99999999999999));
#5827=CARTESIAN_POINT('Origin',(182.570153429345,252.364196270175,17.0411806410593));
#5828=CARTESIAN_POINT('Origin',(79.8515542693199,218.09175430715,20.0823612821185));
#5829=CARTESIAN_POINT('Origin',(-10.,-11.3709917711563,70.));
#5830=CARTESIAN_POINT('',(-10.,278.629008228844,10.));
#5831=CARTESIAN_POINT('',(-10.,278.629008228844,10.));
#5832=CARTESIAN_POINT('',(-10.,-11.3709917711563,10.));
#5833=CARTESIAN_POINT('Origin',(-66.4805680606795,40.2718825752193,10.));
#5834=CARTESIAN_POINT('',(-66.4805680606795,40.,11.1434893733929));
#5835=CARTESIAN_POINT('',(-66.4805680606794,40.,10.5717446866964));
#5836=CARTESIAN_POINT('',(-66.4805680606795,16.5695318798214,11.1434893733929));
#5837=CARTESIAN_POINT('',(-66.4805680606794,28.4207072275204,11.1434893733929));
#5838=CARTESIAN_POINT('',(-66.4805680606794,14.1223471588487,11.9592176137171));
#5839=CARTESIAN_POINT('',(-66.4805680606795,-7.99045289190858,10.));
#5840=CARTESIAN_POINT('',(-66.4805680606795,40.2718825752193,10.));
#5841=CARTESIAN_POINT('Origin',(-66.4805680606795,-7.99045289190858,10.));
#5842=CARTESIAN_POINT('',(-38.2402840303397,-7.99045289190858,10.));
#5843=CARTESIAN_POINT('',(-66.9552073156672,-7.99045289190858,19.3301509639695));
#5844=CARTESIAN_POINT('Origin',(-10.,40.2718825752193,10.));
#5845=CARTESIAN_POINT('Origin',(-10.,-11.3709917711563,10.));
#5846=CARTESIAN_POINT('Origin',(-67.4298465706548,-10.,20.));
#5847=CARTESIAN_POINT('',(-67.4298465706548,16.5695318798214,11.1434893733929));
#5848=CARTESIAN_POINT('',(-67.4298465706548,16.5695318798214,11.1434893733929));
#5849=CARTESIAN_POINT('',(-67.4298465706548,-10.,20.));
#5850=CARTESIAN_POINT('Origin',(-67.4298465706548,-10.,20.));
#5851=CARTESIAN_POINT('',(182.570153429345,-10.,20.));
#5852=CARTESIAN_POINT('',(-67.4298465706548,-10.,20.));
#5853=CARTESIAN_POINT('',(182.570153429345,16.5695318798214,11.1434893733929));
#5854=CARTESIAN_POINT('',(182.570153429345,-10.,20.));
#5855=CARTESIAN_POINT('',(-67.4298465706548,16.5695318798214,11.1434893733929));
#5856=CARTESIAN_POINT('Origin',(-67.4298465706548,16.5695318798214,11.1434893733929));
#5857=CARTESIAN_POINT('',(-67.4298465706548,40.,11.1434893733929));
#5858=CARTESIAN_POINT('',(-67.4298465706548,40.,11.1434893733929));
#5859=CARTESIAN_POINT('',(-67.4298465706548,16.5695318798214,11.1434893733929));
#5860=CARTESIAN_POINT('Origin',(-67.4298465706548,16.5695318798214,11.1434893733929));
#5861=CARTESIAN_POINT('',(182.570153429345,16.5695318798214,11.1434893733929));
#5862=CARTESIAN_POINT('Origin',(-67.4298465706548,15.,20.1129253277557));
#5863=CARTESIAN_POINT('',(-67.4298465706548,40.,11.1434893733929));
#5864=CARTESIAN_POINT('Origin',(-67.4298465706548,40.,11.1434893733929));
#5865=CARTESIAN_POINT('Origin',(-67.4298465706548,-10.,29.0823612821185));
#5866=CARTESIAN_POINT('',(182.570153429345,-10.,50.));
#5867=CARTESIAN_POINT('Origin',(182.570153429345,15.,20.1129253277557));
#5868=CARTESIAN_POINT('Origin',(79.8515542693199,51.9082456928502,20.0823612821185));
#5869=CARTESIAN_POINT('Origin',(-40.,278.629008228844,40.));
#5870=CARTESIAN_POINT('',(-30.,278.629008228844,10.));
#5871=CARTESIAN_POINT('Origin',(-10.,-11.3709917711563,10.));
#5872=CARTESIAN_POINT('Origin',(187.570153429345,165.900433121789,14.3447742924855));
#5873=CARTESIAN_POINT('',(187.570153429345,157.768564680949,14.3447742924855));
#5874=CARTESIAN_POINT('Origin',(187.570153429345,165.900433121789,14.3447742924855));
#5875=CARTESIAN_POINT('',(138.194137349009,157.768564680949,14.3447742924855));
#5876=CARTESIAN_POINT('',(187.570153429345,157.768564680949,14.3447742924855));
#5877=CARTESIAN_POINT('Origin',(138.194137349009,165.900433121789,14.3447742924855));
#5878=CARTESIAN_POINT('Origin',(158.876508653531,160.676764173337,20.0823612821185));
#5879=CARTESIAN_POINT('Origin',(158.876508653531,160.676764173337,30.0823612821185));
#5880=CARTESIAN_POINT('Origin',(158.876508653531,160.676764173337,40.0823612821185));
#5881=CARTESIAN_POINT('',(148.407,152.002837136915,30.0823612821185));
#5882=CARTESIAN_POINT('Origin',(158.876508653531,160.676764173337,30.0823612821185));
#5883=CARTESIAN_POINT('',(148.407,152.002837136915,40.0823612821185));
#5884=CARTESIAN_POINT('',(148.407,152.002837136915,40.0823612821185));
#5885=CARTESIAN_POINT('Origin',(158.876508653531,160.676764173337,40.0823612821185));
#5886=CARTESIAN_POINT('Origin',(158.876508653531,160.676764173337,40.0823612821185));
#5887=CARTESIAN_POINT('',(148.407,169.350691209759,30.0823612821185));
#5888=CARTESIAN_POINT('Origin',(158.876508653531,160.676764173337,30.0823612821185));
#5889=CARTESIAN_POINT('',(148.407,169.350691209759,40.0823612821185));
#5890=CARTESIAN_POINT('Origin',(158.876508653531,160.676764173337,40.0823612821185));
#5891=CARTESIAN_POINT('',(148.407,169.350691209759,40.0823612821185));
#5892=CARTESIAN_POINT('Origin',(79.2035,62.1884705062547,35.0823612821185));
#5893=CARTESIAN_POINT('',(43.4054753344731,62.1884705062547,30.0823612821185));
#5894=CARTESIAN_POINT('',(79.2035,62.1884705062547,30.0823612821185));
#5895=CARTESIAN_POINT('',(43.4054753344731,62.1884705062547,40.0823612821185));
#5896=CARTESIAN_POINT('',(43.4054753344731,62.1884705062547,40.0823612821185));
#5897=CARTESIAN_POINT('',(79.2035,62.1884705062547,40.0823612821185));
#5898=CARTESIAN_POINT('Origin',(148.407,131.094470506255,35.0823612821185));
#5899=CARTESIAN_POINT('',(148.407,100.649308790241,30.0823612821185));
#5900=CARTESIAN_POINT('',(148.407,100.649308790241,40.0823612821185));
#5901=CARTESIAN_POINT('',(148.407,100.649308790241,40.0823612821185));
#5902=CARTESIAN_POINT('',(148.407,131.094470506255,30.0823612821185));
#5903=CARTESIAN_POINT('',(148.407,131.094470506255,40.0823612821185));
#5904=CARTESIAN_POINT('Origin',(148.407,131.094470506255,35.0823612821185));
#5905=CARTESIAN_POINT('',(148.407,131.094470506255,30.0823612821185));
#5906=CARTESIAN_POINT('',(148.407,131.094470506255,40.0823612821185));
#5907=CARTESIAN_POINT('Origin',(79.2035,131.094470506255,30.0823612821185));
#5908=CARTESIAN_POINT('',(115.278624405952,200.000470506255,30.0823612821185));
#5909=CARTESIAN_POINT('',(118.194466863736,193.582241153927,30.0823612821185));
#5910=CARTESIAN_POINT('Origin',(128.691662038172,202.222641326912,30.0823612821185));
#5911=CARTESIAN_POINT('',(79.2035,200.000470506255,30.0823612821185));
#5912=CARTESIAN_POINT('',(44.4244841326876,200.000470506255,30.0823612821185));
#5913=CARTESIAN_POINT('',(79.2035,200.000470506255,30.0823612821185));
#5914=CARTESIAN_POINT('',(41.5086416749038,193.582241153927,30.0823612821185));
#5915=CARTESIAN_POINT('Origin',(31.0114465004677,202.222641326912,30.0823612821185));
#5916=CARTESIAN_POINT('',(108.698818674504,193.582241153927,30.0823612821185));
#5917=CARTESIAN_POINT('Origin',(79.2035,131.094470506255,30.0823612821185));
#5918=CARTESIAN_POINT('',(116.297633204167,62.1884705062547,30.0823612821185));
#5919=CARTESIAN_POINT('',(79.2035,62.1884705062547,30.0823612821185));
#5920=CARTESIAN_POINT('',(116.397315326647,73.5822411539267,30.0823612821185));
#5921=CARTESIAN_POINT('Origin',(128.691662038172,67.7773586730881,30.0823612821185));
#5922=CARTESIAN_POINT('',(43.3057932119924,73.5822411539267,30.0823612821185));
#5923=CARTESIAN_POINT('',(48.6988186745043,73.5822411539267,30.0823612821185));
#5924=CARTESIAN_POINT('Origin',(31.0114465004677,67.7773586730881,30.0823612821185));
#5925=CARTESIAN_POINT('Origin',(79.2035,131.094470506255,30.0823612821185));
#5926=CARTESIAN_POINT('',(148.407,117.997162863085,30.0823612821185));
#5927=CARTESIAN_POINT('',(145.280640837186,109.323235826663,30.0823612821185));
#5928=CARTESIAN_POINT('Origin',(158.876508653531,109.323235826663,30.0823612821185));
#5929=CARTESIAN_POINT('',(148.407,131.094470506255,30.0823612821185));
#5930=CARTESIAN_POINT('',(138.194137349009,192.498928833915,30.0823612821185));
#5931=CARTESIAN_POINT('Origin',(128.691662038172,202.222641326912,30.0823612821185));
#5932=CARTESIAN_POINT('',(138.194137349009,77.5010711660854,30.0823612821185));
#5933=CARTESIAN_POINT('',(138.194137349009,102.338355830091,30.0823612821185));
#5934=CARTESIAN_POINT('Origin',(128.691662038172,67.7773586730881,30.0823612821185));
#5935=CARTESIAN_POINT('Origin',(158.876508653531,109.323235826663,30.0823612821185));
#5936=CARTESIAN_POINT('Origin',(10.,131.094470506255,35.0823612821185));
#5937=CARTESIAN_POINT('',(10.,131.094470506255,40.0823612821185));
#5938=CARTESIAN_POINT('',(10.,131.094470506255,30.0823612821185));
#5939=CARTESIAN_POINT('Origin',(10.,131.094470506255,35.0823612821185));
#5940=CARTESIAN_POINT('',(10.,131.094470506255,40.0823612821185));
#5941=CARTESIAN_POINT('',(10.,131.094470506255,30.0823612821185));
#5942=CARTESIAN_POINT('Origin',(10.,131.094470506255,35.0823612821185));
#5943=CARTESIAN_POINT('',(10.,131.094470506255,30.0823612821185));
#5944=CARTESIAN_POINT('',(10.,131.094470506255,40.0823612821185));
#5945=CARTESIAN_POINT('Origin',(79.2035,131.094470506255,30.0823612821185));
#5946=CARTESIAN_POINT('',(18.7170997889429,73.5822411539267,30.0823612821185));
#5947=CARTESIAN_POINT('Origin',(31.0114465004677,67.7773586730881,30.0823612821185));
#5948=CARTESIAN_POINT('',(18.1941373490085,73.5822411539267,30.0823612821185));
#5949=CARTESIAN_POINT('',(48.6988186745043,73.5822411539267,30.0823612821185));
#5950=CARTESIAN_POINT('',(18.1941373490085,193.582241153927,30.0823612821185));
#5951=CARTESIAN_POINT('',(18.1941373490085,162.338355830091,30.0823612821185));
#5952=CARTESIAN_POINT('',(20.5142513260316,193.582241153927,30.0823612821185));
#5953=CARTESIAN_POINT('',(108.698818674504,193.582241153927,30.0823612821185));
#5954=CARTESIAN_POINT('Origin',(31.0114465004677,202.222641326912,30.0823612821185));
#5955=CARTESIAN_POINT('Origin',(79.2035,62.1884705062547,35.0823612821185));
#5956=CARTESIAN_POINT('',(116.297633204167,62.1884705062547,40.0823612821185));
#5957=CARTESIAN_POINT('',(79.2035,62.1884705062547,40.0823612821185));
#5958=CARTESIAN_POINT('',(116.297633204167,62.1884705062547,40.0823612821185));
#5959=CARTESIAN_POINT('Origin',(148.407,131.094470506255,35.0823612821185));
#5960=CARTESIAN_POINT('',(148.407,117.997162863085,40.0823612821185));
#5961=CARTESIAN_POINT('',(148.407,117.997162863085,40.0823612821185));
#5962=CARTESIAN_POINT('',(148.407,131.094470506255,40.0823612821185));
#5963=CARTESIAN_POINT('Origin',(79.2035,200.000470506255,35.0823612821185));
#5964=CARTESIAN_POINT('',(115.278624405952,200.000470506255,40.0823612821185));
#5965=CARTESIAN_POINT('',(115.278624405952,200.000470506255,40.0823612821185));
#5966=CARTESIAN_POINT('',(44.4244841326876,200.000470506255,40.0823612821185));
#5967=CARTESIAN_POINT('',(79.2035,200.000470506255,40.0823612821185));
#5968=CARTESIAN_POINT('',(44.4244841326876,200.000470506255,40.0823612821185));
#5969=CARTESIAN_POINT('Origin',(158.876508653531,109.323235826663,40.0823612821185));
#5970=CARTESIAN_POINT('',(145.280640837186,109.323235826663,20.0823612821185));
#5971=CARTESIAN_POINT('',(145.280640837186,109.323235826663,40.0823612821185));
#5972=CARTESIAN_POINT('Origin',(158.876508653531,109.323235826663,20.0823612821185));
#5973=CARTESIAN_POINT('Origin',(158.876508653531,109.323235826663,40.0823612821185));
#5974=CARTESIAN_POINT('Origin',(158.876508653531,109.323235826663,40.0823612821185));
#5975=CARTESIAN_POINT('Origin',(128.691662038172,202.222641326912,40.0823612821185));
#5976=CARTESIAN_POINT('Origin',(128.691662038172,202.222641326912,40.0823612821185));
#5977=CARTESIAN_POINT('',(118.194466863736,193.582241153927,20.0823612821185));
#5978=CARTESIAN_POINT('',(118.194466863736,193.582241153927,40.0823612821185));
#5979=CARTESIAN_POINT('',(138.194137349009,192.498928833915,20.0823612821185));
#5980=CARTESIAN_POINT('Origin',(128.691662038172,202.222641326912,20.0823612821185));
#5981=CARTESIAN_POINT('',(138.194137349009,192.498928833915,40.0823612821185));
#5982=CARTESIAN_POINT('Origin',(31.0114465004677,202.222641326912,40.0823612821185));
#5983=CARTESIAN_POINT('Origin',(31.0114465004677,202.222641326912,40.0823612821185));
#5984=CARTESIAN_POINT('',(20.5142513260316,193.582241153927,20.0823612821185));
#5985=CARTESIAN_POINT('',(20.5142513260316,193.582241153927,40.0823612821185));
#5986=CARTESIAN_POINT('',(41.5086416749038,193.582241153927,20.0823612821185));
#5987=CARTESIAN_POINT('Origin',(31.0114465004677,202.222641326912,20.0823612821185));
#5988=CARTESIAN_POINT('',(41.5086416749038,193.582241153927,40.0823612821185));
#5989=CARTESIAN_POINT('Origin',(138.194137349009,73.5822411539267,-5.9176387178814));
#5990=CARTESIAN_POINT('',(138.194137349009,193.582241153927,40.0823612821185));
#5991=CARTESIAN_POINT('',(138.194137349009,73.5822411539267,40.0823612821185));
#5992=CARTESIAN_POINT('',(138.194137349009,102.338355830091,40.0823612821185));
#5993=CARTESIAN_POINT('',(138.194137349009,73.5822411539267,42.0823612821186));
#5994=CARTESIAN_POINT('',(138.194137349009,73.5822411539267,-5.9176387178814));
#5995=CARTESIAN_POINT('',(138.194137349009,193.582241153927,42.0823612821185));
#5996=CARTESIAN_POINT('',(138.194137349009,193.582241153927,42.0823612821185));
#5997=CARTESIAN_POINT('',(138.194137349009,193.582241153927,-5.91763871788147));
#5998=CARTESIAN_POINT('Origin',(31.0114465004677,67.7773586730881,40.0823612821185));
#5999=CARTESIAN_POINT('Origin',(31.0114465004677,67.7773586730881,40.0823612821185));
#6000=CARTESIAN_POINT('',(43.3057932119924,73.5822411539267,20.0823612821185));
#6001=CARTESIAN_POINT('',(43.3057932119924,73.5822411539267,40.0823612821185));
#6002=CARTESIAN_POINT('',(18.7170997889429,73.5822411539267,20.0823612821185));
#6003=CARTESIAN_POINT('Origin',(31.0114465004677,67.7773586730881,20.0823612821185));
#6004=CARTESIAN_POINT('',(18.7170997889429,73.5822411539267,40.0823612821185));
#6005=CARTESIAN_POINT('Origin',(138.194137349009,193.582241153927,-5.91763871788147));
#6006=CARTESIAN_POINT('',(18.1941373490085,193.582241153927,40.0823612821185));
#6007=CARTESIAN_POINT('',(108.698818674504,193.582241153927,40.0823612821185));
#6008=CARTESIAN_POINT('',(18.1941373490085,193.582241153927,42.0823612821185));
#6009=CARTESIAN_POINT('',(18.1941373490085,193.582241153927,42.0823612821185));
#6010=CARTESIAN_POINT('',(18.1941373490086,193.582241153927,-5.91763871788147));
#6011=CARTESIAN_POINT('Origin',(138.194137349009,193.582241153927,-5.91763871788147));
#6012=CARTESIAN_POINT('',(84.6027919247381,193.582241153927,20.0823612821185));
#6013=CARTESIAN_POINT('',(18.1941373490086,193.582241153927,-5.91763871788147));
#6014=CARTESIAN_POINT('',(138.194137349009,193.582241153927,20.0823612821185));
#6015=CARTESIAN_POINT('',(138.194137349009,193.582241153927,-5.91763871788147));
#6016=CARTESIAN_POINT('',(133.44289969359,193.582241153927,20.0823612821185));
#6017=CARTESIAN_POINT('Origin',(18.1941373490086,193.582241153927,-5.91763871788147));
#6018=CARTESIAN_POINT('',(18.1941373490085,73.5822411539267,40.0823612821185));
#6019=CARTESIAN_POINT('',(18.1941373490085,162.338355830091,40.0823612821185));
#6020=CARTESIAN_POINT('',(18.1941373490085,73.5822411539267,42.0823612821185));
#6021=CARTESIAN_POINT('',(18.1941373490085,73.5822411539267,42.0823612821185));
#6022=CARTESIAN_POINT('',(18.1941373490086,73.5822411539267,-5.91763871788147));
#6023=CARTESIAN_POINT('Origin',(18.1941373490086,193.582241153927,-5.91763871788147));
#6024=CARTESIAN_POINT('',(18.1941373490086,73.5822411539267,-5.91763871788147));
#6025=CARTESIAN_POINT('Origin',(18.1941373490086,73.5822411539267,-5.91763871788147));
#6026=CARTESIAN_POINT('',(48.6988186745043,73.5822411539267,40.0823612821185));
#6027=CARTESIAN_POINT('',(138.194137349009,73.5822411539267,42.0823612821186));
#6028=CARTESIAN_POINT('Origin',(18.1941373490086,73.5822411539267,-5.91763871788147));
#6029=CARTESIAN_POINT('',(24.6027919247381,73.5822411539267,20.0823612821185));
#6030=CARTESIAN_POINT('',(116.397315326647,73.5822411539267,20.0823612821185));
#6031=CARTESIAN_POINT('',(116.397315326647,73.5822411539267,40.0823612821185));
#6032=CARTESIAN_POINT('',(138.194137349009,73.5822411539267,20.0823612821185));
#6033=CARTESIAN_POINT('',(73.4428996935904,73.5822411539267,20.0823612821185));
#6034=CARTESIAN_POINT('',(138.194137349009,73.5822411539267,-5.9176387178814));
#6035=CARTESIAN_POINT('Origin',(79.8515542693199,218.09175430715,40.0823612821185));
#6036=CARTESIAN_POINT('Origin',(128.691662038172,67.7773586730881,20.0823612821185));
#6037=CARTESIAN_POINT('',(138.194137349009,77.5010711660854,20.0823612821185));
#6038=CARTESIAN_POINT('Origin',(128.691662038172,67.7773586730881,20.0823612821185));
#6039=CARTESIAN_POINT('',(138.194137349009,70.6797999135074,20.0823612821185));
#6040=CARTESIAN_POINT('Origin',(128.691662038172,67.7773586730881,40.0823612821185));
#6041=CARTESIAN_POINT('',(138.194137349009,77.5010711660854,40.0823612821185));
#6042=CARTESIAN_POINT('Origin',(128.691662038172,67.7773586730881,40.0823612821185));
#6043=CARTESIAN_POINT('Origin',(0.826599885109207,109.323235826663,40.0823612821185));
#6044=CARTESIAN_POINT('Origin',(158.876508653531,109.323235826663,20.0823612821185));
#6045=CARTESIAN_POINT('Origin',(31.0114465004677,202.222641326912,20.0823612821185));
#6046=CARTESIAN_POINT('Origin',(128.691662038172,202.222641326912,20.0823612821185));
#6047=CARTESIAN_POINT('',(138.194137349009,137.902441240419,20.0823612821185));
#6048=CARTESIAN_POINT('Origin',(31.0114465004677,67.7773586730881,20.0823612821185));
#6049=CARTESIAN_POINT('Origin',(138.194137349009,73.5822411539267,-5.9176387178814));
#6050=CARTESIAN_POINT('Origin',(78.1941373490085,133.582241153927,42.0823612821185));
#6051=CARTESIAN_POINT('Origin',(-87.4298465706548,133.629008228844,6.58236128211853));
#6052=CARTESIAN_POINT('',(-87.4298465706548,283.629008228844,6.58236128211853));
#6053=CARTESIAN_POINT('',(-87.4298465706548,-16.3709917711563,6.58236128211853));
#6054=CARTESIAN_POINT('Origin',(50.0701534293452,-16.3709917711563,6.58236128211853));
#6055=CARTESIAN_POINT('',(187.570153429345,-16.3709917711563,6.58236128211853));
#6056=CARTESIAN_POINT('Origin',(187.570153429345,133.629008228844,6.58236128211853));
#6057=CARTESIAN_POINT('',(187.570153429345,283.629008228844,6.58236128211853));
#6058=CARTESIAN_POINT('Origin',(50.0701534293452,283.629008228844,6.58236128211853));
#6059=CARTESIAN_POINT('Origin',(-96.1352901208594,208.699646157274,-2.80248922372898));
#6060=CARTESIAN_POINT('',(-96.1352901208594,187.199646157274,2.14851077627103));
#6061=CARTESIAN_POINT('Origin',(-96.1352901208594,187.199646157274,-2.80248922372897));
#6062=CARTESIAN_POINT('',(-96.1352901208594,230.199646157274,2.14851077627102));
#6063=CARTESIAN_POINT('',(-96.1352901208594,208.699646157274,2.14851077627102));
#6064=CARTESIAN_POINT('',(-99.8867203850802,230.199646157274,0.428481524001159));
#6065=CARTESIAN_POINT('Origin',(-96.1352901208594,230.199646157274,-2.80248922372898));
#6066=CARTESIAN_POINT('',(-99.8867203850803,190.199646157274,0.428481524001159));
#6067=CARTESIAN_POINT('',(-99.8867203850803,208.699646157274,0.428481524001159));
#6068=CARTESIAN_POINT('',(-99.3457136903489,190.199646157274,-6.57151847599884));
#6069=CARTESIAN_POINT('Origin',(-96.1352901208594,190.199646157274,-2.80248922372897));
#6070=CARTESIAN_POINT('',(-99.345713690349,230.199646157274,-6.57151847599884));
#6071=CARTESIAN_POINT('',(-99.3457136903489,208.699646157274,-6.57151847599884));
#6072=CARTESIAN_POINT('',(-92.9248665513698,230.199646157274,-6.57151847599884));
#6073=CARTESIAN_POINT('Origin',(-96.1352901208594,230.199646157274,-2.80248922372898));
#6074=CARTESIAN_POINT('',(-92.9248665513698,190.199646157274,-6.57151847599884));
#6075=CARTESIAN_POINT('',(-92.9248665513698,208.699646157274,-6.57151847599884));
#6076=CARTESIAN_POINT('',(-92.5571435217812,190.199646157274,-6.22436998078431));
#6077=CARTESIAN_POINT('Origin',(-96.1352901208594,190.199646157274,-2.80248922372897));
#6078=CARTESIAN_POINT('',(-92.5571435217812,230.199646157274,-6.22436998078432));
#6079=CARTESIAN_POINT('',(-92.5571435217812,208.699646157274,-6.22436998078431));
#6080=CARTESIAN_POINT('Origin',(-96.1352901208594,230.199646157274,-2.80248922372898));
#6081=CARTESIAN_POINT('Origin',(-96.1352901208594,187.199646157274,-2.80248922372897));
#6082=CARTESIAN_POINT('Origin',(-112.637143521781,190.199646157274,-3.07151847599884));
#6083=CARTESIAN_POINT('',(-132.717143521781,190.199646157274,0.428481524001159));
#6084=CARTESIAN_POINT('',(-112.637143521781,190.199646157274,0.428481524001159));
#6085=CARTESIAN_POINT('',(-132.717143521781,190.199646157274,-6.57151847599884));
#6086=CARTESIAN_POINT('',(-132.717143521781,190.199646157274,-3.07151847599884));
#6087=CARTESIAN_POINT('',(-112.637143521781,190.199646157274,-6.57151847599884));
#6088=CARTESIAN_POINT('Origin',(-112.637143521781,190.199646157274,-3.07151847599884));
#6089=CARTESIAN_POINT('',(-92.5571435217812,190.199646157274,-6.57151847599884));
#6090=CARTESIAN_POINT('',(-112.637143521781,190.199646157274,-6.57151847599884));
#6091=CARTESIAN_POINT('',(-92.5571435217812,190.199646157274,-3.07151847599884));
#6092=CARTESIAN_POINT('Origin',(-112.637143521781,210.199646157274,0.428481524001159));
#6093=CARTESIAN_POINT('',(-132.717143521781,230.199646157274,0.428481524001159));
#6094=CARTESIAN_POINT('',(-112.637143521781,230.199646157274,0.428481524001159));
#6095=CARTESIAN_POINT('',(-132.717143521781,210.199646157274,0.428481524001159));
#6096=CARTESIAN_POINT('Origin',(-112.637143521781,210.199646157274,-6.57151847599884));
#6097=CARTESIAN_POINT('',(-132.717143521781,230.199646157274,-6.57151847599884));
#6098=CARTESIAN_POINT('',(-132.717143521781,210.199646157274,-6.57151847599884));
#6099=CARTESIAN_POINT('',(-112.637143521781,230.199646157274,-6.57151847599884));
#6100=CARTESIAN_POINT('Origin',(-112.637143521781,210.199646157274,-6.57151847599884));
#6101=CARTESIAN_POINT('',(-92.5571435217812,230.199646157274,-6.57151847599884));
#6102=CARTESIAN_POINT('',(-112.637143521781,230.199646157274,-6.57151847599884));
#6103=CARTESIAN_POINT('',(-92.5571435217812,210.199646157274,-6.57151847599884));
#6104=CARTESIAN_POINT('Origin',(-132.717143521781,210.199646157274,-3.07151847599884));
#6105=CARTESIAN_POINT('',(-132.717143521781,230.199646157274,-3.07151847599884));
#6106=CARTESIAN_POINT('Origin',(-112.637143521781,230.199646157274,-3.07151847599884));
#6107=CARTESIAN_POINT('',(-92.5571435217812,230.199646157274,-3.07151847599884));
#6108=CARTESIAN_POINT('Origin',(-92.5571435217812,210.199646157274,-3.07151847599884));
#6109=CARTESIAN_POINT('Origin',(-102.914854846693,151.844069733048,-1.89940903264833));
#6110=CARTESIAN_POINT('',(-102.914854846693,130.344069733048,3.05159096735167));
#6111=CARTESIAN_POINT('Origin',(-102.914854846693,130.344069733048,-1.89940903264833));
#6112=CARTESIAN_POINT('',(-102.914854846693,173.344069733048,3.05159096735166));
#6113=CARTESIAN_POINT('',(-102.914854846693,151.844069733048,3.05159096735167));
#6114=CARTESIAN_POINT('',(-106.666285110914,173.344069733048,1.33156171508181));
#6115=CARTESIAN_POINT('Origin',(-102.914854846693,173.344069733048,-1.89940903264834));
#6116=CARTESIAN_POINT('',(-106.666285110914,133.344069733048,1.33156171508181));
#6117=CARTESIAN_POINT('',(-106.666285110914,151.844069733048,1.33156171508181));
#6118=CARTESIAN_POINT('',(-106.125278416183,133.344069733048,-5.6684382849182));
#6119=CARTESIAN_POINT('Origin',(-102.914854846693,133.344069733048,-1.89940903264833));
#6120=CARTESIAN_POINT('',(-106.125278416183,173.344069733048,-5.6684382849182));
#6121=CARTESIAN_POINT('',(-106.125278416183,151.844069733048,-5.6684382849182));
#6122=CARTESIAN_POINT('',(-99.7044312772037,173.344069733048,-5.6684382849182));
#6123=CARTESIAN_POINT('Origin',(-102.914854846693,173.344069733048,-1.89940903264834));
#6124=CARTESIAN_POINT('',(-99.7044312772037,133.344069733048,-5.6684382849182));
#6125=CARTESIAN_POINT('',(-99.7044312772037,151.844069733048,-5.6684382849182));
#6126=CARTESIAN_POINT('',(-99.3367082476151,133.344069733048,-5.32128978970366));
#6127=CARTESIAN_POINT('Origin',(-102.914854846693,133.344069733048,-1.89940903264833));
#6128=CARTESIAN_POINT('',(-99.3367082476151,173.344069733048,-5.32128978970367));
#6129=CARTESIAN_POINT('',(-99.3367082476151,151.844069733048,-5.32128978970367));
#6130=CARTESIAN_POINT('Origin',(-102.914854846693,173.344069733048,-1.89940903264834));
#6131=CARTESIAN_POINT('Origin',(-102.914854846693,130.344069733048,-1.89940903264833));
#6132=CARTESIAN_POINT('Origin',(-119.416708247615,133.344069733048,-2.16843828491819));
#6133=CARTESIAN_POINT('',(-139.496708247615,133.344069733048,1.33156171508181));
#6134=CARTESIAN_POINT('',(-119.416708247615,133.344069733048,1.33156171508181));
#6135=CARTESIAN_POINT('',(-139.496708247615,133.344069733048,-5.6684382849182));
#6136=CARTESIAN_POINT('',(-139.496708247615,133.344069733048,-2.16843828491819));
#6137=CARTESIAN_POINT('',(-119.416708247615,133.344069733048,-5.6684382849182));
#6138=CARTESIAN_POINT('Origin',(-119.416708247615,133.344069733048,-2.16843828491819));
#6139=CARTESIAN_POINT('',(-99.3367082476151,133.344069733048,-5.6684382849182));
#6140=CARTESIAN_POINT('',(-119.416708247615,133.344069733048,-5.6684382849182));
#6141=CARTESIAN_POINT('',(-99.3367082476151,133.344069733048,-2.16843828491819));
#6142=CARTESIAN_POINT('Origin',(-119.416708247615,153.344069733048,1.33156171508181));
#6143=CARTESIAN_POINT('',(-139.496708247615,173.344069733048,1.33156171508181));
#6144=CARTESIAN_POINT('',(-119.416708247615,173.344069733048,1.33156171508181));
#6145=CARTESIAN_POINT('',(-139.496708247615,153.344069733048,1.33156171508181));
#6146=CARTESIAN_POINT('Origin',(-119.416708247615,153.344069733048,-5.6684382849182));
#6147=CARTESIAN_POINT('',(-139.496708247615,173.344069733048,-5.6684382849182));
#6148=CARTESIAN_POINT('',(-139.496708247615,153.344069733048,-5.6684382849182));
#6149=CARTESIAN_POINT('',(-119.416708247615,173.344069733048,-5.6684382849182));
#6150=CARTESIAN_POINT('Origin',(-119.416708247615,153.344069733048,-5.6684382849182));
#6151=CARTESIAN_POINT('',(-99.3367082476151,173.344069733048,-5.6684382849182));
#6152=CARTESIAN_POINT('',(-119.416708247615,173.344069733048,-5.6684382849182));
#6153=CARTESIAN_POINT('',(-99.3367082476151,153.344069733048,-5.6684382849182));
#6154=CARTESIAN_POINT('Origin',(-139.496708247615,153.344069733048,-2.16843828491819));
#6155=CARTESIAN_POINT('',(-139.496708247615,173.344069733048,-2.16843828491819));
#6156=CARTESIAN_POINT('Origin',(-119.416708247615,173.344069733048,-2.16843828491819));
#6157=CARTESIAN_POINT('',(-99.3367082476151,173.344069733048,-2.16843828491819));
#6158=CARTESIAN_POINT('Origin',(-99.3367082476151,153.344069733048,-2.16843828491819));
#6159=UNCERTAINTY_MEASURE_WITH_UNIT(LENGTH_MEASURE(0.01),#6163,
'DISTANCE_ACCURACY_VALUE',
'Maximum model space distance between geometric entities at asserted c
onnectivities');
#6160=UNCERTAINTY_MEASURE_WITH_UNIT(LENGTH_MEASURE(0.01),#6163,
'DISTANCE_ACCURACY_VALUE',
'Maximum model space distance between geometric entities at asserted c
onnectivities');
#6161=(
GEOMETRIC_REPRESENTATION_CONTEXT(3)
GLOBAL_UNCERTAINTY_ASSIGNED_CONTEXT((#6159))
GLOBAL_UNIT_ASSIGNED_CONTEXT((#6163,#6165,#6166))
REPRESENTATION_CONTEXT('','3D')
);
#6162=(
GEOMETRIC_REPRESENTATION_CONTEXT(3)
GLOBAL_UNCERTAINTY_ASSIGNED_CONTEXT((#6160))
GLOBAL_UNIT_ASSIGNED_CONTEXT((#6163,#6165,#6166))
REPRESENTATION_CONTEXT('','3D')
);
#6163=(
LENGTH_UNIT()
NAMED_UNIT(*)
SI_UNIT(.MILLI.,.METRE.)
);
#6164=(
LENGTH_UNIT()
NAMED_UNIT(*)
SI_UNIT($,.METRE.)
);
#6165=(
NAMED_UNIT(*)
PLANE_ANGLE_UNIT()
SI_UNIT($,.RADIAN.)
);
#6166=(
NAMED_UNIT(*)
SI_UNIT($,.STERADIAN.)
SOLID_ANGLE_UNIT()
);
#6167=SHAPE_DEFINITION_REPRESENTATION(#6168,#6169);
#6168=PRODUCT_DEFINITION_SHAPE('',$,#6171);
#6169=SHAPE_REPRESENTATION('',(#3443),#6161);
#6170=PRODUCT_DEFINITION_CONTEXT('part definition',#6175,'design');
#6171=PRODUCT_DEFINITION('Laptop Cooler','Laptop Cooler v9',#6172,#6170);
#6172=PRODUCT_DEFINITION_FORMATION('',$,#6177);
#6173=PRODUCT_RELATED_PRODUCT_CATEGORY('Laptop Cooler v9',
'Laptop Cooler v9',(#6177));
#6174=APPLICATION_PROTOCOL_DEFINITION('international standard',
'automotive_design',2009,#6175);
#6175=APPLICATION_CONTEXT(
'Core Data for Automotive Mechanical Design Process');
#6176=PRODUCT_CONTEXT('part definition',#6175,'mechanical');
#6177=PRODUCT('Laptop Cooler','Laptop Cooler v9',$,(#6176));
#6178=PRESENTATION_STYLE_ASSIGNMENT((#6179));
#6179=SURFACE_STYLE_USAGE(.BOTH.,#6180);
#6180=SURFACE_SIDE_STYLE('',(#6181));
#6181=SURFACE_STYLE_FILL_AREA(#6182);
#6182=FILL_AREA_STYLE('Steel - Satin',(#6183));
#6183=FILL_AREA_STYLE_COLOUR('Steel - Satin',#6184);
#6184=COLOUR_RGB('Steel - Satin',0.627450980392157,0.627450980392157,0.627450980392157);
ENDSEC;
END-ISO-10303-21;
