ISO-10303-21;
HEADER;
/* Generated by software containing ST-Developer
 * from STEP Tools, Inc. (www.steptools.com) 
 */

FILE_DESCRIPTION(
/* description */ (''),
/* implementation_level */ '2;1');

FILE_NAME(
/* name */ 'Laptop Cooler v7.step',
/* time_stamp */ '2025-07-31T20:21:39-07:00',
/* author */ (''),
/* organization */ (''),
/* preprocessor_version */ 'ST-DEVELOPER v20.1',
/* originating_system */ 'Autodesk Translation Framework v14.10.0.0',
/* authorisation */ '');

FILE_SCHEMA (('AUTOMOTIVE_DESIGN { 1 0 10303 214 3 1 1 }'));
ENDSEC;

DATA;
#10=MECHANICAL_DESIGN_GEOMETRIC_PRESENTATION_REPRESENTATION('',(#13,#14,
#15),#4668);
#11=SHAPE_REPRESENTATION_RELATIONSHIP('SRR','None',#4675,#12);
#12=ADVANCED_BREP_SHAPE_REPRESENTATION('',(#16,#17,#18),#4667);
#13=STYLED_ITEM('',(#4684),#16);
#14=STYLED_ITEM('',(#4684),#17);
#15=STYLED_ITEM('',(#4684),#18);
#16=MANIFOLD_SOLID_BREP('Body1',#2786);
#17=MANIFOLD_SOLID_BREP('Body2',#2787);
#18=MANIFOLD_SOLID_BREP('Body4',#2788);
#19=ELLIPSE('',#2866,14.9764688890382,13.595867816345);
#20=B_SPLINE_CURVE_WITH_KNOTS('',3,(#3927,#3928,#3929,#3930,#3931,#3932,
#3933,#3934,#3935,#3936),.UNSPECIFIED.,.F.,.F.,(4,2,2,2,4),(0.,0.312548746524477,
0.625097493048954,0.938280750466067,1.25146400788318),.UNSPECIFIED.);
#21=B_SPLINE_CURVE_WITH_KNOTS('',3,(#3937,#3938,#3939,#3940,#3941,#3942,
#3943,#3944,#3945,#3946,#3947,#3948,#3949,#3950,#3951,#3952,#3953,#3954,
#3955,#3956,#3957,#3958,#3959,#3960,#3961,#3962),.UNSPECIFIED.,.F.,.F.,
(4,2,2,2,2,2,2,2,2,2,2,2,4),(1.25146400788318,1.55806563818431,1.86466726848544,
2.17502064603953,2.48537402359362,2.79572740114771,3.1060807787018,3.41268240900293,
3.71928403930406,4.03246729672117,4.34565055413828,4.65819930066276,4.97074804718724),
 .UNSPECIFIED.);
#22=FACE_BOUND('',#184,.T.);
#23=FACE_BOUND('',#185,.T.);
#24=FACE_BOUND('',#240,.T.);
#25=FACE_BOUND('',#274,.T.);
#26=FACE_BOUND('',#278,.T.);
#27=FACE_BOUND('',#285,.T.);
#28=FACE_BOUND('',#292,.T.);
#29=CYLINDRICAL_SURFACE('',#2806,5.75329873142696);
#30=CYLINDRICAL_SURFACE('',#2809,5.75329873142696);
#31=CYLINDRICAL_SURFACE('',#2811,5.75329873142696);
#32=CYLINDRICAL_SURFACE('',#2826,8.);
#33=CYLINDRICAL_SURFACE('',#2878,13.595867816345);
#34=CYLINDRICAL_SURFACE('',#2902,8.13186844083997);
#35=CYLINDRICAL_SURFACE('',#2905,13.595867816345);
#36=CYLINDRICAL_SURFACE('',#2907,13.595867816345);
#37=CYLINDRICAL_SURFACE('',#2910,13.595867816345);
#38=CYLINDRICAL_SURFACE('',#2942,13.595867816345);
#39=CYLINDRICAL_SURFACE('',#2946,13.595867816345);
#40=CYLINDRICAL_SURFACE('',#2950,13.595867816345);
#41=CYLINDRICAL_SURFACE('',#2953,13.595867816345);
#42=CYLINDRICAL_SURFACE('',#2957,13.595867816345);
#43=CYLINDRICAL_SURFACE('',#2962,90.);
#44=CYLINDRICAL_SURFACE('',#2979,13.595867816345);
#45=CYLINDRICAL_SURFACE('',#2985,13.595867816345);
#46=CYLINDRICAL_SURFACE('',#2988,13.595867816345);
#47=CYLINDRICAL_SURFACE('',#3004,4.951);
#48=CYLINDRICAL_SURFACE('',#3020,4.951);
#49=FACE_OUTER_BOUND('',#178,.T.);
#50=FACE_OUTER_BOUND('',#179,.T.);
#51=FACE_OUTER_BOUND('',#180,.T.);
#52=FACE_OUTER_BOUND('',#181,.T.);
#53=FACE_OUTER_BOUND('',#182,.T.);
#54=FACE_OUTER_BOUND('',#183,.T.);
#55=FACE_OUTER_BOUND('',#186,.T.);
#56=FACE_OUTER_BOUND('',#187,.T.);
#57=FACE_OUTER_BOUND('',#188,.T.);
#58=FACE_OUTER_BOUND('',#189,.T.);
#59=FACE_OUTER_BOUND('',#190,.T.);
#60=FACE_OUTER_BOUND('',#191,.T.);
#61=FACE_OUTER_BOUND('',#192,.T.);
#62=FACE_OUTER_BOUND('',#193,.T.);
#63=FACE_OUTER_BOUND('',#194,.T.);
#64=FACE_OUTER_BOUND('',#195,.T.);
#65=FACE_OUTER_BOUND('',#196,.T.);
#66=FACE_OUTER_BOUND('',#197,.T.);
#67=FACE_OUTER_BOUND('',#198,.T.);
#68=FACE_OUTER_BOUND('',#199,.T.);
#69=FACE_OUTER_BOUND('',#200,.T.);
#70=FACE_OUTER_BOUND('',#201,.T.);
#71=FACE_OUTER_BOUND('',#202,.T.);
#72=FACE_OUTER_BOUND('',#203,.T.);
#73=FACE_OUTER_BOUND('',#204,.T.);
#74=FACE_OUTER_BOUND('',#205,.T.);
#75=FACE_OUTER_BOUND('',#206,.T.);
#76=FACE_OUTER_BOUND('',#207,.T.);
#77=FACE_OUTER_BOUND('',#208,.T.);
#78=FACE_OUTER_BOUND('',#209,.T.);
#79=FACE_OUTER_BOUND('',#210,.T.);
#80=FACE_OUTER_BOUND('',#211,.T.);
#81=FACE_OUTER_BOUND('',#212,.T.);
#82=FACE_OUTER_BOUND('',#213,.T.);
#83=FACE_OUTER_BOUND('',#214,.T.);
#84=FACE_OUTER_BOUND('',#215,.T.);
#85=FACE_OUTER_BOUND('',#216,.T.);
#86=FACE_OUTER_BOUND('',#217,.T.);
#87=FACE_OUTER_BOUND('',#218,.T.);
#88=FACE_OUTER_BOUND('',#219,.T.);
#89=FACE_OUTER_BOUND('',#220,.T.);
#90=FACE_OUTER_BOUND('',#221,.T.);
#91=FACE_OUTER_BOUND('',#222,.T.);
#92=FACE_OUTER_BOUND('',#223,.T.);
#93=FACE_OUTER_BOUND('',#224,.T.);
#94=FACE_OUTER_BOUND('',#225,.T.);
#95=FACE_OUTER_BOUND('',#226,.T.);
#96=FACE_OUTER_BOUND('',#227,.T.);
#97=FACE_OUTER_BOUND('',#228,.T.);
#98=FACE_OUTER_BOUND('',#229,.T.);
#99=FACE_OUTER_BOUND('',#230,.T.);
#100=FACE_OUTER_BOUND('',#231,.T.);
#101=FACE_OUTER_BOUND('',#232,.T.);
#102=FACE_OUTER_BOUND('',#233,.T.);
#103=FACE_OUTER_BOUND('',#234,.T.);
#104=FACE_OUTER_BOUND('',#235,.T.);
#105=FACE_OUTER_BOUND('',#236,.T.);
#106=FACE_OUTER_BOUND('',#237,.T.);
#107=FACE_OUTER_BOUND('',#238,.T.);
#108=FACE_OUTER_BOUND('',#239,.T.);
#109=FACE_OUTER_BOUND('',#241,.T.);
#110=FACE_OUTER_BOUND('',#242,.T.);
#111=FACE_OUTER_BOUND('',#243,.T.);
#112=FACE_OUTER_BOUND('',#244,.T.);
#113=FACE_OUTER_BOUND('',#245,.T.);
#114=FACE_OUTER_BOUND('',#246,.T.);
#115=FACE_OUTER_BOUND('',#247,.T.);
#116=FACE_OUTER_BOUND('',#248,.T.);
#117=FACE_OUTER_BOUND('',#249,.T.);
#118=FACE_OUTER_BOUND('',#250,.T.);
#119=FACE_OUTER_BOUND('',#251,.T.);
#120=FACE_OUTER_BOUND('',#252,.T.);
#121=FACE_OUTER_BOUND('',#253,.T.);
#122=FACE_OUTER_BOUND('',#254,.T.);
#123=FACE_OUTER_BOUND('',#255,.T.);
#124=FACE_OUTER_BOUND('',#256,.T.);
#125=FACE_OUTER_BOUND('',#257,.T.);
#126=FACE_OUTER_BOUND('',#258,.T.);
#127=FACE_OUTER_BOUND('',#259,.T.);
#128=FACE_OUTER_BOUND('',#260,.T.);
#129=FACE_OUTER_BOUND('',#261,.T.);
#130=FACE_OUTER_BOUND('',#262,.T.);
#131=FACE_OUTER_BOUND('',#263,.T.);
#132=FACE_OUTER_BOUND('',#264,.T.);
#133=FACE_OUTER_BOUND('',#265,.T.);
#134=FACE_OUTER_BOUND('',#266,.T.);
#135=FACE_OUTER_BOUND('',#267,.T.);
#136=FACE_OUTER_BOUND('',#268,.T.);
#137=FACE_OUTER_BOUND('',#269,.T.);
#138=FACE_OUTER_BOUND('',#270,.T.);
#139=FACE_OUTER_BOUND('',#271,.T.);
#140=FACE_OUTER_BOUND('',#272,.T.);
#141=FACE_OUTER_BOUND('',#273,.T.);
#142=FACE_OUTER_BOUND('',#275,.T.);
#143=FACE_OUTER_BOUND('',#276,.T.);
#144=FACE_OUTER_BOUND('',#277,.T.);
#145=FACE_OUTER_BOUND('',#279,.T.);
#146=FACE_OUTER_BOUND('',#280,.T.);
#147=FACE_OUTER_BOUND('',#281,.T.);
#148=FACE_OUTER_BOUND('',#282,.T.);
#149=FACE_OUTER_BOUND('',#283,.T.);
#150=FACE_OUTER_BOUND('',#284,.T.);
#151=FACE_OUTER_BOUND('',#286,.T.);
#152=FACE_OUTER_BOUND('',#287,.T.);
#153=FACE_OUTER_BOUND('',#288,.T.);
#154=FACE_OUTER_BOUND('',#289,.T.);
#155=FACE_OUTER_BOUND('',#290,.T.);
#156=FACE_OUTER_BOUND('',#291,.T.);
#157=FACE_OUTER_BOUND('',#293,.T.);
#158=FACE_OUTER_BOUND('',#294,.T.);
#159=FACE_OUTER_BOUND('',#295,.T.);
#160=FACE_OUTER_BOUND('',#296,.T.);
#161=FACE_OUTER_BOUND('',#297,.T.);
#162=FACE_OUTER_BOUND('',#298,.T.);
#163=FACE_OUTER_BOUND('',#299,.T.);
#164=FACE_OUTER_BOUND('',#300,.T.);
#165=FACE_OUTER_BOUND('',#301,.T.);
#166=FACE_OUTER_BOUND('',#302,.T.);
#167=FACE_OUTER_BOUND('',#303,.T.);
#168=FACE_OUTER_BOUND('',#304,.T.);
#169=FACE_OUTER_BOUND('',#305,.T.);
#170=FACE_OUTER_BOUND('',#306,.T.);
#171=FACE_OUTER_BOUND('',#307,.T.);
#172=FACE_OUTER_BOUND('',#308,.T.);
#173=FACE_OUTER_BOUND('',#309,.T.);
#174=FACE_OUTER_BOUND('',#310,.T.);
#175=FACE_OUTER_BOUND('',#311,.T.);
#176=FACE_OUTER_BOUND('',#312,.T.);
#177=FACE_OUTER_BOUND('',#313,.T.);
#178=EDGE_LOOP('',(#1720,#1721));
#179=EDGE_LOOP('',(#1722,#1723));
#180=EDGE_LOOP('',(#1724,#1725,#1726,#1727));
#181=EDGE_LOOP('',(#1728,#1729,#1730,#1731));
#182=EDGE_LOOP('',(#1732,#1733,#1734,#1735));
#183=EDGE_LOOP('',(#1736,#1737,#1738,#1739));
#184=EDGE_LOOP('',(#1740,#1741,#1742,#1743));
#185=EDGE_LOOP('',(#1744,#1745,#1746,#1747,#1748,#1749,#1750,#1751,#1752,
#1753,#1754,#1755,#1756,#1757,#1758,#1759,#1760,#1761,#1762,#1763));
#186=EDGE_LOOP('',(#1764,#1765,#1766,#1767,#1768,#1769));
#187=EDGE_LOOP('',(#1770,#1771,#1772,#1773,#1774,#1775));
#188=EDGE_LOOP('',(#1776,#1777,#1778,#1779));
#189=EDGE_LOOP('',(#1780,#1781,#1782,#1783));
#190=EDGE_LOOP('',(#1784,#1785,#1786,#1787));
#191=EDGE_LOOP('',(#1788,#1789,#1790,#1791));
#192=EDGE_LOOP('',(#1792,#1793,#1794,#1795,#1796,#1797));
#193=EDGE_LOOP('',(#1798,#1799,#1800,#1801));
#194=EDGE_LOOP('',(#1802,#1803,#1804,#1805,#1806,#1807));
#195=EDGE_LOOP('',(#1808,#1809,#1810,#1811));
#196=EDGE_LOOP('',(#1812,#1813));
#197=EDGE_LOOP('',(#1814,#1815,#1816,#1817,#1818,#1819,#1820));
#198=EDGE_LOOP('',(#1821,#1822,#1823,#1824,#1825,#1826));
#199=EDGE_LOOP('',(#1827,#1828,#1829,#1830));
#200=EDGE_LOOP('',(#1831,#1832,#1833,#1834));
#201=EDGE_LOOP('',(#1835,#1836,#1837,#1838,#1839));
#202=EDGE_LOOP('',(#1840,#1841,#1842,#1843,#1844,#1845));
#203=EDGE_LOOP('',(#1846,#1847,#1848,#1849));
#204=EDGE_LOOP('',(#1850,#1851,#1852,#1853,#1854,#1855,#1856,#1857,#1858,
#1859,#1860,#1861,#1862,#1863,#1864));
#205=EDGE_LOOP('',(#1865,#1866,#1867,#1868));
#206=EDGE_LOOP('',(#1869,#1870,#1871,#1872,#1873,#1874,#1875,#1876,#1877,
#1878,#1879));
#207=EDGE_LOOP('',(#1880,#1881,#1882,#1883,#1884,#1885));
#208=EDGE_LOOP('',(#1886,#1887,#1888,#1889,#1890));
#209=EDGE_LOOP('',(#1891,#1892));
#210=EDGE_LOOP('',(#1893,#1894,#1895,#1896,#1897,#1898,#1899));
#211=EDGE_LOOP('',(#1900,#1901,#1902,#1903,#1904,#1905,#1906,#1907,#1908,
#1909,#1910,#1911,#1912,#1913,#1914,#1915,#1916,#1917,#1918));
#212=EDGE_LOOP('',(#1919,#1920,#1921,#1922,#1923));
#213=EDGE_LOOP('',(#1924,#1925,#1926,#1927));
#214=EDGE_LOOP('',(#1928,#1929,#1930,#1931,#1932,#1933,#1934,#1935));
#215=EDGE_LOOP('',(#1936,#1937,#1938,#1939,#1940));
#216=EDGE_LOOP('',(#1941,#1942,#1943,#1944,#1945,#1946));
#217=EDGE_LOOP('',(#1947,#1948,#1949,#1950,#1951));
#218=EDGE_LOOP('',(#1952,#1953,#1954,#1955,#1956));
#219=EDGE_LOOP('',(#1957,#1958,#1959,#1960,#1961,#1962));
#220=EDGE_LOOP('',(#1963,#1964,#1965,#1966));
#221=EDGE_LOOP('',(#1967,#1968,#1969,#1970));
#222=EDGE_LOOP('',(#1971,#1972,#1973,#1974,#1975));
#223=EDGE_LOOP('',(#1976,#1977,#1978,#1979));
#224=EDGE_LOOP('',(#1980,#1981,#1982,#1983));
#225=EDGE_LOOP('',(#1984,#1985,#1986,#1987));
#226=EDGE_LOOP('',(#1988,#1989,#1990,#1991));
#227=EDGE_LOOP('',(#1992,#1993,#1994,#1995,#1996,#1997,#1998,#1999,#2000));
#228=EDGE_LOOP('',(#2001,#2002,#2003,#2004,#2005,#2006));
#229=EDGE_LOOP('',(#2007,#2008,#2009,#2010));
#230=EDGE_LOOP('',(#2011,#2012,#2013,#2014,#2015,#2016));
#231=EDGE_LOOP('',(#2017,#2018,#2019));
#232=EDGE_LOOP('',(#2020,#2021,#2022,#2023,#2024));
#233=EDGE_LOOP('',(#2025,#2026,#2027,#2028));
#234=EDGE_LOOP('',(#2029,#2030,#2031,#2032,#2033,#2034,#2035,#2036));
#235=EDGE_LOOP('',(#2037,#2038,#2039,#2040));
#236=EDGE_LOOP('',(#2041,#2042));
#237=EDGE_LOOP('',(#2043,#2044,#2045,#2046,#2047,#2048,#2049,#2050,#2051,
#2052,#2053,#2054));
#238=EDGE_LOOP('',(#2055,#2056,#2057));
#239=EDGE_LOOP('',(#2058,#2059,#2060,#2061));
#240=EDGE_LOOP('',(#2062,#2063,#2064,#2065,#2066,#2067,#2068,#2069,#2070,
#2071,#2072,#2073,#2074,#2075,#2076,#2077,#2078,#2079,#2080,#2081,#2082,
#2083,#2084,#2085,#2086,#2087,#2088));
#241=EDGE_LOOP('',(#2089,#2090,#2091,#2092));
#242=EDGE_LOOP('',(#2093,#2094,#2095,#2096));
#243=EDGE_LOOP('',(#2097,#2098,#2099,#2100));
#244=EDGE_LOOP('',(#2101,#2102,#2103,#2104));
#245=EDGE_LOOP('',(#2105,#2106,#2107,#2108));
#246=EDGE_LOOP('',(#2109,#2110,#2111,#2112));
#247=EDGE_LOOP('',(#2113,#2114,#2115,#2116));
#248=EDGE_LOOP('',(#2117,#2118,#2119,#2120,#2121,#2122));
#249=EDGE_LOOP('',(#2123,#2124,#2125,#2126,#2127,#2128));
#250=EDGE_LOOP('',(#2129,#2130,#2131,#2132,#2133,#2134,#2135,#2136,#2137,
#2138,#2139,#2140,#2141));
#251=EDGE_LOOP('',(#2142,#2143,#2144,#2145));
#252=EDGE_LOOP('',(#2146,#2147,#2148,#2149));
#253=EDGE_LOOP('',(#2150,#2151,#2152,#2153));
#254=EDGE_LOOP('',(#2154,#2155,#2156,#2157,#2158,#2159,#2160,#2161,#2162,
#2163,#2164,#2165));
#255=EDGE_LOOP('',(#2166,#2167,#2168,#2169));
#256=EDGE_LOOP('',(#2170,#2171,#2172,#2173));
#257=EDGE_LOOP('',(#2174,#2175,#2176,#2177,#2178,#2179,#2180));
#258=EDGE_LOOP('',(#2181,#2182,#2183,#2184,#2185,#2186,#2187,#2188,#2189,
#2190,#2191,#2192));
#259=EDGE_LOOP('',(#2193,#2194,#2195,#2196,#2197,#2198,#2199,#2200,#2201,
#2202,#2203,#2204,#2205,#2206,#2207,#2208));
#260=EDGE_LOOP('',(#2209,#2210,#2211,#2212,#2213,#2214,#2215,#2216,#2217,
#2218));
#261=EDGE_LOOP('',(#2219,#2220,#2221,#2222,#2223,#2224,#2225,#2226,#2227,
#2228));
#262=EDGE_LOOP('',(#2229,#2230,#2231,#2232));
#263=EDGE_LOOP('',(#2233,#2234,#2235,#2236,#2237,#2238,#2239,#2240,#2241,
#2242));
#264=EDGE_LOOP('',(#2243,#2244,#2245,#2246));
#265=EDGE_LOOP('',(#2247,#2248,#2249,#2250,#2251,#2252,#2253,#2254,#2255,
#2256));
#266=EDGE_LOOP('',(#2257,#2258,#2259,#2260,#2261,#2262,#2263,#2264,#2265,
#2266,#2267,#2268,#2269,#2270,#2271,#2272,#2273,#2274,#2275,#2276,#2277,
#2278,#2279,#2280,#2281,#2282,#2283,#2284,#2285,#2286,#2287,#2288,#2289,
#2290,#2291,#2292,#2293,#2294,#2295,#2296,#2297,#2298,#2299,#2300,#2301,
#2302,#2303,#2304,#2305,#2306,#2307,#2308,#2309,#2310));
#267=EDGE_LOOP('',(#2311,#2312,#2313,#2314));
#268=EDGE_LOOP('',(#2315,#2316,#2317,#2318));
#269=EDGE_LOOP('',(#2319,#2320,#2321,#2322));
#270=EDGE_LOOP('',(#2323,#2324,#2325,#2326,#2327,#2328,#2329,#2330,#2331,
#2332));
#271=EDGE_LOOP('',(#2333,#2334,#2335,#2336,#2337,#2338,#2339,#2340,#2341,
#2342,#2343,#2344));
#272=EDGE_LOOP('',(#2345,#2346));
#273=EDGE_LOOP('',(#2347,#2348,#2349,#2350,#2351,#2352,#2353,#2354));
#274=EDGE_LOOP('',(#2355,#2356));
#275=EDGE_LOOP('',(#2357,#2358,#2359));
#276=EDGE_LOOP('',(#2360,#2361,#2362,#2363,#2364,#2365,#2366,#2367,#2368,
#2369));
#277=EDGE_LOOP('',(#2370,#2371,#2372,#2373,#2374,#2375,#2376,#2377,#2378,
#2379,#2380,#2381,#2382,#2383,#2384,#2385,#2386,#2387,#2388,#2389,#2390,
#2391,#2392,#2393,#2394,#2395,#2396,#2397,#2398,#2399,#2400,#2401,#2402));
#278=EDGE_LOOP('',(#2403,#2404,#2405,#2406));
#279=EDGE_LOOP('',(#2407));
#280=EDGE_LOOP('',(#2408,#2409));
#281=EDGE_LOOP('',(#2410,#2411,#2412));
#282=EDGE_LOOP('',(#2413,#2414));
#283=EDGE_LOOP('',(#2415,#2416));
#284=EDGE_LOOP('',(#2417,#2418,#2419,#2420,#2421,#2422,#2423,#2424));
#285=EDGE_LOOP('',(#2425));
#286=EDGE_LOOP('',(#2426,#2427,#2428,#2429));
#287=EDGE_LOOP('',(#2430,#2431));
#288=EDGE_LOOP('',(#2432,#2433,#2434));
#289=EDGE_LOOP('',(#2435,#2436,#2437,#2438));
#290=EDGE_LOOP('',(#2439,#2440,#2441,#2442));
#291=EDGE_LOOP('',(#2443,#2444,#2445,#2446));
#292=EDGE_LOOP('',(#2447));
#293=EDGE_LOOP('',(#2448,#2449,#2450,#2451));
#294=EDGE_LOOP('',(#2452,#2453,#2454,#2455,#2456,#2457,#2458,#2459,#2460,
#2461,#2462,#2463));
#295=EDGE_LOOP('',(#2464));
#296=EDGE_LOOP('',(#2465,#2466,#2467,#2468));
#297=EDGE_LOOP('',(#2469,#2470,#2471));
#298=EDGE_LOOP('',(#2472,#2473,#2474,#2475));
#299=EDGE_LOOP('',(#2476,#2477,#2478,#2479));
#300=EDGE_LOOP('',(#2480,#2481,#2482,#2483));
#301=EDGE_LOOP('',(#2484,#2485,#2486,#2487));
#302=EDGE_LOOP('',(#2488,#2489,#2490,#2491,#2492,#2493,#2494,#2495));
#303=EDGE_LOOP('',(#2496,#2497,#2498,#2499));
#304=EDGE_LOOP('',(#2500,#2501,#2502,#2503,#2504,#2505,#2506,#2507,#2508,
#2509,#2510,#2511));
#305=EDGE_LOOP('',(#2512));
#306=EDGE_LOOP('',(#2513,#2514,#2515,#2516));
#307=EDGE_LOOP('',(#2517,#2518,#2519));
#308=EDGE_LOOP('',(#2520,#2521,#2522,#2523));
#309=EDGE_LOOP('',(#2524,#2525,#2526,#2527));
#310=EDGE_LOOP('',(#2528,#2529,#2530,#2531));
#311=EDGE_LOOP('',(#2532,#2533,#2534,#2535));
#312=EDGE_LOOP('',(#2536,#2537,#2538,#2539,#2540,#2541,#2542,#2543));
#313=EDGE_LOOP('',(#2544,#2545,#2546,#2547));
#314=CIRCLE('',#2803,5.75329873142696);
#315=CIRCLE('',#2805,5.75329873142696);
#316=CIRCLE('',#2807,5.75329873142696);
#317=CIRCLE('',#2808,5.75329873142696);
#318=CIRCLE('',#2810,5.75329873142696);
#319=CIRCLE('',#2812,5.75329873142696);
#320=CIRCLE('',#2825,8.);
#321=CIRCLE('',#2827,8.);
#322=CIRCLE('',#2828,8.);
#323=CIRCLE('',#2841,13.595867816345);
#324=CIRCLE('',#2843,13.595867816345);
#325=CIRCLE('',#2844,90.);
#326=CIRCLE('',#2845,13.595867816345);
#327=CIRCLE('',#2846,90.);
#328=CIRCLE('',#2847,13.595867816345);
#329=CIRCLE('',#2870,13.595867816345);
#330=CIRCLE('',#2871,13.595867816345);
#331=CIRCLE('',#2877,13.595867816345);
#332=CIRCLE('',#2879,13.595867816345);
#333=CIRCLE('',#2880,13.595867816345);
#334=CIRCLE('',#2881,13.595867816345);
#335=CIRCLE('',#2882,13.595867816345);
#336=CIRCLE('',#2883,13.595867816345);
#337=CIRCLE('',#2885,90.);
#338=CIRCLE('',#2886,13.595867816345);
#339=CIRCLE('',#2888,13.595867816345);
#340=CIRCLE('',#2889,90.);
#341=CIRCLE('',#2890,13.595867816345);
#342=CIRCLE('',#2891,90.);
#343=CIRCLE('',#2892,13.595867816345);
#344=CIRCLE('',#2893,90.);
#345=CIRCLE('',#2894,13.595867816345);
#346=CIRCLE('',#2895,90.);
#347=CIRCLE('',#2896,13.595867816345);
#348=CIRCLE('',#2897,90.);
#349=CIRCLE('',#2898,13.595867816345);
#350=CIRCLE('',#2899,90.);
#351=CIRCLE('',#2900,13.595867816345);
#352=CIRCLE('',#2901,90.);
#353=CIRCLE('',#2903,8.13186844083997);
#354=CIRCLE('',#2904,8.13186844083997);
#355=CIRCLE('',#2906,13.595867816345);
#356=CIRCLE('',#2908,13.595867816345);
#357=CIRCLE('',#2909,13.595867816345);
#358=CIRCLE('',#2911,13.595867816345);
#359=CIRCLE('',#2912,13.595867816345);
#360=CIRCLE('',#2917,13.595867816345);
#361=CIRCLE('',#2918,13.595867816345);
#362=CIRCLE('',#2920,13.595867816345);
#363=CIRCLE('',#2921,13.595867816345);
#364=CIRCLE('',#2922,13.595867816345);
#365=CIRCLE('',#2924,13.595867816345);
#366=CIRCLE('',#2925,90.);
#367=CIRCLE('',#2926,13.595867816345);
#368=CIRCLE('',#2927,13.595867816345);
#369=CIRCLE('',#2928,90.);
#370=CIRCLE('',#2929,13.595867816345);
#371=CIRCLE('',#2934,90.);
#372=CIRCLE('',#2935,13.595867816345);
#373=CIRCLE('',#2936,13.595867816345);
#374=CIRCLE('',#2937,90.);
#375=CIRCLE('',#2938,13.595867816345);
#376=CIRCLE('',#2943,13.595867816345);
#377=CIRCLE('',#2944,13.595867816345);
#378=CIRCLE('',#2945,13.595867816345);
#379=CIRCLE('',#2947,13.595867816345);
#380=CIRCLE('',#2948,13.595867816345);
#381=CIRCLE('',#2949,13.595867816345);
#382=CIRCLE('',#2951,13.595867816345);
#383=CIRCLE('',#2952,13.595867816345);
#384=CIRCLE('',#2954,13.595867816345);
#385=CIRCLE('',#2955,13.595867816345);
#386=CIRCLE('',#2958,13.595867816345);
#387=CIRCLE('',#2959,13.595867816345);
#388=CIRCLE('',#2963,90.);
#389=CIRCLE('',#2964,90.);
#390=CIRCLE('',#2965,90.);
#391=CIRCLE('',#2966,90.);
#392=CIRCLE('',#2967,90.);
#393=CIRCLE('',#2968,90.);
#394=CIRCLE('',#2969,90.);
#395=CIRCLE('',#2970,90.);
#396=CIRCLE('',#2971,90.);
#397=CIRCLE('',#2972,90.);
#398=CIRCLE('',#2973,90.);
#399=CIRCLE('',#2974,90.);
#400=CIRCLE('',#2980,13.595867816345);
#401=CIRCLE('',#2981,13.595867816345);
#402=CIRCLE('',#2982,13.595867816345);
#403=CIRCLE('',#2984,13.595867816345);
#404=CIRCLE('',#2987,13.595867816345);
#405=CIRCLE('',#2989,13.595867816345);
#406=CIRCLE('',#3005,4.951);
#407=CIRCLE('',#3006,4.951);
#408=CIRCLE('',#3007,4.951);
#409=CIRCLE('',#3008,4.951);
#410=CIRCLE('',#3009,4.951);
#411=CIRCLE('',#3010,4.951);
#412=CIRCLE('',#3021,4.951);
#413=CIRCLE('',#3022,4.951);
#414=CIRCLE('',#3023,4.951);
#415=CIRCLE('',#3024,4.951);
#416=CIRCLE('',#3025,4.951);
#417=CIRCLE('',#3026,4.951);
#418=LINE('',#3817,#725);
#419=LINE('',#3822,#726);
#420=LINE('',#3829,#727);
#421=LINE('',#3832,#728);
#422=LINE('',#3835,#729);
#423=LINE('',#3838,#730);
#424=LINE('',#3841,#731);
#425=LINE('',#3844,#732);
#426=LINE('',#3848,#733);
#427=LINE('',#3850,#734);
#428=LINE('',#3852,#735);
#429=LINE('',#3853,#736);
#430=LINE('',#3856,#737);
#431=LINE('',#3858,#738);
#432=LINE('',#3860,#739);
#433=LINE('',#3861,#740);
#434=LINE('',#3863,#741);
#435=LINE('',#3865,#742);
#436=LINE('',#3866,#743);
#437=LINE('',#3868,#744);
#438=LINE('',#3870,#745);
#439=LINE('',#3871,#746);
#440=LINE('',#3873,#747);
#441=LINE('',#3875,#748);
#442=LINE('',#3876,#749);
#443=LINE('',#3878,#750);
#444=LINE('',#3880,#751);
#445=LINE('',#3881,#752);
#446=LINE('',#3884,#753);
#447=LINE('',#3886,#754);
#448=LINE('',#3887,#755);
#449=LINE('',#3890,#756);
#450=LINE('',#3892,#757);
#451=LINE('',#3893,#758);
#452=LINE('',#3895,#759);
#453=LINE('',#3897,#760);
#454=LINE('',#3901,#761);
#455=LINE('',#3903,#762);
#456=LINE('',#3904,#763);
#457=LINE('',#3907,#764);
#458=LINE('',#3908,#765);
#459=LINE('',#3911,#766);
#460=LINE('',#3912,#767);
#461=LINE('',#3914,#768);
#462=LINE('',#3919,#769);
#463=LINE('',#3925,#770);
#464=LINE('',#3967,#771);
#465=LINE('',#3969,#772);
#466=LINE('',#3971,#773);
#467=LINE('',#3973,#774);
#468=LINE('',#3975,#775);
#469=LINE('',#3976,#776);
#470=LINE('',#3980,#777);
#471=LINE('',#3982,#778);
#472=LINE('',#3984,#779);
#473=LINE('',#3985,#780);
#474=LINE('',#3987,#781);
#475=LINE('',#3988,#782);
#476=LINE('',#3991,#783);
#477=LINE('',#3992,#784);
#478=LINE('',#3995,#785);
#479=LINE('',#3997,#786);
#480=LINE('',#3999,#787);
#481=LINE('',#4000,#788);
#482=LINE('',#4003,#789);
#483=LINE('',#4004,#790);
#484=LINE('',#4007,#791);
#485=LINE('',#4009,#792);
#486=LINE('',#4011,#793);
#487=LINE('',#4013,#794);
#488=LINE('',#4015,#795);
#489=LINE('',#4017,#796);
#490=LINE('',#4019,#797);
#491=LINE('',#4021,#798);
#492=LINE('',#4023,#799);
#493=LINE('',#4025,#800);
#494=LINE('',#4027,#801);
#495=LINE('',#4029,#802);
#496=LINE('',#4030,#803);
#497=LINE('',#4034,#804);
#498=LINE('',#4036,#805);
#499=LINE('',#4038,#806);
#500=LINE('',#4039,#807);
#501=LINE('',#4043,#808);
#502=LINE('',#4045,#809);
#503=LINE('',#4046,#810);
#504=LINE('',#4048,#811);
#505=LINE('',#4050,#812);
#506=LINE('',#4052,#813);
#507=LINE('',#4054,#814);
#508=LINE('',#4055,#815);
#509=LINE('',#4057,#816);
#510=LINE('',#4059,#817);
#511=LINE('',#4060,#818);
#512=LINE('',#4062,#819);
#513=LINE('',#4067,#820);
#514=LINE('',#4079,#821);
#515=LINE('',#4081,#822);
#516=LINE('',#4083,#823);
#517=LINE('',#4085,#824);
#518=LINE('',#4087,#825);
#519=LINE('',#4089,#826);
#520=LINE('',#4091,#827);
#521=LINE('',#4093,#828);
#522=LINE('',#4095,#829);
#523=LINE('',#4097,#830);
#524=LINE('',#4099,#831);
#525=LINE('',#4101,#832);
#526=LINE('',#4103,#833);
#527=LINE('',#4105,#834);
#528=LINE('',#4107,#835);
#529=LINE('',#4109,#836);
#530=LINE('',#4110,#837);
#531=LINE('',#4113,#838);
#532=LINE('',#4115,#839);
#533=LINE('',#4116,#840);
#534=LINE('',#4118,#841);
#535=LINE('',#4121,#842);
#536=LINE('',#4123,#843);
#537=LINE('',#4124,#844);
#538=LINE('',#4126,#845);
#539=LINE('',#4128,#846);
#540=LINE('',#4129,#847);
#541=LINE('',#4132,#848);
#542=LINE('',#4134,#849);
#543=LINE('',#4136,#850);
#544=LINE('',#4138,#851);
#545=LINE('',#4139,#852);
#546=LINE('',#4142,#853);
#547=LINE('',#4143,#854);
#548=LINE('',#4144,#855);
#549=LINE('',#4146,#856);
#550=LINE('',#4150,#857);
#551=LINE('',#4152,#858);
#552=LINE('',#4154,#859);
#553=LINE('',#4156,#860);
#554=LINE('',#4157,#861);
#555=LINE('',#4159,#862);
#556=LINE('',#4162,#863);
#557=LINE('',#4163,#864);
#558=LINE('',#4166,#865);
#559=LINE('',#4168,#866);
#560=LINE('',#4169,#867);
#561=LINE('',#4172,#868);
#562=LINE('',#4173,#869);
#563=LINE('',#4176,#870);
#564=LINE('',#4177,#871);
#565=LINE('',#4179,#872);
#566=LINE('',#4183,#873);
#567=LINE('',#4185,#874);
#568=LINE('',#4187,#875);
#569=LINE('',#4189,#876);
#570=LINE('',#4191,#877);
#571=LINE('',#4192,#878);
#572=LINE('',#4196,#879);
#573=LINE('',#4197,#880);
#574=LINE('',#4200,#881);
#575=LINE('',#4201,#882);
#576=LINE('',#4203,#883);
#577=LINE('',#4210,#884);
#578=LINE('',#4211,#885);
#579=LINE('',#4214,#886);
#580=LINE('',#4215,#887);
#581=LINE('',#4217,#888);
#582=LINE('',#4218,#889);
#583=LINE('',#4226,#890);
#584=LINE('',#4230,#891);
#585=LINE('',#4234,#892);
#586=LINE('',#4238,#893);
#587=LINE('',#4247,#894);
#588=LINE('',#4249,#895);
#589=LINE('',#4251,#896);
#590=LINE('',#4252,#897);
#591=LINE('',#4284,#898);
#592=LINE('',#4288,#899);
#593=LINE('',#4291,#900);
#594=LINE('',#4296,#901);
#595=LINE('',#4299,#902);
#596=LINE('',#4304,#903);
#597=LINE('',#4307,#904);
#598=LINE('',#4311,#905);
#599=LINE('',#4313,#906);
#600=LINE('',#4315,#907);
#601=LINE('',#4316,#908);
#602=LINE('',#4320,#909);
#603=LINE('',#4322,#910);
#604=LINE('',#4324,#911);
#605=LINE('',#4325,#912);
#606=LINE('',#4329,#913);
#607=LINE('',#4330,#914);
#608=LINE('',#4331,#915);
#609=LINE('',#4336,#916);
#610=LINE('',#4338,#917);
#611=LINE('',#4341,#918);
#612=LINE('',#4346,#919);
#613=LINE('',#4350,#920);
#614=LINE('',#4356,#921);
#615=LINE('',#4362,#922);
#616=LINE('',#4370,#923);
#617=LINE('',#4372,#924);
#618=LINE('',#4374,#925);
#619=LINE('',#4375,#926);
#620=LINE('',#4378,#927);
#621=LINE('',#4380,#928);
#622=LINE('',#4381,#929);
#623=LINE('',#4384,#930);
#624=LINE('',#4386,#931);
#625=LINE('',#4387,#932);
#626=LINE('',#4394,#933);
#627=LINE('',#4396,#934);
#628=LINE('',#4398,#935);
#629=LINE('',#4405,#936);
#630=LINE('',#4407,#937);
#631=LINE('',#4408,#938);
#632=LINE('',#4411,#939);
#633=LINE('',#4412,#940);
#634=LINE('',#4415,#941);
#635=LINE('',#4417,#942);
#636=LINE('',#4418,#943);
#637=LINE('',#4421,#944);
#638=LINE('',#4425,#945);
#639=LINE('',#4427,#946);
#640=LINE('',#4432,#947);
#641=LINE('',#4435,#948);
#642=LINE('',#4437,#949);
#643=LINE('',#4440,#950);
#644=LINE('',#4442,#951);
#645=LINE('',#4445,#952);
#646=LINE('',#4448,#953);
#647=LINE('',#4452,#954);
#648=LINE('',#4453,#955);
#649=LINE('',#4455,#956);
#650=LINE('',#4458,#957);
#651=LINE('',#4462,#958);
#652=LINE('',#4464,#959);
#653=LINE('',#4466,#960);
#654=LINE('',#4467,#961);
#655=LINE('',#4469,#962);
#656=LINE('',#4471,#963);
#657=LINE('',#4474,#964);
#658=LINE('',#4477,#965);
#659=LINE('',#4480,#966);
#660=LINE('',#4482,#967);
#661=LINE('',#4483,#968);
#662=LINE('',#4485,#969);
#663=LINE('',#4486,#970);
#664=LINE('',#4488,#971);
#665=LINE('',#4489,#972);
#666=LINE('',#4496,#973);
#667=LINE('',#4498,#974);
#668=LINE('',#4503,#975);
#669=LINE('',#4506,#976);
#670=LINE('',#4509,#977);
#671=LINE('',#4512,#978);
#672=LINE('',#4516,#979);
#673=LINE('',#4518,#980);
#674=LINE('',#4519,#981);
#675=LINE('',#4521,#982);
#676=LINE('',#4523,#983);
#677=LINE('',#4524,#984);
#678=LINE('',#4526,#985);
#679=LINE('',#4528,#986);
#680=LINE('',#4530,#987);
#681=LINE('',#4531,#988);
#682=LINE('',#4542,#989);
#683=LINE('',#4544,#990);
#684=LINE('',#4550,#991);
#685=LINE('',#4558,#992);
#686=LINE('',#4559,#993);
#687=LINE('',#4561,#994);
#688=LINE('',#4563,#995);
#689=LINE('',#4569,#996);
#690=LINE('',#4573,#997);
#691=LINE('',#4577,#998);
#692=LINE('',#4581,#999);
#693=LINE('',#4585,#1000);
#694=LINE('',#4590,#1001);
#695=LINE('',#4592,#1002);
#696=LINE('',#4593,#1003);
#697=LINE('',#4596,#1004);
#698=LINE('',#4597,#1005);
#699=LINE('',#4600,#1006);
#700=LINE('',#4601,#1007);
#701=LINE('',#4604,#1008);
#702=LINE('',#4605,#1009);
#703=LINE('',#4608,#1010);
#704=LINE('',#4609,#1011);
#705=LINE('',#4611,#1012);
#706=LINE('',#4613,#1013);
#707=LINE('',#4619,#1014);
#708=LINE('',#4623,#1015);
#709=LINE('',#4627,#1016);
#710=LINE('',#4631,#1017);
#711=LINE('',#4635,#1018);
#712=LINE('',#4640,#1019);
#713=LINE('',#4642,#1020);
#714=LINE('',#4643,#1021);
#715=LINE('',#4646,#1022);
#716=LINE('',#4647,#1023);
#717=LINE('',#4650,#1024);
#718=LINE('',#4651,#1025);
#719=LINE('',#4654,#1026);
#720=LINE('',#4655,#1027);
#721=LINE('',#4658,#1028);
#722=LINE('',#4659,#1029);
#723=LINE('',#4661,#1030);
#724=LINE('',#4663,#1031);
#725=VECTOR('',#3040,10.);
#726=VECTOR('',#3045,10.);
#727=VECTOR('',#3052,10.);
#728=VECTOR('',#3055,10.);
#729=VECTOR('',#3058,10.);
#730=VECTOR('',#3061,10.);
#731=VECTOR('',#3064,10.);
#732=VECTOR('',#3067,10.);
#733=VECTOR('',#3070,10.);
#734=VECTOR('',#3071,10.);
#735=VECTOR('',#3072,10.);
#736=VECTOR('',#3073,10.);
#737=VECTOR('',#3074,10.);
#738=VECTOR('',#3075,10.);
#739=VECTOR('',#3076,10.);
#740=VECTOR('',#3077,10.);
#741=VECTOR('',#3078,10.);
#742=VECTOR('',#3079,10.);
#743=VECTOR('',#3080,10.);
#744=VECTOR('',#3081,10.);
#745=VECTOR('',#3082,10.);
#746=VECTOR('',#3083,10.);
#747=VECTOR('',#3084,10.);
#748=VECTOR('',#3085,10.);
#749=VECTOR('',#3086,10.);
#750=VECTOR('',#3087,10.);
#751=VECTOR('',#3088,10.);
#752=VECTOR('',#3089,10.);
#753=VECTOR('',#3092,10.);
#754=VECTOR('',#3093,10.);
#755=VECTOR('',#3094,10.);
#756=VECTOR('',#3097,10.);
#757=VECTOR('',#3098,10.);
#758=VECTOR('',#3099,10.);
#759=VECTOR('',#3102,10.);
#760=VECTOR('',#3105,10.);
#761=VECTOR('',#3110,10.);
#762=VECTOR('',#3111,10.);
#763=VECTOR('',#3112,10.);
#764=VECTOR('',#3115,10.);
#765=VECTOR('',#3116,10.);
#766=VECTOR('',#3119,10.);
#767=VECTOR('',#3120,10.);
#768=VECTOR('',#3123,10.);
#769=VECTOR('',#3128,10.);
#770=VECTOR('',#3135,8.);
#771=VECTOR('',#3140,10.);
#772=VECTOR('',#3141,10.);
#773=VECTOR('',#3142,10.);
#774=VECTOR('',#3143,10.);
#775=VECTOR('',#3144,10.);
#776=VECTOR('',#3145,10.);
#777=VECTOR('',#3148,10.);
#778=VECTOR('',#3149,10.);
#779=VECTOR('',#3150,10.);
#780=VECTOR('',#3151,10.);
#781=VECTOR('',#3154,10.);
#782=VECTOR('',#3155,10.);
#783=VECTOR('',#3158,10.);
#784=VECTOR('',#3159,10.);
#785=VECTOR('',#3162,10.);
#786=VECTOR('',#3163,10.);
#787=VECTOR('',#3164,10.);
#788=VECTOR('',#3165,10.);
#789=VECTOR('',#3168,10.);
#790=VECTOR('',#3169,10.);
#791=VECTOR('',#3172,10.);
#792=VECTOR('',#3173,10.);
#793=VECTOR('',#3174,10.);
#794=VECTOR('',#3175,10.);
#795=VECTOR('',#3176,10.);
#796=VECTOR('',#3177,10.);
#797=VECTOR('',#3178,10.);
#798=VECTOR('',#3179,10.);
#799=VECTOR('',#3180,10.);
#800=VECTOR('',#3181,10.);
#801=VECTOR('',#3182,10.);
#802=VECTOR('',#3183,10.);
#803=VECTOR('',#3184,10.);
#804=VECTOR('',#3187,10.);
#805=VECTOR('',#3188,10.);
#806=VECTOR('',#3189,10.);
#807=VECTOR('',#3190,10.);
#808=VECTOR('',#3193,10.);
#809=VECTOR('',#3194,10.);
#810=VECTOR('',#3195,10.);
#811=VECTOR('',#3196,10.);
#812=VECTOR('',#3197,10.);
#813=VECTOR('',#3198,10.);
#814=VECTOR('',#3199,10.);
#815=VECTOR('',#3200,10.);
#816=VECTOR('',#3203,10.);
#817=VECTOR('',#3204,10.);
#818=VECTOR('',#3205,10.);
#819=VECTOR('',#3208,10.);
#820=VECTOR('',#3215,10.);
#821=VECTOR('',#3228,10.);
#822=VECTOR('',#3229,10.);
#823=VECTOR('',#3230,10.);
#824=VECTOR('',#3231,10.);
#825=VECTOR('',#3232,10.);
#826=VECTOR('',#3233,10.);
#827=VECTOR('',#3234,10.);
#828=VECTOR('',#3235,10.);
#829=VECTOR('',#3236,10.);
#830=VECTOR('',#3237,10.);
#831=VECTOR('',#3238,10.);
#832=VECTOR('',#3239,10.);
#833=VECTOR('',#3240,10.);
#834=VECTOR('',#3241,10.);
#835=VECTOR('',#3242,10.);
#836=VECTOR('',#3243,10.);
#837=VECTOR('',#3244,10.);
#838=VECTOR('',#3247,10.);
#839=VECTOR('',#3248,10.);
#840=VECTOR('',#3249,10.);
#841=VECTOR('',#3252,10.);
#842=VECTOR('',#3255,10.);
#843=VECTOR('',#3256,10.);
#844=VECTOR('',#3257,10.);
#845=VECTOR('',#3258,10.);
#846=VECTOR('',#3259,10.);
#847=VECTOR('',#3260,10.);
#848=VECTOR('',#3263,10.);
#849=VECTOR('',#3264,10.);
#850=VECTOR('',#3265,10.);
#851=VECTOR('',#3266,10.);
#852=VECTOR('',#3267,10.);
#853=VECTOR('',#3270,10.);
#854=VECTOR('',#3271,10.);
#855=VECTOR('',#3272,10.);
#856=VECTOR('',#3275,10.);
#857=VECTOR('',#3280,10.);
#858=VECTOR('',#3281,10.);
#859=VECTOR('',#3282,10.);
#860=VECTOR('',#3283,10.);
#861=VECTOR('',#3284,10.);
#862=VECTOR('',#3287,10.);
#863=VECTOR('',#3290,10.);
#864=VECTOR('',#3291,10.);
#865=VECTOR('',#3294,10.);
#866=VECTOR('',#3295,10.);
#867=VECTOR('',#3296,10.);
#868=VECTOR('',#3299,10.);
#869=VECTOR('',#3300,10.);
#870=VECTOR('',#3303,10.);
#871=VECTOR('',#3304,10.);
#872=VECTOR('',#3307,10.);
#873=VECTOR('',#3312,10.);
#874=VECTOR('',#3313,10.);
#875=VECTOR('',#3314,10.);
#876=VECTOR('',#3315,10.);
#877=VECTOR('',#3316,10.);
#878=VECTOR('',#3317,10.);
#879=VECTOR('',#3322,10.);
#880=VECTOR('',#3323,10.);
#881=VECTOR('',#3326,10.);
#882=VECTOR('',#3327,10.);
#883=VECTOR('',#3330,10.);
#884=VECTOR('',#3339,10.);
#885=VECTOR('',#3340,10.);
#886=VECTOR('',#3343,10.);
#887=VECTOR('',#3344,10.);
#888=VECTOR('',#3347,10.);
#889=VECTOR('',#3348,10.);
#890=VECTOR('',#3359,10.);
#891=VECTOR('',#3362,10.);
#892=VECTOR('',#3365,10.);
#893=VECTOR('',#3368,10.);
#894=VECTOR('',#3379,10.);
#895=VECTOR('',#3380,10.);
#896=VECTOR('',#3381,10.);
#897=VECTOR('',#3382,10.);
#898=VECTOR('',#3415,8.13186844083997);
#899=VECTOR('',#3420,10.);
#900=VECTOR('',#3423,10.);
#901=VECTOR('',#3428,10.);
#902=VECTOR('',#3431,10.);
#903=VECTOR('',#3436,10.);
#904=VECTOR('',#3439,10.);
#905=VECTOR('',#3442,10.);
#906=VECTOR('',#3443,10.);
#907=VECTOR('',#3444,10.);
#908=VECTOR('',#3445,10.);
#909=VECTOR('',#3448,10.);
#910=VECTOR('',#3449,10.);
#911=VECTOR('',#3450,10.);
#912=VECTOR('',#3451,10.);
#913=VECTOR('',#3454,10.);
#914=VECTOR('',#3455,10.);
#915=VECTOR('',#3456,10.);
#916=VECTOR('',#3461,10.);
#917=VECTOR('',#3462,10.);
#918=VECTOR('',#3465,10.);
#919=VECTOR('',#3470,10.);
#920=VECTOR('',#3473,10.);
#921=VECTOR('',#3480,10.);
#922=VECTOR('',#3485,10.);
#923=VECTOR('',#3494,10.);
#924=VECTOR('',#3495,10.);
#925=VECTOR('',#3496,10.);
#926=VECTOR('',#3497,10.);
#927=VECTOR('',#3500,10.);
#928=VECTOR('',#3501,10.);
#929=VECTOR('',#3502,10.);
#930=VECTOR('',#3505,10.);
#931=VECTOR('',#3506,10.);
#932=VECTOR('',#3507,10.);
#933=VECTOR('',#3514,10.);
#934=VECTOR('',#3515,10.);
#935=VECTOR('',#3516,10.);
#936=VECTOR('',#3525,10.);
#937=VECTOR('',#3526,10.);
#938=VECTOR('',#3527,10.);
#939=VECTOR('',#3530,10.);
#940=VECTOR('',#3531,10.);
#941=VECTOR('',#3534,10.);
#942=VECTOR('',#3535,10.);
#943=VECTOR('',#3536,10.);
#944=VECTOR('',#3539,13.595867816345);
#945=VECTOR('',#3544,10.);
#946=VECTOR('',#3545,10.);
#947=VECTOR('',#3552,13.595867816345);
#948=VECTOR('',#3555,10.);
#949=VECTOR('',#3556,10.);
#950=VECTOR('',#3561,10.);
#951=VECTOR('',#3562,10.);
#952=VECTOR('',#3565,10.);
#953=VECTOR('',#3568,10.);
#954=VECTOR('',#3573,10.);
#955=VECTOR('',#3574,10.);
#956=VECTOR('',#3575,10.);
#957=VECTOR('',#3578,10.);
#958=VECTOR('',#3581,10.);
#959=VECTOR('',#3582,10.);
#960=VECTOR('',#3583,10.);
#961=VECTOR('',#3584,10.);
#962=VECTOR('',#3587,10.);
#963=VECTOR('',#3588,10.);
#964=VECTOR('',#3591,10.);
#965=VECTOR('',#3594,10.);
#966=VECTOR('',#3597,10.);
#967=VECTOR('',#3598,10.);
#968=VECTOR('',#3599,10.);
#969=VECTOR('',#3602,10.);
#970=VECTOR('',#3603,10.);
#971=VECTOR('',#3604,10.);
#972=VECTOR('',#3605,10.);
#973=VECTOR('',#3616,10.);
#974=VECTOR('',#3619,10.);
#975=VECTOR('',#3626,10.);
#976=VECTOR('',#3629,10.);
#977=VECTOR('',#3632,10.);
#978=VECTOR('',#3635,10.);
#979=VECTOR('',#3640,10.);
#980=VECTOR('',#3641,10.);
#981=VECTOR('',#3642,10.);
#982=VECTOR('',#3645,10.);
#983=VECTOR('',#3648,10.);
#984=VECTOR('',#3649,10.);
#985=VECTOR('',#3652,10.);
#986=VECTOR('',#3653,10.);
#987=VECTOR('',#3654,10.);
#988=VECTOR('',#3655,10.);
#989=VECTOR('',#3674,10.);
#990=VECTOR('',#3677,10.);
#991=VECTOR('',#3688,10.);
#992=VECTOR('',#3703,10.);
#993=VECTOR('',#3704,10.);
#994=VECTOR('',#3707,10.);
#995=VECTOR('',#3710,10.);
#996=VECTOR('',#3717,4.951);
#997=VECTOR('',#3720,10.);
#998=VECTOR('',#3723,10.);
#999=VECTOR('',#3726,10.);
#1000=VECTOR('',#3729,10.);
#1001=VECTOR('',#3736,10.);
#1002=VECTOR('',#3737,10.);
#1003=VECTOR('',#3738,10.);
#1004=VECTOR('',#3741,10.);
#1005=VECTOR('',#3742,10.);
#1006=VECTOR('',#3745,10.);
#1007=VECTOR('',#3746,10.);
#1008=VECTOR('',#3749,10.);
#1009=VECTOR('',#3750,10.);
#1010=VECTOR('',#3753,10.);
#1011=VECTOR('',#3754,10.);
#1012=VECTOR('',#3757,10.);
#1013=VECTOR('',#3760,10.);
#1014=VECTOR('',#3767,4.951);
#1015=VECTOR('',#3770,10.);
#1016=VECTOR('',#3773,10.);
#1017=VECTOR('',#3776,10.);
#1018=VECTOR('',#3779,10.);
#1019=VECTOR('',#3786,10.);
#1020=VECTOR('',#3787,10.);
#1021=VECTOR('',#3788,10.);
#1022=VECTOR('',#3791,10.);
#1023=VECTOR('',#3792,10.);
#1024=VECTOR('',#3795,10.);
#1025=VECTOR('',#3796,10.);
#1026=VECTOR('',#3799,10.);
#1027=VECTOR('',#3800,10.);
#1028=VECTOR('',#3803,10.);
#1029=VECTOR('',#3804,10.);
#1030=VECTOR('',#3807,10.);
#1031=VECTOR('',#3810,10.);
#1032=VERTEX_POINT('',#3815);
#1033=VERTEX_POINT('',#3816);
#1034=VERTEX_POINT('',#3820);
#1035=VERTEX_POINT('',#3821);
#1036=VERTEX_POINT('',#3825);
#1037=VERTEX_POINT('',#3826);
#1038=VERTEX_POINT('',#3828);
#1039=VERTEX_POINT('',#3830);
#1040=VERTEX_POINT('',#3834);
#1041=VERTEX_POINT('',#3836);
#1042=VERTEX_POINT('',#3840);
#1043=VERTEX_POINT('',#3842);
#1044=VERTEX_POINT('',#3846);
#1045=VERTEX_POINT('',#3847);
#1046=VERTEX_POINT('',#3849);
#1047=VERTEX_POINT('',#3851);
#1048=VERTEX_POINT('',#3854);
#1049=VERTEX_POINT('',#3855);
#1050=VERTEX_POINT('',#3857);
#1051=VERTEX_POINT('',#3859);
#1052=VERTEX_POINT('',#3862);
#1053=VERTEX_POINT('',#3864);
#1054=VERTEX_POINT('',#3867);
#1055=VERTEX_POINT('',#3869);
#1056=VERTEX_POINT('',#3872);
#1057=VERTEX_POINT('',#3874);
#1058=VERTEX_POINT('',#3877);
#1059=VERTEX_POINT('',#3879);
#1060=VERTEX_POINT('',#3883);
#1061=VERTEX_POINT('',#3885);
#1062=VERTEX_POINT('',#3889);
#1063=VERTEX_POINT('',#3891);
#1064=VERTEX_POINT('',#3900);
#1065=VERTEX_POINT('',#3902);
#1066=VERTEX_POINT('',#3906);
#1067=VERTEX_POINT('',#3910);
#1068=VERTEX_POINT('',#3917);
#1069=VERTEX_POINT('',#3918);
#1070=VERTEX_POINT('',#3922);
#1071=VERTEX_POINT('',#3924);
#1072=VERTEX_POINT('',#3926);
#1073=VERTEX_POINT('',#3965);
#1074=VERTEX_POINT('',#3966);
#1075=VERTEX_POINT('',#3968);
#1076=VERTEX_POINT('',#3970);
#1077=VERTEX_POINT('',#3972);
#1078=VERTEX_POINT('',#3974);
#1079=VERTEX_POINT('',#3978);
#1080=VERTEX_POINT('',#3979);
#1081=VERTEX_POINT('',#3981);
#1082=VERTEX_POINT('',#3983);
#1083=VERTEX_POINT('',#3990);
#1084=VERTEX_POINT('',#3994);
#1085=VERTEX_POINT('',#3996);
#1086=VERTEX_POINT('',#3998);
#1087=VERTEX_POINT('',#4002);
#1088=VERTEX_POINT('',#4006);
#1089=VERTEX_POINT('',#4008);
#1090=VERTEX_POINT('',#4010);
#1091=VERTEX_POINT('',#4012);
#1092=VERTEX_POINT('',#4014);
#1093=VERTEX_POINT('',#4016);
#1094=VERTEX_POINT('',#4018);
#1095=VERTEX_POINT('',#4020);
#1096=VERTEX_POINT('',#4022);
#1097=VERTEX_POINT('',#4024);
#1098=VERTEX_POINT('',#4026);
#1099=VERTEX_POINT('',#4028);
#1100=VERTEX_POINT('',#4032);
#1101=VERTEX_POINT('',#4033);
#1102=VERTEX_POINT('',#4035);
#1103=VERTEX_POINT('',#4037);
#1104=VERTEX_POINT('',#4041);
#1105=VERTEX_POINT('',#4042);
#1106=VERTEX_POINT('',#4044);
#1107=VERTEX_POINT('',#4047);
#1108=VERTEX_POINT('',#4049);
#1109=VERTEX_POINT('',#4051);
#1110=VERTEX_POINT('',#4053);
#1111=VERTEX_POINT('',#4058);
#1112=VERTEX_POINT('',#4066);
#1113=VERTEX_POINT('',#4068);
#1114=VERTEX_POINT('',#4070);
#1115=VERTEX_POINT('',#4072);
#1116=VERTEX_POINT('',#4074);
#1117=VERTEX_POINT('',#4078);
#1118=VERTEX_POINT('',#4080);
#1119=VERTEX_POINT('',#4082);
#1120=VERTEX_POINT('',#4084);
#1121=VERTEX_POINT('',#4086);
#1122=VERTEX_POINT('',#4088);
#1123=VERTEX_POINT('',#4090);
#1124=VERTEX_POINT('',#4092);
#1125=VERTEX_POINT('',#4094);
#1126=VERTEX_POINT('',#4096);
#1127=VERTEX_POINT('',#4098);
#1128=VERTEX_POINT('',#4100);
#1129=VERTEX_POINT('',#4102);
#1130=VERTEX_POINT('',#4104);
#1131=VERTEX_POINT('',#4106);
#1132=VERTEX_POINT('',#4108);
#1133=VERTEX_POINT('',#4112);
#1134=VERTEX_POINT('',#4114);
#1135=VERTEX_POINT('',#4120);
#1136=VERTEX_POINT('',#4122);
#1137=VERTEX_POINT('',#4125);
#1138=VERTEX_POINT('',#4127);
#1139=VERTEX_POINT('',#4131);
#1140=VERTEX_POINT('',#4133);
#1141=VERTEX_POINT('',#4135);
#1142=VERTEX_POINT('',#4137);
#1143=VERTEX_POINT('',#4141);
#1144=VERTEX_POINT('',#4149);
#1145=VERTEX_POINT('',#4151);
#1146=VERTEX_POINT('',#4153);
#1147=VERTEX_POINT('',#4155);
#1148=VERTEX_POINT('',#4161);
#1149=VERTEX_POINT('',#4165);
#1150=VERTEX_POINT('',#4167);
#1151=VERTEX_POINT('',#4171);
#1152=VERTEX_POINT('',#4175);
#1153=VERTEX_POINT('',#4182);
#1154=VERTEX_POINT('',#4184);
#1155=VERTEX_POINT('',#4186);
#1156=VERTEX_POINT('',#4188);
#1157=VERTEX_POINT('',#4190);
#1158=VERTEX_POINT('',#4195);
#1159=VERTEX_POINT('',#4199);
#1160=VERTEX_POINT('',#4205);
#1161=VERTEX_POINT('',#4209);
#1162=VERTEX_POINT('',#4213);
#1163=VERTEX_POINT('',#4223);
#1164=VERTEX_POINT('',#4225);
#1165=VERTEX_POINT('',#4227);
#1166=VERTEX_POINT('',#4229);
#1167=VERTEX_POINT('',#4231);
#1168=VERTEX_POINT('',#4233);
#1169=VERTEX_POINT('',#4235);
#1170=VERTEX_POINT('',#4237);
#1171=VERTEX_POINT('',#4241);
#1172=VERTEX_POINT('',#4245);
#1173=VERTEX_POINT('',#4246);
#1174=VERTEX_POINT('',#4248);
#1175=VERTEX_POINT('',#4250);
#1176=VERTEX_POINT('',#4253);
#1177=VERTEX_POINT('',#4255);
#1178=VERTEX_POINT('',#4257);
#1179=VERTEX_POINT('',#4259);
#1180=VERTEX_POINT('',#4261);
#1181=VERTEX_POINT('',#4263);
#1182=VERTEX_POINT('',#4265);
#1183=VERTEX_POINT('',#4267);
#1184=VERTEX_POINT('',#4269);
#1185=VERTEX_POINT('',#4271);
#1186=VERTEX_POINT('',#4273);
#1187=VERTEX_POINT('',#4275);
#1188=VERTEX_POINT('',#4277);
#1189=VERTEX_POINT('',#4281);
#1190=VERTEX_POINT('',#4283);
#1191=VERTEX_POINT('',#4287);
#1192=VERTEX_POINT('',#4289);
#1193=VERTEX_POINT('',#4293);
#1194=VERTEX_POINT('',#4295);
#1195=VERTEX_POINT('',#4297);
#1196=VERTEX_POINT('',#4301);
#1197=VERTEX_POINT('',#4303);
#1198=VERTEX_POINT('',#4305);
#1199=VERTEX_POINT('',#4309);
#1200=VERTEX_POINT('',#4310);
#1201=VERTEX_POINT('',#4312);
#1202=VERTEX_POINT('',#4314);
#1203=VERTEX_POINT('',#4318);
#1204=VERTEX_POINT('',#4319);
#1205=VERTEX_POINT('',#4321);
#1206=VERTEX_POINT('',#4323);
#1207=VERTEX_POINT('',#4327);
#1208=VERTEX_POINT('',#4328);
#1209=VERTEX_POINT('',#4333);
#1210=VERTEX_POINT('',#4334);
#1211=VERTEX_POINT('',#4337);
#1212=VERTEX_POINT('',#4339);
#1213=VERTEX_POINT('',#4343);
#1214=VERTEX_POINT('',#4345);
#1215=VERTEX_POINT('',#4347);
#1216=VERTEX_POINT('',#4349);
#1217=VERTEX_POINT('',#4353);
#1218=VERTEX_POINT('',#4354);
#1219=VERTEX_POINT('',#4357);
#1220=VERTEX_POINT('',#4359);
#1221=VERTEX_POINT('',#4361);
#1222=VERTEX_POINT('',#4363);
#1223=VERTEX_POINT('',#4368);
#1224=VERTEX_POINT('',#4369);
#1225=VERTEX_POINT('',#4371);
#1226=VERTEX_POINT('',#4373);
#1227=VERTEX_POINT('',#4377);
#1228=VERTEX_POINT('',#4379);
#1229=VERTEX_POINT('',#4383);
#1230=VERTEX_POINT('',#4385);
#1231=VERTEX_POINT('',#4389);
#1232=VERTEX_POINT('',#4391);
#1233=VERTEX_POINT('',#4393);
#1234=VERTEX_POINT('',#4395);
#1235=VERTEX_POINT('',#4397);
#1236=VERTEX_POINT('',#4399);
#1237=VERTEX_POINT('',#4404);
#1238=VERTEX_POINT('',#4406);
#1239=VERTEX_POINT('',#4410);
#1240=VERTEX_POINT('',#4414);
#1241=VERTEX_POINT('',#4416);
#1242=VERTEX_POINT('',#4420);
#1243=VERTEX_POINT('',#4423);
#1244=VERTEX_POINT('',#4426);
#1245=VERTEX_POINT('',#4430);
#1246=VERTEX_POINT('',#4433);
#1247=VERTEX_POINT('',#4436);
#1248=VERTEX_POINT('',#4441);
#1249=VERTEX_POINT('',#4444);
#1250=VERTEX_POINT('',#4446);
#1251=VERTEX_POINT('',#4450);
#1252=VERTEX_POINT('',#4454);
#1253=VERTEX_POINT('',#4456);
#1254=VERTEX_POINT('',#4460);
#1255=VERTEX_POINT('',#4461);
#1256=VERTEX_POINT('',#4463);
#1257=VERTEX_POINT('',#4465);
#1258=VERTEX_POINT('',#4470);
#1259=VERTEX_POINT('',#4473);
#1260=VERTEX_POINT('',#4475);
#1261=VERTEX_POINT('',#4479);
#1262=VERTEX_POINT('',#4481);
#1263=VERTEX_POINT('',#4487);
#1264=VERTEX_POINT('',#4495);
#1265=VERTEX_POINT('',#4502);
#1266=VERTEX_POINT('',#4504);
#1267=VERTEX_POINT('',#4508);
#1268=VERTEX_POINT('',#4510);
#1269=VERTEX_POINT('',#4515);
#1270=VERTEX_POINT('',#4517);
#1271=VERTEX_POINT('',#4527);
#1272=VERTEX_POINT('',#4529);
#1273=VERTEX_POINT('',#4540);
#1274=VERTEX_POINT('',#4566);
#1275=VERTEX_POINT('',#4568);
#1276=VERTEX_POINT('',#4570);
#1277=VERTEX_POINT('',#4572);
#1278=VERTEX_POINT('',#4574);
#1279=VERTEX_POINT('',#4576);
#1280=VERTEX_POINT('',#4578);
#1281=VERTEX_POINT('',#4580);
#1282=VERTEX_POINT('',#4582);
#1283=VERTEX_POINT('',#4584);
#1284=VERTEX_POINT('',#4589);
#1285=VERTEX_POINT('',#4591);
#1286=VERTEX_POINT('',#4595);
#1287=VERTEX_POINT('',#4599);
#1288=VERTEX_POINT('',#4603);
#1289=VERTEX_POINT('',#4607);
#1290=VERTEX_POINT('',#4616);
#1291=VERTEX_POINT('',#4618);
#1292=VERTEX_POINT('',#4620);
#1293=VERTEX_POINT('',#4622);
#1294=VERTEX_POINT('',#4624);
#1295=VERTEX_POINT('',#4626);
#1296=VERTEX_POINT('',#4628);
#1297=VERTEX_POINT('',#4630);
#1298=VERTEX_POINT('',#4632);
#1299=VERTEX_POINT('',#4634);
#1300=VERTEX_POINT('',#4639);
#1301=VERTEX_POINT('',#4641);
#1302=VERTEX_POINT('',#4645);
#1303=VERTEX_POINT('',#4649);
#1304=VERTEX_POINT('',#4653);
#1305=VERTEX_POINT('',#4657);
#1306=EDGE_CURVE('',#1032,#1033,#418,.T.);
#1307=EDGE_CURVE('',#1032,#1033,#314,.T.);
#1308=EDGE_CURVE('',#1034,#1035,#419,.T.);
#1309=EDGE_CURVE('',#1035,#1034,#315,.T.);
#1310=EDGE_CURVE('',#1036,#1037,#316,.T.);
#1311=EDGE_CURVE('',#1038,#1036,#420,.T.);
#1312=EDGE_CURVE('',#1039,#1038,#317,.T.);
#1313=EDGE_CURVE('',#1037,#1039,#421,.T.);
#1314=EDGE_CURVE('',#1040,#1034,#422,.T.);
#1315=EDGE_CURVE('',#1041,#1040,#318,.T.);
#1316=EDGE_CURVE('',#1035,#1041,#423,.T.);
#1317=EDGE_CURVE('',#1042,#1032,#424,.T.);
#1318=EDGE_CURVE('',#1043,#1042,#319,.T.);
#1319=EDGE_CURVE('',#1033,#1043,#425,.T.);
#1320=EDGE_CURVE('',#1044,#1045,#426,.T.);
#1321=EDGE_CURVE('',#1045,#1046,#427,.T.);
#1322=EDGE_CURVE('',#1046,#1047,#428,.T.);
#1323=EDGE_CURVE('',#1047,#1044,#429,.T.);
#1324=EDGE_CURVE('',#1048,#1049,#430,.T.);
#1325=EDGE_CURVE('',#1049,#1050,#431,.T.);
#1326=EDGE_CURVE('',#1050,#1051,#432,.T.);
#1327=EDGE_CURVE('',#1051,#1048,#433,.T.);
#1328=EDGE_CURVE('',#1043,#1052,#434,.T.);
#1329=EDGE_CURVE('',#1052,#1053,#435,.T.);
#1330=EDGE_CURVE('',#1053,#1038,#436,.T.);
#1331=EDGE_CURVE('',#1036,#1054,#437,.T.);
#1332=EDGE_CURVE('',#1054,#1055,#438,.T.);
#1333=EDGE_CURVE('',#1055,#1040,#439,.T.);
#1334=EDGE_CURVE('',#1041,#1056,#440,.T.);
#1335=EDGE_CURVE('',#1056,#1057,#441,.T.);
#1336=EDGE_CURVE('',#1057,#1037,#442,.T.);
#1337=EDGE_CURVE('',#1039,#1058,#443,.T.);
#1338=EDGE_CURVE('',#1058,#1059,#444,.T.);
#1339=EDGE_CURVE('',#1059,#1042,#445,.T.);
#1340=EDGE_CURVE('',#1053,#1060,#446,.T.);
#1341=EDGE_CURVE('',#1060,#1061,#447,.T.);
#1342=EDGE_CURVE('',#1058,#1061,#448,.T.);
#1343=EDGE_CURVE('',#1059,#1062,#449,.T.);
#1344=EDGE_CURVE('',#1062,#1063,#450,.T.);
#1345=EDGE_CURVE('',#1052,#1063,#451,.T.);
#1346=EDGE_CURVE('',#1061,#1062,#452,.T.);
#1347=EDGE_CURVE('',#1063,#1060,#453,.T.);
#1348=EDGE_CURVE('',#1056,#1064,#454,.T.);
#1349=EDGE_CURVE('',#1064,#1065,#455,.T.);
#1350=EDGE_CURVE('',#1057,#1065,#456,.T.);
#1351=EDGE_CURVE('',#1055,#1066,#457,.T.);
#1352=EDGE_CURVE('',#1066,#1064,#458,.T.);
#1353=EDGE_CURVE('',#1054,#1067,#459,.T.);
#1354=EDGE_CURVE('',#1067,#1066,#460,.T.);
#1355=EDGE_CURVE('',#1065,#1067,#461,.T.);
#1356=EDGE_CURVE('',#1068,#1069,#462,.T.);
#1357=EDGE_CURVE('',#1068,#1069,#320,.T.);
#1358=EDGE_CURVE('',#1070,#1069,#321,.T.);
#1359=EDGE_CURVE('',#1070,#1071,#463,.T.);
#1360=EDGE_CURVE('',#1072,#1071,#20,.T.);
#1361=EDGE_CURVE('',#1071,#1072,#21,.T.);
#1362=EDGE_CURVE('',#1068,#1070,#322,.T.);
#1363=EDGE_CURVE('',#1073,#1074,#464,.T.);
#1364=EDGE_CURVE('',#1073,#1075,#465,.T.);
#1365=EDGE_CURVE('',#1076,#1075,#466,.T.);
#1366=EDGE_CURVE('',#1077,#1076,#467,.T.);
#1367=EDGE_CURVE('',#1078,#1077,#468,.T.);
#1368=EDGE_CURVE('',#1074,#1078,#469,.T.);
#1369=EDGE_CURVE('',#1079,#1080,#470,.T.);
#1370=EDGE_CURVE('',#1079,#1081,#471,.T.);
#1371=EDGE_CURVE('',#1082,#1081,#472,.T.);
#1372=EDGE_CURVE('',#1080,#1082,#473,.T.);
#1373=EDGE_CURVE('',#1082,#1076,#474,.T.);
#1374=EDGE_CURVE('',#1081,#1077,#475,.T.);
#1375=EDGE_CURVE('',#1078,#1083,#476,.T.);
#1376=EDGE_CURVE('',#1083,#1079,#477,.T.);
#1377=EDGE_CURVE('',#1083,#1084,#478,.T.);
#1378=EDGE_CURVE('',#1084,#1085,#479,.T.);
#1379=EDGE_CURVE('',#1085,#1086,#480,.T.);
#1380=EDGE_CURVE('',#1074,#1086,#481,.T.);
#1381=EDGE_CURVE('',#1087,#1079,#482,.T.);
#1382=EDGE_CURVE('',#1084,#1087,#483,.T.);
#1383=EDGE_CURVE('',#1080,#1088,#484,.T.);
#1384=EDGE_CURVE('',#1089,#1088,#485,.T.);
#1385=EDGE_CURVE('',#1089,#1090,#486,.T.);
#1386=EDGE_CURVE('',#1090,#1091,#487,.T.);
#1387=EDGE_CURVE('',#1091,#1092,#488,.T.);
#1388=EDGE_CURVE('',#1092,#1093,#489,.T.);
#1389=EDGE_CURVE('',#1093,#1094,#490,.T.);
#1390=EDGE_CURVE('',#1094,#1095,#491,.T.);
#1391=EDGE_CURVE('',#1095,#1096,#492,.T.);
#1392=EDGE_CURVE('',#1096,#1097,#493,.T.);
#1393=EDGE_CURVE('',#1097,#1098,#494,.T.);
#1394=EDGE_CURVE('',#1098,#1099,#495,.T.);
#1395=EDGE_CURVE('',#1099,#1087,#496,.T.);
#1396=EDGE_CURVE('',#1100,#1101,#497,.T.);
#1397=EDGE_CURVE('',#1100,#1102,#498,.T.);
#1398=EDGE_CURVE('',#1102,#1103,#499,.T.);
#1399=EDGE_CURVE('',#1101,#1103,#500,.T.);
#1400=EDGE_CURVE('',#1104,#1105,#501,.T.);
#1401=EDGE_CURVE('',#1106,#1104,#502,.T.);
#1402=EDGE_CURVE('',#1106,#1085,#503,.T.);
#1403=EDGE_CURVE('',#1107,#1099,#504,.T.);
#1404=EDGE_CURVE('',#1108,#1107,#505,.T.);
#1405=EDGE_CURVE('',#1109,#1108,#506,.T.);
#1406=EDGE_CURVE('',#1110,#1109,#507,.T.);
#1407=EDGE_CURVE('',#1105,#1110,#508,.T.);
#1408=EDGE_CURVE('',#1086,#1102,#509,.T.);
#1409=EDGE_CURVE('',#1111,#1100,#510,.T.);
#1410=EDGE_CURVE('',#1073,#1111,#511,.T.);
#1411=EDGE_CURVE('',#1103,#1106,#512,.T.);
#1412=EDGE_CURVE('',#1105,#1110,#323,.T.);
#1413=EDGE_CURVE('',#1108,#1112,#513,.T.);
#1414=EDGE_CURVE('',#1112,#1113,#324,.T.);
#1415=EDGE_CURVE('',#1113,#1114,#325,.T.);
#1416=EDGE_CURVE('',#1114,#1115,#326,.T.);
#1417=EDGE_CURVE('',#1115,#1116,#327,.T.);
#1418=EDGE_CURVE('',#1116,#1109,#328,.T.);
#1419=EDGE_CURVE('',#1117,#1107,#514,.T.);
#1420=EDGE_CURVE('',#1117,#1118,#515,.T.);
#1421=EDGE_CURVE('',#1118,#1119,#516,.T.);
#1422=EDGE_CURVE('',#1119,#1120,#517,.T.);
#1423=EDGE_CURVE('',#1120,#1121,#518,.T.);
#1424=EDGE_CURVE('',#1122,#1121,#519,.T.);
#1425=EDGE_CURVE('',#1123,#1122,#520,.T.);
#1426=EDGE_CURVE('',#1124,#1123,#521,.T.);
#1427=EDGE_CURVE('',#1125,#1124,#522,.T.);
#1428=EDGE_CURVE('',#1126,#1125,#523,.T.);
#1429=EDGE_CURVE('',#1127,#1126,#524,.T.);
#1430=EDGE_CURVE('',#1128,#1127,#525,.T.);
#1431=EDGE_CURVE('',#1129,#1128,#526,.T.);
#1432=EDGE_CURVE('',#1130,#1129,#527,.T.);
#1433=EDGE_CURVE('',#1131,#1130,#528,.T.);
#1434=EDGE_CURVE('',#1132,#1131,#529,.T.);
#1435=EDGE_CURVE('',#1112,#1132,#530,.T.);
#1436=EDGE_CURVE('',#1133,#1101,#531,.T.);
#1437=EDGE_CURVE('',#1133,#1134,#532,.T.);
#1438=EDGE_CURVE('',#1111,#1134,#533,.T.);
#1439=EDGE_CURVE('',#1098,#1117,#534,.T.);
#1440=EDGE_CURVE('',#1135,#1096,#535,.T.);
#1441=EDGE_CURVE('',#1136,#1135,#536,.T.);
#1442=EDGE_CURVE('',#1093,#1136,#537,.T.);
#1443=EDGE_CURVE('',#1092,#1137,#538,.T.);
#1444=EDGE_CURVE('',#1138,#1137,#539,.T.);
#1445=EDGE_CURVE('',#1097,#1138,#540,.T.);
#1446=EDGE_CURVE('',#1139,#1119,#541,.T.);
#1447=EDGE_CURVE('',#1140,#1119,#542,.T.);
#1448=EDGE_CURVE('',#1141,#1140,#543,.T.);
#1449=EDGE_CURVE('',#1141,#1142,#544,.T.);
#1450=EDGE_CURVE('',#1142,#1139,#545,.T.);
#1451=EDGE_CURVE('',#1143,#1091,#546,.T.);
#1452=EDGE_CURVE('',#1141,#1143,#547,.T.);
#1453=EDGE_CURVE('',#1137,#1140,#548,.T.);
#1454=EDGE_CURVE('',#1118,#1138,#549,.T.);
#1455=EDGE_CURVE('',#1144,#1143,#550,.T.);
#1456=EDGE_CURVE('',#1144,#1145,#551,.T.);
#1457=EDGE_CURVE('',#1146,#1145,#552,.T.);
#1458=EDGE_CURVE('',#1146,#1147,#553,.T.);
#1459=EDGE_CURVE('',#1147,#1141,#554,.T.);
#1460=EDGE_CURVE('',#1090,#1144,#555,.T.);
#1461=EDGE_CURVE('',#1148,#1136,#556,.T.);
#1462=EDGE_CURVE('',#1094,#1148,#557,.T.);
#1463=EDGE_CURVE('',#1147,#1149,#558,.T.);
#1464=EDGE_CURVE('',#1149,#1150,#559,.T.);
#1465=EDGE_CURVE('',#1142,#1150,#560,.T.);
#1466=EDGE_CURVE('',#1151,#1135,#561,.T.);
#1467=EDGE_CURVE('',#1148,#1151,#562,.T.);
#1468=EDGE_CURVE('',#1150,#1152,#563,.T.);
#1469=EDGE_CURVE('',#1139,#1152,#564,.T.);
#1470=EDGE_CURVE('',#1151,#1095,#565,.T.);
#1471=EDGE_CURVE('',#1152,#1153,#566,.T.);
#1472=EDGE_CURVE('',#1154,#1153,#567,.T.);
#1473=EDGE_CURVE('',#1155,#1154,#568,.T.);
#1474=EDGE_CURVE('',#1156,#1155,#569,.T.);
#1475=EDGE_CURVE('',#1157,#1156,#570,.T.);
#1476=EDGE_CURVE('',#1120,#1157,#571,.T.);
#1477=EDGE_CURVE('',#1154,#1157,#19,.T.);
#1478=EDGE_CURVE('',#1153,#1158,#572,.T.);
#1479=EDGE_CURVE('',#1121,#1158,#573,.T.);
#1480=EDGE_CURVE('',#1159,#1146,#574,.T.);
#1481=EDGE_CURVE('',#1159,#1149,#575,.T.);
#1482=EDGE_CURVE('',#1158,#1159,#576,.T.);
#1483=EDGE_CURVE('',#1160,#1155,#329,.T.);
#1484=EDGE_CURVE('',#1156,#1160,#330,.T.);
#1485=EDGE_CURVE('',#1145,#1161,#577,.T.);
#1486=EDGE_CURVE('',#1161,#1089,#578,.T.);
#1487=EDGE_CURVE('',#1161,#1162,#579,.T.);
#1488=EDGE_CURVE('',#1088,#1162,#580,.T.);
#1489=EDGE_CURVE('',#1134,#1075,#581,.T.);
#1490=EDGE_CURVE('',#1162,#1133,#582,.T.);
#1491=EDGE_CURVE('',#1124,#1123,#331,.T.);
#1492=EDGE_CURVE('',#1163,#1122,#332,.T.);
#1493=EDGE_CURVE('',#1164,#1163,#583,.T.);
#1494=EDGE_CURVE('',#1165,#1164,#333,.T.);
#1495=EDGE_CURVE('',#1165,#1166,#584,.T.);
#1496=EDGE_CURVE('',#1166,#1167,#334,.T.);
#1497=EDGE_CURVE('',#1167,#1168,#585,.T.);
#1498=EDGE_CURVE('',#1169,#1168,#335,.T.);
#1499=EDGE_CURVE('',#1170,#1169,#586,.T.);
#1500=EDGE_CURVE('',#1125,#1170,#336,.T.);
#1501=EDGE_CURVE('',#1129,#1171,#337,.T.);
#1502=EDGE_CURVE('',#1171,#1130,#338,.T.);
#1503=EDGE_CURVE('',#1172,#1173,#587,.T.);
#1504=EDGE_CURVE('',#1173,#1174,#588,.T.);
#1505=EDGE_CURVE('',#1174,#1175,#589,.T.);
#1506=EDGE_CURVE('',#1175,#1172,#590,.T.);
#1507=EDGE_CURVE('',#1104,#1176,#339,.T.);
#1508=EDGE_CURVE('',#1176,#1177,#340,.T.);
#1509=EDGE_CURVE('',#1177,#1178,#341,.T.);
#1510=EDGE_CURVE('',#1178,#1179,#342,.T.);
#1511=EDGE_CURVE('',#1179,#1180,#343,.T.);
#1512=EDGE_CURVE('',#1180,#1181,#344,.T.);
#1513=EDGE_CURVE('',#1181,#1182,#345,.T.);
#1514=EDGE_CURVE('',#1182,#1183,#346,.T.);
#1515=EDGE_CURVE('',#1183,#1184,#347,.T.);
#1516=EDGE_CURVE('',#1184,#1185,#348,.T.);
#1517=EDGE_CURVE('',#1185,#1186,#349,.T.);
#1518=EDGE_CURVE('',#1186,#1187,#350,.T.);
#1519=EDGE_CURVE('',#1187,#1188,#351,.T.);
#1520=EDGE_CURVE('',#1188,#1163,#352,.T.);
#1521=EDGE_CURVE('',#1189,#1189,#353,.T.);
#1522=EDGE_CURVE('',#1189,#1190,#591,.T.);
#1523=EDGE_CURVE('',#1190,#1190,#354,.T.);
#1524=EDGE_CURVE('',#1191,#1179,#592,.T.);
#1525=EDGE_CURVE('',#1192,#1191,#355,.T.);
#1526=EDGE_CURVE('',#1180,#1192,#593,.T.);
#1527=EDGE_CURVE('',#1192,#1193,#356,.T.);
#1528=EDGE_CURVE('',#1193,#1194,#594,.T.);
#1529=EDGE_CURVE('',#1195,#1194,#357,.T.);
#1530=EDGE_CURVE('',#1192,#1195,#595,.T.);
#1531=EDGE_CURVE('',#1196,#1191,#358,.T.);
#1532=EDGE_CURVE('',#1197,#1191,#596,.T.);
#1533=EDGE_CURVE('',#1198,#1197,#359,.T.);
#1534=EDGE_CURVE('',#1198,#1196,#597,.T.);
#1535=EDGE_CURVE('',#1199,#1200,#598,.T.);
#1536=EDGE_CURVE('',#1199,#1201,#599,.T.);
#1537=EDGE_CURVE('',#1202,#1201,#600,.T.);
#1538=EDGE_CURVE('',#1202,#1200,#601,.T.);
#1539=EDGE_CURVE('',#1203,#1204,#602,.T.);
#1540=EDGE_CURVE('',#1203,#1205,#603,.T.);
#1541=EDGE_CURVE('',#1206,#1205,#604,.T.);
#1542=EDGE_CURVE('',#1206,#1204,#605,.T.);
#1543=EDGE_CURVE('',#1207,#1208,#606,.T.);
#1544=EDGE_CURVE('',#1207,#1196,#607,.T.);
#1545=EDGE_CURVE('',#1198,#1208,#608,.T.);
#1546=EDGE_CURVE('',#1209,#1210,#360,.T.);
#1547=EDGE_CURVE('',#1069,#1209,#609,.T.);
#1548=EDGE_CURVE('',#1211,#1068,#610,.T.);
#1549=EDGE_CURVE('',#1212,#1211,#361,.T.);
#1550=EDGE_CURVE('',#1210,#1212,#611,.T.);
#1551=EDGE_CURVE('',#1213,#1199,#362,.T.);
#1552=EDGE_CURVE('',#1214,#1213,#612,.T.);
#1553=EDGE_CURVE('',#1215,#1214,#363,.T.);
#1554=EDGE_CURVE('',#1216,#1215,#613,.T.);
#1555=EDGE_CURVE('',#1201,#1216,#364,.T.);
#1556=EDGE_CURVE('',#1217,#1218,#365,.T.);
#1557=EDGE_CURVE('',#1193,#1217,#614,.T.);
#1558=EDGE_CURVE('',#1219,#1207,#366,.T.);
#1559=EDGE_CURVE('',#1220,#1219,#367,.T.);
#1560=EDGE_CURVE('',#1221,#1220,#615,.T.);
#1561=EDGE_CURVE('',#1222,#1221,#368,.T.);
#1562=EDGE_CURVE('',#1205,#1222,#369,.T.);
#1563=EDGE_CURVE('',#1218,#1203,#370,.T.);
#1564=EDGE_CURVE('',#1223,#1224,#616,.T.);
#1565=EDGE_CURVE('',#1223,#1225,#617,.T.);
#1566=EDGE_CURVE('',#1226,#1225,#618,.T.);
#1567=EDGE_CURVE('',#1226,#1224,#619,.T.);
#1568=EDGE_CURVE('',#1165,#1227,#620,.T.);
#1569=EDGE_CURVE('',#1228,#1227,#621,.T.);
#1570=EDGE_CURVE('',#1228,#1166,#622,.T.);
#1571=EDGE_CURVE('',#1167,#1229,#623,.T.);
#1572=EDGE_CURVE('',#1230,#1229,#624,.T.);
#1573=EDGE_CURVE('',#1230,#1168,#625,.T.);
#1574=EDGE_CURVE('',#1231,#1228,#371,.T.);
#1575=EDGE_CURVE('',#1232,#1231,#372,.T.);
#1576=EDGE_CURVE('',#1233,#1232,#626,.T.);
#1577=EDGE_CURVE('',#1234,#1233,#627,.T.);
#1578=EDGE_CURVE('',#1235,#1234,#628,.T.);
#1579=EDGE_CURVE('',#1236,#1235,#373,.T.);
#1580=EDGE_CURVE('',#1224,#1236,#374,.T.);
#1581=EDGE_CURVE('',#1229,#1226,#375,.T.);
#1582=EDGE_CURVE('',#1237,#1213,#629,.T.);
#1583=EDGE_CURVE('',#1237,#1238,#630,.T.);
#1584=EDGE_CURVE('',#1214,#1238,#631,.T.);
#1585=EDGE_CURVE('',#1239,#1217,#632,.T.);
#1586=EDGE_CURVE('',#1239,#1194,#633,.T.);
#1587=EDGE_CURVE('',#1240,#1209,#634,.T.);
#1588=EDGE_CURVE('',#1240,#1241,#635,.T.);
#1589=EDGE_CURVE('',#1211,#1241,#636,.T.);
#1590=EDGE_CURVE('',#1218,#1242,#637,.T.);
#1591=EDGE_CURVE('',#1242,#1242,#376,.T.);
#1592=EDGE_CURVE('',#1243,#1204,#377,.T.);
#1593=EDGE_CURVE('',#1182,#1243,#638,.T.);
#1594=EDGE_CURVE('',#1244,#1181,#639,.T.);
#1595=EDGE_CURVE('',#1239,#1244,#378,.T.);
#1596=EDGE_CURVE('',#1245,#1200,#379,.T.);
#1597=EDGE_CURVE('',#1245,#1160,#640,.T.);
#1598=EDGE_CURVE('',#1246,#1245,#380,.T.);
#1599=EDGE_CURVE('',#1186,#1246,#641,.T.);
#1600=EDGE_CURVE('',#1247,#1185,#642,.T.);
#1601=EDGE_CURVE('',#1237,#1247,#381,.T.);
#1602=EDGE_CURVE('',#1178,#1219,#643,.T.);
#1603=EDGE_CURVE('',#1248,#1177,#644,.T.);
#1604=EDGE_CURVE('',#1240,#1248,#382,.T.);
#1605=EDGE_CURVE('',#1249,#1210,#645,.T.);
#1606=EDGE_CURVE('',#1249,#1250,#383,.T.);
#1607=EDGE_CURVE('',#1220,#1250,#646,.T.);
#1608=EDGE_CURVE('',#1251,#1241,#384,.T.);
#1609=EDGE_CURVE('',#1115,#1251,#647,.T.);
#1610=EDGE_CURVE('',#1236,#1114,#648,.T.);
#1611=EDGE_CURVE('',#1252,#1235,#649,.T.);
#1612=EDGE_CURVE('',#1252,#1253,#385,.T.);
#1613=EDGE_CURVE('',#1212,#1253,#650,.T.);
#1614=EDGE_CURVE('',#1254,#1255,#651,.T.);
#1615=EDGE_CURVE('',#1255,#1256,#652,.T.);
#1616=EDGE_CURVE('',#1256,#1257,#653,.T.);
#1617=EDGE_CURVE('',#1254,#1257,#654,.T.);
#1618=EDGE_CURVE('',#1188,#1231,#655,.T.);
#1619=EDGE_CURVE('',#1258,#1187,#656,.T.);
#1620=EDGE_CURVE('',#1202,#1258,#386,.T.);
#1621=EDGE_CURVE('',#1259,#1216,#657,.T.);
#1622=EDGE_CURVE('',#1259,#1260,#387,.T.);
#1623=EDGE_CURVE('',#1232,#1260,#658,.T.);
#1624=EDGE_CURVE('',#1261,#1254,#659,.T.);
#1625=EDGE_CURVE('',#1257,#1262,#660,.T.);
#1626=EDGE_CURVE('',#1261,#1262,#661,.T.);
#1627=EDGE_CURVE('',#1253,#1252,#662,.T.);
#1628=EDGE_CURVE('',#1051,#1234,#663,.T.);
#1629=EDGE_CURVE('',#1050,#1263,#664,.T.);
#1630=EDGE_CURVE('',#1263,#1249,#665,.T.);
#1631=EDGE_CURVE('',#1170,#1126,#388,.T.);
#1632=EDGE_CURVE('',#1169,#1164,#389,.T.);
#1633=EDGE_CURVE('',#1227,#1258,#390,.T.);
#1634=EDGE_CURVE('',#1246,#1247,#391,.T.);
#1635=EDGE_CURVE('',#1184,#1264,#666,.T.);
#1636=EDGE_CURVE('',#1264,#1206,#392,.T.);
#1637=EDGE_CURVE('',#1222,#1183,#667,.T.);
#1638=EDGE_CURVE('',#1243,#1244,#393,.T.);
#1639=EDGE_CURVE('',#1195,#1197,#394,.T.);
#1640=EDGE_CURVE('',#1208,#1248,#395,.T.);
#1641=EDGE_CURVE('',#1176,#1265,#668,.T.);
#1642=EDGE_CURVE('',#1265,#1266,#396,.T.);
#1643=EDGE_CURVE('',#1266,#1116,#669,.T.);
#1644=EDGE_CURVE('',#1251,#1223,#397,.T.);
#1645=EDGE_CURVE('',#1113,#1267,#670,.T.);
#1646=EDGE_CURVE('',#1267,#1268,#398,.T.);
#1647=EDGE_CURVE('',#1268,#1171,#671,.T.);
#1648=EDGE_CURVE('',#1127,#1128,#399,.T.);
#1649=EDGE_CURVE('',#1269,#1261,#672,.T.);
#1650=EDGE_CURVE('',#1262,#1270,#673,.T.);
#1651=EDGE_CURVE('',#1269,#1270,#674,.T.);
#1652=EDGE_CURVE('',#1048,#1233,#675,.T.);
#1653=EDGE_CURVE('',#1255,#1269,#676,.T.);
#1654=EDGE_CURVE('',#1270,#1256,#677,.T.);
#1655=EDGE_CURVE('',#1260,#1259,#678,.T.);
#1656=EDGE_CURVE('',#1215,#1271,#679,.T.);
#1657=EDGE_CURVE('',#1271,#1272,#680,.T.);
#1658=EDGE_CURVE('',#1049,#1272,#681,.T.);
#1659=EDGE_CURVE('',#1230,#1268,#400,.T.);
#1660=EDGE_CURVE('',#1267,#1225,#401,.T.);
#1661=EDGE_CURVE('',#1132,#1131,#402,.T.);
#1662=EDGE_CURVE('',#1265,#1266,#403,.T.);
#1663=EDGE_CURVE('',#1273,#1271,#404,.T.);
#1664=EDGE_CURVE('',#1272,#1273,#682,.T.);
#1665=EDGE_CURVE('',#1273,#1221,#683,.T.);
#1666=EDGE_CURVE('',#1264,#1238,#405,.T.);
#1667=EDGE_CURVE('',#1250,#1263,#684,.T.);
#1668=EDGE_CURVE('',#1172,#1044,#685,.T.);
#1669=EDGE_CURVE('',#1173,#1047,#686,.T.);
#1670=EDGE_CURVE('',#1174,#1046,#687,.T.);
#1671=EDGE_CURVE('',#1175,#1045,#688,.T.);
#1672=EDGE_CURVE('',#1274,#1274,#406,.T.);
#1673=EDGE_CURVE('',#1274,#1275,#689,.T.);
#1674=EDGE_CURVE('',#1276,#1275,#407,.T.);
#1675=EDGE_CURVE('',#1277,#1276,#690,.T.);
#1676=EDGE_CURVE('',#1278,#1277,#408,.T.);
#1677=EDGE_CURVE('',#1279,#1278,#691,.T.);
#1678=EDGE_CURVE('',#1280,#1279,#409,.T.);
#1679=EDGE_CURVE('',#1281,#1280,#692,.T.);
#1680=EDGE_CURVE('',#1282,#1281,#410,.T.);
#1681=EDGE_CURVE('',#1283,#1282,#693,.T.);
#1682=EDGE_CURVE('',#1275,#1283,#411,.T.);
#1683=EDGE_CURVE('',#1284,#1277,#694,.T.);
#1684=EDGE_CURVE('',#1284,#1285,#695,.T.);
#1685=EDGE_CURVE('',#1278,#1285,#696,.T.);
#1686=EDGE_CURVE('',#1286,#1281,#697,.T.);
#1687=EDGE_CURVE('',#1282,#1286,#698,.T.);
#1688=EDGE_CURVE('',#1276,#1287,#699,.T.);
#1689=EDGE_CURVE('',#1287,#1284,#700,.T.);
#1690=EDGE_CURVE('',#1285,#1288,#701,.T.);
#1691=EDGE_CURVE('',#1288,#1279,#702,.T.);
#1692=EDGE_CURVE('',#1280,#1289,#703,.T.);
#1693=EDGE_CURVE('',#1289,#1286,#704,.T.);
#1694=EDGE_CURVE('',#1287,#1288,#705,.T.);
#1695=EDGE_CURVE('',#1283,#1289,#706,.T.);
#1696=EDGE_CURVE('',#1290,#1290,#412,.T.);
#1697=EDGE_CURVE('',#1290,#1291,#707,.T.);
#1698=EDGE_CURVE('',#1292,#1291,#413,.T.);
#1699=EDGE_CURVE('',#1293,#1292,#708,.T.);
#1700=EDGE_CURVE('',#1294,#1293,#414,.T.);
#1701=EDGE_CURVE('',#1295,#1294,#709,.T.);
#1702=EDGE_CURVE('',#1296,#1295,#415,.T.);
#1703=EDGE_CURVE('',#1297,#1296,#710,.T.);
#1704=EDGE_CURVE('',#1298,#1297,#416,.T.);
#1705=EDGE_CURVE('',#1299,#1298,#711,.T.);
#1706=EDGE_CURVE('',#1291,#1299,#417,.T.);
#1707=EDGE_CURVE('',#1300,#1293,#712,.T.);
#1708=EDGE_CURVE('',#1300,#1301,#713,.T.);
#1709=EDGE_CURVE('',#1294,#1301,#714,.T.);
#1710=EDGE_CURVE('',#1302,#1297,#715,.T.);
#1711=EDGE_CURVE('',#1298,#1302,#716,.T.);
#1712=EDGE_CURVE('',#1292,#1303,#717,.T.);
#1713=EDGE_CURVE('',#1303,#1300,#718,.T.);
#1714=EDGE_CURVE('',#1301,#1304,#719,.T.);
#1715=EDGE_CURVE('',#1304,#1295,#720,.T.);
#1716=EDGE_CURVE('',#1296,#1305,#721,.T.);
#1717=EDGE_CURVE('',#1305,#1302,#722,.T.);
#1718=EDGE_CURVE('',#1303,#1304,#723,.T.);
#1719=EDGE_CURVE('',#1299,#1305,#724,.T.);
#1720=ORIENTED_EDGE('',*,*,#1306,.F.);
#1721=ORIENTED_EDGE('',*,*,#1307,.T.);
#1722=ORIENTED_EDGE('',*,*,#1308,.F.);
#1723=ORIENTED_EDGE('',*,*,#1309,.F.);
#1724=ORIENTED_EDGE('',*,*,#1310,.F.);
#1725=ORIENTED_EDGE('',*,*,#1311,.F.);
#1726=ORIENTED_EDGE('',*,*,#1312,.F.);
#1727=ORIENTED_EDGE('',*,*,#1313,.F.);
#1728=ORIENTED_EDGE('',*,*,#1314,.F.);
#1729=ORIENTED_EDGE('',*,*,#1315,.F.);
#1730=ORIENTED_EDGE('',*,*,#1316,.F.);
#1731=ORIENTED_EDGE('',*,*,#1309,.T.);
#1732=ORIENTED_EDGE('',*,*,#1317,.F.);
#1733=ORIENTED_EDGE('',*,*,#1318,.F.);
#1734=ORIENTED_EDGE('',*,*,#1319,.F.);
#1735=ORIENTED_EDGE('',*,*,#1307,.F.);
#1736=ORIENTED_EDGE('',*,*,#1320,.T.);
#1737=ORIENTED_EDGE('',*,*,#1321,.T.);
#1738=ORIENTED_EDGE('',*,*,#1322,.T.);
#1739=ORIENTED_EDGE('',*,*,#1323,.T.);
#1740=ORIENTED_EDGE('',*,*,#1324,.T.);
#1741=ORIENTED_EDGE('',*,*,#1325,.T.);
#1742=ORIENTED_EDGE('',*,*,#1326,.T.);
#1743=ORIENTED_EDGE('',*,*,#1327,.T.);
#1744=ORIENTED_EDGE('',*,*,#1317,.T.);
#1745=ORIENTED_EDGE('',*,*,#1306,.T.);
#1746=ORIENTED_EDGE('',*,*,#1319,.T.);
#1747=ORIENTED_EDGE('',*,*,#1328,.T.);
#1748=ORIENTED_EDGE('',*,*,#1329,.T.);
#1749=ORIENTED_EDGE('',*,*,#1330,.T.);
#1750=ORIENTED_EDGE('',*,*,#1311,.T.);
#1751=ORIENTED_EDGE('',*,*,#1331,.T.);
#1752=ORIENTED_EDGE('',*,*,#1332,.T.);
#1753=ORIENTED_EDGE('',*,*,#1333,.T.);
#1754=ORIENTED_EDGE('',*,*,#1314,.T.);
#1755=ORIENTED_EDGE('',*,*,#1308,.T.);
#1756=ORIENTED_EDGE('',*,*,#1316,.T.);
#1757=ORIENTED_EDGE('',*,*,#1334,.T.);
#1758=ORIENTED_EDGE('',*,*,#1335,.T.);
#1759=ORIENTED_EDGE('',*,*,#1336,.T.);
#1760=ORIENTED_EDGE('',*,*,#1313,.T.);
#1761=ORIENTED_EDGE('',*,*,#1337,.T.);
#1762=ORIENTED_EDGE('',*,*,#1338,.T.);
#1763=ORIENTED_EDGE('',*,*,#1339,.T.);
#1764=ORIENTED_EDGE('',*,*,#1312,.T.);
#1765=ORIENTED_EDGE('',*,*,#1330,.F.);
#1766=ORIENTED_EDGE('',*,*,#1340,.T.);
#1767=ORIENTED_EDGE('',*,*,#1341,.T.);
#1768=ORIENTED_EDGE('',*,*,#1342,.F.);
#1769=ORIENTED_EDGE('',*,*,#1337,.F.);
#1770=ORIENTED_EDGE('',*,*,#1318,.T.);
#1771=ORIENTED_EDGE('',*,*,#1339,.F.);
#1772=ORIENTED_EDGE('',*,*,#1343,.T.);
#1773=ORIENTED_EDGE('',*,*,#1344,.T.);
#1774=ORIENTED_EDGE('',*,*,#1345,.F.);
#1775=ORIENTED_EDGE('',*,*,#1328,.F.);
#1776=ORIENTED_EDGE('',*,*,#1338,.F.);
#1777=ORIENTED_EDGE('',*,*,#1342,.T.);
#1778=ORIENTED_EDGE('',*,*,#1346,.T.);
#1779=ORIENTED_EDGE('',*,*,#1343,.F.);
#1780=ORIENTED_EDGE('',*,*,#1329,.F.);
#1781=ORIENTED_EDGE('',*,*,#1345,.T.);
#1782=ORIENTED_EDGE('',*,*,#1347,.T.);
#1783=ORIENTED_EDGE('',*,*,#1340,.F.);
#1784=ORIENTED_EDGE('',*,*,#1347,.F.);
#1785=ORIENTED_EDGE('',*,*,#1344,.F.);
#1786=ORIENTED_EDGE('',*,*,#1346,.F.);
#1787=ORIENTED_EDGE('',*,*,#1341,.F.);
#1788=ORIENTED_EDGE('',*,*,#1335,.F.);
#1789=ORIENTED_EDGE('',*,*,#1348,.T.);
#1790=ORIENTED_EDGE('',*,*,#1349,.T.);
#1791=ORIENTED_EDGE('',*,*,#1350,.F.);
#1792=ORIENTED_EDGE('',*,*,#1315,.T.);
#1793=ORIENTED_EDGE('',*,*,#1333,.F.);
#1794=ORIENTED_EDGE('',*,*,#1351,.T.);
#1795=ORIENTED_EDGE('',*,*,#1352,.T.);
#1796=ORIENTED_EDGE('',*,*,#1348,.F.);
#1797=ORIENTED_EDGE('',*,*,#1334,.F.);
#1798=ORIENTED_EDGE('',*,*,#1332,.F.);
#1799=ORIENTED_EDGE('',*,*,#1353,.T.);
#1800=ORIENTED_EDGE('',*,*,#1354,.T.);
#1801=ORIENTED_EDGE('',*,*,#1351,.F.);
#1802=ORIENTED_EDGE('',*,*,#1310,.T.);
#1803=ORIENTED_EDGE('',*,*,#1336,.F.);
#1804=ORIENTED_EDGE('',*,*,#1350,.T.);
#1805=ORIENTED_EDGE('',*,*,#1355,.T.);
#1806=ORIENTED_EDGE('',*,*,#1353,.F.);
#1807=ORIENTED_EDGE('',*,*,#1331,.F.);
#1808=ORIENTED_EDGE('',*,*,#1355,.F.);
#1809=ORIENTED_EDGE('',*,*,#1349,.F.);
#1810=ORIENTED_EDGE('',*,*,#1352,.F.);
#1811=ORIENTED_EDGE('',*,*,#1354,.F.);
#1812=ORIENTED_EDGE('',*,*,#1356,.T.);
#1813=ORIENTED_EDGE('',*,*,#1357,.F.);
#1814=ORIENTED_EDGE('',*,*,#1357,.T.);
#1815=ORIENTED_EDGE('',*,*,#1358,.F.);
#1816=ORIENTED_EDGE('',*,*,#1359,.T.);
#1817=ORIENTED_EDGE('',*,*,#1360,.F.);
#1818=ORIENTED_EDGE('',*,*,#1361,.F.);
#1819=ORIENTED_EDGE('',*,*,#1359,.F.);
#1820=ORIENTED_EDGE('',*,*,#1362,.F.);
#1821=ORIENTED_EDGE('',*,*,#1363,.F.);
#1822=ORIENTED_EDGE('',*,*,#1364,.T.);
#1823=ORIENTED_EDGE('',*,*,#1365,.F.);
#1824=ORIENTED_EDGE('',*,*,#1366,.F.);
#1825=ORIENTED_EDGE('',*,*,#1367,.F.);
#1826=ORIENTED_EDGE('',*,*,#1368,.F.);
#1827=ORIENTED_EDGE('',*,*,#1369,.F.);
#1828=ORIENTED_EDGE('',*,*,#1370,.T.);
#1829=ORIENTED_EDGE('',*,*,#1371,.F.);
#1830=ORIENTED_EDGE('',*,*,#1372,.F.);
#1831=ORIENTED_EDGE('',*,*,#1373,.F.);
#1832=ORIENTED_EDGE('',*,*,#1371,.T.);
#1833=ORIENTED_EDGE('',*,*,#1374,.T.);
#1834=ORIENTED_EDGE('',*,*,#1366,.T.);
#1835=ORIENTED_EDGE('',*,*,#1375,.F.);
#1836=ORIENTED_EDGE('',*,*,#1367,.T.);
#1837=ORIENTED_EDGE('',*,*,#1374,.F.);
#1838=ORIENTED_EDGE('',*,*,#1370,.F.);
#1839=ORIENTED_EDGE('',*,*,#1376,.F.);
#1840=ORIENTED_EDGE('',*,*,#1368,.T.);
#1841=ORIENTED_EDGE('',*,*,#1375,.T.);
#1842=ORIENTED_EDGE('',*,*,#1377,.T.);
#1843=ORIENTED_EDGE('',*,*,#1378,.T.);
#1844=ORIENTED_EDGE('',*,*,#1379,.T.);
#1845=ORIENTED_EDGE('',*,*,#1380,.F.);
#1846=ORIENTED_EDGE('',*,*,#1376,.T.);
#1847=ORIENTED_EDGE('',*,*,#1381,.F.);
#1848=ORIENTED_EDGE('',*,*,#1382,.F.);
#1849=ORIENTED_EDGE('',*,*,#1377,.F.);
#1850=ORIENTED_EDGE('',*,*,#1369,.T.);
#1851=ORIENTED_EDGE('',*,*,#1383,.T.);
#1852=ORIENTED_EDGE('',*,*,#1384,.F.);
#1853=ORIENTED_EDGE('',*,*,#1385,.T.);
#1854=ORIENTED_EDGE('',*,*,#1386,.T.);
#1855=ORIENTED_EDGE('',*,*,#1387,.T.);
#1856=ORIENTED_EDGE('',*,*,#1388,.T.);
#1857=ORIENTED_EDGE('',*,*,#1389,.T.);
#1858=ORIENTED_EDGE('',*,*,#1390,.T.);
#1859=ORIENTED_EDGE('',*,*,#1391,.T.);
#1860=ORIENTED_EDGE('',*,*,#1392,.T.);
#1861=ORIENTED_EDGE('',*,*,#1393,.T.);
#1862=ORIENTED_EDGE('',*,*,#1394,.T.);
#1863=ORIENTED_EDGE('',*,*,#1395,.T.);
#1864=ORIENTED_EDGE('',*,*,#1381,.T.);
#1865=ORIENTED_EDGE('',*,*,#1396,.F.);
#1866=ORIENTED_EDGE('',*,*,#1397,.T.);
#1867=ORIENTED_EDGE('',*,*,#1398,.T.);
#1868=ORIENTED_EDGE('',*,*,#1399,.F.);
#1869=ORIENTED_EDGE('',*,*,#1400,.F.);
#1870=ORIENTED_EDGE('',*,*,#1401,.F.);
#1871=ORIENTED_EDGE('',*,*,#1402,.T.);
#1872=ORIENTED_EDGE('',*,*,#1378,.F.);
#1873=ORIENTED_EDGE('',*,*,#1382,.T.);
#1874=ORIENTED_EDGE('',*,*,#1395,.F.);
#1875=ORIENTED_EDGE('',*,*,#1403,.F.);
#1876=ORIENTED_EDGE('',*,*,#1404,.F.);
#1877=ORIENTED_EDGE('',*,*,#1405,.F.);
#1878=ORIENTED_EDGE('',*,*,#1406,.F.);
#1879=ORIENTED_EDGE('',*,*,#1407,.F.);
#1880=ORIENTED_EDGE('',*,*,#1363,.T.);
#1881=ORIENTED_EDGE('',*,*,#1380,.T.);
#1882=ORIENTED_EDGE('',*,*,#1408,.T.);
#1883=ORIENTED_EDGE('',*,*,#1397,.F.);
#1884=ORIENTED_EDGE('',*,*,#1409,.F.);
#1885=ORIENTED_EDGE('',*,*,#1410,.F.);
#1886=ORIENTED_EDGE('',*,*,#1402,.F.);
#1887=ORIENTED_EDGE('',*,*,#1411,.F.);
#1888=ORIENTED_EDGE('',*,*,#1398,.F.);
#1889=ORIENTED_EDGE('',*,*,#1408,.F.);
#1890=ORIENTED_EDGE('',*,*,#1379,.F.);
#1891=ORIENTED_EDGE('',*,*,#1407,.T.);
#1892=ORIENTED_EDGE('',*,*,#1412,.F.);
#1893=ORIENTED_EDGE('',*,*,#1405,.T.);
#1894=ORIENTED_EDGE('',*,*,#1413,.T.);
#1895=ORIENTED_EDGE('',*,*,#1414,.T.);
#1896=ORIENTED_EDGE('',*,*,#1415,.T.);
#1897=ORIENTED_EDGE('',*,*,#1416,.T.);
#1898=ORIENTED_EDGE('',*,*,#1417,.T.);
#1899=ORIENTED_EDGE('',*,*,#1418,.T.);
#1900=ORIENTED_EDGE('',*,*,#1404,.T.);
#1901=ORIENTED_EDGE('',*,*,#1419,.F.);
#1902=ORIENTED_EDGE('',*,*,#1420,.T.);
#1903=ORIENTED_EDGE('',*,*,#1421,.T.);
#1904=ORIENTED_EDGE('',*,*,#1422,.T.);
#1905=ORIENTED_EDGE('',*,*,#1423,.T.);
#1906=ORIENTED_EDGE('',*,*,#1424,.F.);
#1907=ORIENTED_EDGE('',*,*,#1425,.F.);
#1908=ORIENTED_EDGE('',*,*,#1426,.F.);
#1909=ORIENTED_EDGE('',*,*,#1427,.F.);
#1910=ORIENTED_EDGE('',*,*,#1428,.F.);
#1911=ORIENTED_EDGE('',*,*,#1429,.F.);
#1912=ORIENTED_EDGE('',*,*,#1430,.F.);
#1913=ORIENTED_EDGE('',*,*,#1431,.F.);
#1914=ORIENTED_EDGE('',*,*,#1432,.F.);
#1915=ORIENTED_EDGE('',*,*,#1433,.F.);
#1916=ORIENTED_EDGE('',*,*,#1434,.F.);
#1917=ORIENTED_EDGE('',*,*,#1435,.F.);
#1918=ORIENTED_EDGE('',*,*,#1413,.F.);
#1919=ORIENTED_EDGE('',*,*,#1409,.T.);
#1920=ORIENTED_EDGE('',*,*,#1396,.T.);
#1921=ORIENTED_EDGE('',*,*,#1436,.F.);
#1922=ORIENTED_EDGE('',*,*,#1437,.T.);
#1923=ORIENTED_EDGE('',*,*,#1438,.F.);
#1924=ORIENTED_EDGE('',*,*,#1403,.T.);
#1925=ORIENTED_EDGE('',*,*,#1394,.F.);
#1926=ORIENTED_EDGE('',*,*,#1439,.T.);
#1927=ORIENTED_EDGE('',*,*,#1419,.T.);
#1928=ORIENTED_EDGE('',*,*,#1392,.F.);
#1929=ORIENTED_EDGE('',*,*,#1440,.F.);
#1930=ORIENTED_EDGE('',*,*,#1441,.F.);
#1931=ORIENTED_EDGE('',*,*,#1442,.F.);
#1932=ORIENTED_EDGE('',*,*,#1388,.F.);
#1933=ORIENTED_EDGE('',*,*,#1443,.T.);
#1934=ORIENTED_EDGE('',*,*,#1444,.F.);
#1935=ORIENTED_EDGE('',*,*,#1445,.F.);
#1936=ORIENTED_EDGE('',*,*,#1446,.T.);
#1937=ORIENTED_EDGE('',*,*,#1447,.F.);
#1938=ORIENTED_EDGE('',*,*,#1448,.F.);
#1939=ORIENTED_EDGE('',*,*,#1449,.T.);
#1940=ORIENTED_EDGE('',*,*,#1450,.T.);
#1941=ORIENTED_EDGE('',*,*,#1387,.F.);
#1942=ORIENTED_EDGE('',*,*,#1451,.F.);
#1943=ORIENTED_EDGE('',*,*,#1452,.F.);
#1944=ORIENTED_EDGE('',*,*,#1448,.T.);
#1945=ORIENTED_EDGE('',*,*,#1453,.F.);
#1946=ORIENTED_EDGE('',*,*,#1443,.F.);
#1947=ORIENTED_EDGE('',*,*,#1393,.F.);
#1948=ORIENTED_EDGE('',*,*,#1445,.T.);
#1949=ORIENTED_EDGE('',*,*,#1454,.F.);
#1950=ORIENTED_EDGE('',*,*,#1420,.F.);
#1951=ORIENTED_EDGE('',*,*,#1439,.F.);
#1952=ORIENTED_EDGE('',*,*,#1454,.T.);
#1953=ORIENTED_EDGE('',*,*,#1444,.T.);
#1954=ORIENTED_EDGE('',*,*,#1453,.T.);
#1955=ORIENTED_EDGE('',*,*,#1447,.T.);
#1956=ORIENTED_EDGE('',*,*,#1421,.F.);
#1957=ORIENTED_EDGE('',*,*,#1452,.T.);
#1958=ORIENTED_EDGE('',*,*,#1455,.F.);
#1959=ORIENTED_EDGE('',*,*,#1456,.T.);
#1960=ORIENTED_EDGE('',*,*,#1457,.F.);
#1961=ORIENTED_EDGE('',*,*,#1458,.T.);
#1962=ORIENTED_EDGE('',*,*,#1459,.T.);
#1963=ORIENTED_EDGE('',*,*,#1451,.T.);
#1964=ORIENTED_EDGE('',*,*,#1386,.F.);
#1965=ORIENTED_EDGE('',*,*,#1460,.T.);
#1966=ORIENTED_EDGE('',*,*,#1455,.T.);
#1967=ORIENTED_EDGE('',*,*,#1442,.T.);
#1968=ORIENTED_EDGE('',*,*,#1461,.F.);
#1969=ORIENTED_EDGE('',*,*,#1462,.F.);
#1970=ORIENTED_EDGE('',*,*,#1389,.F.);
#1971=ORIENTED_EDGE('',*,*,#1459,.F.);
#1972=ORIENTED_EDGE('',*,*,#1463,.T.);
#1973=ORIENTED_EDGE('',*,*,#1464,.T.);
#1974=ORIENTED_EDGE('',*,*,#1465,.F.);
#1975=ORIENTED_EDGE('',*,*,#1449,.F.);
#1976=ORIENTED_EDGE('',*,*,#1441,.T.);
#1977=ORIENTED_EDGE('',*,*,#1466,.F.);
#1978=ORIENTED_EDGE('',*,*,#1467,.F.);
#1979=ORIENTED_EDGE('',*,*,#1461,.T.);
#1980=ORIENTED_EDGE('',*,*,#1450,.F.);
#1981=ORIENTED_EDGE('',*,*,#1465,.T.);
#1982=ORIENTED_EDGE('',*,*,#1468,.T.);
#1983=ORIENTED_EDGE('',*,*,#1469,.F.);
#1984=ORIENTED_EDGE('',*,*,#1390,.F.);
#1985=ORIENTED_EDGE('',*,*,#1462,.T.);
#1986=ORIENTED_EDGE('',*,*,#1467,.T.);
#1987=ORIENTED_EDGE('',*,*,#1470,.T.);
#1988=ORIENTED_EDGE('',*,*,#1440,.T.);
#1989=ORIENTED_EDGE('',*,*,#1391,.F.);
#1990=ORIENTED_EDGE('',*,*,#1470,.F.);
#1991=ORIENTED_EDGE('',*,*,#1466,.T.);
#1992=ORIENTED_EDGE('',*,*,#1446,.F.);
#1993=ORIENTED_EDGE('',*,*,#1469,.T.);
#1994=ORIENTED_EDGE('',*,*,#1471,.T.);
#1995=ORIENTED_EDGE('',*,*,#1472,.F.);
#1996=ORIENTED_EDGE('',*,*,#1473,.F.);
#1997=ORIENTED_EDGE('',*,*,#1474,.F.);
#1998=ORIENTED_EDGE('',*,*,#1475,.F.);
#1999=ORIENTED_EDGE('',*,*,#1476,.F.);
#2000=ORIENTED_EDGE('',*,*,#1422,.F.);
#2001=ORIENTED_EDGE('',*,*,#1423,.F.);
#2002=ORIENTED_EDGE('',*,*,#1476,.T.);
#2003=ORIENTED_EDGE('',*,*,#1477,.F.);
#2004=ORIENTED_EDGE('',*,*,#1472,.T.);
#2005=ORIENTED_EDGE('',*,*,#1478,.T.);
#2006=ORIENTED_EDGE('',*,*,#1479,.F.);
#2007=ORIENTED_EDGE('',*,*,#1458,.F.);
#2008=ORIENTED_EDGE('',*,*,#1480,.F.);
#2009=ORIENTED_EDGE('',*,*,#1481,.T.);
#2010=ORIENTED_EDGE('',*,*,#1463,.F.);
#2011=ORIENTED_EDGE('',*,*,#1482,.F.);
#2012=ORIENTED_EDGE('',*,*,#1478,.F.);
#2013=ORIENTED_EDGE('',*,*,#1471,.F.);
#2014=ORIENTED_EDGE('',*,*,#1468,.F.);
#2015=ORIENTED_EDGE('',*,*,#1464,.F.);
#2016=ORIENTED_EDGE('',*,*,#1481,.F.);
#2017=ORIENTED_EDGE('',*,*,#1474,.T.);
#2018=ORIENTED_EDGE('',*,*,#1483,.F.);
#2019=ORIENTED_EDGE('',*,*,#1484,.F.);
#2020=ORIENTED_EDGE('',*,*,#1485,.F.);
#2021=ORIENTED_EDGE('',*,*,#1456,.F.);
#2022=ORIENTED_EDGE('',*,*,#1460,.F.);
#2023=ORIENTED_EDGE('',*,*,#1385,.F.);
#2024=ORIENTED_EDGE('',*,*,#1486,.F.);
#2025=ORIENTED_EDGE('',*,*,#1487,.F.);
#2026=ORIENTED_EDGE('',*,*,#1486,.T.);
#2027=ORIENTED_EDGE('',*,*,#1384,.T.);
#2028=ORIENTED_EDGE('',*,*,#1488,.T.);
#2029=ORIENTED_EDGE('',*,*,#1365,.T.);
#2030=ORIENTED_EDGE('',*,*,#1489,.F.);
#2031=ORIENTED_EDGE('',*,*,#1437,.F.);
#2032=ORIENTED_EDGE('',*,*,#1490,.F.);
#2033=ORIENTED_EDGE('',*,*,#1488,.F.);
#2034=ORIENTED_EDGE('',*,*,#1383,.F.);
#2035=ORIENTED_EDGE('',*,*,#1372,.T.);
#2036=ORIENTED_EDGE('',*,*,#1373,.T.);
#2037=ORIENTED_EDGE('',*,*,#1410,.T.);
#2038=ORIENTED_EDGE('',*,*,#1438,.T.);
#2039=ORIENTED_EDGE('',*,*,#1489,.T.);
#2040=ORIENTED_EDGE('',*,*,#1364,.F.);
#2041=ORIENTED_EDGE('',*,*,#1426,.T.);
#2042=ORIENTED_EDGE('',*,*,#1491,.F.);
#2043=ORIENTED_EDGE('',*,*,#1427,.T.);
#2044=ORIENTED_EDGE('',*,*,#1491,.T.);
#2045=ORIENTED_EDGE('',*,*,#1425,.T.);
#2046=ORIENTED_EDGE('',*,*,#1492,.F.);
#2047=ORIENTED_EDGE('',*,*,#1493,.F.);
#2048=ORIENTED_EDGE('',*,*,#1494,.F.);
#2049=ORIENTED_EDGE('',*,*,#1495,.T.);
#2050=ORIENTED_EDGE('',*,*,#1496,.T.);
#2051=ORIENTED_EDGE('',*,*,#1497,.T.);
#2052=ORIENTED_EDGE('',*,*,#1498,.F.);
#2053=ORIENTED_EDGE('',*,*,#1499,.F.);
#2054=ORIENTED_EDGE('',*,*,#1500,.F.);
#2055=ORIENTED_EDGE('',*,*,#1432,.T.);
#2056=ORIENTED_EDGE('',*,*,#1501,.T.);
#2057=ORIENTED_EDGE('',*,*,#1502,.T.);
#2058=ORIENTED_EDGE('',*,*,#1503,.T.);
#2059=ORIENTED_EDGE('',*,*,#1504,.T.);
#2060=ORIENTED_EDGE('',*,*,#1505,.T.);
#2061=ORIENTED_EDGE('',*,*,#1506,.T.);
#2062=ORIENTED_EDGE('',*,*,#1401,.T.);
#2063=ORIENTED_EDGE('',*,*,#1507,.T.);
#2064=ORIENTED_EDGE('',*,*,#1508,.T.);
#2065=ORIENTED_EDGE('',*,*,#1509,.T.);
#2066=ORIENTED_EDGE('',*,*,#1510,.T.);
#2067=ORIENTED_EDGE('',*,*,#1511,.T.);
#2068=ORIENTED_EDGE('',*,*,#1512,.T.);
#2069=ORIENTED_EDGE('',*,*,#1513,.T.);
#2070=ORIENTED_EDGE('',*,*,#1514,.T.);
#2071=ORIENTED_EDGE('',*,*,#1515,.T.);
#2072=ORIENTED_EDGE('',*,*,#1516,.T.);
#2073=ORIENTED_EDGE('',*,*,#1517,.T.);
#2074=ORIENTED_EDGE('',*,*,#1518,.T.);
#2075=ORIENTED_EDGE('',*,*,#1519,.T.);
#2076=ORIENTED_EDGE('',*,*,#1520,.T.);
#2077=ORIENTED_EDGE('',*,*,#1492,.T.);
#2078=ORIENTED_EDGE('',*,*,#1424,.T.);
#2079=ORIENTED_EDGE('',*,*,#1479,.T.);
#2080=ORIENTED_EDGE('',*,*,#1482,.T.);
#2081=ORIENTED_EDGE('',*,*,#1480,.T.);
#2082=ORIENTED_EDGE('',*,*,#1457,.T.);
#2083=ORIENTED_EDGE('',*,*,#1485,.T.);
#2084=ORIENTED_EDGE('',*,*,#1487,.T.);
#2085=ORIENTED_EDGE('',*,*,#1490,.T.);
#2086=ORIENTED_EDGE('',*,*,#1436,.T.);
#2087=ORIENTED_EDGE('',*,*,#1399,.T.);
#2088=ORIENTED_EDGE('',*,*,#1411,.T.);
#2089=ORIENTED_EDGE('',*,*,#1521,.F.);
#2090=ORIENTED_EDGE('',*,*,#1522,.T.);
#2091=ORIENTED_EDGE('',*,*,#1523,.F.);
#2092=ORIENTED_EDGE('',*,*,#1522,.F.);
#2093=ORIENTED_EDGE('',*,*,#1524,.F.);
#2094=ORIENTED_EDGE('',*,*,#1525,.F.);
#2095=ORIENTED_EDGE('',*,*,#1526,.F.);
#2096=ORIENTED_EDGE('',*,*,#1511,.F.);
#2097=ORIENTED_EDGE('',*,*,#1527,.T.);
#2098=ORIENTED_EDGE('',*,*,#1528,.T.);
#2099=ORIENTED_EDGE('',*,*,#1529,.F.);
#2100=ORIENTED_EDGE('',*,*,#1530,.F.);
#2101=ORIENTED_EDGE('',*,*,#1531,.T.);
#2102=ORIENTED_EDGE('',*,*,#1532,.F.);
#2103=ORIENTED_EDGE('',*,*,#1533,.F.);
#2104=ORIENTED_EDGE('',*,*,#1534,.T.);
#2105=ORIENTED_EDGE('',*,*,#1535,.F.);
#2106=ORIENTED_EDGE('',*,*,#1536,.T.);
#2107=ORIENTED_EDGE('',*,*,#1537,.F.);
#2108=ORIENTED_EDGE('',*,*,#1538,.T.);
#2109=ORIENTED_EDGE('',*,*,#1539,.F.);
#2110=ORIENTED_EDGE('',*,*,#1540,.T.);
#2111=ORIENTED_EDGE('',*,*,#1541,.F.);
#2112=ORIENTED_EDGE('',*,*,#1542,.T.);
#2113=ORIENTED_EDGE('',*,*,#1543,.F.);
#2114=ORIENTED_EDGE('',*,*,#1544,.T.);
#2115=ORIENTED_EDGE('',*,*,#1534,.F.);
#2116=ORIENTED_EDGE('',*,*,#1545,.T.);
#2117=ORIENTED_EDGE('',*,*,#1546,.F.);
#2118=ORIENTED_EDGE('',*,*,#1547,.F.);
#2119=ORIENTED_EDGE('',*,*,#1356,.F.);
#2120=ORIENTED_EDGE('',*,*,#1548,.F.);
#2121=ORIENTED_EDGE('',*,*,#1549,.F.);
#2122=ORIENTED_EDGE('',*,*,#1550,.F.);
#2123=ORIENTED_EDGE('',*,*,#1551,.F.);
#2124=ORIENTED_EDGE('',*,*,#1552,.F.);
#2125=ORIENTED_EDGE('',*,*,#1553,.F.);
#2126=ORIENTED_EDGE('',*,*,#1554,.F.);
#2127=ORIENTED_EDGE('',*,*,#1555,.F.);
#2128=ORIENTED_EDGE('',*,*,#1536,.F.);
#2129=ORIENTED_EDGE('',*,*,#1556,.F.);
#2130=ORIENTED_EDGE('',*,*,#1557,.F.);
#2131=ORIENTED_EDGE('',*,*,#1527,.F.);
#2132=ORIENTED_EDGE('',*,*,#1525,.T.);
#2133=ORIENTED_EDGE('',*,*,#1531,.F.);
#2134=ORIENTED_EDGE('',*,*,#1544,.F.);
#2135=ORIENTED_EDGE('',*,*,#1558,.F.);
#2136=ORIENTED_EDGE('',*,*,#1559,.F.);
#2137=ORIENTED_EDGE('',*,*,#1560,.F.);
#2138=ORIENTED_EDGE('',*,*,#1561,.F.);
#2139=ORIENTED_EDGE('',*,*,#1562,.F.);
#2140=ORIENTED_EDGE('',*,*,#1540,.F.);
#2141=ORIENTED_EDGE('',*,*,#1563,.F.);
#2142=ORIENTED_EDGE('',*,*,#1564,.F.);
#2143=ORIENTED_EDGE('',*,*,#1565,.T.);
#2144=ORIENTED_EDGE('',*,*,#1566,.F.);
#2145=ORIENTED_EDGE('',*,*,#1567,.T.);
#2146=ORIENTED_EDGE('',*,*,#1495,.F.);
#2147=ORIENTED_EDGE('',*,*,#1568,.T.);
#2148=ORIENTED_EDGE('',*,*,#1569,.F.);
#2149=ORIENTED_EDGE('',*,*,#1570,.T.);
#2150=ORIENTED_EDGE('',*,*,#1497,.F.);
#2151=ORIENTED_EDGE('',*,*,#1571,.T.);
#2152=ORIENTED_EDGE('',*,*,#1572,.F.);
#2153=ORIENTED_EDGE('',*,*,#1573,.T.);
#2154=ORIENTED_EDGE('',*,*,#1496,.F.);
#2155=ORIENTED_EDGE('',*,*,#1570,.F.);
#2156=ORIENTED_EDGE('',*,*,#1574,.F.);
#2157=ORIENTED_EDGE('',*,*,#1575,.F.);
#2158=ORIENTED_EDGE('',*,*,#1576,.F.);
#2159=ORIENTED_EDGE('',*,*,#1577,.F.);
#2160=ORIENTED_EDGE('',*,*,#1578,.F.);
#2161=ORIENTED_EDGE('',*,*,#1579,.F.);
#2162=ORIENTED_EDGE('',*,*,#1580,.F.);
#2163=ORIENTED_EDGE('',*,*,#1567,.F.);
#2164=ORIENTED_EDGE('',*,*,#1581,.F.);
#2165=ORIENTED_EDGE('',*,*,#1571,.F.);
#2166=ORIENTED_EDGE('',*,*,#1582,.F.);
#2167=ORIENTED_EDGE('',*,*,#1583,.T.);
#2168=ORIENTED_EDGE('',*,*,#1584,.F.);
#2169=ORIENTED_EDGE('',*,*,#1552,.T.);
#2170=ORIENTED_EDGE('',*,*,#1585,.F.);
#2171=ORIENTED_EDGE('',*,*,#1586,.T.);
#2172=ORIENTED_EDGE('',*,*,#1528,.F.);
#2173=ORIENTED_EDGE('',*,*,#1557,.T.);
#2174=ORIENTED_EDGE('',*,*,#1362,.T.);
#2175=ORIENTED_EDGE('',*,*,#1358,.T.);
#2176=ORIENTED_EDGE('',*,*,#1547,.T.);
#2177=ORIENTED_EDGE('',*,*,#1587,.F.);
#2178=ORIENTED_EDGE('',*,*,#1588,.T.);
#2179=ORIENTED_EDGE('',*,*,#1589,.F.);
#2180=ORIENTED_EDGE('',*,*,#1548,.T.);
#2181=ORIENTED_EDGE('',*,*,#1585,.T.);
#2182=ORIENTED_EDGE('',*,*,#1556,.T.);
#2183=ORIENTED_EDGE('',*,*,#1590,.T.);
#2184=ORIENTED_EDGE('',*,*,#1591,.T.);
#2185=ORIENTED_EDGE('',*,*,#1590,.F.);
#2186=ORIENTED_EDGE('',*,*,#1563,.T.);
#2187=ORIENTED_EDGE('',*,*,#1539,.T.);
#2188=ORIENTED_EDGE('',*,*,#1592,.F.);
#2189=ORIENTED_EDGE('',*,*,#1593,.F.);
#2190=ORIENTED_EDGE('',*,*,#1513,.F.);
#2191=ORIENTED_EDGE('',*,*,#1594,.F.);
#2192=ORIENTED_EDGE('',*,*,#1595,.F.);
#2193=ORIENTED_EDGE('',*,*,#1582,.T.);
#2194=ORIENTED_EDGE('',*,*,#1551,.T.);
#2195=ORIENTED_EDGE('',*,*,#1535,.T.);
#2196=ORIENTED_EDGE('',*,*,#1596,.F.);
#2197=ORIENTED_EDGE('',*,*,#1597,.T.);
#2198=ORIENTED_EDGE('',*,*,#1483,.T.);
#2199=ORIENTED_EDGE('',*,*,#1473,.T.);
#2200=ORIENTED_EDGE('',*,*,#1477,.T.);
#2201=ORIENTED_EDGE('',*,*,#1475,.T.);
#2202=ORIENTED_EDGE('',*,*,#1484,.T.);
#2203=ORIENTED_EDGE('',*,*,#1597,.F.);
#2204=ORIENTED_EDGE('',*,*,#1598,.F.);
#2205=ORIENTED_EDGE('',*,*,#1599,.F.);
#2206=ORIENTED_EDGE('',*,*,#1517,.F.);
#2207=ORIENTED_EDGE('',*,*,#1600,.F.);
#2208=ORIENTED_EDGE('',*,*,#1601,.F.);
#2209=ORIENTED_EDGE('',*,*,#1559,.T.);
#2210=ORIENTED_EDGE('',*,*,#1602,.F.);
#2211=ORIENTED_EDGE('',*,*,#1509,.F.);
#2212=ORIENTED_EDGE('',*,*,#1603,.F.);
#2213=ORIENTED_EDGE('',*,*,#1604,.F.);
#2214=ORIENTED_EDGE('',*,*,#1587,.T.);
#2215=ORIENTED_EDGE('',*,*,#1546,.T.);
#2216=ORIENTED_EDGE('',*,*,#1605,.F.);
#2217=ORIENTED_EDGE('',*,*,#1606,.T.);
#2218=ORIENTED_EDGE('',*,*,#1607,.F.);
#2219=ORIENTED_EDGE('',*,*,#1549,.T.);
#2220=ORIENTED_EDGE('',*,*,#1589,.T.);
#2221=ORIENTED_EDGE('',*,*,#1608,.F.);
#2222=ORIENTED_EDGE('',*,*,#1609,.F.);
#2223=ORIENTED_EDGE('',*,*,#1416,.F.);
#2224=ORIENTED_EDGE('',*,*,#1610,.F.);
#2225=ORIENTED_EDGE('',*,*,#1579,.T.);
#2226=ORIENTED_EDGE('',*,*,#1611,.F.);
#2227=ORIENTED_EDGE('',*,*,#1612,.T.);
#2228=ORIENTED_EDGE('',*,*,#1613,.F.);
#2229=ORIENTED_EDGE('',*,*,#1614,.T.);
#2230=ORIENTED_EDGE('',*,*,#1615,.T.);
#2231=ORIENTED_EDGE('',*,*,#1616,.T.);
#2232=ORIENTED_EDGE('',*,*,#1617,.F.);
#2233=ORIENTED_EDGE('',*,*,#1575,.T.);
#2234=ORIENTED_EDGE('',*,*,#1618,.F.);
#2235=ORIENTED_EDGE('',*,*,#1519,.F.);
#2236=ORIENTED_EDGE('',*,*,#1619,.F.);
#2237=ORIENTED_EDGE('',*,*,#1620,.F.);
#2238=ORIENTED_EDGE('',*,*,#1537,.T.);
#2239=ORIENTED_EDGE('',*,*,#1555,.T.);
#2240=ORIENTED_EDGE('',*,*,#1621,.F.);
#2241=ORIENTED_EDGE('',*,*,#1622,.T.);
#2242=ORIENTED_EDGE('',*,*,#1623,.F.);
#2243=ORIENTED_EDGE('',*,*,#1624,.T.);
#2244=ORIENTED_EDGE('',*,*,#1617,.T.);
#2245=ORIENTED_EDGE('',*,*,#1625,.T.);
#2246=ORIENTED_EDGE('',*,*,#1626,.F.);
#2247=ORIENTED_EDGE('',*,*,#1550,.T.);
#2248=ORIENTED_EDGE('',*,*,#1613,.T.);
#2249=ORIENTED_EDGE('',*,*,#1627,.T.);
#2250=ORIENTED_EDGE('',*,*,#1611,.T.);
#2251=ORIENTED_EDGE('',*,*,#1578,.T.);
#2252=ORIENTED_EDGE('',*,*,#1628,.F.);
#2253=ORIENTED_EDGE('',*,*,#1326,.F.);
#2254=ORIENTED_EDGE('',*,*,#1629,.T.);
#2255=ORIENTED_EDGE('',*,*,#1630,.T.);
#2256=ORIENTED_EDGE('',*,*,#1605,.T.);
#2257=ORIENTED_EDGE('',*,*,#1429,.T.);
#2258=ORIENTED_EDGE('',*,*,#1631,.F.);
#2259=ORIENTED_EDGE('',*,*,#1499,.T.);
#2260=ORIENTED_EDGE('',*,*,#1632,.T.);
#2261=ORIENTED_EDGE('',*,*,#1493,.T.);
#2262=ORIENTED_EDGE('',*,*,#1520,.F.);
#2263=ORIENTED_EDGE('',*,*,#1618,.T.);
#2264=ORIENTED_EDGE('',*,*,#1574,.T.);
#2265=ORIENTED_EDGE('',*,*,#1569,.T.);
#2266=ORIENTED_EDGE('',*,*,#1633,.T.);
#2267=ORIENTED_EDGE('',*,*,#1619,.T.);
#2268=ORIENTED_EDGE('',*,*,#1518,.F.);
#2269=ORIENTED_EDGE('',*,*,#1599,.T.);
#2270=ORIENTED_EDGE('',*,*,#1634,.T.);
#2271=ORIENTED_EDGE('',*,*,#1600,.T.);
#2272=ORIENTED_EDGE('',*,*,#1516,.F.);
#2273=ORIENTED_EDGE('',*,*,#1635,.T.);
#2274=ORIENTED_EDGE('',*,*,#1636,.T.);
#2275=ORIENTED_EDGE('',*,*,#1541,.T.);
#2276=ORIENTED_EDGE('',*,*,#1562,.T.);
#2277=ORIENTED_EDGE('',*,*,#1637,.T.);
#2278=ORIENTED_EDGE('',*,*,#1514,.F.);
#2279=ORIENTED_EDGE('',*,*,#1593,.T.);
#2280=ORIENTED_EDGE('',*,*,#1638,.T.);
#2281=ORIENTED_EDGE('',*,*,#1594,.T.);
#2282=ORIENTED_EDGE('',*,*,#1512,.F.);
#2283=ORIENTED_EDGE('',*,*,#1526,.T.);
#2284=ORIENTED_EDGE('',*,*,#1530,.T.);
#2285=ORIENTED_EDGE('',*,*,#1639,.T.);
#2286=ORIENTED_EDGE('',*,*,#1532,.T.);
#2287=ORIENTED_EDGE('',*,*,#1524,.T.);
#2288=ORIENTED_EDGE('',*,*,#1510,.F.);
#2289=ORIENTED_EDGE('',*,*,#1602,.T.);
#2290=ORIENTED_EDGE('',*,*,#1558,.T.);
#2291=ORIENTED_EDGE('',*,*,#1543,.T.);
#2292=ORIENTED_EDGE('',*,*,#1640,.T.);
#2293=ORIENTED_EDGE('',*,*,#1603,.T.);
#2294=ORIENTED_EDGE('',*,*,#1508,.F.);
#2295=ORIENTED_EDGE('',*,*,#1641,.T.);
#2296=ORIENTED_EDGE('',*,*,#1642,.T.);
#2297=ORIENTED_EDGE('',*,*,#1643,.T.);
#2298=ORIENTED_EDGE('',*,*,#1417,.F.);
#2299=ORIENTED_EDGE('',*,*,#1609,.T.);
#2300=ORIENTED_EDGE('',*,*,#1644,.T.);
#2301=ORIENTED_EDGE('',*,*,#1564,.T.);
#2302=ORIENTED_EDGE('',*,*,#1580,.T.);
#2303=ORIENTED_EDGE('',*,*,#1610,.T.);
#2304=ORIENTED_EDGE('',*,*,#1415,.F.);
#2305=ORIENTED_EDGE('',*,*,#1645,.T.);
#2306=ORIENTED_EDGE('',*,*,#1646,.T.);
#2307=ORIENTED_EDGE('',*,*,#1647,.T.);
#2308=ORIENTED_EDGE('',*,*,#1501,.F.);
#2309=ORIENTED_EDGE('',*,*,#1431,.T.);
#2310=ORIENTED_EDGE('',*,*,#1648,.F.);
#2311=ORIENTED_EDGE('',*,*,#1649,.T.);
#2312=ORIENTED_EDGE('',*,*,#1626,.T.);
#2313=ORIENTED_EDGE('',*,*,#1650,.T.);
#2314=ORIENTED_EDGE('',*,*,#1651,.F.);
#2315=ORIENTED_EDGE('',*,*,#1577,.T.);
#2316=ORIENTED_EDGE('',*,*,#1652,.F.);
#2317=ORIENTED_EDGE('',*,*,#1327,.F.);
#2318=ORIENTED_EDGE('',*,*,#1628,.T.);
#2319=ORIENTED_EDGE('',*,*,#1653,.T.);
#2320=ORIENTED_EDGE('',*,*,#1651,.T.);
#2321=ORIENTED_EDGE('',*,*,#1654,.T.);
#2322=ORIENTED_EDGE('',*,*,#1615,.F.);
#2323=ORIENTED_EDGE('',*,*,#1576,.T.);
#2324=ORIENTED_EDGE('',*,*,#1623,.T.);
#2325=ORIENTED_EDGE('',*,*,#1655,.T.);
#2326=ORIENTED_EDGE('',*,*,#1621,.T.);
#2327=ORIENTED_EDGE('',*,*,#1554,.T.);
#2328=ORIENTED_EDGE('',*,*,#1656,.T.);
#2329=ORIENTED_EDGE('',*,*,#1657,.T.);
#2330=ORIENTED_EDGE('',*,*,#1658,.F.);
#2331=ORIENTED_EDGE('',*,*,#1324,.F.);
#2332=ORIENTED_EDGE('',*,*,#1652,.T.);
#2333=ORIENTED_EDGE('',*,*,#1433,.T.);
#2334=ORIENTED_EDGE('',*,*,#1502,.F.);
#2335=ORIENTED_EDGE('',*,*,#1647,.F.);
#2336=ORIENTED_EDGE('',*,*,#1659,.F.);
#2337=ORIENTED_EDGE('',*,*,#1572,.T.);
#2338=ORIENTED_EDGE('',*,*,#1581,.T.);
#2339=ORIENTED_EDGE('',*,*,#1566,.T.);
#2340=ORIENTED_EDGE('',*,*,#1660,.F.);
#2341=ORIENTED_EDGE('',*,*,#1645,.F.);
#2342=ORIENTED_EDGE('',*,*,#1414,.F.);
#2343=ORIENTED_EDGE('',*,*,#1435,.T.);
#2344=ORIENTED_EDGE('',*,*,#1661,.T.);
#2345=ORIENTED_EDGE('',*,*,#1642,.F.);
#2346=ORIENTED_EDGE('',*,*,#1662,.T.);
#2347=ORIENTED_EDGE('',*,*,#1400,.T.);
#2348=ORIENTED_EDGE('',*,*,#1412,.T.);
#2349=ORIENTED_EDGE('',*,*,#1406,.T.);
#2350=ORIENTED_EDGE('',*,*,#1418,.F.);
#2351=ORIENTED_EDGE('',*,*,#1643,.F.);
#2352=ORIENTED_EDGE('',*,*,#1662,.F.);
#2353=ORIENTED_EDGE('',*,*,#1641,.F.);
#2354=ORIENTED_EDGE('',*,*,#1507,.F.);
#2355=ORIENTED_EDGE('',*,*,#1360,.T.);
#2356=ORIENTED_EDGE('',*,*,#1361,.T.);
#2357=ORIENTED_EDGE('',*,*,#1657,.F.);
#2358=ORIENTED_EDGE('',*,*,#1663,.F.);
#2359=ORIENTED_EDGE('',*,*,#1664,.F.);
#2360=ORIENTED_EDGE('',*,*,#1561,.T.);
#2361=ORIENTED_EDGE('',*,*,#1665,.F.);
#2362=ORIENTED_EDGE('',*,*,#1663,.T.);
#2363=ORIENTED_EDGE('',*,*,#1656,.F.);
#2364=ORIENTED_EDGE('',*,*,#1553,.T.);
#2365=ORIENTED_EDGE('',*,*,#1584,.T.);
#2366=ORIENTED_EDGE('',*,*,#1666,.F.);
#2367=ORIENTED_EDGE('',*,*,#1635,.F.);
#2368=ORIENTED_EDGE('',*,*,#1515,.F.);
#2369=ORIENTED_EDGE('',*,*,#1637,.F.);
#2370=ORIENTED_EDGE('',*,*,#1494,.T.);
#2371=ORIENTED_EDGE('',*,*,#1632,.F.);
#2372=ORIENTED_EDGE('',*,*,#1498,.T.);
#2373=ORIENTED_EDGE('',*,*,#1573,.F.);
#2374=ORIENTED_EDGE('',*,*,#1659,.T.);
#2375=ORIENTED_EDGE('',*,*,#1646,.F.);
#2376=ORIENTED_EDGE('',*,*,#1660,.T.);
#2377=ORIENTED_EDGE('',*,*,#1565,.F.);
#2378=ORIENTED_EDGE('',*,*,#1644,.F.);
#2379=ORIENTED_EDGE('',*,*,#1608,.T.);
#2380=ORIENTED_EDGE('',*,*,#1588,.F.);
#2381=ORIENTED_EDGE('',*,*,#1604,.T.);
#2382=ORIENTED_EDGE('',*,*,#1640,.F.);
#2383=ORIENTED_EDGE('',*,*,#1545,.F.);
#2384=ORIENTED_EDGE('',*,*,#1533,.T.);
#2385=ORIENTED_EDGE('',*,*,#1639,.F.);
#2386=ORIENTED_EDGE('',*,*,#1529,.T.);
#2387=ORIENTED_EDGE('',*,*,#1586,.F.);
#2388=ORIENTED_EDGE('',*,*,#1595,.T.);
#2389=ORIENTED_EDGE('',*,*,#1638,.F.);
#2390=ORIENTED_EDGE('',*,*,#1592,.T.);
#2391=ORIENTED_EDGE('',*,*,#1542,.F.);
#2392=ORIENTED_EDGE('',*,*,#1636,.F.);
#2393=ORIENTED_EDGE('',*,*,#1666,.T.);
#2394=ORIENTED_EDGE('',*,*,#1583,.F.);
#2395=ORIENTED_EDGE('',*,*,#1601,.T.);
#2396=ORIENTED_EDGE('',*,*,#1634,.F.);
#2397=ORIENTED_EDGE('',*,*,#1598,.T.);
#2398=ORIENTED_EDGE('',*,*,#1596,.T.);
#2399=ORIENTED_EDGE('',*,*,#1538,.F.);
#2400=ORIENTED_EDGE('',*,*,#1620,.T.);
#2401=ORIENTED_EDGE('',*,*,#1633,.F.);
#2402=ORIENTED_EDGE('',*,*,#1568,.F.);
#2403=ORIENTED_EDGE('',*,*,#1624,.F.);
#2404=ORIENTED_EDGE('',*,*,#1649,.F.);
#2405=ORIENTED_EDGE('',*,*,#1653,.F.);
#2406=ORIENTED_EDGE('',*,*,#1614,.F.);
#2407=ORIENTED_EDGE('',*,*,#1591,.F.);
#2408=ORIENTED_EDGE('',*,*,#1627,.F.);
#2409=ORIENTED_EDGE('',*,*,#1612,.F.);
#2410=ORIENTED_EDGE('',*,*,#1630,.F.);
#2411=ORIENTED_EDGE('',*,*,#1667,.F.);
#2412=ORIENTED_EDGE('',*,*,#1606,.F.);
#2413=ORIENTED_EDGE('',*,*,#1655,.F.);
#2414=ORIENTED_EDGE('',*,*,#1622,.F.);
#2415=ORIENTED_EDGE('',*,*,#1434,.T.);
#2416=ORIENTED_EDGE('',*,*,#1661,.F.);
#2417=ORIENTED_EDGE('',*,*,#1560,.T.);
#2418=ORIENTED_EDGE('',*,*,#1607,.T.);
#2419=ORIENTED_EDGE('',*,*,#1667,.T.);
#2420=ORIENTED_EDGE('',*,*,#1629,.F.);
#2421=ORIENTED_EDGE('',*,*,#1325,.F.);
#2422=ORIENTED_EDGE('',*,*,#1658,.T.);
#2423=ORIENTED_EDGE('',*,*,#1664,.T.);
#2424=ORIENTED_EDGE('',*,*,#1665,.T.);
#2425=ORIENTED_EDGE('',*,*,#1523,.T.);
#2426=ORIENTED_EDGE('',*,*,#1616,.F.);
#2427=ORIENTED_EDGE('',*,*,#1654,.F.);
#2428=ORIENTED_EDGE('',*,*,#1650,.F.);
#2429=ORIENTED_EDGE('',*,*,#1625,.F.);
#2430=ORIENTED_EDGE('',*,*,#1430,.T.);
#2431=ORIENTED_EDGE('',*,*,#1648,.T.);
#2432=ORIENTED_EDGE('',*,*,#1428,.T.);
#2433=ORIENTED_EDGE('',*,*,#1500,.T.);
#2434=ORIENTED_EDGE('',*,*,#1631,.T.);
#2435=ORIENTED_EDGE('',*,*,#1503,.F.);
#2436=ORIENTED_EDGE('',*,*,#1668,.T.);
#2437=ORIENTED_EDGE('',*,*,#1323,.F.);
#2438=ORIENTED_EDGE('',*,*,#1669,.F.);
#2439=ORIENTED_EDGE('',*,*,#1504,.F.);
#2440=ORIENTED_EDGE('',*,*,#1669,.T.);
#2441=ORIENTED_EDGE('',*,*,#1322,.F.);
#2442=ORIENTED_EDGE('',*,*,#1670,.F.);
#2443=ORIENTED_EDGE('',*,*,#1670,.T.);
#2444=ORIENTED_EDGE('',*,*,#1321,.F.);
#2445=ORIENTED_EDGE('',*,*,#1671,.F.);
#2446=ORIENTED_EDGE('',*,*,#1505,.F.);
#2447=ORIENTED_EDGE('',*,*,#1521,.T.);
#2448=ORIENTED_EDGE('',*,*,#1671,.T.);
#2449=ORIENTED_EDGE('',*,*,#1320,.F.);
#2450=ORIENTED_EDGE('',*,*,#1668,.F.);
#2451=ORIENTED_EDGE('',*,*,#1506,.F.);
#2452=ORIENTED_EDGE('',*,*,#1672,.F.);
#2453=ORIENTED_EDGE('',*,*,#1673,.T.);
#2454=ORIENTED_EDGE('',*,*,#1674,.F.);
#2455=ORIENTED_EDGE('',*,*,#1675,.F.);
#2456=ORIENTED_EDGE('',*,*,#1676,.F.);
#2457=ORIENTED_EDGE('',*,*,#1677,.F.);
#2458=ORIENTED_EDGE('',*,*,#1678,.F.);
#2459=ORIENTED_EDGE('',*,*,#1679,.F.);
#2460=ORIENTED_EDGE('',*,*,#1680,.F.);
#2461=ORIENTED_EDGE('',*,*,#1681,.F.);
#2462=ORIENTED_EDGE('',*,*,#1682,.F.);
#2463=ORIENTED_EDGE('',*,*,#1673,.F.);
#2464=ORIENTED_EDGE('',*,*,#1672,.T.);
#2465=ORIENTED_EDGE('',*,*,#1676,.T.);
#2466=ORIENTED_EDGE('',*,*,#1683,.F.);
#2467=ORIENTED_EDGE('',*,*,#1684,.T.);
#2468=ORIENTED_EDGE('',*,*,#1685,.F.);
#2469=ORIENTED_EDGE('',*,*,#1680,.T.);
#2470=ORIENTED_EDGE('',*,*,#1686,.F.);
#2471=ORIENTED_EDGE('',*,*,#1687,.F.);
#2472=ORIENTED_EDGE('',*,*,#1675,.T.);
#2473=ORIENTED_EDGE('',*,*,#1688,.T.);
#2474=ORIENTED_EDGE('',*,*,#1689,.T.);
#2475=ORIENTED_EDGE('',*,*,#1683,.T.);
#2476=ORIENTED_EDGE('',*,*,#1677,.T.);
#2477=ORIENTED_EDGE('',*,*,#1685,.T.);
#2478=ORIENTED_EDGE('',*,*,#1690,.T.);
#2479=ORIENTED_EDGE('',*,*,#1691,.T.);
#2480=ORIENTED_EDGE('',*,*,#1679,.T.);
#2481=ORIENTED_EDGE('',*,*,#1692,.T.);
#2482=ORIENTED_EDGE('',*,*,#1693,.T.);
#2483=ORIENTED_EDGE('',*,*,#1686,.T.);
#2484=ORIENTED_EDGE('',*,*,#1694,.T.);
#2485=ORIENTED_EDGE('',*,*,#1690,.F.);
#2486=ORIENTED_EDGE('',*,*,#1684,.F.);
#2487=ORIENTED_EDGE('',*,*,#1689,.F.);
#2488=ORIENTED_EDGE('',*,*,#1695,.T.);
#2489=ORIENTED_EDGE('',*,*,#1692,.F.);
#2490=ORIENTED_EDGE('',*,*,#1678,.T.);
#2491=ORIENTED_EDGE('',*,*,#1691,.F.);
#2492=ORIENTED_EDGE('',*,*,#1694,.F.);
#2493=ORIENTED_EDGE('',*,*,#1688,.F.);
#2494=ORIENTED_EDGE('',*,*,#1674,.T.);
#2495=ORIENTED_EDGE('',*,*,#1682,.T.);
#2496=ORIENTED_EDGE('',*,*,#1681,.T.);
#2497=ORIENTED_EDGE('',*,*,#1687,.T.);
#2498=ORIENTED_EDGE('',*,*,#1693,.F.);
#2499=ORIENTED_EDGE('',*,*,#1695,.F.);
#2500=ORIENTED_EDGE('',*,*,#1696,.F.);
#2501=ORIENTED_EDGE('',*,*,#1697,.T.);
#2502=ORIENTED_EDGE('',*,*,#1698,.F.);
#2503=ORIENTED_EDGE('',*,*,#1699,.F.);
#2504=ORIENTED_EDGE('',*,*,#1700,.F.);
#2505=ORIENTED_EDGE('',*,*,#1701,.F.);
#2506=ORIENTED_EDGE('',*,*,#1702,.F.);
#2507=ORIENTED_EDGE('',*,*,#1703,.F.);
#2508=ORIENTED_EDGE('',*,*,#1704,.F.);
#2509=ORIENTED_EDGE('',*,*,#1705,.F.);
#2510=ORIENTED_EDGE('',*,*,#1706,.F.);
#2511=ORIENTED_EDGE('',*,*,#1697,.F.);
#2512=ORIENTED_EDGE('',*,*,#1696,.T.);
#2513=ORIENTED_EDGE('',*,*,#1700,.T.);
#2514=ORIENTED_EDGE('',*,*,#1707,.F.);
#2515=ORIENTED_EDGE('',*,*,#1708,.T.);
#2516=ORIENTED_EDGE('',*,*,#1709,.F.);
#2517=ORIENTED_EDGE('',*,*,#1704,.T.);
#2518=ORIENTED_EDGE('',*,*,#1710,.F.);
#2519=ORIENTED_EDGE('',*,*,#1711,.F.);
#2520=ORIENTED_EDGE('',*,*,#1699,.T.);
#2521=ORIENTED_EDGE('',*,*,#1712,.T.);
#2522=ORIENTED_EDGE('',*,*,#1713,.T.);
#2523=ORIENTED_EDGE('',*,*,#1707,.T.);
#2524=ORIENTED_EDGE('',*,*,#1701,.T.);
#2525=ORIENTED_EDGE('',*,*,#1709,.T.);
#2526=ORIENTED_EDGE('',*,*,#1714,.T.);
#2527=ORIENTED_EDGE('',*,*,#1715,.T.);
#2528=ORIENTED_EDGE('',*,*,#1703,.T.);
#2529=ORIENTED_EDGE('',*,*,#1716,.T.);
#2530=ORIENTED_EDGE('',*,*,#1717,.T.);
#2531=ORIENTED_EDGE('',*,*,#1710,.T.);
#2532=ORIENTED_EDGE('',*,*,#1718,.T.);
#2533=ORIENTED_EDGE('',*,*,#1714,.F.);
#2534=ORIENTED_EDGE('',*,*,#1708,.F.);
#2535=ORIENTED_EDGE('',*,*,#1713,.F.);
#2536=ORIENTED_EDGE('',*,*,#1719,.T.);
#2537=ORIENTED_EDGE('',*,*,#1716,.F.);
#2538=ORIENTED_EDGE('',*,*,#1702,.T.);
#2539=ORIENTED_EDGE('',*,*,#1715,.F.);
#2540=ORIENTED_EDGE('',*,*,#1718,.F.);
#2541=ORIENTED_EDGE('',*,*,#1712,.F.);
#2542=ORIENTED_EDGE('',*,*,#1698,.T.);
#2543=ORIENTED_EDGE('',*,*,#1706,.T.);
#2544=ORIENTED_EDGE('',*,*,#1705,.T.);
#2545=ORIENTED_EDGE('',*,*,#1711,.T.);
#2546=ORIENTED_EDGE('',*,*,#1717,.F.);
#2547=ORIENTED_EDGE('',*,*,#1719,.F.);
#2548=PLANE('',#2802);
#2549=PLANE('',#2804);
#2550=PLANE('',#2813);
#2551=PLANE('',#2814);
#2552=PLANE('',#2815);
#2553=PLANE('',#2816);
#2554=PLANE('',#2817);
#2555=PLANE('',#2818);
#2556=PLANE('',#2819);
#2557=PLANE('',#2820);
#2558=PLANE('',#2821);
#2559=PLANE('',#2822);
#2560=PLANE('',#2823);
#2561=PLANE('',#2824);
#2562=PLANE('',#2829);
#2563=PLANE('',#2830);
#2564=PLANE('',#2831);
#2565=PLANE('',#2832);
#2566=PLANE('',#2833);
#2567=PLANE('',#2834);
#2568=PLANE('',#2835);
#2569=PLANE('',#2836);
#2570=PLANE('',#2837);
#2571=PLANE('',#2838);
#2572=PLANE('',#2839);
#2573=PLANE('',#2840);
#2574=PLANE('',#2842);
#2575=PLANE('',#2848);
#2576=PLANE('',#2849);
#2577=PLANE('',#2850);
#2578=PLANE('',#2851);
#2579=PLANE('',#2852);
#2580=PLANE('',#2853);
#2581=PLANE('',#2854);
#2582=PLANE('',#2855);
#2583=PLANE('',#2856);
#2584=PLANE('',#2857);
#2585=PLANE('',#2858);
#2586=PLANE('',#2859);
#2587=PLANE('',#2860);
#2588=PLANE('',#2861);
#2589=PLANE('',#2862);
#2590=PLANE('',#2863);
#2591=PLANE('',#2864);
#2592=PLANE('',#2865);
#2593=PLANE('',#2867);
#2594=PLANE('',#2868);
#2595=PLANE('',#2869);
#2596=PLANE('',#2872);
#2597=PLANE('',#2873);
#2598=PLANE('',#2874);
#2599=PLANE('',#2875);
#2600=PLANE('',#2876);
#2601=PLANE('',#2884);
#2602=PLANE('',#2887);
#2603=PLANE('',#2913);
#2604=PLANE('',#2914);
#2605=PLANE('',#2915);
#2606=PLANE('',#2916);
#2607=PLANE('',#2919);
#2608=PLANE('',#2923);
#2609=PLANE('',#2930);
#2610=PLANE('',#2931);
#2611=PLANE('',#2932);
#2612=PLANE('',#2933);
#2613=PLANE('',#2939);
#2614=PLANE('',#2940);
#2615=PLANE('',#2941);
#2616=PLANE('',#2956);
#2617=PLANE('',#2960);
#2618=PLANE('',#2961);
#2619=PLANE('',#2975);
#2620=PLANE('',#2976);
#2621=PLANE('',#2977);
#2622=PLANE('',#2978);
#2623=PLANE('',#2983);
#2624=PLANE('',#2986);
#2625=PLANE('',#2990);
#2626=PLANE('',#2991);
#2627=PLANE('',#2992);
#2628=PLANE('',#2993);
#2629=PLANE('',#2994);
#2630=PLANE('',#2995);
#2631=PLANE('',#2996);
#2632=PLANE('',#2997);
#2633=PLANE('',#2998);
#2634=PLANE('',#2999);
#2635=PLANE('',#3000);
#2636=PLANE('',#3001);
#2637=PLANE('',#3002);
#2638=PLANE('',#3003);
#2639=PLANE('',#3011);
#2640=PLANE('',#3012);
#2641=PLANE('',#3013);
#2642=PLANE('',#3014);
#2643=PLANE('',#3015);
#2644=PLANE('',#3016);
#2645=PLANE('',#3017);
#2646=PLANE('',#3018);
#2647=PLANE('',#3019);
#2648=PLANE('',#3027);
#2649=PLANE('',#3028);
#2650=PLANE('',#3029);
#2651=PLANE('',#3030);
#2652=PLANE('',#3031);
#2653=PLANE('',#3032);
#2654=PLANE('',#3033);
#2655=PLANE('',#3034);
#2656=PLANE('',#3035);
#2657=ADVANCED_FACE('',(#49),#2548,.T.);
#2658=ADVANCED_FACE('',(#50),#2549,.F.);
#2659=ADVANCED_FACE('',(#51),#29,.F.);
#2660=ADVANCED_FACE('',(#52),#30,.F.);
#2661=ADVANCED_FACE('',(#53),#31,.F.);
#2662=ADVANCED_FACE('',(#54,#22,#23),#2550,.F.);
#2663=ADVANCED_FACE('',(#55),#2551,.F.);
#2664=ADVANCED_FACE('',(#56),#2552,.F.);
#2665=ADVANCED_FACE('',(#57),#2553,.F.);
#2666=ADVANCED_FACE('',(#58),#2554,.F.);
#2667=ADVANCED_FACE('',(#59),#2555,.F.);
#2668=ADVANCED_FACE('',(#60),#2556,.F.);
#2669=ADVANCED_FACE('',(#61),#2557,.F.);
#2670=ADVANCED_FACE('',(#62),#2558,.F.);
#2671=ADVANCED_FACE('',(#63),#2559,.F.);
#2672=ADVANCED_FACE('',(#64),#2560,.F.);
#2673=ADVANCED_FACE('',(#65),#2561,.F.);
#2674=ADVANCED_FACE('',(#66),#32,.F.);
#2675=ADVANCED_FACE('',(#67),#2562,.T.);
#2676=ADVANCED_FACE('',(#68),#2563,.T.);
#2677=ADVANCED_FACE('',(#69),#2564,.T.);
#2678=ADVANCED_FACE('',(#70),#2565,.T.);
#2679=ADVANCED_FACE('',(#71),#2566,.F.);
#2680=ADVANCED_FACE('',(#72),#2567,.F.);
#2681=ADVANCED_FACE('',(#73),#2568,.F.);
#2682=ADVANCED_FACE('',(#74),#2569,.F.);
#2683=ADVANCED_FACE('',(#75),#2570,.F.);
#2684=ADVANCED_FACE('',(#76),#2571,.F.);
#2685=ADVANCED_FACE('',(#77),#2572,.F.);
#2686=ADVANCED_FACE('',(#78),#2573,.F.);
#2687=ADVANCED_FACE('',(#79),#2574,.T.);
#2688=ADVANCED_FACE('',(#80),#2575,.F.);
#2689=ADVANCED_FACE('',(#81),#2576,.F.);
#2690=ADVANCED_FACE('',(#82),#2577,.F.);
#2691=ADVANCED_FACE('',(#83),#2578,.T.);
#2692=ADVANCED_FACE('',(#84),#2579,.T.);
#2693=ADVANCED_FACE('',(#85),#2580,.T.);
#2694=ADVANCED_FACE('',(#86),#2581,.T.);
#2695=ADVANCED_FACE('',(#87),#2582,.T.);
#2696=ADVANCED_FACE('',(#88),#2583,.F.);
#2697=ADVANCED_FACE('',(#89),#2584,.F.);
#2698=ADVANCED_FACE('',(#90),#2585,.F.);
#2699=ADVANCED_FACE('',(#91),#2586,.F.);
#2700=ADVANCED_FACE('',(#92),#2587,.F.);
#2701=ADVANCED_FACE('',(#93),#2588,.F.);
#2702=ADVANCED_FACE('',(#94),#2589,.F.);
#2703=ADVANCED_FACE('',(#95),#2590,.F.);
#2704=ADVANCED_FACE('',(#96),#2591,.F.);
#2705=ADVANCED_FACE('',(#97),#2592,.F.);
#2706=ADVANCED_FACE('',(#98),#2593,.F.);
#2707=ADVANCED_FACE('',(#99),#2594,.F.);
#2708=ADVANCED_FACE('',(#100),#2595,.F.);
#2709=ADVANCED_FACE('',(#101),#2596,.F.);
#2710=ADVANCED_FACE('',(#102),#2597,.F.);
#2711=ADVANCED_FACE('',(#103),#2598,.F.);
#2712=ADVANCED_FACE('',(#104),#2599,.F.);
#2713=ADVANCED_FACE('',(#105),#2600,.F.);
#2714=ADVANCED_FACE('',(#106),#33,.F.);
#2715=ADVANCED_FACE('',(#107),#2601,.T.);
#2716=ADVANCED_FACE('',(#108,#24),#2602,.T.);
#2717=ADVANCED_FACE('',(#109),#34,.F.);
#2718=ADVANCED_FACE('',(#110),#35,.T.);
#2719=ADVANCED_FACE('',(#111),#36,.F.);
#2720=ADVANCED_FACE('',(#112),#37,.F.);
#2721=ADVANCED_FACE('',(#113),#2603,.T.);
#2722=ADVANCED_FACE('',(#114),#2604,.T.);
#2723=ADVANCED_FACE('',(#115),#2605,.T.);
#2724=ADVANCED_FACE('',(#116),#2606,.F.);
#2725=ADVANCED_FACE('',(#117),#2607,.F.);
#2726=ADVANCED_FACE('',(#118),#2608,.F.);
#2727=ADVANCED_FACE('',(#119),#2609,.T.);
#2728=ADVANCED_FACE('',(#120),#2610,.T.);
#2729=ADVANCED_FACE('',(#121),#2611,.T.);
#2730=ADVANCED_FACE('',(#122),#2612,.F.);
#2731=ADVANCED_FACE('',(#123),#2613,.T.);
#2732=ADVANCED_FACE('',(#124),#2614,.T.);
#2733=ADVANCED_FACE('',(#125),#2615,.T.);
#2734=ADVANCED_FACE('',(#126),#38,.F.);
#2735=ADVANCED_FACE('',(#127),#39,.F.);
#2736=ADVANCED_FACE('',(#128),#40,.F.);
#2737=ADVANCED_FACE('',(#129),#41,.F.);
#2738=ADVANCED_FACE('',(#130),#2616,.F.);
#2739=ADVANCED_FACE('',(#131),#42,.F.);
#2740=ADVANCED_FACE('',(#132),#2617,.F.);
#2741=ADVANCED_FACE('',(#133),#2618,.F.);
#2742=ADVANCED_FACE('',(#134),#43,.T.);
#2743=ADVANCED_FACE('',(#135),#2619,.F.);
#2744=ADVANCED_FACE('',(#136),#2620,.F.);
#2745=ADVANCED_FACE('',(#137),#2621,.F.);
#2746=ADVANCED_FACE('',(#138),#2622,.F.);
#2747=ADVANCED_FACE('',(#139),#44,.F.);
#2748=ADVANCED_FACE('',(#140),#2623,.T.);
#2749=ADVANCED_FACE('',(#141,#25),#45,.F.);
#2750=ADVANCED_FACE('',(#142),#2624,.F.);
#2751=ADVANCED_FACE('',(#143),#46,.F.);
#2752=ADVANCED_FACE('',(#144,#26),#2625,.T.);
#2753=ADVANCED_FACE('',(#145),#2626,.F.);
#2754=ADVANCED_FACE('',(#146),#2627,.F.);
#2755=ADVANCED_FACE('',(#147),#2628,.F.);
#2756=ADVANCED_FACE('',(#148),#2629,.F.);
#2757=ADVANCED_FACE('',(#149),#2630,.F.);
#2758=ADVANCED_FACE('',(#150,#27),#2631,.F.);
#2759=ADVANCED_FACE('',(#151),#2632,.F.);
#2760=ADVANCED_FACE('',(#152),#2633,.T.);
#2761=ADVANCED_FACE('',(#153),#2634,.T.);
#2762=ADVANCED_FACE('',(#154),#2635,.F.);
#2763=ADVANCED_FACE('',(#155),#2636,.F.);
#2764=ADVANCED_FACE('',(#156,#28),#2637,.F.);
#2765=ADVANCED_FACE('',(#157),#2638,.F.);
#2766=ADVANCED_FACE('',(#158),#47,.T.);
#2767=ADVANCED_FACE('',(#159),#2639,.T.);
#2768=ADVANCED_FACE('',(#160),#2640,.F.);
#2769=ADVANCED_FACE('',(#161),#2641,.F.);
#2770=ADVANCED_FACE('',(#162),#2642,.T.);
#2771=ADVANCED_FACE('',(#163),#2643,.F.);
#2772=ADVANCED_FACE('',(#164),#2644,.F.);
#2773=ADVANCED_FACE('',(#165),#2645,.F.);
#2774=ADVANCED_FACE('',(#166),#2646,.F.);
#2775=ADVANCED_FACE('',(#167),#2647,.F.);
#2776=ADVANCED_FACE('',(#168),#48,.T.);
#2777=ADVANCED_FACE('',(#169),#2648,.T.);
#2778=ADVANCED_FACE('',(#170),#2649,.F.);
#2779=ADVANCED_FACE('',(#171),#2650,.F.);
#2780=ADVANCED_FACE('',(#172),#2651,.T.);
#2781=ADVANCED_FACE('',(#173),#2652,.F.);
#2782=ADVANCED_FACE('',(#174),#2653,.F.);
#2783=ADVANCED_FACE('',(#175),#2654,.F.);
#2784=ADVANCED_FACE('',(#176),#2655,.F.);
#2785=ADVANCED_FACE('',(#177),#2656,.F.);
#2786=CLOSED_SHELL('',(#2657,#2658,#2659,#2660,#2661,#2662,#2663,#2664,
#2665,#2666,#2667,#2668,#2669,#2670,#2671,#2672,#2673,#2674,#2675,#2676,
#2677,#2678,#2679,#2680,#2681,#2682,#2683,#2684,#2685,#2686,#2687,#2688,
#2689,#2690,#2691,#2692,#2693,#2694,#2695,#2696,#2697,#2698,#2699,#2700,
#2701,#2702,#2703,#2704,#2705,#2706,#2707,#2708,#2709,#2710,#2711,#2712,
#2713,#2714,#2715,#2716,#2717,#2718,#2719,#2720,#2721,#2722,#2723,#2724,
#2725,#2726,#2727,#2728,#2729,#2730,#2731,#2732,#2733,#2734,#2735,#2736,
#2737,#2738,#2739,#2740,#2741,#2742,#2743,#2744,#2745,#2746,#2747,#2748,
#2749,#2750,#2751,#2752,#2753,#2754,#2755,#2756,#2757,#2758,#2759,#2760,
#2761,#2762,#2763,#2764,#2765));
#2787=CLOSED_SHELL('',(#2766,#2767,#2768,#2769,#2770,#2771,#2772,#2773,
#2774,#2775));
#2788=CLOSED_SHELL('',(#2776,#2777,#2778,#2779,#2780,#2781,#2782,#2783,
#2784,#2785));
#2789=DERIVED_UNIT_ELEMENT(#2791,1.);
#2790=DERIVED_UNIT_ELEMENT(#4670,-3.);
#2791=(
MASS_UNIT()
NAMED_UNIT(*)
SI_UNIT(.KILO.,.GRAM.)
);
#2792=DERIVED_UNIT((#2789,#2790));
#2793=MEASURE_REPRESENTATION_ITEM('density measure',
POSITIVE_RATIO_MEASURE(7850.),#2792);
#2794=PROPERTY_DEFINITION_REPRESENTATION(#2799,#2796);
#2795=PROPERTY_DEFINITION_REPRESENTATION(#2800,#2797);
#2796=REPRESENTATION('material name',(#2798),#4667);
#2797=REPRESENTATION('density',(#2793),#4667);
#2798=DESCRIPTIVE_REPRESENTATION_ITEM('Steel','Steel');
#2799=PROPERTY_DEFINITION('material property','material name',#4677);
#2800=PROPERTY_DEFINITION('material property','density of part',#4677);
#2801=AXIS2_PLACEMENT_3D('',#3813,#3036,#3037);
#2802=AXIS2_PLACEMENT_3D('',#3814,#3038,#3039);
#2803=AXIS2_PLACEMENT_3D('',#3818,#3041,#3042);
#2804=AXIS2_PLACEMENT_3D('',#3819,#3043,#3044);
#2805=AXIS2_PLACEMENT_3D('',#3823,#3046,#3047);
#2806=AXIS2_PLACEMENT_3D('',#3824,#3048,#3049);
#2807=AXIS2_PLACEMENT_3D('',#3827,#3050,#3051);
#2808=AXIS2_PLACEMENT_3D('',#3831,#3053,#3054);
#2809=AXIS2_PLACEMENT_3D('',#3833,#3056,#3057);
#2810=AXIS2_PLACEMENT_3D('',#3837,#3059,#3060);
#2811=AXIS2_PLACEMENT_3D('',#3839,#3062,#3063);
#2812=AXIS2_PLACEMENT_3D('',#3843,#3065,#3066);
#2813=AXIS2_PLACEMENT_3D('',#3845,#3068,#3069);
#2814=AXIS2_PLACEMENT_3D('',#3882,#3090,#3091);
#2815=AXIS2_PLACEMENT_3D('',#3888,#3095,#3096);
#2816=AXIS2_PLACEMENT_3D('',#3894,#3100,#3101);
#2817=AXIS2_PLACEMENT_3D('',#3896,#3103,#3104);
#2818=AXIS2_PLACEMENT_3D('',#3898,#3106,#3107);
#2819=AXIS2_PLACEMENT_3D('',#3899,#3108,#3109);
#2820=AXIS2_PLACEMENT_3D('',#3905,#3113,#3114);
#2821=AXIS2_PLACEMENT_3D('',#3909,#3117,#3118);
#2822=AXIS2_PLACEMENT_3D('',#3913,#3121,#3122);
#2823=AXIS2_PLACEMENT_3D('',#3915,#3124,#3125);
#2824=AXIS2_PLACEMENT_3D('',#3916,#3126,#3127);
#2825=AXIS2_PLACEMENT_3D('',#3920,#3129,#3130);
#2826=AXIS2_PLACEMENT_3D('',#3921,#3131,#3132);
#2827=AXIS2_PLACEMENT_3D('',#3923,#3133,#3134);
#2828=AXIS2_PLACEMENT_3D('',#3963,#3136,#3137);
#2829=AXIS2_PLACEMENT_3D('',#3964,#3138,#3139);
#2830=AXIS2_PLACEMENT_3D('',#3977,#3146,#3147);
#2831=AXIS2_PLACEMENT_3D('',#3986,#3152,#3153);
#2832=AXIS2_PLACEMENT_3D('',#3989,#3156,#3157);
#2833=AXIS2_PLACEMENT_3D('',#3993,#3160,#3161);
#2834=AXIS2_PLACEMENT_3D('',#4001,#3166,#3167);
#2835=AXIS2_PLACEMENT_3D('',#4005,#3170,#3171);
#2836=AXIS2_PLACEMENT_3D('',#4031,#3185,#3186);
#2837=AXIS2_PLACEMENT_3D('',#4040,#3191,#3192);
#2838=AXIS2_PLACEMENT_3D('',#4056,#3201,#3202);
#2839=AXIS2_PLACEMENT_3D('',#4061,#3206,#3207);
#2840=AXIS2_PLACEMENT_3D('',#4063,#3209,#3210);
#2841=AXIS2_PLACEMENT_3D('',#4064,#3211,#3212);
#2842=AXIS2_PLACEMENT_3D('',#4065,#3213,#3214);
#2843=AXIS2_PLACEMENT_3D('',#4069,#3216,#3217);
#2844=AXIS2_PLACEMENT_3D('',#4071,#3218,#3219);
#2845=AXIS2_PLACEMENT_3D('',#4073,#3220,#3221);
#2846=AXIS2_PLACEMENT_3D('',#4075,#3222,#3223);
#2847=AXIS2_PLACEMENT_3D('',#4076,#3224,#3225);
#2848=AXIS2_PLACEMENT_3D('',#4077,#3226,#3227);
#2849=AXIS2_PLACEMENT_3D('',#4111,#3245,#3246);
#2850=AXIS2_PLACEMENT_3D('',#4117,#3250,#3251);
#2851=AXIS2_PLACEMENT_3D('',#4119,#3253,#3254);
#2852=AXIS2_PLACEMENT_3D('',#4130,#3261,#3262);
#2853=AXIS2_PLACEMENT_3D('',#4140,#3268,#3269);
#2854=AXIS2_PLACEMENT_3D('',#4145,#3273,#3274);
#2855=AXIS2_PLACEMENT_3D('',#4147,#3276,#3277);
#2856=AXIS2_PLACEMENT_3D('',#4148,#3278,#3279);
#2857=AXIS2_PLACEMENT_3D('',#4158,#3285,#3286);
#2858=AXIS2_PLACEMENT_3D('',#4160,#3288,#3289);
#2859=AXIS2_PLACEMENT_3D('',#4164,#3292,#3293);
#2860=AXIS2_PLACEMENT_3D('',#4170,#3297,#3298);
#2861=AXIS2_PLACEMENT_3D('',#4174,#3301,#3302);
#2862=AXIS2_PLACEMENT_3D('',#4178,#3305,#3306);
#2863=AXIS2_PLACEMENT_3D('',#4180,#3308,#3309);
#2864=AXIS2_PLACEMENT_3D('',#4181,#3310,#3311);
#2865=AXIS2_PLACEMENT_3D('',#4193,#3318,#3319);
#2866=AXIS2_PLACEMENT_3D('',#4194,#3320,#3321);
#2867=AXIS2_PLACEMENT_3D('',#4198,#3324,#3325);
#2868=AXIS2_PLACEMENT_3D('',#4202,#3328,#3329);
#2869=AXIS2_PLACEMENT_3D('',#4204,#3331,#3332);
#2870=AXIS2_PLACEMENT_3D('',#4206,#3333,#3334);
#2871=AXIS2_PLACEMENT_3D('',#4207,#3335,#3336);
#2872=AXIS2_PLACEMENT_3D('',#4208,#3337,#3338);
#2873=AXIS2_PLACEMENT_3D('',#4212,#3341,#3342);
#2874=AXIS2_PLACEMENT_3D('',#4216,#3345,#3346);
#2875=AXIS2_PLACEMENT_3D('',#4219,#3349,#3350);
#2876=AXIS2_PLACEMENT_3D('',#4220,#3351,#3352);
#2877=AXIS2_PLACEMENT_3D('',#4221,#3353,#3354);
#2878=AXIS2_PLACEMENT_3D('',#4222,#3355,#3356);
#2879=AXIS2_PLACEMENT_3D('',#4224,#3357,#3358);
#2880=AXIS2_PLACEMENT_3D('',#4228,#3360,#3361);
#2881=AXIS2_PLACEMENT_3D('',#4232,#3363,#3364);
#2882=AXIS2_PLACEMENT_3D('',#4236,#3366,#3367);
#2883=AXIS2_PLACEMENT_3D('',#4239,#3369,#3370);
#2884=AXIS2_PLACEMENT_3D('',#4240,#3371,#3372);
#2885=AXIS2_PLACEMENT_3D('',#4242,#3373,#3374);
#2886=AXIS2_PLACEMENT_3D('',#4243,#3375,#3376);
#2887=AXIS2_PLACEMENT_3D('',#4244,#3377,#3378);
#2888=AXIS2_PLACEMENT_3D('',#4254,#3383,#3384);
#2889=AXIS2_PLACEMENT_3D('',#4256,#3385,#3386);
#2890=AXIS2_PLACEMENT_3D('',#4258,#3387,#3388);
#2891=AXIS2_PLACEMENT_3D('',#4260,#3389,#3390);
#2892=AXIS2_PLACEMENT_3D('',#4262,#3391,#3392);
#2893=AXIS2_PLACEMENT_3D('',#4264,#3393,#3394);
#2894=AXIS2_PLACEMENT_3D('',#4266,#3395,#3396);
#2895=AXIS2_PLACEMENT_3D('',#4268,#3397,#3398);
#2896=AXIS2_PLACEMENT_3D('',#4270,#3399,#3400);
#2897=AXIS2_PLACEMENT_3D('',#4272,#3401,#3402);
#2898=AXIS2_PLACEMENT_3D('',#4274,#3403,#3404);
#2899=AXIS2_PLACEMENT_3D('',#4276,#3405,#3406);
#2900=AXIS2_PLACEMENT_3D('',#4278,#3407,#3408);
#2901=AXIS2_PLACEMENT_3D('',#4279,#3409,#3410);
#2902=AXIS2_PLACEMENT_3D('',#4280,#3411,#3412);
#2903=AXIS2_PLACEMENT_3D('',#4282,#3413,#3414);
#2904=AXIS2_PLACEMENT_3D('',#4285,#3416,#3417);
#2905=AXIS2_PLACEMENT_3D('',#4286,#3418,#3419);
#2906=AXIS2_PLACEMENT_3D('',#4290,#3421,#3422);
#2907=AXIS2_PLACEMENT_3D('',#4292,#3424,#3425);
#2908=AXIS2_PLACEMENT_3D('',#4294,#3426,#3427);
#2909=AXIS2_PLACEMENT_3D('',#4298,#3429,#3430);
#2910=AXIS2_PLACEMENT_3D('',#4300,#3432,#3433);
#2911=AXIS2_PLACEMENT_3D('',#4302,#3434,#3435);
#2912=AXIS2_PLACEMENT_3D('',#4306,#3437,#3438);
#2913=AXIS2_PLACEMENT_3D('',#4308,#3440,#3441);
#2914=AXIS2_PLACEMENT_3D('',#4317,#3446,#3447);
#2915=AXIS2_PLACEMENT_3D('',#4326,#3452,#3453);
#2916=AXIS2_PLACEMENT_3D('',#4332,#3457,#3458);
#2917=AXIS2_PLACEMENT_3D('',#4335,#3459,#3460);
#2918=AXIS2_PLACEMENT_3D('',#4340,#3463,#3464);
#2919=AXIS2_PLACEMENT_3D('',#4342,#3466,#3467);
#2920=AXIS2_PLACEMENT_3D('',#4344,#3468,#3469);
#2921=AXIS2_PLACEMENT_3D('',#4348,#3471,#3472);
#2922=AXIS2_PLACEMENT_3D('',#4351,#3474,#3475);
#2923=AXIS2_PLACEMENT_3D('',#4352,#3476,#3477);
#2924=AXIS2_PLACEMENT_3D('',#4355,#3478,#3479);
#2925=AXIS2_PLACEMENT_3D('',#4358,#3481,#3482);
#2926=AXIS2_PLACEMENT_3D('',#4360,#3483,#3484);
#2927=AXIS2_PLACEMENT_3D('',#4364,#3486,#3487);
#2928=AXIS2_PLACEMENT_3D('',#4365,#3488,#3489);
#2929=AXIS2_PLACEMENT_3D('',#4366,#3490,#3491);
#2930=AXIS2_PLACEMENT_3D('',#4367,#3492,#3493);
#2931=AXIS2_PLACEMENT_3D('',#4376,#3498,#3499);
#2932=AXIS2_PLACEMENT_3D('',#4382,#3503,#3504);
#2933=AXIS2_PLACEMENT_3D('',#4388,#3508,#3509);
#2934=AXIS2_PLACEMENT_3D('',#4390,#3510,#3511);
#2935=AXIS2_PLACEMENT_3D('',#4392,#3512,#3513);
#2936=AXIS2_PLACEMENT_3D('',#4400,#3517,#3518);
#2937=AXIS2_PLACEMENT_3D('',#4401,#3519,#3520);
#2938=AXIS2_PLACEMENT_3D('',#4402,#3521,#3522);
#2939=AXIS2_PLACEMENT_3D('',#4403,#3523,#3524);
#2940=AXIS2_PLACEMENT_3D('',#4409,#3528,#3529);
#2941=AXIS2_PLACEMENT_3D('',#4413,#3532,#3533);
#2942=AXIS2_PLACEMENT_3D('',#4419,#3537,#3538);
#2943=AXIS2_PLACEMENT_3D('',#4422,#3540,#3541);
#2944=AXIS2_PLACEMENT_3D('',#4424,#3542,#3543);
#2945=AXIS2_PLACEMENT_3D('',#4428,#3546,#3547);
#2946=AXIS2_PLACEMENT_3D('',#4429,#3548,#3549);
#2947=AXIS2_PLACEMENT_3D('',#4431,#3550,#3551);
#2948=AXIS2_PLACEMENT_3D('',#4434,#3553,#3554);
#2949=AXIS2_PLACEMENT_3D('',#4438,#3557,#3558);
#2950=AXIS2_PLACEMENT_3D('',#4439,#3559,#3560);
#2951=AXIS2_PLACEMENT_3D('',#4443,#3563,#3564);
#2952=AXIS2_PLACEMENT_3D('',#4447,#3566,#3567);
#2953=AXIS2_PLACEMENT_3D('',#4449,#3569,#3570);
#2954=AXIS2_PLACEMENT_3D('',#4451,#3571,#3572);
#2955=AXIS2_PLACEMENT_3D('',#4457,#3576,#3577);
#2956=AXIS2_PLACEMENT_3D('',#4459,#3579,#3580);
#2957=AXIS2_PLACEMENT_3D('',#4468,#3585,#3586);
#2958=AXIS2_PLACEMENT_3D('',#4472,#3589,#3590);
#2959=AXIS2_PLACEMENT_3D('',#4476,#3592,#3593);
#2960=AXIS2_PLACEMENT_3D('',#4478,#3595,#3596);
#2961=AXIS2_PLACEMENT_3D('',#4484,#3600,#3601);
#2962=AXIS2_PLACEMENT_3D('',#4490,#3606,#3607);
#2963=AXIS2_PLACEMENT_3D('',#4491,#3608,#3609);
#2964=AXIS2_PLACEMENT_3D('',#4492,#3610,#3611);
#2965=AXIS2_PLACEMENT_3D('',#4493,#3612,#3613);
#2966=AXIS2_PLACEMENT_3D('',#4494,#3614,#3615);
#2967=AXIS2_PLACEMENT_3D('',#4497,#3617,#3618);
#2968=AXIS2_PLACEMENT_3D('',#4499,#3620,#3621);
#2969=AXIS2_PLACEMENT_3D('',#4500,#3622,#3623);
#2970=AXIS2_PLACEMENT_3D('',#4501,#3624,#3625);
#2971=AXIS2_PLACEMENT_3D('',#4505,#3627,#3628);
#2972=AXIS2_PLACEMENT_3D('',#4507,#3630,#3631);
#2973=AXIS2_PLACEMENT_3D('',#4511,#3633,#3634);
#2974=AXIS2_PLACEMENT_3D('',#4513,#3636,#3637);
#2975=AXIS2_PLACEMENT_3D('',#4514,#3638,#3639);
#2976=AXIS2_PLACEMENT_3D('',#4520,#3643,#3644);
#2977=AXIS2_PLACEMENT_3D('',#4522,#3646,#3647);
#2978=AXIS2_PLACEMENT_3D('',#4525,#3650,#3651);
#2979=AXIS2_PLACEMENT_3D('',#4532,#3656,#3657);
#2980=AXIS2_PLACEMENT_3D('',#4533,#3658,#3659);
#2981=AXIS2_PLACEMENT_3D('',#4534,#3660,#3661);
#2982=AXIS2_PLACEMENT_3D('',#4535,#3662,#3663);
#2983=AXIS2_PLACEMENT_3D('',#4536,#3664,#3665);
#2984=AXIS2_PLACEMENT_3D('',#4537,#3666,#3667);
#2985=AXIS2_PLACEMENT_3D('',#4538,#3668,#3669);
#2986=AXIS2_PLACEMENT_3D('',#4539,#3670,#3671);
#2987=AXIS2_PLACEMENT_3D('',#4541,#3672,#3673);
#2988=AXIS2_PLACEMENT_3D('',#4543,#3675,#3676);
#2989=AXIS2_PLACEMENT_3D('',#4545,#3678,#3679);
#2990=AXIS2_PLACEMENT_3D('',#4546,#3680,#3681);
#2991=AXIS2_PLACEMENT_3D('',#4547,#3682,#3683);
#2992=AXIS2_PLACEMENT_3D('',#4548,#3684,#3685);
#2993=AXIS2_PLACEMENT_3D('',#4549,#3686,#3687);
#2994=AXIS2_PLACEMENT_3D('',#4551,#3689,#3690);
#2995=AXIS2_PLACEMENT_3D('',#4552,#3691,#3692);
#2996=AXIS2_PLACEMENT_3D('',#4553,#3693,#3694);
#2997=AXIS2_PLACEMENT_3D('',#4554,#3695,#3696);
#2998=AXIS2_PLACEMENT_3D('',#4555,#3697,#3698);
#2999=AXIS2_PLACEMENT_3D('',#4556,#3699,#3700);
#3000=AXIS2_PLACEMENT_3D('',#4557,#3701,#3702);
#3001=AXIS2_PLACEMENT_3D('',#4560,#3705,#3706);
#3002=AXIS2_PLACEMENT_3D('',#4562,#3708,#3709);
#3003=AXIS2_PLACEMENT_3D('',#4564,#3711,#3712);
#3004=AXIS2_PLACEMENT_3D('',#4565,#3713,#3714);
#3005=AXIS2_PLACEMENT_3D('',#4567,#3715,#3716);
#3006=AXIS2_PLACEMENT_3D('',#4571,#3718,#3719);
#3007=AXIS2_PLACEMENT_3D('',#4575,#3721,#3722);
#3008=AXIS2_PLACEMENT_3D('',#4579,#3724,#3725);
#3009=AXIS2_PLACEMENT_3D('',#4583,#3727,#3728);
#3010=AXIS2_PLACEMENT_3D('',#4586,#3730,#3731);
#3011=AXIS2_PLACEMENT_3D('',#4587,#3732,#3733);
#3012=AXIS2_PLACEMENT_3D('',#4588,#3734,#3735);
#3013=AXIS2_PLACEMENT_3D('',#4594,#3739,#3740);
#3014=AXIS2_PLACEMENT_3D('',#4598,#3743,#3744);
#3015=AXIS2_PLACEMENT_3D('',#4602,#3747,#3748);
#3016=AXIS2_PLACEMENT_3D('',#4606,#3751,#3752);
#3017=AXIS2_PLACEMENT_3D('',#4610,#3755,#3756);
#3018=AXIS2_PLACEMENT_3D('',#4612,#3758,#3759);
#3019=AXIS2_PLACEMENT_3D('',#4614,#3761,#3762);
#3020=AXIS2_PLACEMENT_3D('',#4615,#3763,#3764);
#3021=AXIS2_PLACEMENT_3D('',#4617,#3765,#3766);
#3022=AXIS2_PLACEMENT_3D('',#4621,#3768,#3769);
#3023=AXIS2_PLACEMENT_3D('',#4625,#3771,#3772);
#3024=AXIS2_PLACEMENT_3D('',#4629,#3774,#3775);
#3025=AXIS2_PLACEMENT_3D('',#4633,#3777,#3778);
#3026=AXIS2_PLACEMENT_3D('',#4636,#3780,#3781);
#3027=AXIS2_PLACEMENT_3D('',#4637,#3782,#3783);
#3028=AXIS2_PLACEMENT_3D('',#4638,#3784,#3785);
#3029=AXIS2_PLACEMENT_3D('',#4644,#3789,#3790);
#3030=AXIS2_PLACEMENT_3D('',#4648,#3793,#3794);
#3031=AXIS2_PLACEMENT_3D('',#4652,#3797,#3798);
#3032=AXIS2_PLACEMENT_3D('',#4656,#3801,#3802);
#3033=AXIS2_PLACEMENT_3D('',#4660,#3805,#3806);
#3034=AXIS2_PLACEMENT_3D('',#4662,#3808,#3809);
#3035=AXIS2_PLACEMENT_3D('',#4664,#3811,#3812);
#3036=DIRECTION('axis',(0.,0.,1.));
#3037=DIRECTION('refdir',(1.,0.,0.));
#3038=DIRECTION('center_axis',(0.,1.,0.));
#3039=DIRECTION('ref_axis',(-1.,0.,0.));
#3040=DIRECTION('',(1.,0.,0.));
#3041=DIRECTION('center_axis',(0.,1.,0.));
#3042=DIRECTION('ref_axis',(-1.,0.,0.));
#3043=DIRECTION('center_axis',(0.,1.,0.));
#3044=DIRECTION('ref_axis',(-1.,0.,0.));
#3045=DIRECTION('',(-1.,0.,0.));
#3046=DIRECTION('center_axis',(0.,1.,0.));
#3047=DIRECTION('ref_axis',(-1.,0.,0.));
#3048=DIRECTION('center_axis',(0.,1.,0.));
#3049=DIRECTION('ref_axis',(1.49307989451785E-15,0.,1.));
#3050=DIRECTION('center_axis',(0.,-1.,0.));
#3051=DIRECTION('ref_axis',(-1.,0.,0.));
#3052=DIRECTION('',(0.,1.,0.));
#3053=DIRECTION('center_axis',(0.,1.,0.));
#3054=DIRECTION('ref_axis',(-1.,0.,0.));
#3055=DIRECTION('',(0.,-1.,0.));
#3056=DIRECTION('center_axis',(0.,1.,0.));
#3057=DIRECTION('ref_axis',(1.96005385927235E-15,0.,1.));
#3058=DIRECTION('',(0.,1.,0.));
#3059=DIRECTION('center_axis',(0.,1.,0.));
#3060=DIRECTION('ref_axis',(-1.,0.,0.));
#3061=DIRECTION('',(0.,-1.,0.));
#3062=DIRECTION('center_axis',(0.,1.,0.));
#3063=DIRECTION('ref_axis',(1.49307989451785E-15,0.,1.));
#3064=DIRECTION('',(0.,-1.,0.));
#3065=DIRECTION('center_axis',(0.,-1.,0.));
#3066=DIRECTION('ref_axis',(-1.,0.,0.));
#3067=DIRECTION('',(0.,1.,0.));
#3068=DIRECTION('center_axis',(0.,0.,1.));
#3069=DIRECTION('ref_axis',(0.,1.,0.));
#3070=DIRECTION('',(1.,0.,0.));
#3071=DIRECTION('',(0.,-1.,0.));
#3072=DIRECTION('',(-1.,0.,0.));
#3073=DIRECTION('',(0.,1.,0.));
#3074=DIRECTION('',(1.,0.,0.));
#3075=DIRECTION('',(-4.38256058456118E-31,1.,0.));
#3076=DIRECTION('',(-1.,0.,0.));
#3077=DIRECTION('',(0.,-1.,0.));
#3078=DIRECTION('',(1.,0.,0.));
#3079=DIRECTION('',(0.,1.,0.));
#3080=DIRECTION('',(-1.,0.,0.));
#3081=DIRECTION('',(1.,0.,0.));
#3082=DIRECTION('',(0.,1.,0.));
#3083=DIRECTION('',(-1.,0.,0.));
#3084=DIRECTION('',(-1.,0.,0.));
#3085=DIRECTION('',(0.,-1.,0.));
#3086=DIRECTION('',(1.,0.,0.));
#3087=DIRECTION('',(-1.,0.,0.));
#3088=DIRECTION('',(0.,-1.,0.));
#3089=DIRECTION('',(1.,0.,0.));
#3090=DIRECTION('center_axis',(0.,1.,0.));
#3091=DIRECTION('ref_axis',(-1.,0.,0.));
#3092=DIRECTION('',(0.,0.,1.));
#3093=DIRECTION('',(-1.,0.,0.));
#3094=DIRECTION('',(0.,0.,1.));
#3095=DIRECTION('center_axis',(0.,-1.,0.));
#3096=DIRECTION('ref_axis',(1.,0.,0.));
#3097=DIRECTION('',(0.,0.,1.));
#3098=DIRECTION('',(1.,0.,0.));
#3099=DIRECTION('',(0.,0.,1.));
#3100=DIRECTION('center_axis',(-1.,0.,0.));
#3101=DIRECTION('ref_axis',(0.,-1.,0.));
#3102=DIRECTION('',(0.,-1.,0.));
#3103=DIRECTION('center_axis',(1.,0.,0.));
#3104=DIRECTION('ref_axis',(0.,1.,0.));
#3105=DIRECTION('',(0.,1.,0.));
#3106=DIRECTION('center_axis',(0.,0.,1.));
#3107=DIRECTION('ref_axis',(1.,0.,0.));
#3108=DIRECTION('center_axis',(-1.,0.,0.));
#3109=DIRECTION('ref_axis',(0.,-1.,0.));
#3110=DIRECTION('',(0.,0.,1.));
#3111=DIRECTION('',(0.,-1.,0.));
#3112=DIRECTION('',(0.,0.,1.));
#3113=DIRECTION('center_axis',(0.,1.,0.));
#3114=DIRECTION('ref_axis',(-1.,0.,0.));
#3115=DIRECTION('',(0.,0.,1.));
#3116=DIRECTION('',(-1.,0.,0.));
#3117=DIRECTION('center_axis',(1.,0.,0.));
#3118=DIRECTION('ref_axis',(0.,1.,0.));
#3119=DIRECTION('',(0.,0.,1.));
#3120=DIRECTION('',(0.,1.,0.));
#3121=DIRECTION('center_axis',(0.,-1.,0.));
#3122=DIRECTION('ref_axis',(1.,0.,0.));
#3123=DIRECTION('',(1.,0.,0.));
#3124=DIRECTION('center_axis',(0.,0.,1.));
#3125=DIRECTION('ref_axis',(1.,0.,0.));
#3126=DIRECTION('center_axis',(0.,-1.,0.));
#3127=DIRECTION('ref_axis',(0.,0.,1.));
#3128=DIRECTION('',(1.,0.,0.));
#3129=DIRECTION('center_axis',(0.,-1.,0.));
#3130=DIRECTION('ref_axis',(0.,0.,-1.));
#3131=DIRECTION('center_axis',(0.,1.,0.));
#3132=DIRECTION('ref_axis',(0.,0.,-1.));
#3133=DIRECTION('center_axis',(0.,1.,0.));
#3134=DIRECTION('ref_axis',(0.,0.,-1.));
#3135=DIRECTION('',(0.,1.,0.));
#3136=DIRECTION('center_axis',(0.,1.,0.));
#3137=DIRECTION('ref_axis',(0.,0.,-1.));
#3138=DIRECTION('center_axis',(1.,0.,0.));
#3139=DIRECTION('ref_axis',(0.,1.,0.));
#3140=DIRECTION('',(0.,-0.891957726530874,-0.452118805273431));
#3141=DIRECTION('',(0.,1.,0.));
#3142=DIRECTION('',(0.,0.,-1.));
#3143=DIRECTION('',(0.,1.,0.));
#3144=DIRECTION('',(0.,0.,1.));
#3145=DIRECTION('',(0.,-1.,0.));
#3146=DIRECTION('center_axis',(-1.,0.,0.));
#3147=DIRECTION('ref_axis',(0.,-1.,0.));
#3148=DIRECTION('',(0.,1.,0.));
#3149=DIRECTION('',(0.,0.,1.));
#3150=DIRECTION('',(0.,-1.,0.));
#3151=DIRECTION('',(0.,0.,1.));
#3152=DIRECTION('center_axis',(0.,0.,1.));
#3153=DIRECTION('ref_axis',(1.,0.,0.));
#3154=DIRECTION('',(1.,0.,0.));
#3155=DIRECTION('',(1.,0.,0.));
#3156=DIRECTION('center_axis',(0.,-1.,0.));
#3157=DIRECTION('ref_axis',(1.,0.,0.));
#3158=DIRECTION('',(-1.,0.,0.));
#3159=DIRECTION('',(0.,0.,1.));
#3160=DIRECTION('center_axis',(0.,0.,-1.));
#3161=DIRECTION('ref_axis',(0.,1.,0.));
#3162=DIRECTION('',(0.,-1.,0.));
#3163=DIRECTION('',(1.,0.,0.));
#3164=DIRECTION('',(0.,1.,0.));
#3165=DIRECTION('',(1.,0.,0.));
#3166=DIRECTION('center_axis',(-1.,0.,0.));
#3167=DIRECTION('ref_axis',(0.,-1.,0.));
#3168=DIRECTION('',(0.,1.,0.));
#3169=DIRECTION('',(0.,0.,1.));
#3170=DIRECTION('center_axis',(-0.242535625036333,0.,-0.970142500145332));
#3171=DIRECTION('ref_axis',(-0.970142500145332,0.,0.242535625036333));
#3172=DIRECTION('',(-0.970142500145332,0.,0.242535625036333));
#3173=DIRECTION('',(0.,1.,0.));
#3174=DIRECTION('',(0.970142500145332,0.,-0.242535625036333));
#3175=DIRECTION('',(0.,1.,0.));
#3176=DIRECTION('',(-0.970142500145332,0.,0.242535625036333));
#3177=DIRECTION('',(0.,1.,0.));
#3178=DIRECTION('',(-0.784464540552736,-0.588348405414552,0.196116135138184));
#3179=DIRECTION('',(0.,1.,0.));
#3180=DIRECTION('',(0.970142500145332,0.,-0.242535625036333));
#3181=DIRECTION('',(0.,1.,0.));
#3182=DIRECTION('',(0.970142500145332,0.,-0.242535625036333));
#3183=DIRECTION('',(0.,1.,0.));
#3184=DIRECTION('',(-0.970142500145332,0.,0.242535625036333));
#3185=DIRECTION('center_axis',(0.,1.,0.));
#3186=DIRECTION('ref_axis',(0.,0.,1.));
#3187=DIRECTION('',(0.,0.,1.));
#3188=DIRECTION('',(1.,0.,0.));
#3189=DIRECTION('',(0.,0.,1.));
#3190=DIRECTION('',(1.,0.,0.));
#3191=DIRECTION('center_axis',(0.,-1.,0.));
#3192=DIRECTION('ref_axis',(0.,0.,-1.));
#3193=DIRECTION('',(0.,0.,-1.));
#3194=DIRECTION('',(-1.,0.,0.));
#3195=DIRECTION('',(0.,0.,-1.));
#3196=DIRECTION('',(-1.,0.,0.));
#3197=DIRECTION('',(0.,0.,-1.));
#3198=DIRECTION('',(-1.,0.,0.));
#3199=DIRECTION('',(0.,0.,1.));
#3200=DIRECTION('',(-1.,0.,0.));
#3201=DIRECTION('center_axis',(0.,0.452118805273431,-0.891957726530874));
#3202=DIRECTION('ref_axis',(0.,0.891957726530874,0.452118805273431));
#3203=DIRECTION('',(0.,0.891957726530874,0.452118805273431));
#3204=DIRECTION('',(0.,0.891957726530874,0.452118805273431));
#3205=DIRECTION('',(1.,0.,0.));
#3206=DIRECTION('center_axis',(1.,0.,0.));
#3207=DIRECTION('ref_axis',(0.,0.,-1.));
#3208=DIRECTION('',(0.,-1.,0.));
#3209=DIRECTION('center_axis',(0.,0.,-1.));
#3210=DIRECTION('ref_axis',(1.,0.,0.));
#3211=DIRECTION('center_axis',(0.,0.,-1.));
#3212=DIRECTION('ref_axis',(1.,0.,0.));
#3213=DIRECTION('center_axis',(0.,0.,1.));
#3214=DIRECTION('ref_axis',(0.,1.,0.));
#3215=DIRECTION('',(0.,-1.,0.));
#3216=DIRECTION('center_axis',(0.,0.,-1.));
#3217=DIRECTION('ref_axis',(1.,0.,0.));
#3218=DIRECTION('center_axis',(0.,0.,-1.));
#3219=DIRECTION('ref_axis',(1.,0.,0.));
#3220=DIRECTION('center_axis',(0.,0.,-1.));
#3221=DIRECTION('ref_axis',(1.,0.,0.));
#3222=DIRECTION('center_axis',(0.,0.,-1.));
#3223=DIRECTION('ref_axis',(1.,0.,0.));
#3224=DIRECTION('center_axis',(0.,0.,-1.));
#3225=DIRECTION('ref_axis',(1.,0.,0.));
#3226=DIRECTION('center_axis',(1.,0.,0.));
#3227=DIRECTION('ref_axis',(0.,0.,-1.));
#3228=DIRECTION('',(0.,1.,0.));
#3229=DIRECTION('',(0.,0.,1.));
#3230=DIRECTION('',(0.,-1.,0.));
#3231=DIRECTION('',(0.,0.,1.));
#3232=DIRECTION('',(0.,-0.907815314616403,0.419370187957991));
#3233=DIRECTION('',(0.,-1.,0.));
#3234=DIRECTION('',(0.,0.,1.));
#3235=DIRECTION('',(0.,-1.,0.));
#3236=DIRECTION('',(0.,0.,-1.));
#3237=DIRECTION('',(0.,-1.,0.));
#3238=DIRECTION('',(0.,0.,-1.));
#3239=DIRECTION('',(0.,-1.,0.));
#3240=DIRECTION('',(0.,0.,1.));
#3241=DIRECTION('',(0.,-1.,0.));
#3242=DIRECTION('',(0.,0.,1.));
#3243=DIRECTION('',(0.,-1.,0.));
#3244=DIRECTION('',(0.,0.,-1.));
#3245=DIRECTION('center_axis',(1.,0.,0.));
#3246=DIRECTION('ref_axis',(0.,0.,-1.));
#3247=DIRECTION('',(0.,-1.,0.));
#3248=DIRECTION('',(0.,0.,-1.));
#3249=DIRECTION('',(0.,1.,0.));
#3250=DIRECTION('center_axis',(0.,0.,-1.));
#3251=DIRECTION('ref_axis',(-1.,0.,0.));
#3252=DIRECTION('',(1.,0.,0.));
#3253=DIRECTION('center_axis',(-1.,0.,0.));
#3254=DIRECTION('ref_axis',(0.,-1.,0.));
#3255=DIRECTION('',(0.,0.,1.));
#3256=DIRECTION('',(0.,1.,0.));
#3257=DIRECTION('',(0.,0.948683298050514,-0.316227766016838));
#3258=DIRECTION('',(0.,0.,1.));
#3259=DIRECTION('',(0.,-1.,0.));
#3260=DIRECTION('',(0.,0.,1.));
#3261=DIRECTION('center_axis',(1.,0.,0.));
#3262=DIRECTION('ref_axis',(0.,1.,0.));
#3263=DIRECTION('',(0.,0.,1.));
#3264=DIRECTION('',(0.,1.,0.));
#3265=DIRECTION('',(0.,0.,1.));
#3266=DIRECTION('',(0.,0.948683298050514,-0.316227766016838));
#3267=DIRECTION('',(0.,1.,0.));
#3268=DIRECTION('center_axis',(0.,-1.,0.));
#3269=DIRECTION('ref_axis',(1.,0.,0.));
#3270=DIRECTION('',(-1.,0.,0.));
#3271=DIRECTION('',(0.,0.,-1.));
#3272=DIRECTION('',(1.,0.,0.));
#3273=DIRECTION('center_axis',(0.,1.,0.));
#3274=DIRECTION('ref_axis',(-1.,0.,0.));
#3275=DIRECTION('',(-1.,0.,0.));
#3276=DIRECTION('center_axis',(0.,0.,1.));
#3277=DIRECTION('ref_axis',(1.,0.,0.));
#3278=DIRECTION('center_axis',(1.,0.,0.));
#3279=DIRECTION('ref_axis',(0.,0.,-1.));
#3280=DIRECTION('',(0.,1.,0.));
#3281=DIRECTION('',(0.,0.,1.));
#3282=DIRECTION('',(0.,-1.,0.));
#3283=DIRECTION('',(0.,7.40148683083438E-17,-1.));
#3284=DIRECTION('',(0.,0.948683298050514,-0.316227766016838));
#3285=DIRECTION('center_axis',(0.,0.,-1.));
#3286=DIRECTION('ref_axis',(-1.,0.,0.));
#3287=DIRECTION('',(1.,0.,0.));
#3288=DIRECTION('center_axis',(0.,-0.316227766016838,-0.948683298050514));
#3289=DIRECTION('ref_axis',(0.,0.948683298050514,-0.316227766016838));
#3290=DIRECTION('',(1.,0.,0.));
#3291=DIRECTION('',(0.,0.948683298050514,-0.316227766016838));
#3292=DIRECTION('center_axis',(0.,-0.316227766016838,-0.948683298050514));
#3293=DIRECTION('ref_axis',(0.,0.948683298050514,-0.316227766016838));
#3294=DIRECTION('',(1.,0.,0.));
#3295=DIRECTION('',(0.,0.948683298050514,-0.316227766016838));
#3296=DIRECTION('',(1.,0.,0.));
#3297=DIRECTION('center_axis',(0.,0.,-1.));
#3298=DIRECTION('ref_axis',(0.,1.,0.));
#3299=DIRECTION('',(1.,0.,0.));
#3300=DIRECTION('',(0.,1.,0.));
#3301=DIRECTION('center_axis',(0.,0.,-1.));
#3302=DIRECTION('ref_axis',(0.,1.,0.));
#3303=DIRECTION('',(0.,1.,0.));
#3304=DIRECTION('',(1.,0.,0.));
#3305=DIRECTION('center_axis',(-1.,0.,0.));
#3306=DIRECTION('ref_axis',(0.,-1.,0.));
#3307=DIRECTION('',(0.,0.,1.));
#3308=DIRECTION('center_axis',(0.,1.,0.));
#3309=DIRECTION('ref_axis',(0.,0.,1.));
#3310=DIRECTION('center_axis',(0.,1.,0.));
#3311=DIRECTION('ref_axis',(0.,0.,1.));
#3312=DIRECTION('',(0.,0.,1.));
#3313=DIRECTION('',(1.,0.,0.));
#3314=DIRECTION('',(0.,0.,1.));
#3315=DIRECTION('',(1.,0.,0.));
#3316=DIRECTION('',(0.,0.,-1.));
#3317=DIRECTION('',(1.,0.,0.));
#3318=DIRECTION('center_axis',(0.,0.419370187957991,0.907815314616403));
#3319=DIRECTION('ref_axis',(0.,-0.907815314616403,0.419370187957991));
#3320=DIRECTION('center_axis',(0.,-0.419370187957991,-0.907815314616403));
#3321=DIRECTION('ref_axis',(0.,-0.907815314616403,0.419370187957991));
#3322=DIRECTION('',(0.,-0.907815314616403,0.419370187957991));
#3323=DIRECTION('',(1.,0.,0.));
#3324=DIRECTION('center_axis',(0.,-1.,-7.40148683083438E-17));
#3325=DIRECTION('ref_axis',(0.,7.40148683083438E-17,-1.));
#3326=DIRECTION('',(-1.,0.,0.));
#3327=DIRECTION('',(0.,7.40148683083438E-17,-1.));
#3328=DIRECTION('center_axis',(1.,0.,0.));
#3329=DIRECTION('ref_axis',(0.,0.,-1.));
#3330=DIRECTION('',(0.,-1.,0.));
#3331=DIRECTION('center_axis',(0.,0.,-1.));
#3332=DIRECTION('ref_axis',(1.,0.,0.));
#3333=DIRECTION('center_axis',(0.,0.,-1.));
#3334=DIRECTION('ref_axis',(1.,0.,0.));
#3335=DIRECTION('center_axis',(0.,0.,-1.));
#3336=DIRECTION('ref_axis',(1.,0.,0.));
#3337=DIRECTION('center_axis',(0.,-1.,0.));
#3338=DIRECTION('ref_axis',(1.,0.,0.));
#3339=DIRECTION('',(-1.,0.,0.));
#3340=DIRECTION('',(0.,0.,-1.));
#3341=DIRECTION('center_axis',(-1.,0.,0.));
#3342=DIRECTION('ref_axis',(0.,0.,1.));
#3343=DIRECTION('',(0.,1.,0.));
#3344=DIRECTION('',(0.,0.,1.));
#3345=DIRECTION('center_axis',(0.,1.,0.));
#3346=DIRECTION('ref_axis',(0.,0.,1.));
#3347=DIRECTION('',(-1.,0.,0.));
#3348=DIRECTION('',(1.,0.,0.));
#3349=DIRECTION('center_axis',(0.,0.,-1.));
#3350=DIRECTION('ref_axis',(-1.,0.,0.));
#3351=DIRECTION('center_axis',(0.,0.,-1.));
#3352=DIRECTION('ref_axis',(1.,0.,0.));
#3353=DIRECTION('center_axis',(0.,0.,-1.));
#3354=DIRECTION('ref_axis',(1.,0.,0.));
#3355=DIRECTION('center_axis',(0.,0.,-1.));
#3356=DIRECTION('ref_axis',(1.,0.,0.));
#3357=DIRECTION('center_axis',(0.,0.,-1.));
#3358=DIRECTION('ref_axis',(1.,0.,0.));
#3359=DIRECTION('',(0.,0.,-1.));
#3360=DIRECTION('center_axis',(0.,0.,-1.));
#3361=DIRECTION('ref_axis',(1.,0.,0.));
#3362=DIRECTION('',(0.,0.,-1.));
#3363=DIRECTION('center_axis',(0.,0.,1.));
#3364=DIRECTION('ref_axis',(1.,0.,0.));
#3365=DIRECTION('',(0.,0.,1.));
#3366=DIRECTION('center_axis',(0.,0.,-1.));
#3367=DIRECTION('ref_axis',(1.,0.,0.));
#3368=DIRECTION('',(0.,0.,1.));
#3369=DIRECTION('center_axis',(0.,0.,-1.));
#3370=DIRECTION('ref_axis',(1.,0.,0.));
#3371=DIRECTION('center_axis',(0.,0.,1.));
#3372=DIRECTION('ref_axis',(0.,1.,0.));
#3373=DIRECTION('center_axis',(0.,0.,-1.));
#3374=DIRECTION('ref_axis',(1.,0.,0.));
#3375=DIRECTION('center_axis',(0.,0.,-1.));
#3376=DIRECTION('ref_axis',(1.,0.,0.));
#3377=DIRECTION('center_axis',(0.,0.,1.));
#3378=DIRECTION('ref_axis',(0.,1.,0.));
#3379=DIRECTION('',(0.,-1.,0.));
#3380=DIRECTION('',(1.,0.,0.));
#3381=DIRECTION('',(0.,1.,0.));
#3382=DIRECTION('',(-1.,0.,0.));
#3383=DIRECTION('center_axis',(0.,0.,-1.));
#3384=DIRECTION('ref_axis',(1.,0.,0.));
#3385=DIRECTION('center_axis',(0.,0.,-1.));
#3386=DIRECTION('ref_axis',(1.,0.,0.));
#3387=DIRECTION('center_axis',(0.,0.,-1.));
#3388=DIRECTION('ref_axis',(1.,0.,0.));
#3389=DIRECTION('center_axis',(0.,0.,-1.));
#3390=DIRECTION('ref_axis',(1.,0.,0.));
#3391=DIRECTION('center_axis',(0.,0.,-1.));
#3392=DIRECTION('ref_axis',(1.,0.,0.));
#3393=DIRECTION('center_axis',(0.,0.,-1.));
#3394=DIRECTION('ref_axis',(1.,0.,0.));
#3395=DIRECTION('center_axis',(0.,0.,-1.));
#3396=DIRECTION('ref_axis',(1.,0.,0.));
#3397=DIRECTION('center_axis',(0.,0.,-1.));
#3398=DIRECTION('ref_axis',(1.,0.,0.));
#3399=DIRECTION('center_axis',(0.,0.,-1.));
#3400=DIRECTION('ref_axis',(1.,0.,0.));
#3401=DIRECTION('center_axis',(0.,0.,-1.));
#3402=DIRECTION('ref_axis',(1.,0.,0.));
#3403=DIRECTION('center_axis',(0.,0.,-1.));
#3404=DIRECTION('ref_axis',(1.,0.,0.));
#3405=DIRECTION('center_axis',(0.,0.,-1.));
#3406=DIRECTION('ref_axis',(1.,0.,0.));
#3407=DIRECTION('center_axis',(0.,0.,-1.));
#3408=DIRECTION('ref_axis',(1.,0.,0.));
#3409=DIRECTION('center_axis',(0.,0.,-1.));
#3410=DIRECTION('ref_axis',(1.,0.,0.));
#3411=DIRECTION('center_axis',(-1.,0.,0.));
#3412=DIRECTION('ref_axis',(0.,1.,0.));
#3413=DIRECTION('center_axis',(-1.,0.,0.));
#3414=DIRECTION('ref_axis',(0.,1.,0.));
#3415=DIRECTION('',(-1.,0.,0.));
#3416=DIRECTION('center_axis',(1.,4.38256058456118E-31,7.40148683083438E-16));
#3417=DIRECTION('ref_axis',(0.,1.,0.));
#3418=DIRECTION('center_axis',(0.,0.,1.));
#3419=DIRECTION('ref_axis',(1.,0.,0.));
#3420=DIRECTION('',(0.,0.,-1.));
#3421=DIRECTION('center_axis',(0.,0.,1.));
#3422=DIRECTION('ref_axis',(1.,0.,0.));
#3423=DIRECTION('',(0.,0.,1.));
#3424=DIRECTION('center_axis',(0.,0.,-1.));
#3425=DIRECTION('ref_axis',(1.,0.,0.));
#3426=DIRECTION('center_axis',(0.,0.,-1.));
#3427=DIRECTION('ref_axis',(1.,0.,0.));
#3428=DIRECTION('',(0.,0.,1.));
#3429=DIRECTION('center_axis',(0.,0.,-1.));
#3430=DIRECTION('ref_axis',(1.,0.,0.));
#3431=DIRECTION('',(0.,0.,1.));
#3432=DIRECTION('center_axis',(0.,0.,-1.));
#3433=DIRECTION('ref_axis',(1.,0.,0.));
#3434=DIRECTION('center_axis',(0.,0.,-1.));
#3435=DIRECTION('ref_axis',(1.,0.,0.));
#3436=DIRECTION('',(0.,0.,-1.));
#3437=DIRECTION('center_axis',(0.,0.,-1.));
#3438=DIRECTION('ref_axis',(1.,0.,0.));
#3439=DIRECTION('',(0.,0.,-1.));
#3440=DIRECTION('center_axis',(0.,1.,0.));
#3441=DIRECTION('ref_axis',(0.,0.,1.));
#3442=DIRECTION('',(0.,0.,1.));
#3443=DIRECTION('',(-1.,0.,0.));
#3444=DIRECTION('',(0.,0.,-1.));
#3445=DIRECTION('',(1.,0.,0.));
#3446=DIRECTION('center_axis',(-1.,0.,0.));
#3447=DIRECTION('ref_axis',(0.,0.,1.));
#3448=DIRECTION('',(0.,0.,1.));
#3449=DIRECTION('',(0.,-1.,0.));
#3450=DIRECTION('',(0.,0.,-1.));
#3451=DIRECTION('',(0.,1.,0.));
#3452=DIRECTION('center_axis',(-1.,0.,0.));
#3453=DIRECTION('ref_axis',(0.,0.,1.));
#3454=DIRECTION('',(0.,0.,1.));
#3455=DIRECTION('',(0.,-1.,0.));
#3456=DIRECTION('',(0.,1.,0.));
#3457=DIRECTION('center_axis',(0.,0.,-1.));
#3458=DIRECTION('ref_axis',(0.,1.,0.));
#3459=DIRECTION('center_axis',(0.,0.,1.));
#3460=DIRECTION('ref_axis',(1.,0.,0.));
#3461=DIRECTION('',(1.,0.,0.));
#3462=DIRECTION('',(1.,0.,0.));
#3463=DIRECTION('center_axis',(0.,0.,1.));
#3464=DIRECTION('ref_axis',(1.,0.,0.));
#3465=DIRECTION('',(-1.,0.,0.));
#3466=DIRECTION('center_axis',(0.,0.,-1.));
#3467=DIRECTION('ref_axis',(0.,1.,0.));
#3468=DIRECTION('center_axis',(0.,0.,1.));
#3469=DIRECTION('ref_axis',(1.,0.,0.));
#3470=DIRECTION('',(-1.,0.,0.));
#3471=DIRECTION('center_axis',(0.,0.,1.));
#3472=DIRECTION('ref_axis',(1.,0.,0.));
#3473=DIRECTION('',(1.,0.,0.));
#3474=DIRECTION('center_axis',(0.,0.,1.));
#3475=DIRECTION('ref_axis',(1.,0.,0.));
#3476=DIRECTION('center_axis',(0.,0.,-1.));
#3477=DIRECTION('ref_axis',(0.,1.,0.));
#3478=DIRECTION('center_axis',(0.,0.,1.));
#3479=DIRECTION('ref_axis',(1.,0.,0.));
#3480=DIRECTION('',(0.,-1.,0.));
#3481=DIRECTION('center_axis',(0.,0.,-1.));
#3482=DIRECTION('ref_axis',(1.,0.,0.));
#3483=DIRECTION('center_axis',(0.,0.,1.));
#3484=DIRECTION('ref_axis',(1.,0.,0.));
#3485=DIRECTION('',(-4.38256058456118E-31,1.,0.));
#3486=DIRECTION('center_axis',(0.,0.,1.));
#3487=DIRECTION('ref_axis',(1.,0.,0.));
#3488=DIRECTION('center_axis',(0.,0.,-1.));
#3489=DIRECTION('ref_axis',(1.,0.,0.));
#3490=DIRECTION('center_axis',(0.,0.,1.));
#3491=DIRECTION('ref_axis',(1.,0.,0.));
#3492=DIRECTION('center_axis',(1.,0.,0.));
#3493=DIRECTION('ref_axis',(0.,0.,-1.));
#3494=DIRECTION('',(0.,0.,-1.));
#3495=DIRECTION('',(0.,-1.,0.));
#3496=DIRECTION('',(0.,0.,1.));
#3497=DIRECTION('',(0.,1.,0.));
#3498=DIRECTION('center_axis',(1.,0.,0.));
#3499=DIRECTION('ref_axis',(0.,0.,-1.));
#3500=DIRECTION('',(0.,-1.,0.));
#3501=DIRECTION('',(0.,0.,1.));
#3502=DIRECTION('',(0.,1.,0.));
#3503=DIRECTION('center_axis',(1.,0.,0.));
#3504=DIRECTION('ref_axis',(0.,0.,-1.));
#3505=DIRECTION('',(0.,1.,0.));
#3506=DIRECTION('',(0.,0.,-1.));
#3507=DIRECTION('',(0.,-1.,0.));
#3508=DIRECTION('center_axis',(0.,0.,-1.));
#3509=DIRECTION('ref_axis',(0.,1.,0.));
#3510=DIRECTION('center_axis',(0.,0.,-1.));
#3511=DIRECTION('ref_axis',(1.,0.,0.));
#3512=DIRECTION('center_axis',(0.,0.,1.));
#3513=DIRECTION('ref_axis',(1.,0.,0.));
#3514=DIRECTION('',(1.,0.,0.));
#3515=DIRECTION('',(0.,-1.,0.));
#3516=DIRECTION('',(-1.,0.,0.));
#3517=DIRECTION('center_axis',(0.,0.,1.));
#3518=DIRECTION('ref_axis',(1.,0.,0.));
#3519=DIRECTION('center_axis',(0.,0.,-1.));
#3520=DIRECTION('ref_axis',(1.,0.,0.));
#3521=DIRECTION('center_axis',(0.,0.,1.));
#3522=DIRECTION('ref_axis',(1.,0.,0.));
#3523=DIRECTION('center_axis',(0.,1.,0.));
#3524=DIRECTION('ref_axis',(0.,0.,1.));
#3525=DIRECTION('',(0.,0.,-1.));
#3526=DIRECTION('',(1.,0.,0.));
#3527=DIRECTION('',(0.,0.,1.));
#3528=DIRECTION('center_axis',(-1.,0.,0.));
#3529=DIRECTION('ref_axis',(0.,0.,1.));
#3530=DIRECTION('',(0.,0.,-1.));
#3531=DIRECTION('',(0.,1.,0.));
#3532=DIRECTION('center_axis',(0.,-1.,0.));
#3533=DIRECTION('ref_axis',(0.,0.,-1.));
#3534=DIRECTION('',(0.,0.,-1.));
#3535=DIRECTION('',(-1.,0.,0.));
#3536=DIRECTION('',(0.,0.,1.));
#3537=DIRECTION('center_axis',(0.,0.,-1.));
#3538=DIRECTION('ref_axis',(1.,0.,0.));
#3539=DIRECTION('',(0.,0.,-1.));
#3540=DIRECTION('center_axis',(0.,0.,-1.));
#3541=DIRECTION('ref_axis',(1.,0.,0.));
#3542=DIRECTION('center_axis',(0.,0.,-1.));
#3543=DIRECTION('ref_axis',(1.,0.,0.));
#3544=DIRECTION('',(0.,0.,1.));
#3545=DIRECTION('',(0.,0.,-1.));
#3546=DIRECTION('center_axis',(0.,0.,-1.));
#3547=DIRECTION('ref_axis',(1.,0.,0.));
#3548=DIRECTION('center_axis',(0.,0.,-1.));
#3549=DIRECTION('ref_axis',(1.,0.,0.));
#3550=DIRECTION('center_axis',(0.,0.,-1.));
#3551=DIRECTION('ref_axis',(1.,0.,0.));
#3552=DIRECTION('',(0.,0.,-1.));
#3553=DIRECTION('center_axis',(0.,0.,-1.));
#3554=DIRECTION('ref_axis',(1.,0.,0.));
#3555=DIRECTION('',(0.,0.,1.));
#3556=DIRECTION('',(0.,0.,-1.));
#3557=DIRECTION('center_axis',(0.,0.,-1.));
#3558=DIRECTION('ref_axis',(1.,0.,0.));
#3559=DIRECTION('center_axis',(0.,0.,-1.));
#3560=DIRECTION('ref_axis',(0.0540872203093425,0.998536214966292,0.));
#3561=DIRECTION('',(0.,0.,1.));
#3562=DIRECTION('',(0.,0.,-1.));
#3563=DIRECTION('center_axis',(0.,0.,-1.));
#3564=DIRECTION('ref_axis',(1.,0.,0.));
#3565=DIRECTION('',(0.,0.,1.));
#3566=DIRECTION('center_axis',(0.,0.,-1.));
#3567=DIRECTION('ref_axis',(1.,0.,0.));
#3568=DIRECTION('',(0.,0.,-1.));
#3569=DIRECTION('center_axis',(0.,0.,-1.));
#3570=DIRECTION('ref_axis',(6.12323399573677E-17,1.,0.));
#3571=DIRECTION('center_axis',(0.,0.,-1.));
#3572=DIRECTION('ref_axis',(1.,0.,0.));
#3573=DIRECTION('',(0.,0.,1.));
#3574=DIRECTION('',(0.,0.,-1.));
#3575=DIRECTION('',(0.,0.,1.));
#3576=DIRECTION('center_axis',(0.,0.,-1.));
#3577=DIRECTION('ref_axis',(1.,0.,0.));
#3578=DIRECTION('',(0.,0.,-1.));
#3579=DIRECTION('center_axis',(1.,4.38256058456118E-31,7.40148683083438E-16));
#3580=DIRECTION('ref_axis',(0.,1.,-5.9211894646675E-16));
#3581=DIRECTION('',(4.38256058456118E-31,-1.,0.));
#3582=DIRECTION('',(-7.40148683083438E-16,0.,1.));
#3583=DIRECTION('',(0.,1.,-5.9211894646675E-16));
#3584=DIRECTION('',(-7.40148683083438E-16,0.,1.));
#3585=DIRECTION('center_axis',(0.,0.,-1.));
#3586=DIRECTION('ref_axis',(-1.83697019872103E-16,-1.,0.));
#3587=DIRECTION('',(0.,0.,1.));
#3588=DIRECTION('',(0.,0.,-1.));
#3589=DIRECTION('center_axis',(0.,0.,-1.));
#3590=DIRECTION('ref_axis',(1.,0.,0.));
#3591=DIRECTION('',(0.,0.,1.));
#3592=DIRECTION('center_axis',(0.,0.,-1.));
#3593=DIRECTION('ref_axis',(1.,0.,0.));
#3594=DIRECTION('',(0.,0.,-1.));
#3595=DIRECTION('center_axis',(0.,1.,0.));
#3596=DIRECTION('ref_axis',(-1.,0.,0.));
#3597=DIRECTION('',(1.,0.,0.));
#3598=DIRECTION('',(-1.,0.,0.));
#3599=DIRECTION('',(-7.40148683083438E-16,0.,1.));
#3600=DIRECTION('center_axis',(0.,1.,0.));
#3601=DIRECTION('ref_axis',(-1.,0.,0.));
#3602=DIRECTION('',(-1.,0.,0.));
#3603=DIRECTION('',(-7.40148683083438E-16,0.,1.));
#3604=DIRECTION('',(-7.40148683083438E-16,0.,1.));
#3605=DIRECTION('',(-1.,0.,0.));
#3606=DIRECTION('center_axis',(0.,0.,1.));
#3607=DIRECTION('ref_axis',(1.,0.,0.));
#3608=DIRECTION('center_axis',(0.,0.,-1.));
#3609=DIRECTION('ref_axis',(1.,0.,0.));
#3610=DIRECTION('center_axis',(0.,0.,1.));
#3611=DIRECTION('ref_axis',(1.,0.,0.));
#3612=DIRECTION('center_axis',(0.,0.,1.));
#3613=DIRECTION('ref_axis',(1.,0.,0.));
#3614=DIRECTION('center_axis',(0.,0.,1.));
#3615=DIRECTION('ref_axis',(1.,0.,0.));
#3616=DIRECTION('',(0.,0.,1.));
#3617=DIRECTION('center_axis',(0.,0.,1.));
#3618=DIRECTION('ref_axis',(1.,0.,0.));
#3619=DIRECTION('',(0.,0.,-1.));
#3620=DIRECTION('center_axis',(0.,0.,1.));
#3621=DIRECTION('ref_axis',(1.,0.,0.));
#3622=DIRECTION('center_axis',(0.,0.,1.));
#3623=DIRECTION('ref_axis',(1.,0.,0.));
#3624=DIRECTION('center_axis',(0.,0.,1.));
#3625=DIRECTION('ref_axis',(1.,0.,0.));
#3626=DIRECTION('',(0.,0.,1.));
#3627=DIRECTION('center_axis',(0.,0.,1.));
#3628=DIRECTION('ref_axis',(1.,0.,0.));
#3629=DIRECTION('',(0.,0.,-1.));
#3630=DIRECTION('center_axis',(0.,0.,1.));
#3631=DIRECTION('ref_axis',(1.,0.,0.));
#3632=DIRECTION('',(0.,0.,1.));
#3633=DIRECTION('center_axis',(0.,0.,1.));
#3634=DIRECTION('ref_axis',(1.,0.,0.));
#3635=DIRECTION('',(0.,0.,-1.));
#3636=DIRECTION('center_axis',(0.,0.,1.));
#3637=DIRECTION('ref_axis',(1.,0.,0.));
#3638=DIRECTION('center_axis',(-1.,0.,-7.40148683083438E-16));
#3639=DIRECTION('ref_axis',(0.,-1.,0.));
#3640=DIRECTION('',(0.,1.,0.));
#3641=DIRECTION('',(0.,-1.,0.));
#3642=DIRECTION('',(-7.40148683083438E-16,0.,1.));
#3643=DIRECTION('center_axis',(-1.,0.,-7.40148683083438E-16));
#3644=DIRECTION('ref_axis',(0.,-1.,0.));
#3645=DIRECTION('',(-7.40148683083438E-16,0.,1.));
#3646=DIRECTION('center_axis',(0.,-1.,0.));
#3647=DIRECTION('ref_axis',(1.,0.,5.9211894646675E-16));
#3648=DIRECTION('',(-1.,0.,0.));
#3649=DIRECTION('',(1.,0.,5.9211894646675E-16));
#3650=DIRECTION('center_axis',(0.,-1.,0.));
#3651=DIRECTION('ref_axis',(1.,0.,5.9211894646675E-16));
#3652=DIRECTION('',(1.,0.,0.));
#3653=DIRECTION('',(0.,0.,-1.));
#3654=DIRECTION('',(1.,0.,0.));
#3655=DIRECTION('',(-7.40148683083438E-16,0.,1.));
#3656=DIRECTION('center_axis',(0.,0.,-1.));
#3657=DIRECTION('ref_axis',(1.,0.,0.));
#3658=DIRECTION('center_axis',(0.,0.,-1.));
#3659=DIRECTION('ref_axis',(1.,0.,0.));
#3660=DIRECTION('center_axis',(0.,0.,-1.));
#3661=DIRECTION('ref_axis',(1.,0.,0.));
#3662=DIRECTION('center_axis',(0.,0.,-1.));
#3663=DIRECTION('ref_axis',(1.,0.,0.));
#3664=DIRECTION('center_axis',(0.,0.,-1.));
#3665=DIRECTION('ref_axis',(1.,0.,0.));
#3666=DIRECTION('center_axis',(0.,0.,-1.));
#3667=DIRECTION('ref_axis',(1.,0.,0.));
#3668=DIRECTION('center_axis',(0.,0.,-1.));
#3669=DIRECTION('ref_axis',(6.12323399573677E-17,-1.,0.));
#3670=DIRECTION('center_axis',(0.,0.,-1.));
#3671=DIRECTION('ref_axis',(1.,0.,0.));
#3672=DIRECTION('center_axis',(0.,0.,-1.));
#3673=DIRECTION('ref_axis',(1.,0.,0.));
#3674=DIRECTION('',(-4.38256058456118E-31,1.,0.));
#3675=DIRECTION('center_axis',(0.,0.,-1.));
#3676=DIRECTION('ref_axis',(0.17695189316207,-0.984219501689719,0.));
#3677=DIRECTION('',(0.,0.,1.));
#3678=DIRECTION('center_axis',(0.,0.,-1.));
#3679=DIRECTION('ref_axis',(1.,0.,0.));
#3680=DIRECTION('center_axis',(0.,0.,-1.));
#3681=DIRECTION('ref_axis',(1.,0.,0.));
#3682=DIRECTION('center_axis',(0.,0.,-1.));
#3683=DIRECTION('ref_axis',(1.,0.,0.));
#3684=DIRECTION('center_axis',(0.,0.,-1.));
#3685=DIRECTION('ref_axis',(1.,0.,0.));
#3686=DIRECTION('center_axis',(0.,0.,-1.));
#3687=DIRECTION('ref_axis',(1.,0.,0.));
#3688=DIRECTION('',(-4.38256058456118E-31,1.,0.));
#3689=DIRECTION('center_axis',(0.,0.,-1.));
#3690=DIRECTION('ref_axis',(1.,0.,0.));
#3691=DIRECTION('center_axis',(0.,0.,-1.));
#3692=DIRECTION('ref_axis',(1.,0.,0.));
#3693=DIRECTION('center_axis',(1.,4.38256058456118E-31,7.40148683083438E-16));
#3694=DIRECTION('ref_axis',(0.,1.,-5.9211894646675E-16));
#3695=DIRECTION('center_axis',(-7.40148683083438E-16,0.,1.));
#3696=DIRECTION('ref_axis',(1.,0.,7.40148683083438E-16));
#3697=DIRECTION('center_axis',(0.,0.,1.));
#3698=DIRECTION('ref_axis',(1.,0.,0.));
#3699=DIRECTION('center_axis',(0.,0.,1.));
#3700=DIRECTION('ref_axis',(0.,1.,0.));
#3701=DIRECTION('center_axis',(1.,0.,0.));
#3702=DIRECTION('ref_axis',(0.,0.,-1.));
#3703=DIRECTION('',(0.,0.,-1.));
#3704=DIRECTION('',(0.,0.,-1.));
#3705=DIRECTION('center_axis',(0.,1.,0.));
#3706=DIRECTION('ref_axis',(0.,0.,-1.));
#3707=DIRECTION('',(0.,0.,-1.));
#3708=DIRECTION('center_axis',(-1.,0.,0.));
#3709=DIRECTION('ref_axis',(0.,0.,1.));
#3710=DIRECTION('',(0.,0.,-1.));
#3711=DIRECTION('center_axis',(0.,-1.,0.));
#3712=DIRECTION('ref_axis',(0.,0.,1.));
#3713=DIRECTION('center_axis',(0.,-1.,2.22044604925031E-16));
#3714=DIRECTION('ref_axis',(0.,-2.22044604925031E-16,-1.));
#3715=DIRECTION('center_axis',(0.,-1.,2.22044604925031E-16));
#3716=DIRECTION('ref_axis',(0.,-2.22044604925031E-16,-1.));
#3717=DIRECTION('',(0.,1.,-2.22044604925031E-16));
#3718=DIRECTION('center_axis',(0.,1.,-2.22044604925031E-16));
#3719=DIRECTION('ref_axis',(0.,-2.22044604925031E-16,-1.));
#3720=DIRECTION('',(0.,1.,-2.22044604925031E-16));
#3721=DIRECTION('center_axis',(0.,1.,0.));
#3722=DIRECTION('ref_axis',(0.,-2.22044604925031E-16,-1.));
#3723=DIRECTION('',(0.,-1.,2.22044604925031E-16));
#3724=DIRECTION('center_axis',(0.,1.,-2.22044604925031E-16));
#3725=DIRECTION('ref_axis',(0.,-2.22044604925031E-16,-1.));
#3726=DIRECTION('',(0.,1.,-2.22044604925031E-16));
#3727=DIRECTION('center_axis',(0.,1.,0.));
#3728=DIRECTION('ref_axis',(0.,-2.22044604925031E-16,-1.));
#3729=DIRECTION('',(0.,-1.,2.22044604925031E-16));
#3730=DIRECTION('center_axis',(0.,1.,-2.22044604925031E-16));
#3731=DIRECTION('ref_axis',(0.,-2.22044604925031E-16,-1.));
#3732=DIRECTION('center_axis',(0.,-1.,2.22044604925031E-16));
#3733=DIRECTION('ref_axis',(0.,-2.22044604925031E-16,-1.));
#3734=DIRECTION('center_axis',(0.,1.,0.));
#3735=DIRECTION('ref_axis',(0.,0.,1.));
#3736=DIRECTION('',(1.,0.,0.));
#3737=DIRECTION('',(0.,0.,-1.));
#3738=DIRECTION('',(-1.,0.,0.));
#3739=DIRECTION('center_axis',(0.,1.,0.));
#3740=DIRECTION('ref_axis',(0.,0.,1.));
#3741=DIRECTION('',(-1.,0.,0.));
#3742=DIRECTION('',(0.,0.,-1.));
#3743=DIRECTION('center_axis',(0.,0.,1.));
#3744=DIRECTION('ref_axis',(0.,-1.,0.));
#3745=DIRECTION('',(-1.,0.,0.));
#3746=DIRECTION('',(0.,-1.,0.));
#3747=DIRECTION('center_axis',(0.,0.,1.));
#3748=DIRECTION('ref_axis',(0.,-1.,0.));
#3749=DIRECTION('',(0.,1.,0.));
#3750=DIRECTION('',(1.,0.,0.));
#3751=DIRECTION('center_axis',(0.,0.,1.));
#3752=DIRECTION('ref_axis',(0.,-1.,0.));
#3753=DIRECTION('',(1.,0.,0.));
#3754=DIRECTION('',(0.,-1.,0.));
#3755=DIRECTION('center_axis',(1.,0.,0.));
#3756=DIRECTION('ref_axis',(0.,0.,1.));
#3757=DIRECTION('',(0.,0.,-1.));
#3758=DIRECTION('center_axis',(0.,-1.,0.));
#3759=DIRECTION('ref_axis',(0.,0.,-1.));
#3760=DIRECTION('',(0.,0.,-1.));
#3761=DIRECTION('center_axis',(-1.,0.,0.));
#3762=DIRECTION('ref_axis',(0.,0.,-1.));
#3763=DIRECTION('center_axis',(0.,-1.,2.22044604925031E-16));
#3764=DIRECTION('ref_axis',(0.,-2.22044604925031E-16,-1.));
#3765=DIRECTION('center_axis',(0.,-1.,2.22044604925031E-16));
#3766=DIRECTION('ref_axis',(0.,-2.22044604925031E-16,-1.));
#3767=DIRECTION('',(0.,1.,-2.22044604925031E-16));
#3768=DIRECTION('center_axis',(0.,1.,-2.22044604925031E-16));
#3769=DIRECTION('ref_axis',(0.,-2.22044604925031E-16,-1.));
#3770=DIRECTION('',(0.,1.,-2.22044604925031E-16));
#3771=DIRECTION('center_axis',(0.,1.,0.));
#3772=DIRECTION('ref_axis',(0.,-2.22044604925031E-16,-1.));
#3773=DIRECTION('',(0.,-1.,2.22044604925031E-16));
#3774=DIRECTION('center_axis',(0.,1.,-2.22044604925031E-16));
#3775=DIRECTION('ref_axis',(0.,-2.22044604925031E-16,-1.));
#3776=DIRECTION('',(0.,1.,-2.22044604925031E-16));
#3777=DIRECTION('center_axis',(0.,1.,0.));
#3778=DIRECTION('ref_axis',(0.,-2.22044604925031E-16,-1.));
#3779=DIRECTION('',(0.,-1.,2.22044604925031E-16));
#3780=DIRECTION('center_axis',(0.,1.,-2.22044604925031E-16));
#3781=DIRECTION('ref_axis',(0.,-2.22044604925031E-16,-1.));
#3782=DIRECTION('center_axis',(0.,-1.,2.22044604925031E-16));
#3783=DIRECTION('ref_axis',(0.,-2.22044604925031E-16,-1.));
#3784=DIRECTION('center_axis',(0.,1.,0.));
#3785=DIRECTION('ref_axis',(0.,0.,1.));
#3786=DIRECTION('',(1.,0.,0.));
#3787=DIRECTION('',(0.,0.,-1.));
#3788=DIRECTION('',(-1.,0.,0.));
#3789=DIRECTION('center_axis',(0.,1.,0.));
#3790=DIRECTION('ref_axis',(0.,0.,1.));
#3791=DIRECTION('',(-1.,0.,0.));
#3792=DIRECTION('',(0.,0.,-1.));
#3793=DIRECTION('center_axis',(0.,0.,1.));
#3794=DIRECTION('ref_axis',(0.,-1.,0.));
#3795=DIRECTION('',(-1.,0.,0.));
#3796=DIRECTION('',(0.,-1.,0.));
#3797=DIRECTION('center_axis',(0.,0.,1.));
#3798=DIRECTION('ref_axis',(0.,-1.,0.));
#3799=DIRECTION('',(0.,1.,0.));
#3800=DIRECTION('',(1.,0.,0.));
#3801=DIRECTION('center_axis',(0.,0.,1.));
#3802=DIRECTION('ref_axis',(0.,-1.,0.));
#3803=DIRECTION('',(1.,0.,0.));
#3804=DIRECTION('',(0.,-1.,0.));
#3805=DIRECTION('center_axis',(1.,0.,0.));
#3806=DIRECTION('ref_axis',(0.,0.,1.));
#3807=DIRECTION('',(0.,0.,-1.));
#3808=DIRECTION('center_axis',(0.,-1.,0.));
#3809=DIRECTION('ref_axis',(0.,0.,-1.));
#3810=DIRECTION('',(0.,0.,-1.));
#3811=DIRECTION('center_axis',(-1.,0.,0.));
#3812=DIRECTION('ref_axis',(0.,0.,-1.));
#3813=CARTESIAN_POINT('',(0.,0.,0.));
#3814=CARTESIAN_POINT('Origin',(161.703197572023,-0.261424618689792,-2.47333029919049));
#3815=CARTESIAN_POINT('',(157.094815447028,-0.261424618689787,-5.91763871788147));
#3816=CARTESIAN_POINT('',(166.311579697018,-0.261424618689787,-5.91763871788147));
#3817=CARTESIAN_POINT('',(105.886675500684,-0.261424618689787,-5.91763871788147));
#3818=CARTESIAN_POINT('Origin',(161.703197572023,-0.261424618689792,-2.47333029919049));
#3819=CARTESIAN_POINT('Origin',(161.703197572023,271.73857538131,-2.47333029919049));
#3820=CARTESIAN_POINT('',(166.311579697018,271.73857538131,-5.91763871788147));
#3821=CARTESIAN_POINT('',(157.094815447028,271.73857538131,-5.91763871788147));
#3822=CARTESIAN_POINT('',(105.886675500684,271.73857538131,-5.91763871788147));
#3823=CARTESIAN_POINT('Origin',(161.703197572023,271.73857538131,-2.47333029919049));
#3824=CARTESIAN_POINT('Origin',(161.703197572023,-0.261424618689792,-2.47333029919049));
#3825=CARTESIAN_POINT('',(166.311579697018,230.,-5.91763871788147));
#3826=CARTESIAN_POINT('',(157.094815447028,230.,-5.91763871788147));
#3827=CARTESIAN_POINT('Origin',(161.703197572023,230.,-2.47333029919049));
#3828=CARTESIAN_POINT('',(166.311579697018,40.,-5.91763871788147));
#3829=CARTESIAN_POINT('',(166.311579697018,-0.261424618689787,-5.91763871788147));
#3830=CARTESIAN_POINT('',(157.094815447028,40.,-5.91763871788147));
#3831=CARTESIAN_POINT('Origin',(161.703197572023,40.,-2.47333029919049));
#3832=CARTESIAN_POINT('',(157.094815447028,-0.261424618689787,-5.91763871788147));
#3833=CARTESIAN_POINT('Origin',(161.703197572023,-0.261424618689792,-2.47333029919049));
#3834=CARTESIAN_POINT('',(166.311579697018,270.,-5.91763871788147));
#3835=CARTESIAN_POINT('',(166.311579697018,-0.261424618689787,-5.91763871788147));
#3836=CARTESIAN_POINT('',(157.094815447028,270.,-5.91763871788147));
#3837=CARTESIAN_POINT('Origin',(161.703197572023,270.,-2.47333029919049));
#3838=CARTESIAN_POINT('',(157.094815447028,-0.261424618689787,-5.91763871788147));
#3839=CARTESIAN_POINT('Origin',(161.703197572023,-0.261424618689792,-2.47333029919049));
#3840=CARTESIAN_POINT('',(157.094815447028,0.,-5.91763871788147));
#3841=CARTESIAN_POINT('',(157.094815447028,-0.261424618689787,-5.91763871788147));
#3842=CARTESIAN_POINT('',(166.311579697018,0.,-5.91763871788147));
#3843=CARTESIAN_POINT('Origin',(161.703197572023,0.,-2.47333029919049));
#3844=CARTESIAN_POINT('',(166.311579697018,-0.261424618689787,-5.91763871788147));
#3845=CARTESIAN_POINT('Origin',(50.0701534293452,133.629008228844,-5.91763871788147));
#3846=CARTESIAN_POINT('',(-87.4298465706548,283.629008228844,-5.91763871788147));
#3847=CARTESIAN_POINT('',(187.570153429345,283.629008228844,-5.91763871788147));
#3848=CARTESIAN_POINT('',(50.0701534293452,283.629008228844,-5.91763871788147));
#3849=CARTESIAN_POINT('',(187.570153429345,-16.3709917711563,-5.91763871788147));
#3850=CARTESIAN_POINT('',(187.570153429345,133.629008228844,-5.91763871788147));
#3851=CARTESIAN_POINT('',(-87.4298465706548,-16.3709917711563,-5.91763871788147));
#3852=CARTESIAN_POINT('',(50.0701534293452,-16.3709917711563,-5.91763871788147));
#3853=CARTESIAN_POINT('',(-87.4298465706548,133.629008228844,-5.91763871788147));
#3854=CARTESIAN_POINT('',(18.1941373490086,73.5822411539267,-5.91763871788147));
#3855=CARTESIAN_POINT('',(138.194137349009,73.5822411539267,-5.9176387178814));
#3856=CARTESIAN_POINT('',(34.1321453891769,73.5822411539267,-5.91763871788147));
#3857=CARTESIAN_POINT('',(138.194137349009,193.582241153927,-5.91763871788147));
#3858=CARTESIAN_POINT('',(138.194137349009,103.605624691385,-5.91763871788147));
#3859=CARTESIAN_POINT('',(18.1941373490086,193.582241153927,-5.91763871788147));
#3860=CARTESIAN_POINT('',(94.1321453891769,193.582241153927,-5.91763871788147));
#3861=CARTESIAN_POINT('',(18.1941373490086,163.605624691385,-5.91763871788147));
#3862=CARTESIAN_POINT('',(170.,0.,-5.91763871788147));
#3863=CARTESIAN_POINT('',(90.0350767146726,0.,-5.91763871788147));
#3864=CARTESIAN_POINT('',(170.,40.,-5.91763871788147));
#3865=CARTESIAN_POINT('',(170.,66.8145041144219,-5.91763871788147));
#3866=CARTESIAN_POINT('',(110.035076714673,40.,-5.91763871788147));
#3867=CARTESIAN_POINT('',(170.,230.,-5.91763871788147));
#3868=CARTESIAN_POINT('',(90.0350767146726,230.,-5.91763871788147));
#3869=CARTESIAN_POINT('',(170.,270.,-5.91763871788147));
#3870=CARTESIAN_POINT('',(170.,181.814504114422,-5.91763871788147));
#3871=CARTESIAN_POINT('',(110.035076714673,270.,-5.91763871788147));
#3872=CARTESIAN_POINT('',(130.,270.,-5.91763871788147));
#3873=CARTESIAN_POINT('',(110.035076714673,270.,-5.91763871788147));
#3874=CARTESIAN_POINT('',(130.,230.,-5.91763871788147));
#3875=CARTESIAN_POINT('',(130.,201.814504114422,-5.91763871788147));
#3876=CARTESIAN_POINT('',(90.0350767146726,230.,-5.91763871788147));
#3877=CARTESIAN_POINT('',(130.,40.,-5.91763871788147));
#3878=CARTESIAN_POINT('',(110.035076714673,40.,-5.91763871788147));
#3879=CARTESIAN_POINT('',(130.,0.,-5.91763871788147));
#3880=CARTESIAN_POINT('',(130.,86.8145041144219,-5.91763871788147));
#3881=CARTESIAN_POINT('',(90.0350767146726,0.,-5.91763871788147));
#3882=CARTESIAN_POINT('Origin',(170.,40.,-5.91763871788147));
#3883=CARTESIAN_POINT('',(170.,40.,4.08236128211853));
#3884=CARTESIAN_POINT('',(170.,40.,-5.91763871788147));
#3885=CARTESIAN_POINT('',(130.,40.,4.08236128211853));
#3886=CARTESIAN_POINT('',(130.,40.,4.08236128211853));
#3887=CARTESIAN_POINT('',(130.,40.,-5.91763871788147));
#3888=CARTESIAN_POINT('Origin',(130.,0.,-5.91763871788147));
#3889=CARTESIAN_POINT('',(130.,0.,4.08236128211853));
#3890=CARTESIAN_POINT('',(130.,0.,-5.91763871788147));
#3891=CARTESIAN_POINT('',(170.,0.,4.08236128211853));
#3892=CARTESIAN_POINT('',(170.,0.,4.08236128211853));
#3893=CARTESIAN_POINT('',(170.,0.,-5.91763871788147));
#3894=CARTESIAN_POINT('Origin',(130.,40.,-5.91763871788147));
#3895=CARTESIAN_POINT('',(130.,0.,4.08236128211853));
#3896=CARTESIAN_POINT('Origin',(170.,0.,-5.91763871788147));
#3897=CARTESIAN_POINT('',(170.,40.,4.08236128211853));
#3898=CARTESIAN_POINT('Origin',(150.,20.,4.08236128211853));
#3899=CARTESIAN_POINT('Origin',(130.,270.,-5.91763871788147));
#3900=CARTESIAN_POINT('',(130.,270.,4.08236128211853));
#3901=CARTESIAN_POINT('',(130.,270.,-5.91763871788147));
#3902=CARTESIAN_POINT('',(130.,230.,4.08236128211853));
#3903=CARTESIAN_POINT('',(130.,270.,4.08236128211853));
#3904=CARTESIAN_POINT('',(130.,230.,-5.91763871788147));
#3905=CARTESIAN_POINT('Origin',(170.,270.,-5.91763871788147));
#3906=CARTESIAN_POINT('',(170.,270.,4.08236128211853));
#3907=CARTESIAN_POINT('',(170.,270.,-5.91763871788147));
#3908=CARTESIAN_POINT('',(170.,270.,4.08236128211853));
#3909=CARTESIAN_POINT('Origin',(170.,230.,-5.91763871788147));
#3910=CARTESIAN_POINT('',(170.,230.,4.08236128211853));
#3911=CARTESIAN_POINT('',(170.,230.,-5.91763871788147));
#3912=CARTESIAN_POINT('',(170.,230.,4.08236128211853));
#3913=CARTESIAN_POINT('Origin',(130.,230.,-5.91763871788147));
#3914=CARTESIAN_POINT('',(130.,230.,4.08236128211853));
#3915=CARTESIAN_POINT('Origin',(150.,250.,4.08236128211853));
#3916=CARTESIAN_POINT('Origin',(80.4061152115348,200.000470506255,29.0286815034331));
#3917=CARTESIAN_POINT('',(72.4758088540231,200.000470506255,30.0823612821185));
#3918=CARTESIAN_POINT('',(88.3364215690464,200.000470506255,30.0823612821185));
#3919=CARTESIAN_POINT('',(79.2035,200.000470506255,30.0823612821185));
#3920=CARTESIAN_POINT('Origin',(80.4061152115348,200.000470506255,29.0286815034331));
#3921=CARTESIAN_POINT('Origin',(80.4061152115348,212.500470506255,29.0286815034331));
#3922=CARTESIAN_POINT('',(80.4061152115348,200.000470506255,37.0286815034331));
#3923=CARTESIAN_POINT('Origin',(80.4061152115348,200.000470506255,29.0286815034331));
#3924=CARTESIAN_POINT('',(80.4061152115348,204.507201173502,37.0286815034331));
#3925=CARTESIAN_POINT('',(80.4061152115348,212.500470506255,37.0286815034331));
#3926=CARTESIAN_POINT('',(88.4061152115348,207.524488399383,29.0286815034331));
#3927=CARTESIAN_POINT('Ctrl Pts',(88.4061152115348,207.524488399383,29.0286815034331));
#3928=CARTESIAN_POINT('Ctrl Pts',(88.4061152115348,207.524488399383,30.0705106585147));
#3929=CARTESIAN_POINT('Ctrl Pts',(88.1921262025741,207.342966054717,31.1492310293914));
#3930=CARTESIAN_POINT('Ctrl Pts',(87.3735162466983,206.755015519164,33.0998065155484));
#3931=CARTESIAN_POINT('Ctrl Pts',(86.7690496079679,206.361484952849,33.9755907435096));
#3932=CARTESIAN_POINT('Ctrl Pts',(85.3866679193486,205.649249336193,35.365623745344));
#3933=CARTESIAN_POINT('Ctrl Pts',(84.5061889879769,205.27667602095,35.9807078537788));
#3934=CARTESIAN_POINT('Ctrl Pts',(82.538329405257,204.724888661224,36.8129568145271));
#3935=CARTESIAN_POINT('Ctrl Pts',(81.4491906170971,204.54978254324,37.0286815034331));
#3936=CARTESIAN_POINT('Ctrl Pts',(80.4061152115348,204.507201173502,37.0286815034331));
#3937=CARTESIAN_POINT('Ctrl Pts',(80.4061152115348,204.507201173502,37.0286815034331));
#3938=CARTESIAN_POINT('Ctrl Pts',(79.384960305267,204.465514662257,37.0286815034331));
#3939=CARTESIAN_POINT('Ctrl Pts',(78.3062984173954,204.547124942085,36.8210611927923));
#3940=CARTESIAN_POINT('Ctrl Pts',(76.3439072625904,204.918250140489,36.0021221795541));
#3941=CARTESIAN_POINT('Ctrl Pts',(75.4588643436405,205.203158368989,35.3918710315024));
#3942=CARTESIAN_POINT('Ctrl Pts',(74.0575248743167,205.768818743822,33.9970459743596));
#3943=CARTESIAN_POINT('Ctrl Pts',(73.443784010911,206.091088358101,33.1106291833895));
#3944=CARTESIAN_POINT('Ctrl Pts',(72.6178571787582,206.570072259327,31.1451301699326));
#3945=CARTESIAN_POINT('Ctrl Pts',(72.4061152115348,206.715768243677,30.0631927619468));
#3946=CARTESIAN_POINT('Ctrl Pts',(72.4061152115348,206.715768243677,27.9941702449195));
#3947=CARTESIAN_POINT('Ctrl Pts',(72.6178571787582,206.570072259327,26.9122328369337));
#3948=CARTESIAN_POINT('Ctrl Pts',(73.443784010911,206.091088358101,24.9467338234768));
#3949=CARTESIAN_POINT('Ctrl Pts',(74.0575248743167,205.768818743822,24.0603170325067));
#3950=CARTESIAN_POINT('Ctrl Pts',(75.4588643436405,205.203158368989,22.6654919753639));
#3951=CARTESIAN_POINT('Ctrl Pts',(76.3439072625904,204.918250140489,22.0552408273122));
#3952=CARTESIAN_POINT('Ctrl Pts',(78.3062984173954,204.547124942085,21.236301814074));
#3953=CARTESIAN_POINT('Ctrl Pts',(79.384960305267,204.465514662257,21.0286815034331));
#3954=CARTESIAN_POINT('Ctrl Pts',(81.4491906170971,204.54978254324,21.0286815034331));
#3955=CARTESIAN_POINT('Ctrl Pts',(82.5383294052571,204.724888661224,21.2444061923392));
#3956=CARTESIAN_POINT('Ctrl Pts',(84.5061889879769,205.27667602095,22.0766551530875));
#3957=CARTESIAN_POINT('Ctrl Pts',(85.3866679193486,205.649249336193,22.6917392615223));
#3958=CARTESIAN_POINT('Ctrl Pts',(86.7690496079679,206.361484952849,24.0817722633566));
#3959=CARTESIAN_POINT('Ctrl Pts',(87.3735162466983,206.755015519164,24.9575564913179));
#3960=CARTESIAN_POINT('Ctrl Pts',(88.1921262025741,207.342966054717,26.9081319774749));
#3961=CARTESIAN_POINT('Ctrl Pts',(88.4061152115348,207.524488399383,27.9868523483516));
#3962=CARTESIAN_POINT('Ctrl Pts',(88.4061152115348,207.524488399383,29.0286815034331));
#3963=CARTESIAN_POINT('Origin',(80.4061152115348,200.000470506255,29.0286815034331));
#3964=CARTESIAN_POINT('Origin',(-30.,231.433837610763,5.));
#3965=CARTESIAN_POINT('',(-30.,264.864196270175,10.));
#3966=CARTESIAN_POINT('',(-30.,255.,5.));
#3967=CARTESIAN_POINT('',(-30.,245.625515094615,0.248226693476873));
#3968=CARTESIAN_POINT('',(-30.,278.629008228844,10.));
#3969=CARTESIAN_POINT('',(-30.,-11.3709917711563,10.));
#3970=CARTESIAN_POINT('',(-30.,278.629008228844,25.));
#3971=CARTESIAN_POINT('',(-30.,278.629008228844,22.5));
#3972=CARTESIAN_POINT('',(-30.,231.433837610763,25.));
#3973=CARTESIAN_POINT('',(-30.,231.433837610763,25.));
#3974=CARTESIAN_POINT('',(-30.,231.433837610763,5.));
#3975=CARTESIAN_POINT('',(-30.,231.433837610763,5.));
#3976=CARTESIAN_POINT('',(-30.,230.716918805382,5.));
#3977=CARTESIAN_POINT('Origin',(-67.4298465706548,280.,5.));
#3978=CARTESIAN_POINT('',(-67.4298465706548,231.433837610763,19.3574616426637));
#3979=CARTESIAN_POINT('',(-67.4298465706548,278.629008228844,19.3574616426637));
#3980=CARTESIAN_POINT('',(-67.4298465706548,134.314504114422,19.3574616426637));
#3981=CARTESIAN_POINT('',(-67.4298465706548,231.433837610763,25.));
#3982=CARTESIAN_POINT('',(-67.4298465706548,231.433837610763,5.));
#3983=CARTESIAN_POINT('',(-67.4298465706548,278.629008228844,25.));
#3984=CARTESIAN_POINT('',(-67.4298465706548,280.,25.));
#3985=CARTESIAN_POINT('',(-67.4298465706548,278.629008228844,22.5));
#3986=CARTESIAN_POINT('Origin',(-48.7149232853274,255.716918805382,25.));
#3987=CARTESIAN_POINT('',(-44.3574616426637,278.629008228844,25.));
#3988=CARTESIAN_POINT('',(-67.4298465706548,231.433837610763,25.));
#3989=CARTESIAN_POINT('Origin',(-67.4298465706548,231.433837610763,5.));
#3990=CARTESIAN_POINT('',(-67.4298465706548,231.433837610763,5.));
#3991=CARTESIAN_POINT('',(-67.4298465706548,231.433837610763,5.));
#3992=CARTESIAN_POINT('',(-67.4298465706548,231.433837610763,11.0205903205296));
#3993=CARTESIAN_POINT('Origin',(-67.4298465706548,230.,5.));
#3994=CARTESIAN_POINT('',(-67.4298465706548,230.,5.));
#3995=CARTESIAN_POINT('',(-67.4298465706548,255.,5.));
#3996=CARTESIAN_POINT('',(182.570153429345,230.,5.));
#3997=CARTESIAN_POINT('',(-67.4298465706548,230.,5.));
#3998=CARTESIAN_POINT('',(182.570153429345,255.,5.));
#3999=CARTESIAN_POINT('',(182.570153429345,255.,5.));
#4000=CARTESIAN_POINT('',(-67.4298465706548,255.,5.));
#4001=CARTESIAN_POINT('Origin',(-67.4298465706548,252.364196270175,17.0411806410593));
#4002=CARTESIAN_POINT('',(-67.4298465706548,230.,19.3574616426637));
#4003=CARTESIAN_POINT('',(-67.4298465706548,120.49660224951,19.3574616426637));
#4004=CARTESIAN_POINT('',(-67.4298465706548,230.,5.));
#4005=CARTESIAN_POINT('Origin',(-30.,-11.3709917711563,10.));
#4006=CARTESIAN_POINT('',(-70.,278.629008228844,20.));
#4007=CARTESIAN_POINT('',(-70.,278.629008228844,20.));
#4008=CARTESIAN_POINT('',(-70.,-11.3709917711563,20.));
#4009=CARTESIAN_POINT('',(-70.,-11.3709917711563,20.));
#4010=CARTESIAN_POINT('',(-30.,-11.3709917711563,10.));
#4011=CARTESIAN_POINT('',(-70.,-11.3709917711563,20.));
#4012=CARTESIAN_POINT('',(-30.,-7.99045289190858,10.));
#4013=CARTESIAN_POINT('',(-30.,-11.3709917711563,10.));
#4014=CARTESIAN_POINT('',(-66.4805680606795,-7.99045289190858,19.1201420151699));
#4015=CARTESIAN_POINT('',(-47.1673261462021,-7.99045289190858,14.2918315365505));
#4016=CARTESIAN_POINT('',(-66.4805680606795,-7.36042604550959,19.1201420151699));
#4017=CARTESIAN_POINT('',(-66.4805680606794,14.4504454020315,19.1201420151699));
#4018=CARTESIAN_POINT('',(-67.4298465706548,-8.07238492799113,19.3574616426637));
#4019=CARTESIAN_POINT('',(-56.4486431996991,0.163517600225682,16.6121607999248));
#4020=CARTESIAN_POINT('',(-67.4298465706548,40.,19.3574616426637));
#4021=CARTESIAN_POINT('',(-67.4298465706548,1.81450411442187,19.3574616426637));
#4022=CARTESIAN_POINT('',(-66.4805680606795,40.,19.1201420151699));
#4023=CARTESIAN_POINT('',(-47.7485736065897,40.,14.4371434016474));
#4024=CARTESIAN_POINT('',(-66.4805680606795,40.2718825752193,19.1201420151699));
#4025=CARTESIAN_POINT('',(-66.4805680606794,14.4504454020315,19.1201420151699));
#4026=CARTESIAN_POINT('',(-30.,40.2718825752193,10.));
#4027=CARTESIAN_POINT('',(-20.5882352941176,40.2718825752193,7.64705882352941));
#4028=CARTESIAN_POINT('',(-30.,230.,10.));
#4029=CARTESIAN_POINT('',(-30.,-11.3709917711563,10.));
#4030=CARTESIAN_POINT('',(-49.8590291252633,230.,14.9647572813158));
#4031=CARTESIAN_POINT('Origin',(-67.4298465706548,274.728392540351,15.));
#4032=CARTESIAN_POINT('',(-10.,274.728392540351,15.));
#4033=CARTESIAN_POINT('',(-10.,274.728392540351,29.0823612821185));
#4034=CARTESIAN_POINT('',(-10.,274.728392540351,42.5));
#4035=CARTESIAN_POINT('',(182.570153429345,274.728392540351,15.));
#4036=CARTESIAN_POINT('',(-67.4298465706548,274.728392540351,15.));
#4037=CARTESIAN_POINT('',(182.570153429345,274.728392540351,29.0823612821185));
#4038=CARTESIAN_POINT('',(182.570153429345,274.728392540351,29.0823612821185));
#4039=CARTESIAN_POINT('',(-8.67984657065484,274.728392540351,29.0823612821185));
#4040=CARTESIAN_POINT('Origin',(-67.4298465706548,230.,29.0823612821185));
#4041=CARTESIAN_POINT('',(86.4121416056977,230.,29.0823612821185));
#4042=CARTESIAN_POINT('',(86.4121416056977,230.,20.0823612821185));
#4043=CARTESIAN_POINT('',(86.4121416056977,230.,40.0823612821185));
#4044=CARTESIAN_POINT('',(182.570153429345,230.,29.0823612821185));
#4045=CARTESIAN_POINT('',(-8.67984657065484,230.,29.0823612821185));
#4046=CARTESIAN_POINT('',(182.570153429345,230.,5.));
#4047=CARTESIAN_POINT('',(-10.,230.,10.));
#4048=CARTESIAN_POINT('',(-38.7149232853274,230.,10.));
#4049=CARTESIAN_POINT('',(-10.,230.,29.0823612821185));
#4050=CARTESIAN_POINT('',(-10.,230.,49.5411806410593));
#4051=CARTESIAN_POINT('',(73.2909669329421,230.,29.0823612821185));
#4052=CARTESIAN_POINT('',(-8.67984657065484,230.,29.0823612821185));
#4053=CARTESIAN_POINT('',(73.2909669329421,230.,20.0823612821185));
#4054=CARTESIAN_POINT('',(73.2909669329421,230.,40.0823612821185));
#4055=CARTESIAN_POINT('',(6.21085384933253,230.,20.0823612821185));
#4056=CARTESIAN_POINT('Origin',(-67.4298465706548,255.,5.));
#4057=CARTESIAN_POINT('',(182.570153429345,274.728392540351,15.));
#4058=CARTESIAN_POINT('',(-10.,264.864196270175,10.));
#4059=CARTESIAN_POINT('',(-10.,162.145442667979,-42.0664587305345));
#4060=CARTESIAN_POINT('',(-38.7149232853274,264.864196270175,9.99999999999999));
#4061=CARTESIAN_POINT('Origin',(182.570153429345,252.364196270175,17.0411806410593));
#4062=CARTESIAN_POINT('',(182.570153429345,192.99660224951,29.0823612821185));
#4063=CARTESIAN_POINT('Origin',(79.8515542693199,218.09175430715,20.0823612821185));
#4064=CARTESIAN_POINT('Origin',(79.8515542693199,218.09175430715,20.0823612821185));
#4065=CARTESIAN_POINT('Origin',(50.0701534293452,133.629008228844,29.0823612821185));
#4066=CARTESIAN_POINT('',(-10.,168.900653557763,29.0823612821185));
#4067=CARTESIAN_POINT('',(-10.,61.1290082288437,29.0823612821185));
#4068=CARTESIAN_POINT('',(-1.20141823629836,174.120527194856,29.0823612821185));
#4069=CARTESIAN_POINT('Origin',(0.826599885109212,160.676764173337,29.0823612821185));
#4070=CARTESIAN_POINT('',(17.5989760109087,199.997049934442,29.0823612821185));
#4071=CARTESIAN_POINT('Origin',(79.8515542693199,135.,29.0823612821185));
#4072=CARTESIAN_POINT('',(37.2727910147124,214.290913222816,29.0823612821185));
#4073=CARTESIAN_POINT('Origin',(31.0114465004677,202.222641326912,29.0823612821185));
#4074=CARTESIAN_POINT('',(67.6924679085915,224.174865398678,29.0823612821185));
#4075=CARTESIAN_POINT('Origin',(79.8515542693199,135.,29.0823612821185));
#4076=CARTESIAN_POINT('Origin',(79.8515542693199,218.09175430715,29.0823612821185));
#4077=CARTESIAN_POINT('Origin',(-10.,-11.3709917711563,70.));
#4078=CARTESIAN_POINT('',(-10.,40.2718825752193,10.));
#4079=CARTESIAN_POINT('',(-10.,-11.3709917711563,10.));
#4080=CARTESIAN_POINT('',(-10.,40.2718825752193,20.));
#4081=CARTESIAN_POINT('',(-10.,40.2718825752193,40.));
#4082=CARTESIAN_POINT('',(-10.,40.,20.));
#4083=CARTESIAN_POINT('',(-10.,2.38486153524956,20.));
#4084=CARTESIAN_POINT('',(-10.,40.,26.9022299356562));
#4085=CARTESIAN_POINT('',(-10.,40.,40.5717446866964));
#4086=CARTESIAN_POINT('',(-10.,35.2806454034544,29.0823612821185));
#4087=CARTESIAN_POINT('',(-10.,10.6279564131373,40.470804117441));
#4088=CARTESIAN_POINT('',(-10.,101.099346442237,29.0823612821185));
#4089=CARTESIAN_POINT('',(-10.,61.1290082288437,29.0823612821185));
#4090=CARTESIAN_POINT('',(-10.,101.099346442237,20.0823612821185));
#4091=CARTESIAN_POINT('',(-10.,101.099346442237,40.0823612821185));
#4092=CARTESIAN_POINT('',(-10.,117.547125211089,20.0823612821185));
#4093=CARTESIAN_POINT('',(-10.,48.9761220277534,20.0823612821185));
#4094=CARTESIAN_POINT('',(-10.,117.547125211089,29.0823612821185));
#4095=CARTESIAN_POINT('',(-10.,117.547125211089,40.0823612821185));
#4096=CARTESIAN_POINT('',(-9.99999999999999,129.832970351598,29.0823612821185));
#4097=CARTESIAN_POINT('',(-10.,61.1290082288437,29.0823612821185));
#4098=CARTESIAN_POINT('',(-9.99999999999999,129.832970351598,44.0823612821185));
#4099=CARTESIAN_POINT('',(-10.,129.832970351599,26.5823612821185));
#4100=CARTESIAN_POINT('',(-9.99999999999999,140.167029648402,44.0823612821185));
#4101=CARTESIAN_POINT('',(-10.,21.8145041144219,44.0823612821185));
#4102=CARTESIAN_POINT('',(-9.99999999999999,140.167029648402,29.0823612821185));
#4103=CARTESIAN_POINT('',(-10.,140.167029648401,26.5823612821185));
#4104=CARTESIAN_POINT('',(-10.,152.452874788911,29.0823612821185));
#4105=CARTESIAN_POINT('',(-10.,61.1290082288437,29.0823612821185));
#4106=CARTESIAN_POINT('',(-10.,152.452874788911,20.0823612821185));
#4107=CARTESIAN_POINT('',(-10.,152.452874788911,40.0823612821185));
#4108=CARTESIAN_POINT('',(-10.,168.900653557763,20.0823612821185));
#4109=CARTESIAN_POINT('',(-10.,74.6528862010904,20.0823612821185));
#4110=CARTESIAN_POINT('',(-10.,168.900653557763,40.0823612821185));
#4111=CARTESIAN_POINT('Origin',(-10.,-11.3709917711563,70.));
#4112=CARTESIAN_POINT('',(-10.,278.629008228844,29.0823612821185));
#4113=CARTESIAN_POINT('',(-10.,61.1290082288437,29.0823612821185));
#4114=CARTESIAN_POINT('',(-10.,278.629008228844,10.));
#4115=CARTESIAN_POINT('',(-10.,278.629008228844,10.));
#4116=CARTESIAN_POINT('',(-10.,-11.3709917711563,10.));
#4117=CARTESIAN_POINT('Origin',(-10.,-11.3709917711563,10.));
#4118=CARTESIAN_POINT('',(-10.,40.2718825752193,10.));
#4119=CARTESIAN_POINT('Origin',(-66.4805680606795,40.2718825752193,10.));
#4120=CARTESIAN_POINT('',(-66.4805680606795,40.,11.1434893733929));
#4121=CARTESIAN_POINT('',(-66.4805680606794,40.,10.5717446866964));
#4122=CARTESIAN_POINT('',(-66.4805680606795,16.5695318798214,11.1434893733929));
#4123=CARTESIAN_POINT('',(-66.4805680606794,28.4207072275204,11.1434893733929));
#4124=CARTESIAN_POINT('',(-66.4805680606794,14.1223471588487,11.9592176137171));
#4125=CARTESIAN_POINT('',(-66.4805680606795,-7.99045289190857,20.));
#4126=CARTESIAN_POINT('',(-66.4805680606795,-7.99045289190858,10.));
#4127=CARTESIAN_POINT('',(-66.4805680606795,40.2718825752193,20.));
#4128=CARTESIAN_POINT('',(-66.4805680606795,-7.99045289190858,20.));
#4129=CARTESIAN_POINT('',(-66.4805680606795,40.2718825752193,10.));
#4130=CARTESIAN_POINT('Origin',(-10.,-7.99045289190857,10.));
#4131=CARTESIAN_POINT('',(-10.,40.,11.1434893733929));
#4132=CARTESIAN_POINT('',(-10.,40.,40.5717446866964));
#4133=CARTESIAN_POINT('',(-10.,-7.99045289190857,20.));
#4134=CARTESIAN_POINT('',(-10.,40.2718825752193,20.));
#4135=CARTESIAN_POINT('',(-10.,-7.99045289190857,19.3301509639695));
#4136=CARTESIAN_POINT('',(-10.,-7.99045289190857,10.));
#4137=CARTESIAN_POINT('',(-10.,16.5695318798214,11.1434893733929));
#4138=CARTESIAN_POINT('',(-10.,-18.1169462970203,22.7056487656734));
#4139=CARTESIAN_POINT('',(-10.,2.59927005433258,11.1434893733929));
#4140=CARTESIAN_POINT('Origin',(-66.4805680606795,-7.99045289190858,10.));
#4141=CARTESIAN_POINT('',(-10.,-7.99045289190857,10.));
#4142=CARTESIAN_POINT('',(-38.2402840303397,-7.99045289190858,10.));
#4143=CARTESIAN_POINT('',(-10.,-7.99045289190858,40.));
#4144=CARTESIAN_POINT('',(-10.,-7.99045289190858,20.));
#4145=CARTESIAN_POINT('Origin',(-10.,40.2718825752193,10.));
#4146=CARTESIAN_POINT('',(-66.4805680606795,40.2718825752193,20.));
#4147=CARTESIAN_POINT('Origin',(-38.2402840303397,16.1407148416554,20.));
#4148=CARTESIAN_POINT('Origin',(-10.,-11.3709917711563,70.));
#4149=CARTESIAN_POINT('',(-10.,-11.3709917711563,10.));
#4150=CARTESIAN_POINT('',(-10.,-11.3709917711563,10.));
#4151=CARTESIAN_POINT('',(-10.,-11.3709917711563,29.0823612821185));
#4152=CARTESIAN_POINT('',(-10.,-11.3709917711563,10.));
#4153=CARTESIAN_POINT('',(-10.,-10.,29.0823612821185));
#4154=CARTESIAN_POINT('',(-10.,61.1290082288437,29.0823612821185));
#4155=CARTESIAN_POINT('',(-10.,-10.,20.));
#4156=CARTESIAN_POINT('',(-10.,-10.,49.5411806410593));
#4157=CARTESIAN_POINT('',(-10.,-18.1169462970203,22.7056487656734));
#4158=CARTESIAN_POINT('Origin',(-10.,-11.3709917711563,10.));
#4159=CARTESIAN_POINT('',(-30.,-11.3709917711563,10.));
#4160=CARTESIAN_POINT('Origin',(-67.4298465706548,-10.,20.));
#4161=CARTESIAN_POINT('',(-67.4298465706548,16.5695318798214,11.1434893733929));
#4162=CARTESIAN_POINT('',(-67.4298465706548,16.5695318798214,11.1434893733929));
#4163=CARTESIAN_POINT('',(-67.4298465706548,-10.,20.));
#4164=CARTESIAN_POINT('Origin',(-67.4298465706548,-10.,20.));
#4165=CARTESIAN_POINT('',(182.570153429345,-10.,20.));
#4166=CARTESIAN_POINT('',(-67.4298465706548,-10.,20.));
#4167=CARTESIAN_POINT('',(182.570153429345,16.5695318798214,11.1434893733929));
#4168=CARTESIAN_POINT('',(182.570153429345,-10.,20.));
#4169=CARTESIAN_POINT('',(-67.4298465706548,16.5695318798214,11.1434893733929));
#4170=CARTESIAN_POINT('Origin',(-67.4298465706548,16.5695318798214,11.1434893733929));
#4171=CARTESIAN_POINT('',(-67.4298465706548,40.,11.1434893733929));
#4172=CARTESIAN_POINT('',(-67.4298465706548,40.,11.1434893733929));
#4173=CARTESIAN_POINT('',(-67.4298465706548,16.5695318798214,11.1434893733929));
#4174=CARTESIAN_POINT('Origin',(-67.4298465706548,16.5695318798214,11.1434893733929));
#4175=CARTESIAN_POINT('',(182.570153429345,40.,11.1434893733929));
#4176=CARTESIAN_POINT('',(182.570153429345,16.5695318798214,11.1434893733929));
#4177=CARTESIAN_POINT('',(-67.4298465706548,40.,11.1434893733929));
#4178=CARTESIAN_POINT('Origin',(-67.4298465706548,15.,20.1129253277557));
#4179=CARTESIAN_POINT('',(-67.4298465706548,40.,11.1434893733929));
#4180=CARTESIAN_POINT('Origin',(-67.4298465706548,40.,11.1434893733929));
#4181=CARTESIAN_POINT('Origin',(-67.4298465706548,40.,11.1434893733929));
#4182=CARTESIAN_POINT('',(182.570153429345,40.,26.9022299356562));
#4183=CARTESIAN_POINT('',(182.570153429345,40.,11.1434893733929));
#4184=CARTESIAN_POINT('',(86.4121416056977,40.,26.9022299356562));
#4185=CARTESIAN_POINT('',(-67.4298465706548,40.,26.9022299356562));
#4186=CARTESIAN_POINT('',(86.4121416056977,40.,20.0823612821185));
#4187=CARTESIAN_POINT('',(86.4121416056977,40.,40.0823612821185));
#4188=CARTESIAN_POINT('',(73.2909669329421,40.,20.0823612821185));
#4189=CARTESIAN_POINT('',(6.21085384933253,40.,20.0823612821185));
#4190=CARTESIAN_POINT('',(73.2909669329421,40.,26.9022299356562));
#4191=CARTESIAN_POINT('',(73.2909669329421,40.,40.0823612821185));
#4192=CARTESIAN_POINT('',(-67.4298465706548,40.,26.9022299356562));
#4193=CARTESIAN_POINT('Origin',(-67.4298465706548,40.,26.9022299356562));
#4194=CARTESIAN_POINT('Origin',(79.8515542693199,51.9082456928502,21.4011515179929));
#4195=CARTESIAN_POINT('',(182.570153429345,35.2806454034544,29.0823612821185));
#4196=CARTESIAN_POINT('',(182.570153429345,40.,26.9022299356562));
#4197=CARTESIAN_POINT('',(-8.67984657065484,35.2806454034544,29.0823612821185));
#4198=CARTESIAN_POINT('Origin',(-67.4298465706548,-10.,29.0823612821185));
#4199=CARTESIAN_POINT('',(182.570153429345,-10.,29.0823612821185));
#4200=CARTESIAN_POINT('',(-8.67984657065484,-10.,29.0823612821185));
#4201=CARTESIAN_POINT('',(182.570153429345,-10.,50.));
#4202=CARTESIAN_POINT('Origin',(182.570153429345,15.,20.1129253277557));
#4203=CARTESIAN_POINT('',(182.570153429345,74.3145041144219,29.0823612821185));
#4204=CARTESIAN_POINT('Origin',(79.8515542693199,51.9082456928502,20.0823612821185));
#4205=CARTESIAN_POINT('',(66.2556864529749,51.9082456928502,20.0823612821185));
#4206=CARTESIAN_POINT('Origin',(79.8515542693199,51.9082456928502,20.0823612821185));
#4207=CARTESIAN_POINT('Origin',(79.8515542693199,51.9082456928502,20.0823612821185));
#4208=CARTESIAN_POINT('Origin',(-40.,-11.3709917711563,40.));
#4209=CARTESIAN_POINT('',(-70.,-11.3709917711563,29.0823612821185));
#4210=CARTESIAN_POINT('',(5.03507671467258,-11.3709917711563,29.0823612821185));
#4211=CARTESIAN_POINT('',(-70.,-11.3709917711563,50.));
#4212=CARTESIAN_POINT('Origin',(-70.,-11.3709917711563,20.));
#4213=CARTESIAN_POINT('',(-70.,278.629008228844,29.0823612821185));
#4214=CARTESIAN_POINT('',(-70.,61.1290082288437,29.0823612821185));
#4215=CARTESIAN_POINT('',(-70.,278.629008228844,50.));
#4216=CARTESIAN_POINT('Origin',(-40.,278.629008228844,40.));
#4217=CARTESIAN_POINT('',(-30.,278.629008228844,10.));
#4218=CARTESIAN_POINT('',(5.03507671467258,278.629008228844,29.0823612821185));
#4219=CARTESIAN_POINT('Origin',(-10.,-11.3709917711563,10.));
#4220=CARTESIAN_POINT('Origin',(0.826599885109207,109.323235826663,20.0823612821185));
#4221=CARTESIAN_POINT('Origin',(0.826599885109207,109.323235826663,20.0823612821185));
#4222=CARTESIAN_POINT('Origin',(0.826599885109207,109.323235826663,40.0823612821185));
#4223=CARTESIAN_POINT('',(-1.20141823629837,95.8794728051438,29.0823612821185));
#4224=CARTESIAN_POINT('Origin',(0.826599885109207,109.323235826663,29.0823612821185));
#4225=CARTESIAN_POINT('',(-1.20141823629834,95.8794728051437,40.0823612821185));
#4226=CARTESIAN_POINT('',(-1.20141823629834,95.8794728051437,40.0823612821185));
#4227=CARTESIAN_POINT('',(10.,99.2884786292193,40.0823612821185));
#4228=CARTESIAN_POINT('Origin',(0.826599885109207,109.323235826663,40.0823612821185));
#4229=CARTESIAN_POINT('',(10.,99.2884786292193,30.0823612821185));
#4230=CARTESIAN_POINT('',(10.,99.2884786292193,40.0823612821185));
#4231=CARTESIAN_POINT('',(10.,119.357993024107,30.0823612821185));
#4232=CARTESIAN_POINT('Origin',(0.826599885109207,109.323235826663,30.0823612821185));
#4233=CARTESIAN_POINT('',(10.,119.357993024107,40.0823612821185));
#4234=CARTESIAN_POINT('',(10.,119.357993024107,40.0823612821185));
#4235=CARTESIAN_POINT('',(-8.71614687937378,119.007429436276,40.0823612821185));
#4236=CARTESIAN_POINT('Origin',(0.826599885109207,109.323235826663,40.0823612821185));
#4237=CARTESIAN_POINT('',(-8.71614687937375,119.007429436276,29.0823612821185));
#4238=CARTESIAN_POINT('',(-8.71614687937378,119.007429436276,40.0823612821185));
#4239=CARTESIAN_POINT('Origin',(0.826599885109207,109.323235826663,29.0823612821185));
#4240=CARTESIAN_POINT('Origin',(50.0701534293452,133.629008228844,29.0823612821185));
#4241=CARTESIAN_POINT('',(-8.71614687937375,150.992570563724,29.0823612821185));
#4242=CARTESIAN_POINT('Origin',(79.8515542693199,135.,29.0823612821185));
#4243=CARTESIAN_POINT('Origin',(0.826599885109212,160.676764173337,29.0823612821185));
#4244=CARTESIAN_POINT('Origin',(50.0701534293452,133.629008228844,29.0823612821185));
#4245=CARTESIAN_POINT('',(-87.4298465706548,283.629008228844,29.0823612821185));
#4246=CARTESIAN_POINT('',(-87.4298465706548,-16.3709917711563,29.0823612821185));
#4247=CARTESIAN_POINT('',(-87.4298465706548,133.629008228844,29.0823612821185));
#4248=CARTESIAN_POINT('',(187.570153429345,-16.3709917711563,29.0823612821185));
#4249=CARTESIAN_POINT('',(50.0701534293452,-16.3709917711563,29.0823612821185));
#4250=CARTESIAN_POINT('',(187.570153429345,283.629008228844,29.0823612821185));
#4251=CARTESIAN_POINT('',(187.570153429345,133.629008228844,29.0823612821185));
#4252=CARTESIAN_POINT('',(50.0701534293452,283.629008228844,29.0823612821185));
#4253=CARTESIAN_POINT('',(92.0106406300482,224.174865398678,29.0823612821185));
#4254=CARTESIAN_POINT('Origin',(79.8515542693199,218.09175430715,29.0823612821185));
#4255=CARTESIAN_POINT('',(122.430317523927,214.290913222816,29.0823612821185));
#4256=CARTESIAN_POINT('Origin',(79.8515542693199,135.,29.0823612821185));
#4257=CARTESIAN_POINT('',(142.104132527731,199.997049934442,29.0823612821185));
#4258=CARTESIAN_POINT('Origin',(128.691662038172,202.222641326912,29.0823612821185));
#4259=CARTESIAN_POINT('',(160.904526774938,174.120527194856,29.0823612821185));
#4260=CARTESIAN_POINT('Origin',(79.8515542693199,135.,29.0823612821185));
#4261=CARTESIAN_POINT('',(168.419255418014,150.992570563724,29.0823612821185));
#4262=CARTESIAN_POINT('Origin',(158.876508653531,160.676764173337,29.0823612821185));
#4263=CARTESIAN_POINT('',(168.419255418014,119.007429436276,29.0823612821185));
#4264=CARTESIAN_POINT('Origin',(79.8515542693199,135.,29.0823612821185));
#4265=CARTESIAN_POINT('',(160.904526774938,95.8794728051438,29.0823612821185));
#4266=CARTESIAN_POINT('Origin',(158.876508653531,109.323235826663,29.0823612821185));
#4267=CARTESIAN_POINT('',(142.104132527731,70.0029500655577,29.0823612821185));
#4268=CARTESIAN_POINT('Origin',(79.8515542693199,135.,29.0823612821185));
#4269=CARTESIAN_POINT('',(122.430317523927,55.7090867771843,29.0823612821185));
#4270=CARTESIAN_POINT('Origin',(128.691662038172,67.7773586730881,29.0823612821185));
#4271=CARTESIAN_POINT('',(92.0106406300483,45.825134601322,29.0823612821185));
#4272=CARTESIAN_POINT('Origin',(79.8515542693199,135.,29.0823612821185));
#4273=CARTESIAN_POINT('',(67.6924679085916,45.825134601322,29.0823612821185));
#4274=CARTESIAN_POINT('Origin',(79.8515542693199,51.9082456928502,29.0823612821185));
#4275=CARTESIAN_POINT('',(37.2727910147125,55.7090867771843,29.0823612821185));
#4276=CARTESIAN_POINT('Origin',(79.8515542693199,135.,29.0823612821185));
#4277=CARTESIAN_POINT('',(17.5989760109087,70.0029500655577,29.0823612821185));
#4278=CARTESIAN_POINT('Origin',(31.0114465004677,67.7773586730881,29.0823612821185));
#4279=CARTESIAN_POINT('Origin',(79.8515542693199,135.,29.0823612821185));
#4280=CARTESIAN_POINT('Origin',(187.570153429345,165.900433121789,14.3447742924855));
#4281=CARTESIAN_POINT('',(187.570153429345,157.768564680949,14.3447742924855));
#4282=CARTESIAN_POINT('Origin',(187.570153429345,165.900433121789,14.3447742924855));
#4283=CARTESIAN_POINT('',(138.194137349009,157.768564680949,14.3447742924855));
#4284=CARTESIAN_POINT('',(187.570153429345,157.768564680949,14.3447742924855));
#4285=CARTESIAN_POINT('Origin',(138.194137349009,165.900433121789,14.3447742924855));
#4286=CARTESIAN_POINT('Origin',(158.876508653531,160.676764173337,20.0823612821185));
#4287=CARTESIAN_POINT('',(160.904526774938,174.120527194856,30.0823612821185));
#4288=CARTESIAN_POINT('',(160.904526774938,174.120527194856,40.0823612821185));
#4289=CARTESIAN_POINT('',(168.419255418014,150.992570563724,30.0823612821185));
#4290=CARTESIAN_POINT('Origin',(158.876508653531,160.676764173337,30.0823612821185));
#4291=CARTESIAN_POINT('',(168.419255418014,150.992570563724,40.0823612821185));
#4292=CARTESIAN_POINT('Origin',(158.876508653531,160.676764173337,40.0823612821185));
#4293=CARTESIAN_POINT('',(148.407,152.002837136915,30.0823612821185));
#4294=CARTESIAN_POINT('Origin',(158.876508653531,160.676764173337,30.0823612821185));
#4295=CARTESIAN_POINT('',(148.407,152.002837136915,40.0823612821185));
#4296=CARTESIAN_POINT('',(148.407,152.002837136915,40.0823612821185));
#4297=CARTESIAN_POINT('',(168.419255418014,150.992570563724,40.0823612821185));
#4298=CARTESIAN_POINT('Origin',(158.876508653531,160.676764173337,40.0823612821185));
#4299=CARTESIAN_POINT('',(168.419255418014,150.992570563724,40.0823612821185));
#4300=CARTESIAN_POINT('Origin',(158.876508653531,160.676764173337,40.0823612821185));
#4301=CARTESIAN_POINT('',(148.407,169.350691209759,30.0823612821185));
#4302=CARTESIAN_POINT('Origin',(158.876508653531,160.676764173337,30.0823612821185));
#4303=CARTESIAN_POINT('',(160.904526774938,174.120527194856,40.0823612821185));
#4304=CARTESIAN_POINT('',(160.904526774938,174.120527194856,40.0823612821185));
#4305=CARTESIAN_POINT('',(148.407,169.350691209759,40.0823612821185));
#4306=CARTESIAN_POINT('Origin',(158.876508653531,160.676764173337,40.0823612821185));
#4307=CARTESIAN_POINT('',(148.407,169.350691209759,40.0823612821185));
#4308=CARTESIAN_POINT('Origin',(79.2035,62.1884705062547,35.0823612821185));
#4309=CARTESIAN_POINT('',(70.9541052267354,62.1884705062547,30.0823612821185));
#4310=CARTESIAN_POINT('',(70.9541052267354,62.1884705062547,40.0823612821185));
#4311=CARTESIAN_POINT('',(70.9541052267354,62.1884705062547,40.0823612821185));
#4312=CARTESIAN_POINT('',(43.4054753344731,62.1884705062547,30.0823612821185));
#4313=CARTESIAN_POINT('',(79.2035,62.1884705062547,30.0823612821185));
#4314=CARTESIAN_POINT('',(43.4054753344731,62.1884705062547,40.0823612821185));
#4315=CARTESIAN_POINT('',(43.4054753344731,62.1884705062547,40.0823612821185));
#4316=CARTESIAN_POINT('',(79.2035,62.1884705062547,40.0823612821185));
#4317=CARTESIAN_POINT('Origin',(148.407,131.094470506255,35.0823612821185));
#4318=CARTESIAN_POINT('',(148.407,100.649308790241,30.0823612821185));
#4319=CARTESIAN_POINT('',(148.407,100.649308790241,40.0823612821185));
#4320=CARTESIAN_POINT('',(148.407,100.649308790241,40.0823612821185));
#4321=CARTESIAN_POINT('',(148.407,76.6891874463426,30.0823612821185));
#4322=CARTESIAN_POINT('',(148.407,131.094470506255,30.0823612821185));
#4323=CARTESIAN_POINT('',(148.407,76.6891874463426,40.0823612821185));
#4324=CARTESIAN_POINT('',(148.407,76.6891874463426,26.5823612821185));
#4325=CARTESIAN_POINT('',(148.407,131.094470506255,40.0823612821185));
#4326=CARTESIAN_POINT('Origin',(148.407,131.094470506255,35.0823612821185));
#4327=CARTESIAN_POINT('',(148.407,193.310812553657,30.0823612821185));
#4328=CARTESIAN_POINT('',(148.407,193.310812553657,40.0823612821185));
#4329=CARTESIAN_POINT('',(148.407,193.310812553657,26.5823612821185));
#4330=CARTESIAN_POINT('',(148.407,131.094470506255,30.0823612821185));
#4331=CARTESIAN_POINT('',(148.407,131.094470506255,40.0823612821185));
#4332=CARTESIAN_POINT('Origin',(79.2035,131.094470506255,30.0823612821185));
#4333=CARTESIAN_POINT('',(115.278624405952,200.000470506255,30.0823612821185));
#4334=CARTESIAN_POINT('',(118.194466863736,193.582241153927,30.0823612821185));
#4335=CARTESIAN_POINT('Origin',(128.691662038172,202.222641326912,30.0823612821185));
#4336=CARTESIAN_POINT('',(79.2035,200.000470506255,30.0823612821185));
#4337=CARTESIAN_POINT('',(44.4244841326876,200.000470506255,30.0823612821185));
#4338=CARTESIAN_POINT('',(79.2035,200.000470506255,30.0823612821185));
#4339=CARTESIAN_POINT('',(41.5086416749038,193.582241153927,30.0823612821185));
#4340=CARTESIAN_POINT('Origin',(31.0114465004677,202.222641326912,30.0823612821185));
#4341=CARTESIAN_POINT('',(108.698818674504,193.582241153927,30.0823612821185));
#4342=CARTESIAN_POINT('Origin',(79.2035,131.094470506255,30.0823612821185));
#4343=CARTESIAN_POINT('',(88.7490033119045,62.1884705062547,30.0823612821185));
#4344=CARTESIAN_POINT('Origin',(79.8515542693199,51.9082456928502,30.0823612821185));
#4345=CARTESIAN_POINT('',(116.297633204167,62.1884705062547,30.0823612821185));
#4346=CARTESIAN_POINT('',(79.2035,62.1884705062547,30.0823612821185));
#4347=CARTESIAN_POINT('',(116.397315326647,73.5822411539267,30.0823612821185));
#4348=CARTESIAN_POINT('Origin',(128.691662038172,67.7773586730881,30.0823612821185));
#4349=CARTESIAN_POINT('',(43.3057932119924,73.5822411539267,30.0823612821185));
#4350=CARTESIAN_POINT('',(48.6988186745043,73.5822411539267,30.0823612821185));
#4351=CARTESIAN_POINT('Origin',(31.0114465004677,67.7773586730881,30.0823612821185));
#4352=CARTESIAN_POINT('Origin',(79.2035,131.094470506255,30.0823612821185));
#4353=CARTESIAN_POINT('',(148.407,117.997162863085,30.0823612821185));
#4354=CARTESIAN_POINT('',(145.280640837186,109.323235826663,30.0823612821185));
#4355=CARTESIAN_POINT('Origin',(158.876508653531,109.323235826663,30.0823612821185));
#4356=CARTESIAN_POINT('',(148.407,131.094470506255,30.0823612821185));
#4357=CARTESIAN_POINT('',(142.104132527731,199.997049934442,30.0823612821185));
#4358=CARTESIAN_POINT('Origin',(79.8515542693199,135.,30.0823612821185));
#4359=CARTESIAN_POINT('',(138.194137349009,192.498928833915,30.0823612821185));
#4360=CARTESIAN_POINT('Origin',(128.691662038172,202.222641326912,30.0823612821185));
#4361=CARTESIAN_POINT('',(138.194137349009,77.5010711660854,30.0823612821185));
#4362=CARTESIAN_POINT('',(138.194137349009,102.338355830091,30.0823612821185));
#4363=CARTESIAN_POINT('',(142.104132527731,70.0029500655577,30.0823612821185));
#4364=CARTESIAN_POINT('Origin',(128.691662038172,67.7773586730881,30.0823612821185));
#4365=CARTESIAN_POINT('Origin',(79.8515542693199,135.,30.0823612821185));
#4366=CARTESIAN_POINT('Origin',(158.876508653531,109.323235826663,30.0823612821185));
#4367=CARTESIAN_POINT('Origin',(10.,131.094470506255,35.0823612821185));
#4368=CARTESIAN_POINT('',(10.,191.751743287412,40.0823612821185));
#4369=CARTESIAN_POINT('',(10.,191.751743287412,30.0823612821185));
#4370=CARTESIAN_POINT('',(10.,191.751743287412,26.5823612821185));
#4371=CARTESIAN_POINT('',(10.,170.711521370781,40.0823612821185));
#4372=CARTESIAN_POINT('',(10.,131.094470506255,40.0823612821185));
#4373=CARTESIAN_POINT('',(10.,170.711521370781,30.0823612821185));
#4374=CARTESIAN_POINT('',(10.,170.711521370781,40.0823612821185));
#4375=CARTESIAN_POINT('',(10.,131.094470506255,30.0823612821185));
#4376=CARTESIAN_POINT('Origin',(10.,131.094470506255,35.0823612821185));
#4377=CARTESIAN_POINT('',(10.,78.2482567125885,40.0823612821185));
#4378=CARTESIAN_POINT('',(10.,131.094470506255,40.0823612821185));
#4379=CARTESIAN_POINT('',(10.,78.2482567125885,30.0823612821185));
#4380=CARTESIAN_POINT('',(10.,78.2482567125885,26.5823612821185));
#4381=CARTESIAN_POINT('',(10.,131.094470506255,30.0823612821185));
#4382=CARTESIAN_POINT('Origin',(10.,131.094470506255,35.0823612821185));
#4383=CARTESIAN_POINT('',(10.,150.642006975893,30.0823612821185));
#4384=CARTESIAN_POINT('',(10.,131.094470506255,30.0823612821185));
#4385=CARTESIAN_POINT('',(10.,150.642006975893,40.0823612821185));
#4386=CARTESIAN_POINT('',(10.,150.642006975893,40.0823612821185));
#4387=CARTESIAN_POINT('',(10.,131.094470506255,40.0823612821185));
#4388=CARTESIAN_POINT('Origin',(79.2035,131.094470506255,30.0823612821185));
#4389=CARTESIAN_POINT('',(17.5989760109087,70.0029500655577,30.0823612821185));
#4390=CARTESIAN_POINT('Origin',(79.8515542693199,135.,30.0823612821185));
#4391=CARTESIAN_POINT('',(18.7170997889429,73.5822411539267,30.0823612821185));
#4392=CARTESIAN_POINT('Origin',(31.0114465004677,67.7773586730881,30.0823612821185));
#4393=CARTESIAN_POINT('',(18.1941373490085,73.5822411539267,30.0823612821185));
#4394=CARTESIAN_POINT('',(48.6988186745043,73.5822411539267,30.0823612821185));
#4395=CARTESIAN_POINT('',(18.1941373490085,193.582241153927,30.0823612821185));
#4396=CARTESIAN_POINT('',(18.1941373490085,162.338355830091,30.0823612821185));
#4397=CARTESIAN_POINT('',(20.5142513260316,193.582241153927,30.0823612821185));
#4398=CARTESIAN_POINT('',(108.698818674504,193.582241153927,30.0823612821185));
#4399=CARTESIAN_POINT('',(17.5989760109086,199.997049934442,30.0823612821185));
#4400=CARTESIAN_POINT('Origin',(31.0114465004677,202.222641326912,30.0823612821185));
#4401=CARTESIAN_POINT('Origin',(79.8515542693199,135.,30.0823612821185));
#4402=CARTESIAN_POINT('Origin',(0.826599885109212,160.676764173337,30.0823612821185));
#4403=CARTESIAN_POINT('Origin',(79.2035,62.1884705062547,35.0823612821185));
#4404=CARTESIAN_POINT('',(88.7490033119045,62.1884705062547,40.0823612821185));
#4405=CARTESIAN_POINT('',(88.7490033119045,62.1884705062547,40.0823612821185));
#4406=CARTESIAN_POINT('',(116.297633204167,62.1884705062547,40.0823612821185));
#4407=CARTESIAN_POINT('',(79.2035,62.1884705062547,40.0823612821185));
#4408=CARTESIAN_POINT('',(116.297633204167,62.1884705062547,40.0823612821185));
#4409=CARTESIAN_POINT('Origin',(148.407,131.094470506255,35.0823612821185));
#4410=CARTESIAN_POINT('',(148.407,117.997162863085,40.0823612821185));
#4411=CARTESIAN_POINT('',(148.407,117.997162863085,40.0823612821185));
#4412=CARTESIAN_POINT('',(148.407,131.094470506255,40.0823612821185));
#4413=CARTESIAN_POINT('Origin',(79.2035,200.000470506255,35.0823612821185));
#4414=CARTESIAN_POINT('',(115.278624405952,200.000470506255,40.0823612821185));
#4415=CARTESIAN_POINT('',(115.278624405952,200.000470506255,40.0823612821185));
#4416=CARTESIAN_POINT('',(44.4244841326876,200.000470506255,40.0823612821185));
#4417=CARTESIAN_POINT('',(79.2035,200.000470506255,40.0823612821185));
#4418=CARTESIAN_POINT('',(44.4244841326876,200.000470506255,40.0823612821185));
#4419=CARTESIAN_POINT('Origin',(158.876508653531,109.323235826663,40.0823612821185));
#4420=CARTESIAN_POINT('',(145.280640837186,109.323235826663,20.0823612821185));
#4421=CARTESIAN_POINT('',(145.280640837186,109.323235826663,40.0823612821185));
#4422=CARTESIAN_POINT('Origin',(158.876508653531,109.323235826663,20.0823612821185));
#4423=CARTESIAN_POINT('',(160.904526774938,95.8794728051437,40.0823612821185));
#4424=CARTESIAN_POINT('Origin',(158.876508653531,109.323235826663,40.0823612821185));
#4425=CARTESIAN_POINT('',(160.904526774938,95.8794728051437,40.0823612821185));
#4426=CARTESIAN_POINT('',(168.419255418014,119.007429436276,40.0823612821185));
#4427=CARTESIAN_POINT('',(168.419255418014,119.007429436276,40.0823612821185));
#4428=CARTESIAN_POINT('Origin',(158.876508653531,109.323235826663,40.0823612821185));
#4429=CARTESIAN_POINT('Origin',(79.8515542693199,51.9082456928502,40.0823612821185));
#4430=CARTESIAN_POINT('',(66.2556864529749,51.9082456928502,40.0823612821185));
#4431=CARTESIAN_POINT('Origin',(79.8515542693199,51.9082456928502,40.0823612821185));
#4432=CARTESIAN_POINT('',(66.2556864529749,51.9082456928502,40.0823612821185));
#4433=CARTESIAN_POINT('',(67.6924679085915,45.8251346013219,40.0823612821185));
#4434=CARTESIAN_POINT('Origin',(79.8515542693199,51.9082456928502,40.0823612821185));
#4435=CARTESIAN_POINT('',(67.6924679085915,45.8251346013219,40.0823612821185));
#4436=CARTESIAN_POINT('',(92.0106406300484,45.8251346013219,40.0823612821185));
#4437=CARTESIAN_POINT('',(92.0106406300484,45.8251346013219,40.0823612821185));
#4438=CARTESIAN_POINT('Origin',(79.8515542693199,51.9082456928502,40.0823612821185));
#4439=CARTESIAN_POINT('Origin',(128.691662038172,202.222641326912,40.0823612821185));
#4440=CARTESIAN_POINT('',(142.104132527731,199.997049934442,40.0823612821185));
#4441=CARTESIAN_POINT('',(122.430317523927,214.290913222816,40.0823612821185));
#4442=CARTESIAN_POINT('',(122.430317523927,214.290913222816,40.0823612821185));
#4443=CARTESIAN_POINT('Origin',(128.691662038172,202.222641326912,40.0823612821185));
#4444=CARTESIAN_POINT('',(118.194466863736,193.582241153927,20.0823612821185));
#4445=CARTESIAN_POINT('',(118.194466863736,193.582241153927,40.0823612821185));
#4446=CARTESIAN_POINT('',(138.194137349009,192.498928833915,20.0823612821185));
#4447=CARTESIAN_POINT('Origin',(128.691662038172,202.222641326912,20.0823612821185));
#4448=CARTESIAN_POINT('',(138.194137349009,192.498928833915,40.0823612821185));
#4449=CARTESIAN_POINT('Origin',(31.0114465004677,202.222641326912,40.0823612821185));
#4450=CARTESIAN_POINT('',(37.2727910147125,214.290913222816,40.0823612821185));
#4451=CARTESIAN_POINT('Origin',(31.0114465004677,202.222641326912,40.0823612821185));
#4452=CARTESIAN_POINT('',(37.2727910147125,214.290913222816,40.0823612821185));
#4453=CARTESIAN_POINT('',(17.5989760109086,199.997049934442,40.0823612821185));
#4454=CARTESIAN_POINT('',(20.5142513260316,193.582241153927,20.0823612821185));
#4455=CARTESIAN_POINT('',(20.5142513260316,193.582241153927,40.0823612821185));
#4456=CARTESIAN_POINT('',(41.5086416749038,193.582241153927,20.0823612821185));
#4457=CARTESIAN_POINT('Origin',(31.0114465004677,202.222641326912,20.0823612821185));
#4458=CARTESIAN_POINT('',(41.5086416749038,193.582241153927,40.0823612821185));
#4459=CARTESIAN_POINT('Origin',(138.194137349009,73.5822411539267,-5.9176387178814));
#4460=CARTESIAN_POINT('',(138.194137349009,193.582241153927,40.0823612821185));
#4461=CARTESIAN_POINT('',(138.194137349009,73.5822411539267,40.0823612821185));
#4462=CARTESIAN_POINT('',(138.194137349009,102.338355830091,40.0823612821185));
#4463=CARTESIAN_POINT('',(138.194137349009,73.5822411539267,42.0823612821186));
#4464=CARTESIAN_POINT('',(138.194137349009,73.5822411539267,-5.9176387178814));
#4465=CARTESIAN_POINT('',(138.194137349009,193.582241153927,42.0823612821185));
#4466=CARTESIAN_POINT('',(138.194137349009,193.582241153927,42.0823612821185));
#4467=CARTESIAN_POINT('',(138.194137349009,193.582241153927,-5.91763871788147));
#4468=CARTESIAN_POINT('Origin',(31.0114465004677,67.7773586730881,40.0823612821185));
#4469=CARTESIAN_POINT('',(17.5989760109087,70.0029500655577,40.0823612821185));
#4470=CARTESIAN_POINT('',(37.2727910147125,55.7090867771842,40.0823612821185));
#4471=CARTESIAN_POINT('',(37.2727910147125,55.7090867771842,40.0823612821185));
#4472=CARTESIAN_POINT('Origin',(31.0114465004677,67.7773586730881,40.0823612821185));
#4473=CARTESIAN_POINT('',(43.3057932119924,73.5822411539267,20.0823612821185));
#4474=CARTESIAN_POINT('',(43.3057932119924,73.5822411539267,40.0823612821185));
#4475=CARTESIAN_POINT('',(18.7170997889429,73.5822411539267,20.0823612821185));
#4476=CARTESIAN_POINT('Origin',(31.0114465004677,67.7773586730881,20.0823612821185));
#4477=CARTESIAN_POINT('',(18.7170997889429,73.5822411539267,40.0823612821185));
#4478=CARTESIAN_POINT('Origin',(138.194137349009,193.582241153927,-5.91763871788147));
#4479=CARTESIAN_POINT('',(18.1941373490085,193.582241153927,40.0823612821185));
#4480=CARTESIAN_POINT('',(108.698818674504,193.582241153927,40.0823612821185));
#4481=CARTESIAN_POINT('',(18.1941373490085,193.582241153927,42.0823612821185));
#4482=CARTESIAN_POINT('',(18.1941373490085,193.582241153927,42.0823612821185));
#4483=CARTESIAN_POINT('',(18.1941373490086,193.582241153927,-5.91763871788147));
#4484=CARTESIAN_POINT('Origin',(138.194137349009,193.582241153927,-5.91763871788147));
#4485=CARTESIAN_POINT('',(84.6027919247381,193.582241153927,20.0823612821185));
#4486=CARTESIAN_POINT('',(18.1941373490086,193.582241153927,-5.91763871788147));
#4487=CARTESIAN_POINT('',(138.194137349009,193.582241153927,20.0823612821185));
#4488=CARTESIAN_POINT('',(138.194137349009,193.582241153927,-5.91763871788147));
#4489=CARTESIAN_POINT('',(133.44289969359,193.582241153927,20.0823612821185));
#4490=CARTESIAN_POINT('Origin',(79.8515542693199,135.,26.5823612821185));
#4491=CARTESIAN_POINT('Origin',(79.8515542693199,135.,29.0823612821185));
#4492=CARTESIAN_POINT('Origin',(79.8515542693199,135.,40.0823612821185));
#4493=CARTESIAN_POINT('Origin',(79.8515542693199,135.,40.0823612821185));
#4494=CARTESIAN_POINT('Origin',(79.8515542693199,135.,40.0823612821185));
#4495=CARTESIAN_POINT('',(122.430317523927,55.7090867771842,40.0823612821185));
#4496=CARTESIAN_POINT('',(122.430317523927,55.7090867771842,40.0823612821185));
#4497=CARTESIAN_POINT('Origin',(79.8515542693199,135.,40.0823612821185));
#4498=CARTESIAN_POINT('',(142.104132527731,70.0029500655577,40.0823612821185));
#4499=CARTESIAN_POINT('Origin',(79.8515542693199,135.,40.0823612821185));
#4500=CARTESIAN_POINT('Origin',(79.8515542693199,135.,40.0823612821185));
#4501=CARTESIAN_POINT('Origin',(79.8515542693199,135.,40.0823612821185));
#4502=CARTESIAN_POINT('',(92.0106406300483,224.174865398678,40.0823612821185));
#4503=CARTESIAN_POINT('',(92.0106406300483,224.174865398678,40.0823612821185));
#4504=CARTESIAN_POINT('',(67.6924679085915,224.174865398678,40.0823612821185));
#4505=CARTESIAN_POINT('Origin',(79.8515542693199,135.,40.0823612821185));
#4506=CARTESIAN_POINT('',(67.6924679085915,224.174865398678,40.0823612821185));
#4507=CARTESIAN_POINT('Origin',(79.8515542693199,135.,40.0823612821185));
#4508=CARTESIAN_POINT('',(-1.20141823629833,174.120527194856,40.0823612821185));
#4509=CARTESIAN_POINT('',(-1.20141823629833,174.120527194856,40.0823612821185));
#4510=CARTESIAN_POINT('',(-8.71614687937378,150.992570563724,40.0823612821185));
#4511=CARTESIAN_POINT('Origin',(79.8515542693199,135.,40.0823612821185));
#4512=CARTESIAN_POINT('',(-8.71614687937378,150.992570563724,40.0823612821185));
#4513=CARTESIAN_POINT('Origin',(79.8515542693199,135.,44.0823612821185));
#4514=CARTESIAN_POINT('Origin',(18.1941373490086,193.582241153927,-5.91763871788147));
#4515=CARTESIAN_POINT('',(18.1941373490085,73.5822411539267,40.0823612821185));
#4516=CARTESIAN_POINT('',(18.1941373490085,162.338355830091,40.0823612821185));
#4517=CARTESIAN_POINT('',(18.1941373490085,73.5822411539267,42.0823612821185));
#4518=CARTESIAN_POINT('',(18.1941373490085,73.5822411539267,42.0823612821185));
#4519=CARTESIAN_POINT('',(18.1941373490086,73.5822411539267,-5.91763871788147));
#4520=CARTESIAN_POINT('Origin',(18.1941373490086,193.582241153927,-5.91763871788147));
#4521=CARTESIAN_POINT('',(18.1941373490086,73.5822411539267,-5.91763871788147));
#4522=CARTESIAN_POINT('Origin',(18.1941373490086,73.5822411539267,-5.91763871788147));
#4523=CARTESIAN_POINT('',(48.6988186745043,73.5822411539267,40.0823612821185));
#4524=CARTESIAN_POINT('',(138.194137349009,73.5822411539267,42.0823612821186));
#4525=CARTESIAN_POINT('Origin',(18.1941373490086,73.5822411539267,-5.91763871788147));
#4526=CARTESIAN_POINT('',(24.6027919247381,73.5822411539267,20.0823612821185));
#4527=CARTESIAN_POINT('',(116.397315326647,73.5822411539267,20.0823612821185));
#4528=CARTESIAN_POINT('',(116.397315326647,73.5822411539267,40.0823612821185));
#4529=CARTESIAN_POINT('',(138.194137349009,73.5822411539267,20.0823612821185));
#4530=CARTESIAN_POINT('',(73.4428996935904,73.5822411539267,20.0823612821185));
#4531=CARTESIAN_POINT('',(138.194137349009,73.5822411539267,-5.9176387178814));
#4532=CARTESIAN_POINT('Origin',(0.826599885109212,160.676764173337,40.0823612821185));
#4533=CARTESIAN_POINT('Origin',(0.826599885109212,160.676764173337,40.0823612821185));
#4534=CARTESIAN_POINT('Origin',(0.826599885109212,160.676764173337,40.0823612821185));
#4535=CARTESIAN_POINT('Origin',(0.826599885109212,160.676764173337,20.0823612821185));
#4536=CARTESIAN_POINT('Origin',(79.8515542693199,218.09175430715,40.0823612821185));
#4537=CARTESIAN_POINT('Origin',(79.8515542693199,218.09175430715,40.0823612821185));
#4538=CARTESIAN_POINT('Origin',(79.8515542693199,218.09175430715,40.0823612821185));
#4539=CARTESIAN_POINT('Origin',(128.691662038172,67.7773586730881,20.0823612821185));
#4540=CARTESIAN_POINT('',(138.194137349009,77.5010711660854,20.0823612821185));
#4541=CARTESIAN_POINT('Origin',(128.691662038172,67.7773586730881,20.0823612821185));
#4542=CARTESIAN_POINT('',(138.194137349009,70.6797999135074,20.0823612821185));
#4543=CARTESIAN_POINT('Origin',(128.691662038172,67.7773586730881,40.0823612821185));
#4544=CARTESIAN_POINT('',(138.194137349009,77.5010711660854,40.0823612821185));
#4545=CARTESIAN_POINT('Origin',(128.691662038172,67.7773586730881,40.0823612821185));
#4546=CARTESIAN_POINT('Origin',(0.826599885109207,109.323235826663,40.0823612821185));
#4547=CARTESIAN_POINT('Origin',(158.876508653531,109.323235826663,20.0823612821185));
#4548=CARTESIAN_POINT('Origin',(31.0114465004677,202.222641326912,20.0823612821185));
#4549=CARTESIAN_POINT('Origin',(128.691662038172,202.222641326912,20.0823612821185));
#4550=CARTESIAN_POINT('',(138.194137349009,137.902441240419,20.0823612821185));
#4551=CARTESIAN_POINT('Origin',(31.0114465004677,67.7773586730881,20.0823612821185));
#4552=CARTESIAN_POINT('Origin',(0.826599885109212,160.676764173337,20.0823612821185));
#4553=CARTESIAN_POINT('Origin',(138.194137349009,73.5822411539267,-5.9176387178814));
#4554=CARTESIAN_POINT('Origin',(78.1941373490085,133.582241153927,42.0823612821185));
#4555=CARTESIAN_POINT('Origin',(139.85155426932,55.,44.0823612821185));
#4556=CARTESIAN_POINT('Origin',(50.0701534293452,133.629008228844,29.0823612821185));
#4557=CARTESIAN_POINT('Origin',(-87.4298465706548,133.629008228844,6.58236128211853));
#4558=CARTESIAN_POINT('',(-87.4298465706548,283.629008228844,6.58236128211853));
#4559=CARTESIAN_POINT('',(-87.4298465706548,-16.3709917711563,6.58236128211853));
#4560=CARTESIAN_POINT('Origin',(50.0701534293452,-16.3709917711563,6.58236128211853));
#4561=CARTESIAN_POINT('',(187.570153429345,-16.3709917711563,6.58236128211853));
#4562=CARTESIAN_POINT('Origin',(187.570153429345,133.629008228844,6.58236128211853));
#4563=CARTESIAN_POINT('',(187.570153429345,283.629008228844,6.58236128211853));
#4564=CARTESIAN_POINT('Origin',(50.0701534293452,283.629008228844,6.58236128211853));
#4565=CARTESIAN_POINT('Origin',(-96.1352901208594,208.699646157274,-2.80248922372898));
#4566=CARTESIAN_POINT('',(-96.1352901208594,187.199646157274,2.14851077627103));
#4567=CARTESIAN_POINT('Origin',(-96.1352901208594,187.199646157274,-2.80248922372897));
#4568=CARTESIAN_POINT('',(-96.1352901208594,230.199646157274,2.14851077627102));
#4569=CARTESIAN_POINT('',(-96.1352901208594,208.699646157274,2.14851077627102));
#4570=CARTESIAN_POINT('',(-99.8867203850802,230.199646157274,0.428481524001159));
#4571=CARTESIAN_POINT('Origin',(-96.1352901208594,230.199646157274,-2.80248922372898));
#4572=CARTESIAN_POINT('',(-99.8867203850803,190.199646157274,0.428481524001159));
#4573=CARTESIAN_POINT('',(-99.8867203850803,208.699646157274,0.428481524001159));
#4574=CARTESIAN_POINT('',(-99.3457136903489,190.199646157274,-6.57151847599884));
#4575=CARTESIAN_POINT('Origin',(-96.1352901208594,190.199646157274,-2.80248922372897));
#4576=CARTESIAN_POINT('',(-99.345713690349,230.199646157274,-6.57151847599884));
#4577=CARTESIAN_POINT('',(-99.3457136903489,208.699646157274,-6.57151847599884));
#4578=CARTESIAN_POINT('',(-92.9248665513698,230.199646157274,-6.57151847599884));
#4579=CARTESIAN_POINT('Origin',(-96.1352901208594,230.199646157274,-2.80248922372898));
#4580=CARTESIAN_POINT('',(-92.9248665513698,190.199646157274,-6.57151847599884));
#4581=CARTESIAN_POINT('',(-92.9248665513698,208.699646157274,-6.57151847599884));
#4582=CARTESIAN_POINT('',(-92.5571435217812,190.199646157274,-6.22436998078431));
#4583=CARTESIAN_POINT('Origin',(-96.1352901208594,190.199646157274,-2.80248922372897));
#4584=CARTESIAN_POINT('',(-92.5571435217812,230.199646157274,-6.22436998078432));
#4585=CARTESIAN_POINT('',(-92.5571435217812,208.699646157274,-6.22436998078431));
#4586=CARTESIAN_POINT('Origin',(-96.1352901208594,230.199646157274,-2.80248922372898));
#4587=CARTESIAN_POINT('Origin',(-96.1352901208594,187.199646157274,-2.80248922372897));
#4588=CARTESIAN_POINT('Origin',(-112.637143521781,190.199646157274,-3.07151847599884));
#4589=CARTESIAN_POINT('',(-132.717143521781,190.199646157274,0.428481524001159));
#4590=CARTESIAN_POINT('',(-112.637143521781,190.199646157274,0.428481524001159));
#4591=CARTESIAN_POINT('',(-132.717143521781,190.199646157274,-6.57151847599884));
#4592=CARTESIAN_POINT('',(-132.717143521781,190.199646157274,-3.07151847599884));
#4593=CARTESIAN_POINT('',(-112.637143521781,190.199646157274,-6.57151847599884));
#4594=CARTESIAN_POINT('Origin',(-112.637143521781,190.199646157274,-3.07151847599884));
#4595=CARTESIAN_POINT('',(-92.5571435217812,190.199646157274,-6.57151847599884));
#4596=CARTESIAN_POINT('',(-112.637143521781,190.199646157274,-6.57151847599884));
#4597=CARTESIAN_POINT('',(-92.5571435217812,190.199646157274,-3.07151847599884));
#4598=CARTESIAN_POINT('Origin',(-112.637143521781,210.199646157274,0.428481524001159));
#4599=CARTESIAN_POINT('',(-132.717143521781,230.199646157274,0.428481524001159));
#4600=CARTESIAN_POINT('',(-112.637143521781,230.199646157274,0.428481524001159));
#4601=CARTESIAN_POINT('',(-132.717143521781,210.199646157274,0.428481524001159));
#4602=CARTESIAN_POINT('Origin',(-112.637143521781,210.199646157274,-6.57151847599884));
#4603=CARTESIAN_POINT('',(-132.717143521781,230.199646157274,-6.57151847599884));
#4604=CARTESIAN_POINT('',(-132.717143521781,210.199646157274,-6.57151847599884));
#4605=CARTESIAN_POINT('',(-112.637143521781,230.199646157274,-6.57151847599884));
#4606=CARTESIAN_POINT('Origin',(-112.637143521781,210.199646157274,-6.57151847599884));
#4607=CARTESIAN_POINT('',(-92.5571435217812,230.199646157274,-6.57151847599884));
#4608=CARTESIAN_POINT('',(-112.637143521781,230.199646157274,-6.57151847599884));
#4609=CARTESIAN_POINT('',(-92.5571435217812,210.199646157274,-6.57151847599884));
#4610=CARTESIAN_POINT('Origin',(-132.717143521781,210.199646157274,-3.07151847599884));
#4611=CARTESIAN_POINT('',(-132.717143521781,230.199646157274,-3.07151847599884));
#4612=CARTESIAN_POINT('Origin',(-112.637143521781,230.199646157274,-3.07151847599884));
#4613=CARTESIAN_POINT('',(-92.5571435217812,230.199646157274,-3.07151847599884));
#4614=CARTESIAN_POINT('Origin',(-92.5571435217812,210.199646157274,-3.07151847599884));
#4615=CARTESIAN_POINT('Origin',(-102.914854846693,151.844069733048,-1.89940903264833));
#4616=CARTESIAN_POINT('',(-102.914854846693,130.344069733048,3.05159096735167));
#4617=CARTESIAN_POINT('Origin',(-102.914854846693,130.344069733048,-1.89940903264833));
#4618=CARTESIAN_POINT('',(-102.914854846693,173.344069733048,3.05159096735166));
#4619=CARTESIAN_POINT('',(-102.914854846693,151.844069733048,3.05159096735167));
#4620=CARTESIAN_POINT('',(-106.666285110914,173.344069733048,1.33156171508181));
#4621=CARTESIAN_POINT('Origin',(-102.914854846693,173.344069733048,-1.89940903264834));
#4622=CARTESIAN_POINT('',(-106.666285110914,133.344069733048,1.33156171508181));
#4623=CARTESIAN_POINT('',(-106.666285110914,151.844069733048,1.33156171508181));
#4624=CARTESIAN_POINT('',(-106.125278416183,133.344069733048,-5.6684382849182));
#4625=CARTESIAN_POINT('Origin',(-102.914854846693,133.344069733048,-1.89940903264833));
#4626=CARTESIAN_POINT('',(-106.125278416183,173.344069733048,-5.6684382849182));
#4627=CARTESIAN_POINT('',(-106.125278416183,151.844069733048,-5.6684382849182));
#4628=CARTESIAN_POINT('',(-99.7044312772037,173.344069733048,-5.6684382849182));
#4629=CARTESIAN_POINT('Origin',(-102.914854846693,173.344069733048,-1.89940903264834));
#4630=CARTESIAN_POINT('',(-99.7044312772037,133.344069733048,-5.6684382849182));
#4631=CARTESIAN_POINT('',(-99.7044312772037,151.844069733048,-5.6684382849182));
#4632=CARTESIAN_POINT('',(-99.3367082476151,133.344069733048,-5.32128978970366));
#4633=CARTESIAN_POINT('Origin',(-102.914854846693,133.344069733048,-1.89940903264833));
#4634=CARTESIAN_POINT('',(-99.3367082476151,173.344069733048,-5.32128978970367));
#4635=CARTESIAN_POINT('',(-99.3367082476151,151.844069733048,-5.32128978970367));
#4636=CARTESIAN_POINT('Origin',(-102.914854846693,173.344069733048,-1.89940903264834));
#4637=CARTESIAN_POINT('Origin',(-102.914854846693,130.344069733048,-1.89940903264833));
#4638=CARTESIAN_POINT('Origin',(-119.416708247615,133.344069733048,-2.16843828491819));
#4639=CARTESIAN_POINT('',(-139.496708247615,133.344069733048,1.33156171508181));
#4640=CARTESIAN_POINT('',(-119.416708247615,133.344069733048,1.33156171508181));
#4641=CARTESIAN_POINT('',(-139.496708247615,133.344069733048,-5.6684382849182));
#4642=CARTESIAN_POINT('',(-139.496708247615,133.344069733048,-2.16843828491819));
#4643=CARTESIAN_POINT('',(-119.416708247615,133.344069733048,-5.6684382849182));
#4644=CARTESIAN_POINT('Origin',(-119.416708247615,133.344069733048,-2.16843828491819));
#4645=CARTESIAN_POINT('',(-99.3367082476151,133.344069733048,-5.6684382849182));
#4646=CARTESIAN_POINT('',(-119.416708247615,133.344069733048,-5.6684382849182));
#4647=CARTESIAN_POINT('',(-99.3367082476151,133.344069733048,-2.16843828491819));
#4648=CARTESIAN_POINT('Origin',(-119.416708247615,153.344069733048,1.33156171508181));
#4649=CARTESIAN_POINT('',(-139.496708247615,173.344069733048,1.33156171508181));
#4650=CARTESIAN_POINT('',(-119.416708247615,173.344069733048,1.33156171508181));
#4651=CARTESIAN_POINT('',(-139.496708247615,153.344069733048,1.33156171508181));
#4652=CARTESIAN_POINT('Origin',(-119.416708247615,153.344069733048,-5.6684382849182));
#4653=CARTESIAN_POINT('',(-139.496708247615,173.344069733048,-5.6684382849182));
#4654=CARTESIAN_POINT('',(-139.496708247615,153.344069733048,-5.6684382849182));
#4655=CARTESIAN_POINT('',(-119.416708247615,173.344069733048,-5.6684382849182));
#4656=CARTESIAN_POINT('Origin',(-119.416708247615,153.344069733048,-5.6684382849182));
#4657=CARTESIAN_POINT('',(-99.3367082476151,173.344069733048,-5.6684382849182));
#4658=CARTESIAN_POINT('',(-119.416708247615,173.344069733048,-5.6684382849182));
#4659=CARTESIAN_POINT('',(-99.3367082476151,153.344069733048,-5.6684382849182));
#4660=CARTESIAN_POINT('Origin',(-139.496708247615,153.344069733048,-2.16843828491819));
#4661=CARTESIAN_POINT('',(-139.496708247615,173.344069733048,-2.16843828491819));
#4662=CARTESIAN_POINT('Origin',(-119.416708247615,173.344069733048,-2.16843828491819));
#4663=CARTESIAN_POINT('',(-99.3367082476151,173.344069733048,-2.16843828491819));
#4664=CARTESIAN_POINT('Origin',(-99.3367082476151,153.344069733048,-2.16843828491819));
#4665=UNCERTAINTY_MEASURE_WITH_UNIT(LENGTH_MEASURE(0.01),#4669,
'DISTANCE_ACCURACY_VALUE',
'Maximum model space distance between geometric entities at asserted c
onnectivities');
#4666=UNCERTAINTY_MEASURE_WITH_UNIT(LENGTH_MEASURE(0.01),#4669,
'DISTANCE_ACCURACY_VALUE',
'Maximum model space distance between geometric entities at asserted c
onnectivities');
#4667=(
GEOMETRIC_REPRESENTATION_CONTEXT(3)
GLOBAL_UNCERTAINTY_ASSIGNED_CONTEXT((#4665))
GLOBAL_UNIT_ASSIGNED_CONTEXT((#4669,#4671,#4672))
REPRESENTATION_CONTEXT('','3D')
);
#4668=(
GEOMETRIC_REPRESENTATION_CONTEXT(3)
GLOBAL_UNCERTAINTY_ASSIGNED_CONTEXT((#4666))
GLOBAL_UNIT_ASSIGNED_CONTEXT((#4669,#4671,#4672))
REPRESENTATION_CONTEXT('','3D')
);
#4669=(
LENGTH_UNIT()
NAMED_UNIT(*)
SI_UNIT(.MILLI.,.METRE.)
);
#4670=(
LENGTH_UNIT()
NAMED_UNIT(*)
SI_UNIT($,.METRE.)
);
#4671=(
NAMED_UNIT(*)
PLANE_ANGLE_UNIT()
SI_UNIT($,.RADIAN.)
);
#4672=(
NAMED_UNIT(*)
SI_UNIT($,.STERADIAN.)
SOLID_ANGLE_UNIT()
);
#4673=SHAPE_DEFINITION_REPRESENTATION(#4674,#4675);
#4674=PRODUCT_DEFINITION_SHAPE('',$,#4677);
#4675=SHAPE_REPRESENTATION('',(#2801),#4667);
#4676=PRODUCT_DEFINITION_CONTEXT('part definition',#4681,'design');
#4677=PRODUCT_DEFINITION('Laptop Cooler','Laptop Cooler v7',#4678,#4676);
#4678=PRODUCT_DEFINITION_FORMATION('',$,#4683);
#4679=PRODUCT_RELATED_PRODUCT_CATEGORY('Laptop Cooler v7',
'Laptop Cooler v7',(#4683));
#4680=APPLICATION_PROTOCOL_DEFINITION('international standard',
'automotive_design',2009,#4681);
#4681=APPLICATION_CONTEXT(
'Core Data for Automotive Mechanical Design Process');
#4682=PRODUCT_CONTEXT('part definition',#4681,'mechanical');
#4683=PRODUCT('Laptop Cooler','Laptop Cooler v7',$,(#4682));
#4684=PRESENTATION_STYLE_ASSIGNMENT((#4685));
#4685=SURFACE_STYLE_USAGE(.BOTH.,#4686);
#4686=SURFACE_SIDE_STYLE('',(#4687));
#4687=SURFACE_STYLE_FILL_AREA(#4688);
#4688=FILL_AREA_STYLE('Steel - Satin',(#4689));
#4689=FILL_AREA_STYLE_COLOUR('Steel - Satin',#4690);
#4690=COLOUR_RGB('Steel - Satin',0.627450980392157,0.627450980392157,0.627450980392157);
ENDSEC;
END-ISO-10303-21;
